id,name,org,zipcode
"6026","Collegiate 100","100 Black Men of San Antonio, Inc","78210"
"9943","IT Apprenticeships","100 Black Men of San Antonio, Inc","78210"
"8076","Volunteer Opportunities","100 Black Men of San Antonio, Inc","78210"
"6024","YouthBuild San Antonio","100 Black Men of San Antonio, Inc","78210"
"2763","Educational Advocacy","101 Advocacy","78259"
"19850","Mobility Solutions","101 Mobility","78249"
"14404","The Inn at Los Patios","12 Oaks Senior Living","78217"
"13225","Donate to Defend","1HOPE for Kids",
"13224","Engage","1HOPE for Kids","78230"
"13223","Foster Care","1HOPE for Kids","78230"
"17103","Foster Care - New Braunfels","1HOPE for Kids","78130"
"19814","New Braunfels Foster Closet","1HOPE for Kids","78130"
"7082","Spiritual Services","1st Church of San Antonio - IAFCJ","78228"
"16619","Mantee Fathers","21st Century Dads",
"16620","MasterMind Group","21st Century Dads",
"16618","Mentor Fathers","21st Century Dads",
"19571","CPR Classes","24 Hr CPR Certification San Antonio","78240"
"19723","Food Pantry","247 Church","78247"
"7797","Spiritual Services","247 Church","78247"
"19736","Trinity Preschool and Daycare","247 Church","78247"
"9647","311 City Call Center","311 City Info and Help",
"9648","City Services FAQs & Info","311 City Info and Help",
"9649","City Services Online Request","311 City Info and Help",
"14591","Report Hoarding","311 City Info and Help",
"4469","Spiritual Services","360' Outreach Center","78210"
"14774","Eye Care at 4i's Optical","4i's Optical","79830"
"13559","Pre- and Post-operative Vision Care","4i's Optical","79830"
"18541","Join a Community - Free Chat","7 Cups",
"18542","Online Therapy and Coaching","7 Cups",
"19050","Customized Therapy for Children","A Balanced Child","78247"
"19051","Our Services - Valley","A Balanced Child","78501"
"7015","Baby Supplies & Resources","A Brighter Day","78201"
"18866","Our Program & Goals","A Child's Place Learning Center","78028"
"12208","How to Adopt","A Doggie 4 You","78063"
"12209","Volunteer Opportunities","A Doggie 4 You","78063"
"8211","Counseling Services","A New Day Pediatric Psychology, PLLC","78232"
"66","Any Generation","A New Life for a New Generation","78237"
"69","Counseling Services","A New Life for a New Generation","78237"
"67","Generation Success","A New Life for a New Generation","78237"
"8077","Volunteer and Support Opportunities","A New Life for a New Generation","78237"
"16368","We Care","A New Life for a New Generation","78237"
"68","Wisdom Generation","A New Life for a New Generation","78237"
"16154","Couples and Family Counseling","A New Start Counseling Services","78216"
"16156","DBQ Veteran Re-Evaluations","A New Start Counseling Services","78216"
"16153","Individual Counseling","A New Start Counseling Services","78216"
"6649","A Place for Kids","A Place for Kids Christian Learning Center","78238"
"17223","Occupational Therapy Services","A Plus Rehab","78229"
"17224","Physical Therapy Services","A Plus Rehab","78229"
"17220","Speech Therapy","A Plus Rehab","78229"
"12922","Addiction and Recovery Support","A Recovery Place","78217"
"12923","Community Service Hours","A Recovery Place","78217"
"12924","Host your Next Meeting at ARP","A Recovery Place","78217"
"12927","We Need Your Support","A Recovery Place","78217"
"20308","Alcohol or Drug Evaluation","A Second Chance","78207"
"20306","DWI Education (1st Offense) – DWIE","A Second Chance","78207"
"20307","DWI Intervention (2+ Offenses) – DWII","A Second Chance","78207"
"20305","Victim Impact Panel","A Second Chance","78207"
"12102","Mental Health Services","A Soul Tribe for You, LLC",
"17879","A Thru Z Pediatrics Pediatric Primary Care Clinic (Mission Crossing location)","A Thru Z Pediatrics Pediatric Primary Care Clinic Medical Center","78223"
"17876","A Thru Z Pediatrics Pediatric Primary Care Clinic (Schertz location)","A Thru Z Pediatrics Pediatric Primary Care Clinic Medical Center","78154"
"17878","A Thru Z Pediatrics Pediatric Primary Care Clinic (Stone Oak location)","A Thru Z Pediatrics Pediatric Primary Care Clinic Medical Center","78259"
"17874","A Thru Z Pediatrics Pediatric Primary Care Clinic (WestOver Hills location)","A Thru Z Pediatrics Pediatric Primary Care Clinic Medical Center","78251"
"17896","A Thru Z Pediatrics Pediatric Primary Care Clinic - Medical Center Location","A Thru Z Pediatrics Pediatric Primary Care Clinic Medical Center","78229"
"11368","Champion Homes at Port Royal","A Vesta Company","78242"
"9201","Pregnancy Services at Babcock","A Woman's Haven Inc.","78229"
"11760","Pregnancy Services at San Pedro","A Woman's Haven Inc.","78212"
"19224","Conferences/Symposiums","AANE (Association for Autism and Neurodiversity)",
"19235","Free Programs/Grants","AANE (Association for Autism and Neurodiversity)",
"19225","Online Support Groups","AANE (Association for Autism and Neurodiversity)",
"18958","AARP - San Antonio","AARP","78207"
"19873","AARP Membership","AARP",
"17613","Scams and Fraud Helpline","AARP",
"15343","Senior Community Service Employment Program (SCSEP)","AARP",
"20024","Senior Planet from AARP","AARP",
"19874","Volunteer and Support AARP San Antonio","AARP",
"19875","Wish of a Lifetime®","AARP",
"19899","AARP Foundation Tax-Aide","AARP Foundation",
"20047","AARP Foundation Tax-Aide at Boerne Library","AARP Foundation","78006"
"20042","AARP Foundation Tax-Aide at Christ the King Lutheran Church","AARP Foundation","78148"
"20043","AARP Foundation Tax-Aide at Forest Hills Presbyterian Church","AARP Foundation","78023"
"20041","AARP Foundation Tax-Aide at Holy Trinity Catholic Church","AARP Foundation","78258"
"20032","AARP Foundation Tax-Aide at Kirby Senior Center","AARP Foundation","78219"
"20038","AARP Foundation Tax-Aide at Leon Valley Community Center","AARP Foundation","78238"
"20045","AARP Foundation Tax-Aide at Mammen Family Public Library","AARP Foundation","78163"
"20044","AARP Foundation Tax-Aide at McKenna Events Center","AARP Foundation","78130"
"20033","AARP Foundation Tax-Aide at Northside Learning Center","AARP Foundation","78238"
"20023","AARP Foundation Tax-Aide at Pan American Branch Library","AARP Foundation","78221"
"20048","AARP Foundation Tax-Aide at Seguin Public Library","AARP Foundation","78155"
"20050","AARP Foundation Tax-Aide at Tye Preston Memorial Library","AARP Foundation","78133"
"19882","Back to Work 50+","AARP Foundation",
"19896","Connect2Affect","AARP Foundation",
"19893","Digital Skills Ready@50+™","AARP Foundation",
"19895","Medicare Savings Assistance","AARP Foundation",
"19878","Paid4Care™ Hub","AARP Foundation",
"19897","Property Tax-Aide","AARP Foundation",
"19885","Senior Community Service Employment Program (SCSEP)","AARP Foundation","78212"
"19894","SNAP Benefits Assistance","AARP Foundation",
"19898","Student Debt Relief Assistance","AARP Foundation",
"19886","Work for Yourself@50+","AARP Foundation",
"11504","The Abbey At Dominion Crossing","Abbey Residential","78256"
"11505","The Abbey At Grande Oaks","Abbey Residential","78240"
"11506","The Abbey At Medical Center","Abbey Residential","78240"
"11507","The Abbey At Sonterra","Abbey Residential","78258"
"1004","Autism Parent Training and Community Support","ABC of Southwest Texas","78212"
"1007","Bereavement Support and Navigation Services","ABC of Southwest Texas","78212"
"1002","Care Coordination and Navigation Support","ABC of Southwest Texas","78212"
"8026","Volunteer Opportunities","ABC of Southwest Texas","78212"
"17442","Abiding Hope Christian Counseling - Boerne","Abiding Hope Institute of Christian Counseling","78006"
"8520","Counseling Services - Individual and Couples","Abiding Hope Institute of Christian Counseling","78266"
"6828","Abiding Presence Lutheran Church Day School","Abiding Presence Lutheran Church","78232"
"2419","High School Youth Group Buzz Session","Abiding Presence Lutheran Church","78232"
"6827","Spiritual Services","Abiding Presence Lutheran Church","78232"
"1061","Stephen Ministry","Abiding Presence Lutheran Church","78232"
"19303","Community Living Assistance and Support Services (CLASS)","Ability Connection","75063"
"15947","Empowering Parents to Empower their Daughters!","Ability for Life",
"15946","Online Program for Young Learners","Ability for Life",
"18349","Pediatric Therapy Services","Ability HomeCare","78230"
"17472","Get Involved","Ability Skateboarding and Action Sports","78229"
"17471","Programs and Clinics","Ability Skateboarding and Action Sports","78229"
"17047","AbilityOne Work Program","AbilityOne",
"17567","Financial Inclusion","ABLEnow",
"14073","ABODE","Abode Contemplative Care for the Dying","78217"
"9237","Education","Abode Contemplative Care for the Dying",
"9238","Volunteer Opportunities","Abode Contemplative Care for the Dying","78217"
"811","Adoption Service","Abrazo Adoption Associates","78230"
"16547","Ways to Give","Abrazo Adoption Associates","78230"
"14653","Windcrest Nursing and Rehabilitation","Abri Health Care Services","78264"
"14893","General Inpatient Care","Abundant Hospice","78232"
"14894","Hospice Care at Home","Abundant Hospice","78232"
"13510","Spiritual Services","Abundant Life Christian Fellowship","78237"
"9223","Spiritual Services - City Base","Abundant Life Church of God","78223"
"9224","Spiritual Services - Northwest","Abundant Life Church of God","78251"
"9225","Spiritual Services - Seguin","Abundant Life Church of God","78155"
"4460","Spiritual Services","Abundant Life Church of God in Christ","78220"
"15241","Home Team (Homeless Outeach)","Acacia Medical Mission","78163"
"8424","Medical Services","Acacia Medical Mission","78163"
"13419","Volunteer and Support","Acacia Medical Mission","78163"
"15239","Wellness On Wheels (WOW clinic)","Acacia Medical Mission","78070"
"7006","Nuevos Ciudadanos Citizenship Education Program & Legal Services","Academia America","78207"
"18282","Ways to Give","Academia America","78207"
"20456","Life Long Learning for 50+","Academy of Learning in Retirement (ALIR)","78217"
"19283","Community Living Assistance and Support Services (CLASS)","Acara Health Care","78229"
"19813","In-home Health Care Services","Acara Health Care","78229"
"20027","Home Health","AccentCare","78229"
"20028","Hospice and Palliative Care","AccentCare","78258"
"20026","In-Home Personal Care Services","AccentCare","78228"
"19849","Home Modification Services","AccessAbility Home Modifications","78213"
"13917","Liberty Pass","Accolade Property Management, INC","78154"
"15255","ACE Mentor Program at Anne Frank Inspire Academy","ACE Mentor Program of Greater San Antonio, Inc","78250"
"3320","ACE Mentor Program at CAST STEM High School","ACE Mentor Program of Greater San Antonio, Inc","78224"
"3330","ACE Mentor Program at Earl Warren High School","ACE Mentor Program of Greater San Antonio, Inc","78251"
"3321","ACE Mentor Program at East Central High School","ACE Mentor Program of Greater San Antonio, Inc","78263"
"3322","ACE Mentor Program at Highlands High School","ACE Mentor Program of Greater San Antonio, Inc","78210"
"20540","ACE Mentor Program at Hill Country College Preparatory","ACE Mentor Program of Greater San Antonio, Inc","78163"
"15253","ACE Mentor Program at Holmes High School","ACE Mentor Program of Greater San Antonio, Inc","78238"
"3324","ACE Mentor Program at John Jay High School","ACE Mentor Program of Greater San Antonio, Inc","78227"
"20537","ACE Mentor Program at John Paul Stevens High School","ACE Mentor Program of Greater San Antonio, Inc","78251"
"20536","ACE Mentor Program at KIPP Somos","ACE Mentor Program of Greater San Antonio, Inc","78230"
"3326","ACE Mentor Program at Ronald Reagan High School","ACE Mentor Program of Greater San Antonio, Inc","78258"
"20538","ACE Mentor Program at Roosevelt High School","ACE Mentor Program of Greater San Antonio, Inc","78218"
"5587","ACE Mentor Program at Sam Houston High School","ACE Mentor Program of Greater San Antonio, Inc","78220"
"3323","ACE Mentor Program at School of Science and Technology","ACE Mentor Program of Greater San Antonio, Inc","78233"
"8079","Volunteer Opportunities","ACE Mentor Program of Greater San Antonio, Inc",
"10611","ABA Services","ACES ABA San Antonio","78254"
"11258","Morgan Manor (fmly Oaklawn Apts)","Achieve Properties","78229"
"11059","Seven Oaks Apartments","Achieve Properties","78240"
"13007","ABC Academy","Action Behavior Centers","78253"
"13006","ABC At Home","Action Behavior Centers","78253"
"19416","Alamo Ranch - Westwood Loop - Location","Action Behavior Centers","78253"
"19412","Alamo Ranch Dugas","Action Behavior Centers","78245"
"17111","Allen, TX - Location","Action Behavior Centers","78249"
"17110","Big Country, TX - Location","Action Behavior Centers","78245"
"13005","Center-Based ABA Therapy","Action Behavior Centers","78253"
"17106","Cimarron Path, TX - Location","Action Behavior Centers","78249"
"19407","Converse - Kitty Hawk Rd","Action Behavior Centers","78109"
"17104","Far West, San Antonio, Location","Action Behavior Centers","78251"
"19410","Helotes","Action Behavior Centers","78249"
"19406","Kirby Sunrise Location","Action Behavior Centers","78244"
"19414","Leon Springs","Action Behavior Centers","78257"
"19409","Leon Valley - Braun","Action Behavior Centers","78238"
"19408","Live Oak - Gateway Place","Action Behavior Centers","78233"
"17112","North Stone Oak, TX - Location","Action Behavior Centers","78258"
"17107","Perrin Beitel, TX - Location","Action Behavior Centers","78218"
"19411","Rainbow Hills","Action Behavior Centers","78227"
"19417","Rolling Oaks Estates - Location","Action Behavior Centers","78253"
"17109","Silicon Drive, TX - Locations","Action Behavior Centers","78249"
"17105","Stone Oak, TX - Location","Action Behavior Centers","78232"
"19413","The Rogers Academy","Action Behavior Centers","78251"
"19415","Westover Hills North Oak Creek","Action Behavior Centers","78251"
"17108","Westover Hills, TX - Location","Action Behavior Centers","78251"
"16539","In Home Counseling","Active Behavioral Group","78230"
"19630","Services and Activities","ACTS Adult Day and Activity Center","78221"
"6999","ACTS Retreat","Acts Missions","78216"
"18281","Volunteer & Support Opportunties","Acts Missions","78216"
"2812","Education Program","Acts of Hope Center","78213"
"2814","Job Training","Acts of Hope Center","78213"
"8090","Voices of Hope","Acts of Hope Center","78213"
"8089","Volunteer Opportunities","Acts of Hope Center","78213"
"17591","Acts of Mercy International Foundation Class","Acts of Mercy International",
"17592","Volunteer and Support Opportunities","Acts of Mercy International","76707"
"16505","Adams Hill Ward","Adams Hill Meetinghouse of The Church of Jesus Christ of Latter-day Saints","78245"
"12863","Disaster Response","Adams Hill Meetinghouse of The Church of Jesus Christ of Latter-day Saints","78245"
"7518","Heritage Ward","Adams Hill Meetinghouse of The Church of Jesus Christ of Latter-day Saints","78245"
"7520","Valley Hi Ward","Adams Hill Meetinghouse of The Church of Jesus Christ of Latter-day Saints","78245"
"15862","Patient Resources","AdaptHealth",
"15782","Products and Services","AdaptHealth",
"19155","Pediatric Special Needs Home Health Care Services","Adaptive Health Services LLC","78209"
"18511","Education","Adaptive Training Academy (ATA)",
"18512","Training","Adaptive Training Academy (ATA)",
"14914","Villas At Bulverde","Adara Communities","78070"
"19769","Hoarding Cleanup Service","Address Our Mess, LLC","21227"
"20340","Mental Health & Targeted Case Management","Admore Group",
"1162","Adoption Services","Adoption Alliance","78216"
"13313","Get Involved","Adult and Teen Challenge of Texas","78264"
"19570","Outreach Presentations","Adult and Teen Challenge of Texas",
"10747","San Antonio Men's Campus","Adult and Teen Challenge of Texas","78264"
"10748","San Antonio Women's Campus","Adult and Teen Challenge of Texas","78264"
"7954","Behavioral Therapy","Advanced Behavioral Interventions","78216"
"12632","Hospital-to-Home Transition","Advanced Care Partners","78230"
"12626","Private-Duty Nursing","Advanced Care Partners","78230"
"12627","School Nursing","Advanced Care Partners","78230"
"12630","Services that Grow with Your Child Into Adulthood","Advanced Care Partners","78230"
"14710","Southeast Nursing & Rehabilitation Center","Advanced Healthcare Solutions","78222"
"18914","Additional Care Services - San Antonio","Advantage Care Services","78249"
"18916","Additional Services - Hill Country","Advantage Care Services","78624"
"18913","Group Homes Hill Country","Advantage Care Services","78624"
"18909","Home and Community Based Services - Hill Country","Advantage Care Services","78624"
"18908","Home and Community Based Services - San Antonio","Advantage Care Services","78249"
"18911","Individualized Skills and Socialization (ISS) - Hill Country","Advantage Care Services","78624"
"18910","Individualized Skills and Socialization (ISS) - San Antonio","Advantage Care Services","78249"
"18259","Areas of Expertise","Advocates Together Learning Consultants LLC","78216"
"8281","Couples and Family Therapy","Aeon Psychological Services","78258"
"8280","Individual and Single-Session Therapy","Aeon Psychological Services","78258"
"8279","Psychological Testing","Aeon Psychological Services","78258"
"11256","Station at Elm Creek Apartments","Affinity Property Management","78229"
"18477","Afghan Refugee Assistance","Afghans in San Antonio",
"6404","After-School Programs","After-School All-Stars San Antonio","78207"
"6406","STEM Learning","After-School All-Stars San Antonio","78207"
"8091","Volunteer Opportunities","After-School All-Stars San Antonio","78207"
"13611","Help Better Your Community","Against All Odds Rise",
"6716","Food Pantry","Agape Baptist Church","78254"
"6689","Spiritual Services","Agape Baptist Church","78254"
"10371","Mental and Behavioral Health Support","Agape Christian Church","78233"
"10370","Spiritual Services","Agape Christian Church","78233"
"19165","Community Arts and Culture","Agarita","78209"
"13265","Agave Home Health Occupational Therapy","Agave Home Health","79830"
"13264","Agave Home Health Physical Therapy","Agave Home Health","79830"
"13263","Agave Home Health Professional Skilled Nursing","Agave Home Health","79830"
"13266","Agave Home Health Speech Pathology","Agave Home Health","79830"
"19890","Five Wishes","Aging with Dignity",
"19891","Video Counseling Library","Aging with Dignity",
"17630","Agora Construction","AGORA Ministries","78207"
"17632","Agora Education LIVE","AGORA Ministries","78207"
"422","AGORA Hope Pantry","AGORA Ministries","78207"
"20344","AGORA Hope Pantry - Merida","AGORA Ministries","78207"
"429","AGORA Kids","AGORA Ministries","78207"
"430","Revolution Youth","AGORA Ministries","78207"
"8092","Volunteer Opportunities","AGORA Ministries","78207"
"19426","Deaf Awareness","Aid the Silent","78209"
"12196","Deaf Education","Aid the Silent","78209"
"19427","Deaf Ministry","Aid the Silent","78209"
"12195","Deaf Resources","Aid the Silent","78209"
"12198","Deaf Young Life","Aid the Silent","78209"
"18563","Ally Development Program (ADP)","Ainsley's Angels of America",
"18564","Chair Grant Program","Ainsley's Angels of America","23456"
"18566","Grief Resources","Ainsley's Angels of America",
"19335","Our Services - San Antonio","Air Ambulance 1",
"19338","Donate","Air Care Alliance",
"19337","Patient and Medical Transport","Air Care Alliance",
"16881","Affordable Muscle and Joint Pain Treatment","Airrosti Rehab Center, LLC","78232"
"19473","Virtual Care","Airrosti Rehab Center, LLC",
"17615","Free and Low-Cost Phones","AirTalk Wireless/HTH Communications LLC",
"10101","Alateen Family Groups Mobile App Meetings","Al-Anon Family Group Headquarters, Inc.",
"19261","Blanco AFG","Al-Anon Family Group Headquarters, Inc.","78606"
"19281","Boerne Alateen","Al-Anon Family Group Headquarters, Inc.","78006"
"7872","Boerne Hope AFG","Al-Anon Family Group Headquarters, Inc.","78006"
"7821","Booster Shot AFG","Al-Anon Family Group Headquarters, Inc.","78238"
"7868","Calming Candlelight AFG","Al-Anon Family Group Headquarters, Inc.","78238"
"7874","Canyon Lake AFG","Al-Anon Family Group Headquarters, Inc.","78133"
"7875","Canyon Lake Solutions AFG","Al-Anon Family Group Headquarters, Inc.","78133"
"7822","Cathedral Park AFG","Al-Anon Family Group Headquarters, Inc.",
"19241","Changed Attitudes AFG","Al-Anon Family Group Headquarters, Inc.","78028"
"7845","Circle of Hope AFG","Al-Anon Family Group Headquarters, Inc.","78216"
"19236","El Despertar De Mi Vida GFA","Al-Anon Family Group Headquarters, Inc.","78028"
"7844","Freedom AFG","Al-Anon Family Group Headquarters, Inc.","78216"
"7849","Gold Canyon AFG","Al-Anon Family Group Headquarters, Inc.","78232"
"7850","Happy Destiny AFG","Al-Anon Family Group Headquarters, Inc.","78213"
"7851","Happy Hour AFG","Al-Anon Family Group Headquarters, Inc.","78232"
"7876","Heart of the Matter AFG","Al-Anon Family Group Headquarters, Inc.","78009"
"10098","How It Works AFG","Al-Anon Family Group Headquarters, Inc.","78216"
"10096","Hula Hoop Women's AFG","Al-Anon Family Group Headquarters, Inc.","78216"
"19243","Ingram Dam AFG","Al-Anon Family Group Headquarters, Inc.","78025"
"838","Just for Today Alateen","Al-Anon Family Group Headquarters, Inc.","78216"
"10100","Lakehills AFG","Al-Anon Family Group Headquarters, Inc.","78063"
"7834","Monday Stag Men's AFG","Al-Anon Family Group Headquarters, Inc.","78216"
"19240","New Beginnings AFG","Al-Anon Family Group Headquarters, Inc.","78028"
"19193","New Freedom AFG","Al-Anon Family Group Headquarters, Inc.","78624"
"7841","Newcomers Tuesday Five-Thirty AFG","Al-Anon Family Group Headquarters, Inc.","78216"
"2309","North Loop Road AFG","Al-Anon Family Group Headquarters, Inc.","78216"
"7857","Northwest San Antonio AFG","Al-Anon Family Group Headquarters, Inc.","78254"
"7859","Parents AFG","Al-Anon Family Group Headquarters, Inc.","78207"
"10097","Pass It On AFG","Al-Anon Family Group Headquarters, Inc.","78154"
"7830","Recovering AFG Adult Children of Alcoholics","Al-Anon Family Group Headquarters, Inc.","78216"
"7848","Saturday 11 AM AFG","Al-Anon Family Group Headquarters, Inc.","78216"
"7847","Saturday Beginners AFG","Al-Anon Family Group Headquarters, Inc.","78216"
"7861","Saturday Big Book AFG","Al-Anon Family Group Headquarters, Inc.","78249"
"19239","Serenity AFG- Kerrville","Al-Anon Family Group Headquarters, Inc.","78028"
"7831","Serenity Now AFG","Al-Anon Family Group Headquarters, Inc.","78216"
"7836","Solo Por Hoy GFA","Al-Anon Family Group Headquarters, Inc.","78216"
"7863","Stepping Through Life AFG","Al-Anon Family Group Headquarters, Inc.","78232"
"7882","Sunrise AFG","Al-Anon Family Group Headquarters, Inc.","78070"
"7865","Sunset AFG","Al-Anon Family Group Headquarters, Inc.","78260"
"19196","Virtual Meetings","Al-Anon Family Group Headquarters, Inc.",
"7867","Wednesday 1PM AFG","Al-Anon Family Group Headquarters, Inc.","78249"
"19264","Winner Circle AFG","Al-Anon Family Group Headquarters, Inc.","78639"
"6469","Advanced Technology and Manufacturing Academy","Alamo Area Academies Inc.","78215"
"11858","Aerospace Academy","Alamo Area Academies Inc.","78215"
"11859","Diesel Technology Academy","Alamo Area Academies Inc.","78215"
"11860","Health Professions Academy","Alamo Area Academies Inc.","78215"
"11861","Information Technology & Security Academy","Alamo Area Academies Inc.","78215"
"951","Alamo and Bexar Long-Term Care Ombudsman","Alamo Area Council of Governments (AACOG)","78217"
"5580","Alamo Service Connection","Alamo Area Council of Governments (AACOG)",
"954","Alamo Veterans Network","Alamo Area Council of Governments (AACOG)","78217"
"19517","Benefits Counseling","Alamo Area Council of Governments (AACOG)","78217"
"949","Bexar Area Agencies on Aging","Alamo Area Council of Governments (AACOG)","78217"
"18213","Bexar County Aging and Disability Resource Center (ADRC)","Alamo Area Council of Governments (AACOG)","78217"
"19802","Bexar County Care Coordination for Older Adults","Alamo Area Council of Governments (AACOG)","78217"
"2642","Intellectual and Developmental Disability (IDD) Services","Alamo Area Council of Governments (AACOG)","78217"
"8095","Volunteer Opportunities","Alamo Area Council of Governments (AACOG)","78217"
"953","Warm Hearts, Warm Homes","Alamo Area Council of Governments (AACOG)","78217"
"9929","Weatherization Assistance Program","Alamo Area Council of Governments (AACOG)","78217"
"17133","Child and Adolescent Therapy","Alamo Area Counseling & Behavioral Associates","78228"
"8319","Couples and Family Therapy","Alamo Area Counseling & Behavioral Associates","78228"
"17137","Grief and Bereavement Counseling","Alamo Area Counseling & Behavioral Associates","78228"
"8317","Individual Therapy","Alamo Area Counseling & Behavioral Associates","78228"
"6947","Alamo Commutes","Alamo Area Metropolitan Planning Organization","78205"
"6948","Emergency Ride Home","Alamo Area Metropolitan Planning Organization","78205"
"16545","AARC - Donate Today","Alamo Area Resource Center (AARC)","78207"
"694","Leadership Advocacy","Alamo Area Resource Center (AARC)","78207"
"690","LGBT Health Equity Clinic","Alamo Area Resource Center (AARC)","78207"
"693","Prevention Services","Alamo Area Resource Center (AARC)","78207"
"691","Pride Community Clinic (PCC)","Alamo Area Resource Center (AARC)","78207"
"692","Social Services","Alamo Area Resource Center (AARC)","78207"
"13538","Community Outreach","Alamo Area Search and Rescue","78270"
"13539","Our Services","Alamo Area Search and Rescue","78270"
"16131","Alcohol Addiction Treatment","Alamo Behavioral Health","78239"
"16132","Drug Addiction Treatment","Alamo Behavioral Health","78239"
"20296","Dual Diagnosis Treatment","Alamo Behavioral Health","78239"
"20297","Medication-Assisted Therapy","Alamo Behavioral Health","78239"
"16133","Veteran's Drug & Alcohol Rehab Services","Alamo Behavioral Health","78239"
"8813","Court Ordered Classes","Alamo Center",
"6465","Sharon Tuch Memorial Scholarship","Alamo Chapter of the American Payroll Professionals","78280"
"6356","Spiritual Services","Alamo City Apostolic Church Inc","78250"
"19292","Arts Connect Outreach Programs","Alamo City Arts","78218"
"19293","Ways to Support","Alamo City Arts",
"6457","Spritual Services","Alamo City Church","78218"
"6324","Spiritual Services","Alamo City Church of Christ","78212"
"6306","Community Band","Alamo City Community Marching Band Inc.","78201"
"8727","Program Support & Sponsorship","Alamo City Community Marching Band Inc.","78201"
"20265","Drug & Alcohol Evaluation (SASSI-4)","Alamo City Education Services",
"20261","Drug Offender Education Program","Alamo City Education Services",
"20264","DWI Education Program","Alamo City Education Services",
"20262","DWI Intervention Program","Alamo City Education Services",
"20263","Victim Impact Panel (Online Version)","Alamo City Education Services",
"16943","Alamo City Moms Business Directory","Alamo City Moms",
"9946","Adolescent Recovery Program","Alamo City Treatment Services","78216"
"9945","Assessments","Alamo City Treatment Services","78216"
"9947","Drug & Alcohol Classes","Alamo City Treatment Services","78216"
"19670","Alamo City Urgent Care, Brook Hollow Clinic","Alamo City Urgent Care","78232"
"4929","Alamo City Urgent Care, Marbach Clinic","Alamo City Urgent Care","78227"
"19669","Alamo City Urgent Care, Rigsby Clinic","Alamo City Urgent Care","78220"
"4173","Alamo City Urgent Care, Shaenfield Clinic","Alamo City Urgent Care","78254"
"2866","Alamo Adult Education at Eastside Education Training Center","Alamo Colleges District","78219"
"17439","Alamo Adult Education at Greater Kerrville Center","Alamo Colleges District","78028"
"17438","Alamo Adult Education at Northeast Lakeview College","Alamo Colleges District","78130"
"17437","Alamo Adult Education at Southside Education Training Center","Alamo Colleges District","78221"
"2869","Alamo Adult Education at Westside Education Training Center","Alamo Colleges District","78237"
"2868","Alamo Adult Education at Workforce Center of Excellence","Alamo Colleges District","78226"
"3317","Challenger Missions at Scobee Education Center","Alamo Colleges District","78212"
"3337","English as a Second Language (ESL) at Alamo Colleges, I-BEST Program","Alamo Colleges District","78215"
"17517","Free High School Equivalency GED® Classes","Alamo Colleges District",
"15076","Loaner Laptops at Northeast Lakeview College","Alamo Colleges District","78148"
"15077","Loaner Laptops at Northwest Vista College","Alamo Colleges District","78251"
"15078","Loaner Laptops at Palo Alto College","Alamo Colleges District","78224"
"15080","Loaner Laptops at San Antonio College","Alamo Colleges District","78212"
"15079","Loaner Laptops at St Philip's College","Alamo Colleges District","78203"
"17943","Mental Health Counseling - Northwest Vista College","Alamo Colleges District","78251"
"17941","Mental Health Counseling - Palo Alto College","Alamo Colleges District","78224"
"17942","Mental Health Counseling - San Antonio College","Alamo Colleges District","78103"
"17944","Mental Health Counseling - St Philip's College","Alamo Colleges District","78203"
"14711","Mental Health Counseling Services - Northeast Lakeview College","Alamo Colleges District","78148"
"2276","Northwest Vista College (NVC) Food Pantry","Alamo Colleges District","78227"
"9141","Palo Alto College Food Pantry","Alamo Colleges District","78224"
"12334","Paying for College","Alamo Colleges District",
"3316","Planetarium Programs at Scobee Education Center","Alamo Colleges District","78212"
"9143","Pop Up Market at Northeast Lakeview College","Alamo Colleges District","78148"
"9114","Pop Up Market at San Antonio College","Alamo Colleges District","78212"
"9142","Pop Up Market at St Philip's College","Alamo Colleges District","78203"
"15250","Project Access","Alamo Colleges District","78224"
"11854","SAC Office of Technology","Alamo Colleges District","78212"
"9111","The Nighthawk's Nest Advocacy Center","Alamo Colleges District","78148"
"955","Victory Center at San Antonio College","Alamo Colleges District","78212"
"9445","Westside Education & Training Center","Alamo Colleges District","78237"
"13737","Spiritual Services","Alamo Community Church","78253"
"1047","Affordable Housing—Thompson Place","Alamo Community Group","78226"
"16318","Babcock North Apartments","Alamo Community Group","78249"
"1021","Babcock North Fourplexes","Alamo Community Group","78249"
"11026","Calcasieu Apartments","Alamo Community Group","78205"
"11065","Castleridge Apartments","Alamo Community Group","78227"
"11101","Cypress Cove Apartments","Alamo Community Group","78238"
"11410","Museum Reach Lofts","Alamo Community Group","78215"
"1046","Springfield Manor Apartments","Alamo Community Group","78219"
"1034","The Meadows at Bentley Drive","Alamo Community Group","78218"
"16548","Volunteer & Support Opportunities","Alamo Community Group","78228"
"17245","Accessible Computers Program","Alamo Council of the Blind","78238"
"17242","Scholarship Program","Alamo Council of the Blind","78238"
"17241","Sensitivity Training for Drivers","Alamo Council of the Blind","78238"
"17243","Visually Impaired Children's Christmas Program","Alamo Council of the Blind","78238"
"17260","Captioning and Devices - Park North","Alamo Drafthouse Cinema","78216"
"17261","Captioning and Devices - Stone Oak","Alamo Drafthouse Cinema","78258"
"17256","Sensory-Friendly Films - Park North","Alamo Drafthouse Cinema","78216"
"17257","Sensory-Friendly Films - Stone Oak","Alamo Drafthouse Cinema","78258"
"20222","Employment Drug Screening","Alamo Drug Testing Services LLC","78224"
"6518","Spiritual Services","Alamo Gospel Acts 2:38 Ministries","78217"
"15965","Caregiver Virtual Support Group","Alamo Head Injury Association",
"15741","Grants","Alamo Head Injury Association","78229"
"15740","Survivor and Family Support","Alamo Head Injury Association","78229"
"6418","Spiritual Services","Alamo Heights Baptist Church","78209"
"7440","Spiritual Services","Alamo Heights Christian Church","78209"
"12769","Counseling/Psychotherapy","Alamo Heights Counseling","78209"
"16107","Reduced Cost Counseling","Alamo Heights Counseling","78209"
"6463","Soccer","Alamo Heights Fort Sam Houston Youth Soccer","78234"
"16031","Gold Cards","Alamo Heights Independent School District (AHISD)","78209"
"16032","Volunteers and Chaperones","Alamo Heights Independent School District (AHISD)","78209"
"17545","Special Needs Care","Alamo Heights Pediatric Dentistry","78209"
"14021","Spiritual Services","Alamo Heights Presbyterian Church","78209"
"9228","Adult Children of Alcoholic/Dysfunctional Families","Alamo Heights United Methodist Church","78209"
"9227","Clarity Group of Debtors Anonymous","Alamo Heights United Methodist Church","78209"
"2757","Family Mental Health Support Group","Alamo Heights United Methodist Church","78209"
"2761","Forever Loved","Alamo Heights United Methodist Church","78209"
"1143","Hope Center","Alamo Heights United Methodist Church","78209"
"2651","Inclusive Children's Ministry","Alamo Heights United Methodist Church","78209"
"2759","Men’s Grief Group","Alamo Heights United Methodist Church","78209"
"9230","Parents's Day Out","Alamo Heights United Methodist Church","78209"
"2755","Pastoral Care","Alamo Heights United Methodist Church","78209"
"9231","Preschool Program","Alamo Heights United Methodist Church","78209"
"2783","Sexaholics Anonymous (SA)","Alamo Heights United Methodist Church","78209"
"4208","Spiritual Services","Alamo Heights United Methodist Church","78209"
"1063","Stephen Ministry","Alamo Heights United Methodist Church","78209"
"2760","Women’s Grief Group","Alamo Heights United Methodist Church","78209"
"9229","Young Onset Parkinson's Disease (YOPD) Support Group","Alamo Heights United Methodist Church","78209"
"20029","Alamo Hospice - Hill Country","Alamo Hospice","78006"
"20031","Alamo Hospice - Kerrville","Alamo Hospice","78028"
"20030","Alamo Supportive Care - San Antonio","Alamo Hospice","78230"
"357","Hospice Care","Alamo Hospice","78230"
"8097","Volunteer Opportunities","Alamo Hospice","78230"
"16900","Housing Payment Assistance","Alamo Housing Project",
"17497","Dental Services","Alamo Kids Pediatric Dentistry and Orthodontics","78253"
"17483","Special Needs Dentistry","Alamo Kids Pediatric Dentistry and Orthodontics","78253"
"19359","Blocked Tear Duct (Dacryostenosis)","Alamo Pediatric Eye Center, PLLC","78249"
"20343","Pediatric Eye Services","Alamo Pediatric Eye Center, PLLC","78249"
"8567","Psychiatric Evaluations","Alamo Premier Mental Health","78216"
"8566","Psychogenic Testing","Alamo Premier Mental Health","78216"
"8565","Telepsychiatry and Medication Management for All Ages","Alamo Premier Mental Health",
"8208","Psychiatric Counseling and Treatment","Alamo Psychiatric Care PA","78205"
"17444","Dental Care for Children with Special Needs","Alamo Ranch Children's Dentistry & Braces","78251"
"18491","Family/Couples/Premarital Counseling","Alamo Ranch Counseling and Wellness","78254"
"18485","Individual Counseling","Alamo Ranch Counseling and Wellness","78254"
"18488","Support Groups","Alamo Ranch Counseling and Wellness","78254"
"6265","Rural Transportation Services","Alamo Regional Transit","78217"
"6659","Spiritual Services","Alamo United Methodist Church","78244"
"5844","Adult Activity Center","AlamoCare Health Services","78201"
"16071","Individual Counseling","Albert Figueroa LCSW",
"4868","24 Horas@New Braunfels Group- Spanish Meeting","Alcoholics Anonymous (AA) San Antonio","78130"
"7640","A Woman's Way To A.A.","Alcoholics Anonymous (AA) San Antonio","78130"
"4824","Abundance Happy Hour Group","Alcoholics Anonymous (AA) San Antonio","78238"
"4825","Acceptance Group","Alcoholics Anonymous (AA) San Antonio","78154"
"7641","Afternoon Delight Group","Alcoholics Anonymous (AA) San Antonio","78238"
"7771","Airport Group","Alcoholics Anonymous (AA) San Antonio","78209"
"242","Alamo Heights Group","Alcoholics Anonymous (AA) San Antonio","78209"
"5682","Alcoholics Anonymous Virtual Meeting Finder","Alcoholics Anonymous (AA) San Antonio",
"7731","Bandera Group","Alcoholics Anonymous (AA) San Antonio","78003"
"7806","Beginners and Newcomers Group","Alcoholics Anonymous (AA) San Antonio","78209"
"10265","Big Book Sunday Study Group","Alcoholics Anonymous (AA) San Antonio","78240"
"7658","Boerne Hwy Group","Alcoholics Anonymous (AA) San Antonio","78006"
"7732","Boerne Noon Group - Hybrid","Alcoholics Anonymous (AA) San Antonio","78006"
"7726","Boerne Sunday Night Group","Alcoholics Anonymous (AA) San Antonio","78006"
"7642","Boerne Women's Group","Alcoholics Anonymous (AA) San Antonio","78006"
"10275","Brazos AA Group","Alcoholics Anonymous (AA) San Antonio","78801"
"7809","Broadway Group","Alcoholics Anonymous (AA) San Antonio","78209"
"4828","Bulverde Group-Hybrid","Alcoholics Anonymous (AA) San Antonio","78163"
"7753","By the Book Babes","Alcoholics Anonymous (AA) San Antonio","78006"
"4829","Callaghan Road Group","Alcoholics Anonymous (AA) San Antonio","78230"
"265","Cameo Downtown Group","Alcoholics Anonymous (AA) San Antonio","78205"
"8141","Canyon Lake Group","Alcoholics Anonymous (AA) San Antonio","78133"
"7634","Canyon Lake Men's Group","Alcoholics Anonymous (AA) San Antonio","78133"
"7757","Castroville Group","Alcoholics Anonymous (AA) San Antonio","78009"
"1141","Chicago Group","Alcoholics Anonymous (AA) San Antonio","78249"
"7681","Coffee Pot Group","Alcoholics Anonymous (AA) San Antonio","78240"
"230","Coker Group","Alcoholics Anonymous (AA) San Antonio","78216"
"7737","Colonies North Group","Alcoholics Anonymous (AA) San Antonio","78230"
"7683","Cork in the Jug Group","Alcoholics Anonymous (AA) San Antonio","78023"
"4830","County Line Women's Group","Alcoholics Anonymous (AA) San Antonio","78260"
"7669","Dam River Group","Alcoholics Anonymous (AA) San Antonio","78133"
"406","Design for Living","Alcoholics Anonymous (AA) San Antonio","78209"
"7738","Evandale Road Group","Alcoholics Anonymous (AA) San Antonio","78227"
"7788","Finding Hope Group","Alcoholics Anonymous (AA) San Antonio","78258"
"7657","First One Today Group","Alcoholics Anonymous (AA) San Antonio","78238"
"4836","First Things First Group","Alcoholics Anonymous (AA) San Antonio","78240"
"7739","Floresville Group","Alcoholics Anonymous (AA) San Antonio","78114"
"10103","Freedom Group - Closed Meeting","Alcoholics Anonymous (AA) San Antonio","78232"
"4832","Freedom Group - In Person Open Meeting","Alcoholics Anonymous (AA) San Antonio","78232"
"4831","Freedom Group Women's - Closed Meeting","Alcoholics Anonymous (AA) San Antonio","78232"
"7682","Fresh Start Group","Alcoholics Anonymous (AA) San Antonio","78238"
"7808","Friday Night Fix Group","Alcoholics Anonymous (AA) San Antonio","78213"
"7807","Friday Night Lights (FNL) Group","Alcoholics Anonymous (AA) San Antonio","78238"
"7643","FROGG - Fully Rely on God Gals Hybrid Group","Alcoholics Anonymous (AA) San Antonio","78240"
"4838","Generic Group - Open Meeting","Alcoholics Anonymous (AA) San Antonio","78209"
"398","Golden Ticket Group - Open meeting","Alcoholics Anonymous (AA) San Antonio","78212"
"258","Goliad Group","Alcoholics Anonymous (AA) San Antonio","78223"
"10351","Gonzales Group","Alcoholics Anonymous (AA) San Antonio","78629"
"10293","Good News at 181 Group","Alcoholics Anonymous (AA) San Antonio","78223"
"7775","Gruene Rd Group","Alcoholics Anonymous (AA) San Antonio","78130"
"7620","Grupo El Libro Grande","Alcoholics Anonymous (AA) San Antonio","78210"
"7621","Grupo El Mensaje II","Alcoholics Anonymous (AA) San Antonio","78207"
"7622","Grupo Esperanza","Alcoholics Anonymous (AA) San Antonio","78221"
"7624","Grupo Gratitud","Alcoholics Anonymous (AA) San Antonio","78233"
"7625","Grupo Nuevo Amanecer","Alcoholics Anonymous (AA) San Antonio","78217"
"7626","Grupo Nuevo Leon","Alcoholics Anonymous (AA) San Antonio","78201"
"399","Grupo Primera Vez - Open meeting","Alcoholics Anonymous (AA) San Antonio","78213"
"10292","Grupo Rayo De Luz","Alcoholics Anonymous (AA) San Antonio","78130"
"4853","Grupo Renacer - Hybrid","Alcoholics Anonymous (AA) San Antonio","78217"
"7628","Grupo San Antonio","Alcoholics Anonymous (AA) San Antonio","78228"
"264","Grupo Santa Fe","Alcoholics Anonymous (AA) San Antonio","78214"
"10262","Grupo Sendero De Vida","Alcoholics Anonymous (AA) San Antonio","78237"
"7629","Grupo Tres Legados - Spanish Helpline 210-409-8524","Alcoholics Anonymous (AA) San Antonio","78237"
"260","Grupo Un Paso Hacia Adelante","Alcoholics Anonymous (AA) San Antonio","78211"
"7630","Grupo Unidad","Alcoholics Anonymous (AA) San Antonio","78207"
"224","Grupo Volver A Vivir","Alcoholics Anonymous (AA) San Antonio","78201"
"4852","Guilbeau Group","Alcoholics Anonymous (AA) San Antonio","78250"
"7668","Halt at Tezel Road Group - Closed Meetings","Alcoholics Anonymous (AA) San Antonio","78250"
"7667","Halt at Tezel Road Group - Open Meetings","Alcoholics Anonymous (AA) San Antonio","78250"
"4854","Helotes Nooners Group - In-Person","Alcoholics Anonymous (AA) San Antonio","78023"
"10304","Highland Park AA Group","Alcoholics Anonymous (AA) San Antonio","78210"
"7776","Highlands Group","Alcoholics Anonymous (AA) San Antonio","78213"
"7789","Hondo Primary Purpose Group","Alcoholics Anonymous (AA) San Antonio","78861"
"10267","Hoot Owls II Group","Alcoholics Anonymous (AA) San Antonio","78238"
"262","Hope Group","Alcoholics Anonymous (AA) San Antonio","78225"
"7742","Into Action Group - Lockhart","Alcoholics Anonymous (AA) San Antonio","78644"
"10305","Jaywalkers Group","Alcoholics Anonymous (AA) San Antonio","78249"
"7645","Johnson Street Group","Alcoholics Anonymous (AA) San Antonio","78064"
"7644","Johnson Street Group - Women","Alcoholics Anonymous (AA) San Antonio","78064"
"7743","Jourdanton AA Group","Alcoholics Anonymous (AA) San Antonio","78026"
"7744","Keep It Simple Group","Alcoholics Anonymous (AA) San Antonio","78240"
"7759","Kirby Group","Alcoholics Anonymous (AA) San Antonio","78219"
"7745","La Vernia Group","Alcoholics Anonymous (AA) San Antonio","78121"
"7810","Ladies 1st 164 Group","Alcoholics Anonymous (AA) San Antonio","78209"
"7760","Lakehills Solution Group","Alcoholics Anonymous (AA) San Antonio","78063"
"4862","Lambda Group","Alcoholics Anonymous (AA) San Antonio","78212"
"4855","Lambda Group (Women)","Alcoholics Anonymous (AA) San Antonio","78212"
"4856","Lambda Group LGBT/Straight Friendly - Open Meeting","Alcoholics Anonymous (AA) San Antonio","78212"
"10263","Last House on the Block Group","Alcoholics Anonymous (AA) San Antonio","78666"
"7790","Legal Professions Group","Alcoholics Anonymous (AA) San Antonio","78213"
"7673","Leon Springs Group","Alcoholics Anonymous (AA) San Antonio","78257"
"7761","Life Support Group","Alcoholics Anonymous (AA) San Antonio","78209"
"7728","Live, Love, Laugh Group","Alcoholics Anonymous (AA) San Antonio","78240"
"7752","Luling Group","Alcoholics Anonymous (AA) San Antonio","78648"
"7777","Lytle Big Book Study Group","Alcoholics Anonymous (AA) San Antonio","78052"
"7763","Marymont Group","Alcoholics Anonymous (AA) San Antonio","78217"
"7779","Medical Professions Group","Alcoholics Anonymous (AA) San Antonio","78230"
"7748","Medina Group","Alcoholics Anonymous (AA) San Antonio","78055"
"7633","Men of Faith","Alcoholics Anonymous (AA) San Antonio","78238"
"7792","Midtown Noon Group","Alcoholics Anonymous (AA) San Antonio","78202"
"7660","Morning After Group","Alcoholics Anonymous (AA) San Antonio","78238"
"7679","Mostly Agnostics Group","Alcoholics Anonymous (AA) San Antonio","78213"
"16161","New Braunfels Group, Meeting Outside","Alcoholics Anonymous (AA) San Antonio","78130"
"4871","New Braunfels Two-Four Club - Open Meeting","Alcoholics Anonymous (AA) San Antonio","78130"
"7812","New Vision Group","Alcoholics Anonymous (AA) San Antonio","78240"
"7674","Nixon's Town AA","Alcoholics Anonymous (AA) San Antonio","78140"
"7793","North San Pedro Group","Alcoholics Anonymous (AA) San Antonio","78232"
"16177","Northeast Sunrise Group","Alcoholics Anonymous (AA) San Antonio","78247"
"4879","Northwood Group","Alcoholics Anonymous (AA) San Antonio","78209"
"7663","Oasis Group","Alcoholics Anonymous (AA) San Antonio","78240"
"7780","Oblate Group","Alcoholics Anonymous (AA) San Antonio","78216"
"7794","Old Time Big Book Study Group","Alcoholics Anonymous (AA) San Antonio","78240"
"7749","Outlaw Safecrackers Group","Alcoholics Anonymous (AA) San Antonio","78217"
"7787","Overcomers Group","Alcoholics Anonymous (AA) San Antonio","78112"
"7727","Pleasanton Group","Alcoholics Anonymous (AA) San Antonio","78064"
"10270","Prescott Group - Men","Alcoholics Anonymous (AA) San Antonio","78209"
"4823","Primary Purpose Group","Alcoholics Anonymous (AA) San Antonio","78240"
"7675","QUEERYPAA Group","Alcoholics Anonymous (AA) San Antonio","78212"
"10298","Raven's Nest Group","Alcoholics Anonymous (AA) San Antonio","78214"
"7764","Rigorous Honesty Men's Group","Alcoholics Anonymous (AA) San Antonio","78216"
"7765","Road of Happy Destiny","Alcoholics Anonymous (AA) San Antonio","78216"
"7766","Rule 62 San Antonio Group","Alcoholics Anonymous (AA) San Antonio","78240"
"7672","Rush Hour Group - Closed Meetings","Alcoholics Anonymous (AA) San Antonio","78240"
"7671","Rush Hour Group - Hybrid Open Meetings","Alcoholics Anonymous (AA) San Antonio","78240"
"7648","San Antonio North Women's Group - Hybrid","Alcoholics Anonymous (AA) San Antonio","78216"
"16165","San Marcos River Group","Alcoholics Anonymous (AA) San Antonio","78666"
"7651","Schertz-Cibolo Group","Alcoholics Anonymous (AA) San Antonio","78154"
"7650","Schertz-Cibolo Group - Open Meetings","Alcoholics Anonymous (AA) San Antonio","78154"
"7649","Schertz-Cibolo Group - Women","Alcoholics Anonymous (AA) San Antonio","78154"
"7814","Secular AA of San Antonio Group","Alcoholics Anonymous (AA) San Antonio","78217"
"7661","Seguin Group","Alcoholics Anonymous (AA) San Antonio","78155"
"7680","Seguin Primary Purpose Group","Alcoholics Anonymous (AA) San Antonio","78155"
"4892","Serendipity Group - Closed Meeting","Alcoholics Anonymous (AA) San Antonio","78217"
"7632","Serendipity Group - Men's","Alcoholics Anonymous (AA) San Antonio","78217"
"4882","Serendipity Group - Open Meeting","Alcoholics Anonymous (AA) San Antonio","78217"
"4886","Serendipity Group Women - Closed Meeting","Alcoholics Anonymous (AA) San Antonio","78217"
"7652","Serenity Seekers Group (New Braunfels) (Women)","Alcoholics Anonymous (AA) San Antonio","78130"
"7653","Share the Light Group","Alcoholics Anonymous (AA) San Antonio","78240"
"404","Shook Big Book Group","Alcoholics Anonymous (AA) San Antonio","78209"
"16180","Singleness of Purpose Group","Alcoholics Anonymous (AA) San Antonio","78228"
"4896","Sisters in Sobriety Group - Women's Hybrid Meeting","Alcoholics Anonymous (AA) San Antonio","78232"
"16160","Sober Guardians","Alcoholics Anonymous (AA) San Antonio","78130"
"7795","Sober In Southtown Group","Alcoholics Anonymous (AA) San Antonio","78210"
"229","Sober Over Sixty Group - Open Meeting","Alcoholics Anonymous (AA) San Antonio","78216"
"16182","Sought Through Prayer & Meditation Group","Alcoholics Anonymous (AA) San Antonio","78209"
"7656","Spring Branch Group","Alcoholics Anonymous (AA) San Antonio","78070"
"4898","Stahl Road Group - Closed Meeting","Alcoholics Anonymous (AA) San Antonio","78247"
"7782","Starlite Group","Alcoholics Anonymous (AA) San Antonio","78229"
"7662","Stay in the Solution Group","Alcoholics Anonymous (AA) San Antonio","78240"
"4900","Stone Oak Big Book Group - Open Meeting","Alcoholics Anonymous (AA) San Antonio","78247"
"7784","Survivors Group","Alcoholics Anonymous (AA) San Antonio","78209"
"16175","The Beacon Hill AA Group-Hybrid","Alcoholics Anonymous (AA) San Antonio","78201"
"7654","The Broad Highway Group - Women","Alcoholics Anonymous (AA) San Antonio","78216"
"10361","The Recovery Group of AA","Alcoholics Anonymous (AA) San Antonio","78254"
"16162","The River Group","Alcoholics Anonymous (AA) San Antonio","78666"
"16163","The River Group-Hybrid","Alcoholics Anonymous (AA) San Antonio","78666"
"10349","The Solutions Group","Alcoholics Anonymous (AA) San Antonio","78133"
"241","Travis Park Group - Open Group","Alcoholics Anonymous (AA) San Antonio","78205"
"4907","Turning Point Group","Alcoholics Anonymous (AA) San Antonio","78232"
"4908","Turning Point Group - As Bill Sees It","Alcoholics Anonymous (AA) San Antonio","78232"
"4911","Turning Point Group - Men's Closed Meeting","Alcoholics Anonymous (AA) San Antonio","78232"
"4910","Turning Point Group - Sunday Meeting","Alcoholics Anonymous (AA) San Antonio","78232"
"4906","Turning Point Group Book Study with 12 & 12","Alcoholics Anonymous (AA) San Antonio","78232"
"4904","Turning Point Group Daily Reflections","Alcoholics Anonymous (AA) San Antonio","78232"
"4903","Turning Point Group Newcomers Meeting","Alcoholics Anonymous (AA) San Antonio","78232"
"4905","Turning Point Group Speakers Meeting","Alcoholics Anonymous (AA) San Antonio","78232"
"4909","Turning Point Group Women's Discussion","Alcoholics Anonymous (AA) San Antonio","78232"
"7751","Universal City Group","Alcoholics Anonymous (AA) San Antonio","78148"
"10362","Utopia Group","Alcoholics Anonymous (AA) San Antonio","78884"
"7767","Valley Hi Group","Alcoholics Anonymous (AA) San Antonio","78227"
"10296","Walzem Road Group","Alcoholics Anonymous (AA) San Antonio","78218"
"7768","Warriors Anonymous Group","Alcoholics Anonymous (AA) San Antonio","78254"
"16179","Wednesdays on Warwich","Alcoholics Anonymous (AA) San Antonio","78216"
"16167","Wimberley Group","Alcoholics Anonymous (AA) San Antonio","78676"
"16178","Wings of Hope Group","Alcoholics Anonymous (AA) San Antonio","78264"
"7655","Women of Wonder Group","Alcoholics Anonymous (AA) San Antonio","78240"
"2797","Women's Big Book In-Person Group","Alcoholics Anonymous (AA) San Antonio","78209"
"7758","Work in Progress Group","Alcoholics Anonymous (AA) San Antonio","78009"
"10272","Young & Done Group","Alcoholics Anonymous (AA) San Antonio","78213"
"7733","Young & Golden Years Group","Alcoholics Anonymous (AA) San Antonio","78240"
"7638","2211 Group","Alcoholics Anonymous (AA) Southwest Texas District 12","78028"
"7639","2211 Group Closed Meetings","Alcoholics Anonymous (AA) Southwest Texas District 12","78028"
"7636","2211 Group for Men","Alcoholics Anonymous (AA) Southwest Texas District 12","78028"
"7637","2211 Group for Women","Alcoholics Anonymous (AA) Southwest Texas District 12","78028"
"19211","2211 Group- Last Saturday","Alcoholics Anonymous (AA) Southwest Texas District 12","78028"
"19210","2211 Group- Second Saturday","Alcoholics Anonymous (AA) Southwest Texas District 12","78028"
"19232","An AA Group","Alcoholics Anonymous (AA) Southwest Texas District 12","78025"
"10306","An AA Group","Alcoholics Anonymous (AA) Southwest Texas District 12","78025"
"10355","Blanco Group","Alcoholics Anonymous (AA) Southwest Texas District 12","78606"
"10297","Blue Ticket Group","Alcoholics Anonymous (AA) Southwest Texas District 12","78028"
"7756","Brown Bag Group","Alcoholics Anonymous (AA) Southwest Texas District 12","78028"
"7735","Carry the Message","Alcoholics Anonymous (AA) Southwest Texas District 12","78028"
"10294","Celler Group","Alcoholics Anonymous (AA) Southwest Texas District 12","78624"
"19205","Chapter 9: The Family Afterward","Alcoholics Anonymous (AA) Southwest Texas District 12","78028"
"7772","Comfort Group","Alcoholics Anonymous (AA) Southwest Texas District 12","78013"
"19201","El Mensaje Group","Alcoholics Anonymous (AA) Southwest Texas District 12","78028"
"10358","Fredericksburg Big Book Group","Alcoholics Anonymous (AA) Southwest Texas District 12","78624"
"10359","Fredericksburg Solutions Group","Alcoholics Anonymous (AA) Southwest Texas District 12","78624"
"10357","Friday Night Literature Study Group","Alcoholics Anonymous (AA) Southwest Texas District 12","78028"
"10266","Guadalupe Group","Alcoholics Anonymous (AA) Southwest Texas District 12","78028"
"10301","Guiding Lights Group","Alcoholics Anonymous (AA) Southwest Texas District 12","78028"
"10302","Hamster Grenadiers Group","Alcoholics Anonymous (AA) Southwest Texas District 12","78028"
"19204","I Choose Group for Women","Alcoholics Anonymous (AA) Southwest Texas District 12","78028"
"19212","Ingram Primary Purpose Group","Alcoholics Anonymous (AA) Southwest Texas District 12","78025"
"10350","Ingram Solutions Group","Alcoholics Anonymous (AA) Southwest Texas District 12","78025"
"10363","Junction Group","Alcoholics Anonymous (AA) Southwest Texas District 12","76849"
"19199","Kerrville Keep It Simple","Alcoholics Anonymous (AA) Southwest Texas District 12","78028"
"7647","Ladies Reflection Group","Alcoholics Anonymous (AA) Southwest Texas District 12","78010"
"19203","Lovely Creatures of Lambda AA","Alcoholics Anonymous (AA) Southwest Texas District 12","78028"
"7762","Lunch Bunch Group","Alcoholics Anonymous (AA) Southwest Texas District 12","78028"
"19234","Meeting in the Park Group","Alcoholics Anonymous (AA) Southwest Texas District 12","78028"
"7786","Mens AA Meeting","Alcoholics Anonymous (AA) Southwest Texas District 12","78028"
"7659","Outsiders Group","Alcoholics Anonymous (AA) Southwest Texas District 12","78028"
"7677","Pedernales Valley Group","Alcoholics Anonymous (AA) Southwest Texas District 12","78624"
"7781","Salvation Army Office Group","Alcoholics Anonymous (AA) Southwest Texas District 12","78028"
"19198","Stay Lit Group","Alcoholics Anonymous (AA) Southwest Texas District 12","78028"
"10269","Sunday Night Group","Alcoholics Anonymous (AA) Southwest Texas District 12","78028"
"7791","Texas Sober Living Group","Alcoholics Anonymous (AA) Southwest Texas District 12","78025"
"10354","The Kerrville Group","Alcoholics Anonymous (AA) Southwest Texas District 12","78028"
"19214","Women's Big Book/12&12","Alcoholics Anonymous (AA) Southwest Texas District 12","78028"
"9988","Behavioral Health Counseling","Alevio Counseling and Evaluations","78228"
"8315","Individual, Couples and Family Therapy","Algos Behavioral Health Services","78258"
"8314","Neuropsychological and Diagnostic Evaluations","Algos Behavioral Health Services","78258"
"20250","Counseling Services","Aligned Mind Counseling","78215"
"6467","Spiritual Care","All Nations Church-Onnuri at San Antonio","78218"
"6349","Spiritual Services","All Saints Anglican Church","78213"
"7453","Spiritual Services","All Saints' Episcopal Church","78064"
"19968","Occupational Therapy","All Seasons Home Health and Palliative Care","78247"
"19971","Palliative Care","All Seasons Home Health and Palliative Care","78247"
"19967","Physical Therapy","All Seasons Home Health and Palliative Care","78247"
"19972","Specialized Programs and Support Services","All Seasons Home Health and Palliative Care","78247"
"19969","Speech Therapy","All Seasons Home Health and Palliative Care","78247"
"19970","Speech Therapy","All Seasons Home Health and Palliative Care","78247"
"14965","Individual Therapy for Adults","All That Lies In Gray Counseling","78247"
"17045","Relationships, Family, and Groups","All That Lies In Gray Counseling","78247"
"13188","Child & Adolescent Therapy","Allegiance Mental Health & Wellness Services, LLC","76701"
"13186","Couples & PREP Therapy","Allegiance Mental Health & Wellness Services, LLC","76701"
"13189","EMDR Therapy","Allegiance Mental Health & Wellness Services, LLC","76701"
"13185","Individual Therapy","Allegiance Mental Health & Wellness Services, LLC","76701"
"13187","Parent Coaching","Allegiance Mental Health & Wellness Services, LLC","76701"
"15709","Pregnacy Services","Allied Women's Center","78212"
"18915","Preschool Program","Alphabet Alley Learning Center","78643"
"14580","Alpine Community Projects","Alpine Community Projects",
"13568","HUD Housing Choice Voucher Program Section 8","Alpine Housing Authority","79830"
"13734","Low Income Housing at Alpine Manor","Alpine Manor Apartments","79830"
"13736","Low Income Housing at Alpine Mountainview","Alpine Mountainview","79830"
"14663","Alpine Public Library Books, Audiobooks, and DVD Collection","Alpine Public Library","79830"
"13306","ESL and Adult Education for the Big Bend","Alpine Public Library","79830"
"14665","Front Desk Services at Alpine Public Library","Alpine Public Library","79830"
"13262","GED Classes","Alpine Public Library","79830"
"14599","Homebound Program at Alpine Public Library","Alpine Public Library","79830"
"14660","Youth and Teen Programs at Alpine Public Library","Alpine Public Library","79830"
"13735","Low Income Housing for Seniors","Alpine Retirement Homes","79830"
"14776","Alpine Visitor Center","Alpine Visitor Center","79830"
"13301","Public Bathrooms","Alpine Visitor Center","79830"
"2237","Food Pantry","Alta Vista Baptist Church","78228"
"10115","Spiritual Services","Alta Vista Baptist Church","78228"
"14661","Health Monitoring Devices and Special Care Services","Always Best Care Senior Services","78248"
"14655","In-Home Care Services","Always Best Care Senior Services","78248"
"14662","Senior Living Referral Services","Always Best Care Senior Services","78248"
"14657","Skilled Home Health Care Services","Always Best Care Senior Services","78248"
"14664","Veterans Assistance Program","Always Best Care Senior Services","78216"
"12622","Alzheimer's 24/7 Helpline","Alzheimer's Association",
"12618","Alzheimer's: Care Consultation","Alzheimer's Association","76710"
"12617","Alzheimer's: Caregiver & Early-Stage Support Groups","Alzheimer's Association","78213"
"12631","Alzheimer’s Education Center","Alzheimer's Association",
"3395","Alzheimer's Education","Alzheimer's Association - San Antonio & South Texas Chapter","78213"
"7167","Caregiver Support Group Virtual","Alzheimer's Association - San Antonio & South Texas Chapter",
"3384","Early Stage Support Group","Alzheimer's Association - San Antonio & South Texas Chapter","78213"
"3394","Education Center","Alzheimer's Association - San Antonio & South Texas Chapter",
"14182","Helpline","Alzheimer's Association - San Antonio & South Texas Chapter",
"8098","Volunteer Opportunities/Get Involved","Alzheimer's Association - San Antonio & South Texas Chapter","78213"
"7800","Spiritual Services","Amazing Grace Luthern Church","78253"
"11980","Amber Lantern Residential Treatment Communities","Amber Lantern, LLC","78250"
"15495","Bridgeport Men’s House","Amber Lantern, LLC","78250"
"15497","Brightwood House","Amber Lantern, LLC","78250"
"15496","Cedar Mill House","Amber Lantern, LLC","78250"
"16082","HCBS-AMH Program","Amber Lantern, LLC","78250"
"16083","Injectable Medications for Treating Serious Mental Illness","Amber Lantern, LLC","78250"
"18976","Pre-K at Ambleside School of Fredericksburg","Ambleside School of Fredericksburg","78624"
"11085","Country Oaks Apartment Homes","Ambo Properties","78219"
"17248","Assistive Listening and Closed Captioning Devices - AMC CLASSIC Boerne 11","AMC Entertainment","78006"
"17247","Assistive Listening and Closed Captioning Devices - AMC Rivercenter 11","AMC Entertainment","78205"
"17246","Sensory Friendly Films - AMC Classic Boerne 11","AMC Entertainment","78006"
"17244","Sensory Friendly Films - AMC Rivercenter 11","AMC Entertainment","78205"
"17249","Wheelchair Accessible - AMC CLASSIC Boerne 11","AMC Entertainment","78006"
"17250","Wheelchair Accessible - AMC Rivercenter 11","AMC Entertainment","78205"
"20539","Home Health Services","Amedia Hospice & Living Tree of Life Home Health","78217"
"14954","Hospice Services","Amedia Hospice & Living Tree of Life Home Health","78217"
"10076","Amedisys Hospice Care","Amedisys","78229"
"7086","Knowledge Is Prevention (KIP)","American Alzheimer's Research Organization (AARO)","78216"
"19365","Crisis Resources","American Association of Suicidology",
"19363","Memberships","American Association of Suicidology",
"19364","Programs","American Association of Suicidology",
"15190","Campus Edge on UTSA Boulevard","American Campus Communities","78249"
"15189","Esperanza Hall Texas A&M Student Housing","American Campus Communities","78224"
"15188","Villas at Babcock Student Housing","American Campus Communities","78249"
"6296","Cancer Helpline","American Cancer Research Center and Foundation",
"17164","Cancer Survivors Network","American Cancer Research Center and Foundation",
"17160","Caregivers and Family","American Cancer Research Center and Foundation",
"17162","Patient Programs","American Cancer Research Center and Foundation",
"17163","Reach To Recovery® Program","American Cancer Research Center and Foundation",
"8729","Volunteer Opportunities","American Cancer Research Center and Foundation","78230"
"19642","Accessibility and Training Services","American Council of the Blind (ACB)",
"19641","Peer Support and Mentoring","American Council of the Blind (ACB)",
"16951","AFSP South Texas Chapter","American Foundation for Suicide Prevention (AFSP.org)",
"16954","It’s Real","American Foundation for Suicide Prevention (AFSP.org)",
"16953","More Than Sad: Parent Education","American Foundation for Suicide Prevention (AFSP.org)",
"16956","Talk Saves Lives","American Foundation for Suicide Prevention (AFSP.org)",
"19625","Digital Accessibility Internships","American Foundation for the Blind (AFB)",
"19626","Support American Foundation for the Blind","American Foundation for the Blind (AFB)",
"6705","Immigration Legal Aid & Services","American Gateways","78207"
"8732","Volunteer and Support Opportunities","American Gateways","78207"
"15027","Employer and Community-Based Organization Partnership Initiative","American GI Forum - National Veterans Outreach Program (NVOP)","78205"
"626","Homelink Access Point - N Main","American GI Forum - National Veterans Outreach Program (NVOP)","78205"
"469","Rapid Rehousing by NVOP","American GI Forum - National Veterans Outreach Program (NVOP)",
"470","Residential Center for Veterans","American GI Forum - National Veterans Outreach Program (NVOP)","78207"
"465","Supportive Services for Veteran Families (SSVF)","American GI Forum - National Veterans Outreach Program (NVOP)",
"15026","Veteran Family Wellness Program","American GI Forum - National Veterans Outreach Program (NVOP)","78205"
"468","Veterans Enterprises of Texas (VETS)","American GI Forum - National Veterans Outreach Program (NVOP)","78207"
"15024","Veterans Service Center","American GI Forum - National Veterans Outreach Program (NVOP)","78205"
"8099","Volunteer and Support Opportunities","American GI Forum - National Veterans Outreach Program (NVOP)","78205"
"5802","CPR Training","American Heart Association","78229"
"5804","Eat Healthy","American Heart Association","78229"
"8733","Mental Health","American Heart Association","78229"
"8734","Mercado Por Tu Corazon","American Heart Association","78229"
"5803","Move More","American Heart Association",
"8735","Volunteer Opportunities","American Heart Association","78229"
"19161","Skilled Care Services","American HomePatient","78240"
"11878","Community Engagement / Base-Building","American Indians of Texas at the Spanish Colonial Missions","78205"
"11880","Family Health and Wellness","American Indians of Texas at the Spanish Colonial Missions","78205"
"11879","Indigenous Arts","American Indians of Texas at the Spanish Colonial Missions","78205"
"11877","Texas Heritage Project","American Indians of Texas at the Spanish Colonial Missions","78205"
"16141","Virtual Monthly Healing Circles","American Indians of Texas at the Spanish Colonial Missions",
"11882","Volunteer and Support","American Indians of Texas at the Spanish Colonial Missions","78205"
"14277","Royal Palms","American Landmark","78232"
"18306","Free Computer Classes","American Library Association",
"19054","Lung Helpline","American Lung Association",
"19055","Patient and Caregiver Network","American Lung Association",
"11223","The Summit at Benavides Park","American Management Consultants, LLC (AMC)","78207"
"19242","Community Living Assistance and Support Services (CLASS)","American Medical Home Health Services","78228"
"9418","InfantSEE","American Optometric Association (AOA)",
"8155","Immigration Services","American Organization for Immigrants","78201"
"18029","Babysitting 101: Skills, Roles and Responsibilities Explained","American Red Cross Central and South Texas Region",
"16728","Donate/Volunteer","American Red Cross Central and South Texas Region",
"16725","Find Open Shelters and Disaster Relief Services","American Red Cross Central and South Texas Region","78219"
"16724","Services for Military & Veteran Families - Greater San Antonio","American Red Cross Central and South Texas Region","78219"
"16727","Training & Certification - Greater San Antonio","American Red Cross Central and South Texas Region",
"17320","Lone Star American Veterans for Equal Rights (AVER)","American Veterans for Equal Rights (AVER)",
"15614","ADA National Network","Americans with Disabilities Act (ADA)",
"15615","ADA Training","Americans with Disabilities Act (ADA)",
"15351","Virtual Counseling","Amia Taylor, LCSW-S",
"15329","Veterans General Assistance Program","Amistad","79930"
"7603","Earn While You Learn","Amistad Pregnancy Care Center","78840"
"5810","Pregnancy Services","Amistad Pregnancy Care Center","78840"
"8025","Volunteer and Support","Amistad Pregnancy Care Center","78840"
"13558","Public restrooms in Amtrak Station Waiting Room","Amtrak Station Waiting Room","79830"
"17145","Anxiety Therapy","Amy Bryant Counseling & Consultation PLLC","78212"
"12808","Consultation Services","Amy Bryant Counseling & Consultation PLLC","78212"
"12807","Couples Counseling","Amy Bryant Counseling & Consultation PLLC","78212"
"17146","EMDR Therapy","Amy Bryant Counseling & Consultation PLLC","78212"
"12806","Teens and Young Adults Counseling Services","Amy Bryant Counseling & Consultation PLLC","78212"
"17147","Walk and Talk Therapy","Amy Bryant Counseling & Consultation PLLC","78212"
"19676","Adult Day Hab Services","Anchor of Hope Day Hab LLC","78201"
"2561","Adult Daycare","Angel Care Center of San Antonio","78217"
"6156","Angel Helpers","Angel Helpers Ministry","78218"
"8736","Volunteer Opportunities","Angel Helpers Ministry","78218"
"15896","Adoption - San Antonio","Angelheart, Inc","78229"
"15894","Foster Care - San Antonio","Angelheart, Inc","78229"
"13552","Hospice Care - Brewster County","Angels Care Hospice",
"18315","Home Health Services - Austin","Angels of Care Pediatric Home Health","78759"
"18314","Home Health Services - San Antonio","Angels of Care Pediatric Home Health","78240"
"18316","Home Health Services - Temple","Angels of Care Pediatric Home Health","76502"
"18492","AngelSense Watch","AngelSense",
"19819","AngelSense Wearable","AngelSense",
"18494","Parent Support Group","AngelSense",
"9309","Funeral Services","Angelus Funeral Home","78215"
"1387","ADL Pet Adoptions","Animal Defense League of Texas","78217"
"1386","Paul Jolly Center for Pet Adoptions","Animal Defense League of Texas","78212"
"1372","Volunteer with ADL","Animal Defense League of Texas","78217"
"6973","Spiritual Services","Annunciation National Catholic Church","78207"
"14041","Spiritual Services","Annunciation of the Blessed Virgin Mary Catholic Church","78152"
"11564","Carmel At Deerfield","Anterra Property Management","78248"
"11283","The Colony Apartments","Anterra Property Management","78148"
"11399","The Frederick Apartments","Anterra Property Management","78240"
"8803","Erna Baker Clothing and Food Ministry","Antioch Missionary Baptist Church","78202"
"10374","Mental and Behavioral Health Support","Antioch Missionary Baptist Church","78202"
"11922","Sobermind for Life","Antioch Missionary Baptist Church",
"4642","Spiritual Services","Antioch Missionary Baptist Church","78202"
"16606","Empower Yourself with Clarity","Antonia Salinas Murguia",
"16070","Individual Counseling","Antonio Rosales LPCS",
"20161","Any Lab Test Now - Boerne","Any Lab Test Now","78006"
"20162","Any Lab Test Now - New Braunfels","Any Lab Test Now","78130"
"20155","Any Lab Test Now - Olmos Park","Any Lab Test Now","78212"
"20158","Any Lab Test Now - San Antonio (De Zavala)","Any Lab Test Now","78249"
"20156","Any Lab Test Now - San Antonio (North Central)","Any Lab Test Now","78238"
"20159","Any Lab Test Now - San Antonio (San Pedro)","Any Lab Test Now","78232"
"20157","Any Lab Test Now - San Antonio West","Any Lab Test Now","78227"
"20160","Any Lab Test Now - Schertz","Any Lab Test Now","78154"
"19467","Coordination Services","AOC Outreach Services","77074"
"18309","Crisis Intervention","AOC Outreach Services","78216"
"18312","Employment Services","AOC Outreach Services","78216"
"18311","Independent Living Services","AOC Outreach Services","78216"
"18310","Intensive Case Management","AOC Outreach Services","78216"
"19466","Medication Management","AOC Outreach Services","77074"
"18307","Outpatient Therapeutic and Behavioral Health Services","AOC Outreach Services",
"18313","Psychosocial Rehab Services (PRS)","AOC Outreach Services","78216"
"19468","Skills Training and Development","AOC Outreach Services","77074"
"11403","Arboretum Apartments","AOG Living","78240"
"13363","Boerne Park Meadows","AOG Living","78006"
"14297","Saddle Ridge","AOG Living","78240"
"11370","Trove Southtown","AOG Living","78204"
"16472","Center Based Therapy","Apara Autism Center","78259"
"16473","In-Home Therapy","Apara Autism Center",
"2448","Food Pantry","Apostolic Words of Life Worship Center","78242"
"18811","Spiritual Services","Apostolic Words of Life Worship Center","78242"
"18244","Students Needing Adaptive Programming (S.N.A.P.) - Dove Creek","Aqua-Tots Swim School","78245"
"18242","Students Needing Adaptive Programming (S.N.A.P.) - Helotes","Aqua-Tots Swim School","78023"
"18245","Students Needing Adaptive Programming (S.N.A.P.) - Live Oak","Aqua-Tots Swim School","78233"
"18243","Students Needing Adaptive Programming (S.N.A.P.) - North Central","Aqua-Tots Swim School","78216"
"18241","Students Needing Adaptive Programming (S.N.A.P.) - Sone Oak","Aqua-Tots Swim School","78259"
"18248","Students Needing Adaptive Programming (S.N.A.P.) - The Rim","Aqua-Tots Swim School","78257"
"18414","Get Involved","Arabella Wellness Center",
"18413","Virtual Services","Arabella Wellness Center",
"19144","Pediatric Special Needs Dentistry -  South","Aranda and Aranda Family Dentistry","78221"
"19143","Pediatric Special Needs Dentistry - North","Aranda and Aranda Family Dentistry","78230"
"13413","The Cue at Medical Center","Arbor Properties","78240"
"11638","The Landing Apartments","Arbor Properties","78218"
"17206","Arc Monthly Events","Arc of the Hill Country","78132"
"17207","Get Involved","Arc of the Hill Country","78132"
"3021","Catholic Relief Services of the Southwest Regional Office","Archdiocese of San Antonio","78228"
"8810","Catholic Television San Antonio (CTSA)","Archdiocese of San Antonio",
"9928","CYO Sports at Holy Family Catholic Church","Archdiocese of San Antonio","78228"
"10790","CYO Sports at Our Lady of Guadalupe Helotes","Archdiocese of San Antonio","78023"
"11683","CYO Sports at Rose of Lima Catholic Church","Archdiocese of San Antonio","78245"
"10009","CYO Sports at Saints Peter & Paul Catholic Church - New Braunfels","Archdiocese of San Antonio","78130"
"9981","CYO Sports at St Ann Catholic Church","Archdiocese of San Antonio","78201"
"9091","CYO Sports at St Brigid Catholic Church","Archdiocese of San Antonio","78240"
"9160","CYO Sports at St Elizabeth Ann Seton Catholic Church","Archdiocese of San Antonio","78255"
"9088","CYO Sports at St Helena Catholic Church","Archdiocese of San Antonio","78247"
"9998","CYO Sports at St John Berchmans Catholic Church","Archdiocese of San Antonio","78226"
"10019","CYO Sports at St Mary Magdalen Catholic Church","Archdiocese of San Antonio","78201"
"10047","CYO Sports at St Peter of the Apostle Catholic Church - Boerne","Archdiocese of San Antonio","78006"
"9565","CYO Sports at St Pius X Catholic Church","Archdiocese of San Antonio","78209"
"3025","Deaf Ministry","Archdiocese of San Antonio","78228"
"3016","Disability Ministries","Archdiocese of San Antonio","78228"
"3022","Hospital Ministry","Archdiocese of San Antonio","78228"
"3212","Interpreting Services for the Deaf","Archdiocese of San Antonio","78228"
"3024","Kolbe Prison Ministry (KPM) of San Antonio","Archdiocese of San Antonio",
"3017","Life, Justice and Peace","Archdiocese of San Antonio",
"2802","Ministry for Persons with Disabilities","Archdiocese of San Antonio",
"15421","Parish-Based Classes for individuals with Special Needs","Archdiocese of San Antonio","78253"
"15422","Parish-Based Classes for Individuals with Special Needs","Archdiocese of San Antonio","78232"
"2827","Report Misconduct","Archdiocese of San Antonio","78228"
"3020","Scouting","Archdiocese of San Antonio",
"18004","San Antonio Ready to Work Scholarship Program","ArcLight Academy","78249"
"19801","Care In Place","ArcLight Medical","78249"
"20154","ARCpoint Labs of New Braunfels","ARCpoint Labs","78130"
"15175","College and Career","Arms of Hope","78055"
"8104","Family Outreach Program","Arms of Hope","78055"
"3994","Residential Child Care","Arms of Hope","78238"
"8102","Right Start Program","Arms of Hope","78055"
"8103","Together Program","Arms of Hope","78055"
"8101","Volunteer & Support Opportunities","Arms of Hope","78055"
"15721","Army Volunteer Corps (AVC)","Army Community Service","78234"
"5880","Employment Readiness Program (ERP)","Army Community Service","78234"
"9246","Exceptional Family Member Program","Army Community Service","78234"
"5881","Family Advocacy Program","Army Community Service","78234"
"15720","Soldier and Family Assistance Center (SFAC)","Army Community Service","78234"
"5882","Suicide Prevention","Army Community Service",
"15705","Survivor Outreach Services (SOS)","Army Community Service","78234"
"6292","Retirement Living","Army Residence Community","78239"
"14609","The Army Residence Community Health Care Center","Army Residence Community","78239"
"17400","Ways to Give","Army Residence Community","78239"
"1553","Community Health Workers","Arthur Nagel Community Clinic","78003"
"9108","Elder Care Program","Arthur Nagel Community Clinic","78003"
"9104","Men’s Health Services","Arthur Nagel Community Clinic","78003"
"1428","Mind Body Spirit Counseling","Arthur Nagel Community Clinic","78003"
"9106","Prescription Assistance","Arthur Nagel Community Clinic","78003"
"9102","Primary Care Program","Arthur Nagel Community Clinic","78003"
"9107","RiskBusters Program","Arthur Nagel Community Clinic","78003"
"9103","Well-Woman Examinations","Arthur Nagel Community Clinic","78003"
"6307","Arts & Culture","Artpace Inc.","78205"
"8737","Program Support & Sponsorship","Artpace Inc.","78205"
"4781","Art Therapy","Artvango Therapeutic Services, Inc","78230"
"4783","Childhood Trauma Education","Artvango Therapeutic Services, Inc","78230"
"4780","Counseling","Artvango Therapeutic Services, Inc","78230"
"8738","Program Support and Sponsorship","Artvango Therapeutic Services, Inc","78230"
"17674","Virtual Autism Diagnostic Evaluations for Kids","As You Are",
"1453","Community Counseling","Ascension DePaul Services of San Antonio","78221"
"2229","DePaul Children's Center","Ascension DePaul Services of San Antonio","78211"
"2231","DePaul Family Center","Ascension DePaul Services of San Antonio","78211"
"2230","DePaul-Wesley Children's Center","Ascension DePaul Services of San Antonio","78211"
"4742","Early Head Start at DePaul Wesley Children’s Center","Ascension DePaul Services of San Antonio","78211"
"2228","El Carmen Wellness Center","Ascension DePaul Services of San Antonio","78221"
"4741","Head Start at DePaul Wesley Children’s Center","Ascension DePaul Services of San Antonio","78211"
"615","La Misión Family Clinic","Ascension DePaul Services of San Antonio","78221"
"2232","RAYS - Realizing and Achieving Your Success - A Parenting Program","Ascension DePaul Services of San Antonio","78211"
"8105","Volunteer and Support Opportunities","Ascension DePaul Services of San Antonio","78211"
"11526","The Anderson At Brooks","Ascent Residential, LLC","78235"
"18902","Daycare Program","Ashley Nicole Donaldson Home Daycare","78028"
"4804","Spiritual Services","Ashley Road Baptist Church","78221"
"18758","ASL Online Curriculum","ASL University",
"11088","Highland Hills Apartment Homes","Aspire Asset Management","78223"
"11411","Utopia Place Apartments","Aspire Asset Management","78223"
"10830","Functional Nutrition Health Screening","Aspire Regenerative Therapy","78213"
"19596","Beyond Education","Assessment Intervention Management (AIM), LLC","78216"
"17149","Core Evaluations","Assessment Intervention Management (AIM), LLC","78216"
"8268","Evaluations","Assessment Intervention Management (AIM), LLC","78216"
"18383","Parent Management Training","Assessment Intervention Management (AIM), LLC","78216"
"18384","Private Clinic","Assessment Intervention Management (AIM), LLC","78216"
"17148","Related Services","Assessment Intervention Management (AIM), LLC","78216"
"18385","Special Programs Mangement Services","Assessment Intervention Management (AIM), LLC","78216"
"15724","Speech Therapy","Assessment Intervention Management (AIM), LLC","78216"
"11143","Cornerstone at Overlook","Asset Living","78230"
"11315","Reserve at Pecan Valley","Asset Living","78222"
"15187","The Reserve Student Housing","Asset Living","78249"
"11072","Tigoni Villas","Asset Living","78228"
"6134","Adopt a Resident","Assistance League of San Antonio","78201"
"6133","AL Scholarship Program","Assistance League of San Antonio","78201"
"6129","CAPS (Caps Art Promotes Smiles)","Assistance League of San Antonio","78201"
"6130","Enhanced Learning Awards","Assistance League of San Antonio","78201"
"6128","I'm in Charge","Assistance League of San Antonio","78201"
"6125","Operation School Bell","Assistance League of San Antonio","78201"
"6135","Thrift House","Assistance League of San Antonio","78201"
"6126","Togs for Tots","Assistance League of San Antonio","78201"
"8739","Volunteer Opportunities","Assistance League of San Antonio","78201"
"19750","220 Harper LLC Assisted Living","Assisted Residential Retirement of Texas","78028"
"19572","Associates of Audiology - Alamo Heights Office","Associates of Audiology","78215"
"19574","Associates of Audiology - Boerne office","Associates of Audiology","78006"
"18707","Associates of Audiology - Fredericksburg Office","Associates of Audiology","78624"
"18706","Associates of Audiology - Kerrville Office","Associates of Audiology","78028"
"19573","Associates of Audiology - Stone Oak Office","Associates of Audiology","78258"
"9944","Program Support & Sponsorship","Association for the Advancement of Mexican Americans","77023"
"15081","Access from AT&T","AT&T",
"15082","Connected Learning","AT&T",
"17682","Free Wi-Fi Hotspot","AT&T","78219"
"9420","Behavioral Health (Karnes City location)","Atascosa Health Center, Inc","78118"
"9421","Behavioral Health (Live Oak Community Health Center)","Atascosa Health Center, Inc","78071"
"9422","Behavioral Health (Lytle location)","Atascosa Health Center, Inc","78052"
"1429","Behavioral Health (Pleasanton location)","Atascosa Health Center, Inc","78064"
"9423","Behavioral Health (Tilden location)","Atascosa Health Center, Inc","78072"
"9424","Behavioral Health (Wilson Community Health Center)","Atascosa Health Center, Inc","78114"
"9468","Breast and Cervical Cancer Screening (Karnes City location)","Atascosa Health Center, Inc","78118"
"9466","Breast and Cervical Cancer Screening (Live Oak Community Health Center)","Atascosa Health Center, Inc","78071"
"9467","Breast and Cervical Cancer Screening (Lytle location)","Atascosa Health Center, Inc","78052"
"9465","Breast and Cervical Cancer Screening (Pleasanton location)","Atascosa Health Center, Inc","78064"
"9470","Breast and Cervical Cancer Screening (Poteet location)","Atascosa Health Center, Inc","78065"
"9469","Breast and Cervical Cancer Screening (Tilden location)","Atascosa Health Center, Inc","78072"
"9471","Breast and Cervical Cancer Screening (Wilson Community Health Center)","Atascosa Health Center, Inc","78114"
"9343","Dental Care (Karnes City location)","Atascosa Health Center, Inc","78118"
"9333","Dental Care (Pleasanton location)","Atascosa Health Center, Inc","78064"
"9342","Dental Care (Wilson Community Health Center)","Atascosa Health Center, Inc","78114"
"9428","Family Medicine (Karnes City location)","Atascosa Health Center, Inc","78118"
"9429","Family Medicine (Live Oak Community Health Center)","Atascosa Health Center, Inc","78071"
"9430","Family Medicine (Lytle location)","Atascosa Health Center, Inc","78052"
"9427","Family Medicine (Pleasanton location)","Atascosa Health Center, Inc","78064"
"9432","Family Medicine (Poteet location)","Atascosa Health Center, Inc","78065"
"9431","Family Medicine (Tilden location)","Atascosa Health Center, Inc","78072"
"9433","Family Medicine (Wilson Community Health Center)","Atascosa Health Center, Inc","78114"
"9435","General Women's Care (Karnes City location)","Atascosa Health Center, Inc","78118"
"9436","General Women's Care (Live Oak Community Health Center)","Atascosa Health Center, Inc","78071"
"9437","General Women's Care (Lytle location)","Atascosa Health Center, Inc","78052"
"9434","General Women's Care (Pleasanton location)","Atascosa Health Center, Inc","78064"
"9439","General Women's Care (Poteet location)","Atascosa Health Center, Inc","78065"
"9438","General Women's Care (Tilden location)","Atascosa Health Center, Inc","78072"
"9440","General Women's Care (Wilson Community Health Center)","Atascosa Health Center, Inc","78114"
"9480","Karnes Community Health Center","Atascosa Health Center, Inc","78118"
"9479","Live Oak Community Health Center","Atascosa Health Center, Inc","78071"
"9455","Lytle Community Health Center","Atascosa Health Center, Inc","78052"
"9481","McMullen Community Health Center","Atascosa Health Center, Inc","78072"
"9463","Obstetric Care (Pleasanton location)","Atascosa Health Center, Inc","78064"
"9464","Obstetric Care (Wilson Community Health Center)","Atascosa Health Center, Inc","78114"
"9475","Pediatric Care (Karnes City location)","Atascosa Health Center, Inc","78118"
"9473","Pediatric Care (Live Oak Community Health Center)","Atascosa Health Center, Inc","78071"
"9474","Pediatric Care (Lytle location)","Atascosa Health Center, Inc","78052"
"9472","Pediatric Care (Pleasanton location)","Atascosa Health Center, Inc","78064"
"9477","Pediatric Care (Poteet location)","Atascosa Health Center, Inc","78065"
"9476","Pediatric Care (Tilden location)","Atascosa Health Center, Inc","78072"
"9478","Pediatric Care (Willson Community Health Center)","Atascosa Health Center, Inc","78114"
"9482","Poteet Community Health Center","Atascosa Health Center, Inc","78065"
"9354","Senior Care (Atascosa location)","Atascosa Health Center, Inc","78064"
"9357","Senior Care (Karnes City location)","Atascosa Health Center, Inc","78118"
"9380","Senior Care (Live Oak Community Health Center)","Atascosa Health Center, Inc","78071"
"9382","Senior Care (Lytle location)","Atascosa Health Center, Inc","78052"
"9381","Senior Care (McMullen location)","Atascosa Health Center, Inc","78072"
"9383","Senior Care (Poteet location)","Atascosa Health Center, Inc","78065"
"9384","Senior Care (Wilson Community Health Center)","Atascosa Health Center, Inc","78114"
"9483","Wilson Community Health Center","Atascosa Health Center, Inc","78114"
"19131","Atascosa Christian Assistance Ministry","Atascosa Inter-Agency Council","78065"
"11225","Laurel Glen Apartments","Atlantic Pacific Companies","78254"
"11636","The Bristol","Atlantic Pacific Companies","78250"
"11639","The Legacy at Piedmont","Atlantic Pacific Companies","78210"
"19989","Vista at Thousand Oaks","Atlantic Pacific Companies","78233"
"7798","Spiritual Services","Atonement Lutheran Church","78227"
"13903","Audio Acoustics Hearing Centers Satellite Location in Alpine","Audio Acoustics Hearing Centers, Inc.","79830"
"14868","Sober/Transitional Living","August House for Men","78213"
"7165","Heart Screenings","AugustHeart","78209"
"17805","Individual Counseling Services","Aura Psychiatry, PLLC","78216"
"11935","Couples Therapy - Medical Center","Auravia Holistic Therapy","78240"
"11933","Couples Therapy - Old Town Helotes","Auravia Holistic Therapy","78023"
"11949","EMDR - Medical Center","Auravia Holistic Therapy","78240"
"11944","Emotional Transformational Therapy (ETT) - Medical Center","Auravia Holistic Therapy","78240"
"11929","Family Therapy - Medical Center","Auravia Holistic Therapy","78240"
"11930","Individual Therapy - Medical Center","Auravia Holistic Therapy","78240"
"11932","Individual Therapy - NW/Helotes","Auravia Holistic Therapy","78249"
"11943","Meditation - Medical Center","Auravia Holistic Therapy","78240"
"11941","Meditation - Old Town Helotes","Auravia Holistic Therapy","78023"
"11924","Nutrition - Medical Center","Auravia Holistic Therapy","78240"
"11883","Walk and Talk - Medical Center","Auravia Holistic Therapy","78240"
"11881","Walk and Talk - Old Town Helotes","Auravia Holistic Therapy","78023"
"11957","Wellness Coaching and Consultation","Auravia Holistic Therapy","78240"
"19268","Blanco Group","Austin AA - Hill Country Intergroup (HCIA)","78606"
"19269","Brown Baggers","Austin AA - Hill Country Intergroup (HCIA)","78639"
"19290","Hopeful Agnostics Group","Austin AA - Hill Country Intergroup (HCIA)","78639"
"19291","Horseshoe Bay Group","Austin AA - Hill Country Intergroup (HCIA)","78657"
"19295","Keep It Simple (KISS)- Austin","Austin AA - Hill Country Intergroup (HCIA)","78748"
"19294","Keep It Simple (KISS)- Kingsland","Austin AA - Hill Country Intergroup (HCIA)","78639"
"19296","Kingsland Group","Austin AA - Hill Country Intergroup (HCIA)","78639"
"19284","Llano Group","Austin AA - Hill Country Intergroup (HCIA)","78643"
"19289","Mason AA Group","Austin AA - Hill Country Intergroup (HCIA)","76856"
"18930","Individual and Family Therapy","Austin Child Guidance Center","78751"
"18932","Psychological Assessments","Austin Child Guidance Center","78751"
"18933","Special Programming - Free Therapy Services","Austin Child Guidance Center","78751"
"18935","The Infant and Early Childhood Mental Health Project (IEC)","Austin Child Guidance Center","78751"
"5518","Caregiver Empowerment Program","Autism Community Network","78228"
"7950","Diagnostic Services","Autism Community Network","78228"
"15424","Navigate Autism in San Antonio","Autism Community Network",
"15439","Nutrition Programs","Autism Community Network","78228"
"8741","Support ACN","Autism Community Network","78228"
"13959","Therapeutic Offerings","Autism Community Network","78228"
"13960","Training","Autism Community Network","78228"
"15464","Adult Day Programs (Knob Oak (Stepping Stones)","Autism Lifeline Links (ALL)","78250"
"15468","Adult Day Programs (Precise Enrichment Program)","Autism Lifeline Links (ALL)","78238"
"5732","Autism Support, Resources and Education","Autism Lifeline Links (ALL)","78224"
"8743","Join Autism Lifeline Links","Autism Lifeline Links (ALL)",
"15492","Vocational Programs (Workacccess, Inc)","Autism Lifeline Links (ALL)","78231"
"15984","Staff-Assisted Cruises","Autism on the Seas",
"14283","Advocacy/Navigating Autism","Autism Society of Texas",
"14284","Education","Autism Society of Texas",
"14287","Get Involved","Autism Society of Texas",
"14285","Recreation","Autism Society of Texas","78752"
"14286","Resources","Autism Society of Texas",
"15531","Volunteer Oportunities","Autism Society of Texas","78752"
"6162","Autism Response Team (ART)","Autism Speaks",
"18858","Learning to Drive with Autism","Autism Speaks",
"17399","Volunteer & Support Opportunities","Autism Speaks","78148"
"19600","Adult Services","Autism Treatment Center of San Antonio","78247"
"2568","Applied Behavior Analysis (ABA)","Autism Treatment Center of San Antonio","78247"
"2566","Educational Program","Autism Treatment Center of San Antonio","78247"
"2569","Occupational Therapy","Autism Treatment Center of San Antonio","78247"
"2571","Residential Services","Autism Treatment Center of San Antonio","78247"
"2570","Speech Therapy","Autism Treatment Center of San Antonio","78247"
"8030","Volunteer Opportunities","Autism Treatment Center of San Antonio","78247"
"19539","Resource Library","Autistic Self Advocacy Network (ASAN)",
"19541","Resources Library","Autistic Women & Non-binary Network",
"19540","Webinars","Autistic Women & Non-binary Network",
"14647","Avalon Memory Care at Mystic Park","Avalon Memory Care","78254"
"12933","Dual Generation at Carmen P Cortez Family Center","AVANCE – San Antonio","78207"
"12934","Dual Generation at Fenley Family Center","AVANCE – San Antonio","78211"
"1393","Early Head Start at Good Samaritan Child Development Center","AVANCE – San Antonio","78207"
"4631","Early Head Start Program at Brackett","AVANCE – San Antonio","78832"
"4632","Early Head Start Program at Camp Wood","AVANCE – San Antonio","78833"
"1252","Early Head Start Program at Fenley Child Development Center","AVANCE – San Antonio","78211"
"1245","Early Head Start Program at Frank Garrett Child Development Center","AVANCE – San Antonio","78207"
"1247","Early Head Start Program at Kelly USA","AVANCE – San Antonio","78226"
"4633","Early Head Start Program at La Pryor","AVANCE – San Antonio","78872"
"1249","Early Head Start Program at Mirasol Child Development Center","AVANCE – San Antonio","78237"
"4634","Early Head Start Program at Niños de Cristal","AVANCE – San Antonio","78839"
"4622","Early Head Start Program at Niños de Uvalde","AVANCE – San Antonio","78801"
"1246","Early Head Start Program at Rebecca C Cervantez Child Development Center","AVANCE – San Antonio","78237"
"4635","Early Head Start Program at Rocksprings","AVANCE – San Antonio","78880"
"4636","Early Head Start Program at Sabinal","AVANCE – San Antonio","78881"
"1250","Early Head Start Program at SW 19th Child Development Center","AVANCE – San Antonio","78207"
"4621","Early Head Start Program at Uvalde","AVANCE – San Antonio","78801"
"1244","Early Head Start—Home-based Option","AVANCE – San Antonio",
"1257","Head Start Program at Adams Elementary","AVANCE – San Antonio","78214"
"1258","Head Start Program at Bellaire Elementary School","AVANCE – San Antonio","78221"
"4638","Head Start Program at Camp Wood Elementary School","AVANCE – San Antonio","78833"
"1259","Head Start Program at Collier Elementary","AVANCE – San Antonio","78211"
"1254","Head Start Program at Fenley Center","AVANCE – San Antonio","78211"
"1256","Head Start Program at Gilbert Elementary","AVANCE – San Antonio","78214"
"1260","Head Start Program at Gillette Elementary School","AVANCE – San Antonio","78221"
"4639","Head Start Program at La Pryor Elementary School","AVANCE – San Antonio","78872"
"4640","Head Start Program at Sabinal Elementary School","AVANCE – San Antonio","78881"
"4641","Head Start Program at Uvalde Elementary","AVANCE – San Antonio","78801"
"1262","Head Start Program at Vestal Elementary","AVANCE – San Antonio","78221"
"1263","Head Start Program at Wright Elementary","AVANCE – San Antonio","78214"
"1239","Parent-Child Education Program—Caminos al Futuro","AVANCE – San Antonio","78226"
"1238","Parent-Child Education Program—Carmen P Cortez Family Center","AVANCE – San Antonio","78207"
"1255","Parent-Child Education Program—Fenley School Base Site","AVANCE – San Antonio","78211"
"15083","Senior Housing","Avenida Guadalupe Association","78207"
"14898","The June","Aventine Senior Living","78251"
"14533","The Waterford at Shavano Park","Aventine Senior Living","78249"
"14451","The Ravello Apartments","Avenue5 Residential","78223"
"20015","Avir at Boerne","Avir Health Group","78006"
"17187","Avir at Converse","Avir Health Group","78109"
"20017","Avir at San Knoll","Avir Health Group","78240"
"17189","Avir at Schertz","Avir Health Group","78154"
"17186","Avir at Seguin","Avir Health Group","78155"
"20016","Avir at Walnut Springs","Avir Health Group","78155"
"13490","The Ellington","Avita.pm","78218"
"11371","Union Park Apartments","Avita.pm","78223"
"5736","Community Outreach","Awaaz","78209"
"5733","Confidential Helpline","Awaaz","78209"
"5734","Confidential Referrals","Awaaz","78209"
"8031","Volunteer Opportunities","Awaaz","78209"
"8028","Donate","AWC Centers","78216"
"243","Free Individual and Couples Counseling","AWC Centers","78216"
"15641","Mobile Unit","AWC Centers","78216"
"16735","Options Education","AWC Centers","78216"
"244","Pregnancy Test","AWC Centers","78216"
"245","Sexually Transmitted Infections","AWC Centers","78216"
"16734","Ultrasounds","AWC Centers","78216"
"1794","Women's Downtown Clinic at the First Presbyterian Church","AWC Centers","78205"
"19984","Affinity at Monterrey Village","Axis Residential LLC","99201"
"12642","Alzheimer's & Aging's Effect on Mental Health Presentations","Azheimer's Education-Dr. Natalee Oliver, DSW","76708"
"19380","Health Insurance Enrollment Services","B.E. Fit Financial","78229"
"7507","Spiritual Services","Babcock Road Christian Church","78240"
"4151","Introduction to the Baha'i Faith","Baha'i Center of San Antonio","78212"
"1204","Counseling Services","Balanced Counseling of San Antonio","78240"
"8420","Clothes Closet","Bandera County Helping Hand Center","78003"
"8418","Food Pantry","Bandera County Helping Hand Center","78003"
"8419","Thrift Store","Bandera County Helping Hand Center","78003"
"16873","Braces","Bandera Modern Dentistry","78249"
"16874","Clear Aligners","Bandera Modern Dentistry","78249"
"16882","Dental cleanings","Bandera Modern Dentistry","78249"
"16875","Dental Crowns","Bandera Modern Dentistry","78249"
"16879","Dental Fillings","Bandera Modern Dentistry","78249"
"16883","Dental implants","Bandera Modern Dentistry","78249"
"16876","Dental X-rays and Imaging","Bandera Modern Dentistry","78249"
"16877","Dentures","Bandera Modern Dentistry","78249"
"16878","Emergency Dentistry","Bandera Modern Dentistry","78249"
"16880","Fluoride treatment","Bandera Modern Dentistry","78249"
"16889","Gum Disease Treatment (Periodontitis)","Bandera Modern Dentistry","78249"
"16884","Inlays and onlays","Bandera Modern Dentistry","78249"
"16886","Mouth guards","Bandera Modern Dentistry","78249"
"16887","Oral cancer screening","Bandera Modern Dentistry","78249"
"16888","Pediatric dentistry","Bandera Modern Dentistry","78249"
"16890","Root Canal","Bandera Modern Dentistry","78249"
"16891","Scaling and root planing","Bandera Modern Dentistry","78249"
"16892","Teeth bonding","Bandera Modern Dentistry","78249"
"16934","Tooth bridges","Bandera Modern Dentistry","78249"
"16933","Tooth Extraction","Bandera Modern Dentistry","78249"
"19475","Cleaning and Prevention","Bandera Pointe Family Dental","78250"
"19477","Cosmetic Dentistry","Bandera Pointe Family Dental","78250"
"19479","Extractions and Preservation","Bandera Pointe Family Dental","78250"
"19476","Family Services","Bandera Pointe Family Dental","78250"
"19482","Laughing Gas","Bandera Pointe Family Dental","78250"
"19480","Oral Appliances","Bandera Pointe Family Dental","78250"
"19483","Pediatric Services","Bandera Pointe Family Dental","78250"
"19481","Technology","Bandera Pointe Family Dental","78250"
"19478","Tooth Replacement","Bandera Pointe Family Dental","78250"
"15294","Bandera Kronkosky Public Library","Bandera Public Library Corporation","78003"
"17342","Online Resources","Bandera Public Library Corporation","78003"
"6881","Spiritual Services","BAPS Shri Swaminarayan Mandir","78249"
"20012","Baptist Inpatient Rehabilitation Center - Downtown","Baptist Health System","78205"
"20013","Baptist Inpatient Rehabilitation Center - Northeast","Baptist Health System","78217"
"20014","Baptist Inpatient Rehabilitation Center - St. Luke's","Baptist Health System","78229"
"19931","Healthlink Fitness Center","Baptist Health System","78216"
"15760","Healthy Womens Center at Fredericksburg Road","Baptist Health System","78201"
"15762","Healthy Womens Center at Mission Trail","Baptist Health System","78235"
"15763","Healthy Womens Center at Rigsby","Baptist Health System","78220"
"15766","Healthy Womens Center at Walzem Road","Baptist Health System","78218"
"15767","Healthy Womens Center at West Commerce","Baptist Health System","78207"
"15768","Healthy Womens Center at Westover Hills","Baptist Health System","78251"
"7054","Northeast Baptist Hospital","Baptist Health System","78217"
"19915","Rehabilitation Services - Healthlink Bitters","Baptist Health System","78216"
"19934","Rehabilitation Services - Healthlink Camp Bullis","Baptist Health System","78257"
"19935","Rehabilitation Services - Healthlink Downtown","Baptist Health System","78205"
"19936","Rehabilitation Services - Healthlink Hausman","Baptist Health System","78249"
"19937","Rehabilitation Services - Healthlink Ingram","Baptist Health System","78251"
"19938","Rehabilitation Services - Healthlink Medical Center","Baptist Health System","78229"
"19939","Rehabilitation Services - Healthlink Mission Trail","Baptist Health System","78223"
"19940","Rehabilitation Services - Healthlink New Braunfels","Baptist Health System","78130"
"19941","Rehabilitation Services - Healthlink Northeast","Baptist Health System","78217"
"19942","Rehabilitation Services - Healthlink Overlook","Baptist Health System","78258"
"19944","Rehabilitation Services - Healthlink Schertz","Baptist Health System","78154"
"19945","Rehabilitation Services - Healthlink Southwest","Baptist Health System","78224"
"19946","Rehabilitation Services - Healthlink Stone Oak","Baptist Health System","78258"
"19947","Rehabilitation Services - Healthlink Westover","Baptist Health System","78251"
"19980","Rehabilitation Services - Pediatric Clinic","Baptist Health System","78258"
"7057","Senior Psychiatry at Baptist Medical Center","Baptist Health System","78205"
"7056","Senior Psychiatry at Northeast Baptist Hospital","Baptist Health System","78217"
"4815","BMU Scholorship Fund","Baptist Ministers' Union of San Antonio & Vicinity","78210"
"18657","Spiritual Services","Baptist Ministers' Union of San Antonio & Vicinity","78210"
"6861","Baptist Temple Early Learning Center","Baptist Temple Church","78210"
"4740","Client Choice Food Pantry","Baptist Temple Church","78210"
"18158","Community Garden","Baptist Temple Church","78210"
"19982","Community Space Rentals","Baptist Temple Church","78210"
"6859","Spiritual Services","Baptist Temple Church","78210"
"6857","Thrift Store","Baptist Temple Church","78210"
"10199","Spiritual Services","Baptist Temple Church Uvalde","78801"
"17817","End of Life Resources for Families","Barbara Karnes, RN",
"17818","End of Life Resources for Professionals","Barbara Karnes, RN",
"12883","Disaster Response","Barnes Meetinghouse of The Church of Jesus Christ of Latter-day Saints","78236"
"7564","San Antonio Military Branch","Barnes Meetinghouse of The Church of Jesus Christ of Latter-day Saints","78236"
"15524","J-Camp at the Barshop Jewish Community Center","Barshop Jewish Community Center","78231"
"7611","Spiritual Services","Baruch HaShem Congregation","78248"
"6271","College Admission Test Preparation","BaSiC Prep Leadership Academy",
"6272","College/Career Readiness","BaSiC Prep Leadership Academy",
"6270","High School Diploma","BaSiC Prep Leadership Academy",
"6273","Tutoring","BaSiC Prep Leadership Academy",
"4475","Spiritual Services","Basilea Worship Center","78220"
"5726","Spiritual Services","Basilica of the National Shrine of the Little Flower","78201"
"11999","Counseling/Therapy Services","Baylor University Psychology Clinic","76701"
"12197","Psychological Testing","Baylor University Psychology Clinic","76701"
"11916","Allies Peer Support","BCFS Health and Human Services","78229"
"8318","Become a Foster Family","BCFS Health and Human Services","78229"
"2559","Common Thread","BCFS Health and Human Services",
"8600","connectED","BCFS Health and Human Services","78229"
"5854","Family and Youth Success (FAYS) Program","BCFS Health and Human Services","78228"
"8329","Our House in Kerrville","BCFS Health and Human Services","78028"
"8313","Preparation for Adult Living – Transitional and Financial Support Services (PAL TFSS)","BCFS Health and Human Services","78229"
"1379","Resiliency Through Healing Program","BCFS Health and Human Services","78228"
"685","Youth Transition Center","BCFS Health and Human Services","78229"
"5611","After School and Summer Programs","Be A Champion","78201"
"17334","Champion Fuel Food Program at Heritage Middle School","Be A Champion","78063"
"17332","Champion Fuel Food Program at Highland Forest Elementary School","Be A Champion","78223"
"17333","Champion Fuel Food Program at Legacy Middle School","Be A Champion","78222"
"5610","Partner with Be A Champion","Be A Champion","78201"
"8746","Program Support & Sponsorship","Be A Champion","78201"
"18443","Free Equipment for Special Needs Children","Be An Angel","77032"
"18444","Ways To Help","Be An Angel",
"17493","Be Well Texas Research","Be Well Texas","78229"
"17495","Be Well Texas Youth Clinic","Be Well Texas","78229"
"17494","Peer Recovery","Be Well Texas","78229"
"17492","Treatment and Recovery Support for Substance Abuse","Be Well Texas","78229"
"11106","Burning Tree Apartments","Beacon Communities","78247"
"11027","Claremont Townhomes","Beacon Communities","78209"
"11285","Converse Ranch Apartments","Beacon Communities","78109"
"11058","Costa Valencia Apartment Homes","Beacon Communities","78227"
"11172","Cottage Creek","Beacon Communities","78218"
"11089","Encanta Villa Apartments","Beacon Communities","78233"
"11153","Midcrown Senior Pavilion","Beacon Communities","78218"
"11098","Monterrey Park Apartments","Beacon Communities","78237"
"11006","Reagan West","Beacon Communities","78227"
"11122","Rosemont at Highland Park","Beacon Communities","78210"
"617","Case Management","BEAT AIDS","78212"
"8112","Coalition of Positive People Alliance (COPPA)","BEAT AIDS","78212"
"8107","Free HIV & STD Testing","BEAT AIDS","78212"
"8110","Healthy Relationships - HR","BEAT AIDS","78212"
"8109","Many Men, Many Voices - 3MV","BEAT AIDS","78212"
"8108","Newly Empowered Women (N.E.W.)","BEAT AIDS","78202"
"15344","Outpatient Mental Health and Substance Abuse Services","BEAT AIDS","78212"
"16524","Peers for Women","BEAT AIDS","78202"
"16527","Ryan White Part D Program","BEAT AIDS","78212"
"8111","San Antonio Care Center","BEAT AIDS","78212"
"8106","Volunteer Opportunities","BEAT AIDS","78230"
"12120","Your Choice Clinic and Prevention testing programs","BEAT AIDS","78207"
"17167","Life After Loss","Beauty From Ashes Ministries",
"17166","Widow Support Group","Beauty From Ashes Ministries",
"18803","Social Communication and Social Awareness Skills Services","Bee Social Network","78209"
"14899","Beehive Homes of Babcock Ridge","Beehive Homes","78249"
"14900","BeeHive Homes of Crownridge","Beehive Homes","78256"
"19403","Grief Support","Beginning Experience International Ministry, Inc","78213"
"7984","Behavioral Analysis Services","Behavior Pathways, LLC","78259"
"19660","Behavioral Assessment and Individualized Treatment Plans","Behavioral Balance ABA","78130"
"19662","Parental Guidance and Coaching","Behavioral Balance ABA","78130"
"19664","School Readiness Programs","Behavioral Balance ABA","78130"
"19663","Social Skills Training","Behavioral Balance ABA","78130"
"19661","Therapy Services","Behavioral Balance ABA","78130"
"13672","ABA Therapy for Children with Autism - Castle Hills","Behavioral Innovations","78213"
"13673","ABA Therapy for Kids with Autism - Dominion","Behavioral Innovations","78257"
"13674","ABA Therapy for Kids with Autism - Southwest","Behavioral Innovations","78251"
"13675","ABA Therapy for Kids with Autism - Stone Oak","Behavioral Innovations","78258"
"13677","ABA Therapy for Kids with Autism - Universal City","Behavioral Innovations","78148"
"13676","ABA Therapy for Kids with Autism - West","Behavioral Innovations","78250"
"13683","Assessment and Diagnosis - Castle Hills","Behavioral Innovations","78213"
"13682","Assessment and Diagnosis - Dominion","Behavioral Innovations","78257"
"13681","Assessment and Diagnosis - Southwest","Behavioral Innovations","78251"
"13680","Assessment and Diagnosis - Stone Oak","Behavioral Innovations","78258"
"13678","Assessment and Diagnosis - Universal City","Behavioral Innovations","78148"
"13679","Assessment and Diagnosis - West","Behavioral Innovations","78253"
"16407","Beyond the Bell Social Skills Program","Behavioral Innovations","78253"
"16409","Beyond the Bell Social Skills Program (Castle Hills location)","Behavioral Innovations","78213"
"16414","Beyond the Bell Social Skills Program (Dominion location)","Behavioral Innovations","78257"
"16411","Beyond the Bell Social Skills Program (Southwest location)","Behavioral Innovations","78251"
"16413","Beyond the Bell Social Skills Program (Stone Oak location)","Behavioral Innovations","78258"
"16412","Beyond the Bell Social Skills Program (Universal City location)","Behavioral Innovations","78148"
"13670","Understanding Autism Spectrum Disorder","Behavioral Innovations",
"13025","ABA Therapy Services","Behavioral Support Center, LLC","78217"
"6562","Spiritual Services","Behold Chapel","78207"
"7613","Spiritual Services","Beitel Lutheran Church","78218"
"14481","Dentistry for Individuals and Families with Special Needs","Believe Dental","78230"
"8748","Believe It Bikes in Schools","Believe It Foundation","78209"
"6915","Believe It Foundation Scholarship","Believe It Foundation","78209"
"8750","Bike Share","Believe It Foundation","78209"
"6916","Camp Hope","Believe It Foundation","78209"
"8749","Duo Marathon Running","Believe It Foundation","78209"
"8747","Volunteer Opportunities","Believe It Foundation","78209"
"10716","Spiritual Services","Believers Fellowship","78233"
"13740","Feed My Sheep","Believers In Christ Ministries","78202"
"13739","Spiritual Services","Believers In Christ Ministries","78202"
"13749","Volunteer Opportunities","Believers In Christ Ministries","78202"
"14912","Dental Care at Bella Dental","Bella Dental West Texas","79830"
"13555","Orthodontic Services","Bella Dental West Texas","79830"
"4816","Spiritual Services","Bellaire Baptist Church","78221"
"11565","Palatia Apartment Homes","Bellaire Multifamily Management","78216"
"14274","Roselawn apartments","Bellaire Multifamily Management","78226"
"11186","Villa De Oro","Bellaire Multifamily Management","78224"
"13905","Beltone West Texas at Sunshine House","Beltone West Texas","79830"
"13053","Mental Health Services","Beneath The Surface Therapy Solutions LLC",
"13055","Military/Veteran's Issues Therapy","Beneath The Surface Therapy Solutions LLC",
"18210","Caridad de Corazon","Benedictine Sisters of Boerne","78006"
"12316","Health & Wholeness Center","Benedictine Sisters of Boerne","78006"
"12315","Sisters' Attic Thrift Store","Benedictine Sisters of Boerne","78006"
"12317","Spiritual Services","Benedictine Sisters of Boerne","78006"
"6515","Spiritual Services","Berean Bible Fellowship Baptist Church","78244"
"19341","Find/Start a Chapter","Bereaved Parents of the USA",
"19343","Resources for the Newly Bereaved/Help for Siblings","Bereaved Parents of the USA",
"14683","Elder and Disability Legal Services","Bertsch & Boze Elder Law, PC","78217"
"6890","Spiritual Services","Beth Am","78213"
"18412","Couple's Therapy","Beth Linfoot, Counseling.PLLC","78006"
"18415","Family Therapy","Beth Linfoot, Counseling.PLLC","78006"
"18406","Individual Psychotherapy","Beth Linfoot, Counseling.PLLC","78006"
"18416","Substance Abuse Counseling","Beth Linfoot, Counseling.PLLC","78006"
"7610","Spiritual Services","Beth SIMCHA Messianic Synagogue","78249"
"4114","Spiritual Services","Bethania Church-Cladic","78207"
"6670","Spiritual Services","Bethany First Baptist Church","78220"
"6629","Bethany's Closet","Bethany Missionary Baptist Church","78237"
"6628","Spiritual Services","Bethany Missionary Baptist Church","78237"
"18111","Wednesday Night Lab","Bethany Missionary Baptist Church","78237"
"18878","Programs and Curriculum","Bethany Pre-School","78624"
"6593","Spiritual Services","Bethany Primitive Baptist Church","78249"
"14246","Spiritual Services","Bethany Romanian Pentecostal Church","78006"
"6617","AR Nelson Outreach","Bethel AME Church","78202"
"6618","Breakfast","Bethel AME Church","78202"
"12044","Christian Social Action Ministry","Bethel AME Church","78202"
"6616","Spiritual Services","Bethel AME Church","78202"
"9606","Spiritual Services","Bethel Church SA","78224"
"5678","Spiritual Services","Bethel International Christian Fellowship","78218"
"6661","Bethel Senior Nutrition Center","Bethel United Methodist Church","78237"
"6660","Spiritual Services","Bethel United Methodist Church","78237"
"4214","Spiritual Services","Bethesda Christian Church","78213"
"15884","Counseling Services","BetterHelp",
"15689","Property Value Protests","Bexar Appraisal District","78207"
"6852","Needle Exchange","Bexar Area Harm Reduction Coalition","78207"
"8751","Volunteer Opportunities","Bexar Area Harm Reduction Coalition","78207"
"17563","Project CANOPY","Bexar Branches Alliance","78245"
"20414","Rooted Resilence","Bexar Branches Alliance","78245"
"17564","The Tree Buds Citizen Forester Program","Bexar Branches Alliance","78254"
"17566","Tree FAQs","Bexar Branches Alliance","78254"
"17565","Tree Trail Trek Series","Bexar Branches Alliance","78245"
"10310","Volunteer and Support Opportunities","Bexar Branches Alliance",
"19906","Medical Social Services","Bexar Care Home Health, Inc","78212"
"19907","Medical Social Services","Bexar Care Home Health, Inc","78212"
"19908","Medical Social Services","Bexar Care Home Health, Inc","78212"
"19892","Nursing Services","Bexar Care Home Health, Inc","78212"
"19911","Occupational Therapy","Bexar Care Home Health, Inc","78212"
"19905","Physical Therapy","Bexar Care Home Health, Inc","78212"
"19909","Speech Therapy","Bexar Care Home Health, Inc","78212"
"19511","Bexar County Military and Veterans Services","Bexar County","78208"
"15268","Community Resources","Bexar County",
"20465","Domestic Relations Office-Shared Parenting & Visitation Enforcement Services","Bexar County","78205"
"17953","Identity Theft 101","Bexar County",
"15320","Bexar County Fostering Educational Success (BCFES)","Bexar County Children's Court",
"17277","Care Coordination Services","Bexar County Community Health Collaborative","78207"
"1556","Community Health Workers","Bexar County Community Health Collaborative","78207"
"8919","Navigator Program - Pathways to Coverage","Bexar County Community Health Collaborative","78207"
"19738","Bexar County Community Court","Bexar County Criminal District Attorney's Office","78207"
"9243","Post-Conviction Relief","Bexar County Criminal District Attorney's Office","78205"
"12818","Protective Order Unit","Bexar County Criminal District Attorney's Office","78205"
"12733","Victim Assistance","Bexar County Criminal District Attorney's Office","78205"
"15977","Strategies for Mental Wellness","Bexar County Department of Behavioral Health (DBH)",
"10574","Trauma Recovery Resources","Bexar County Department of Behavioral Health (DBH)",
"1943","Community-Based Mediation","Bexar County Dispute Resolution Center","78205"
"697","Comprehensive Energy Assistance Program (CEAP)","Bexar County Economic & Community Development","78207"
"698","Pauper Burial Assistance","Bexar County Economic & Community Development","78207"
"9597","Voting in Bexar County","Bexar County Elections Department",
"2560","Domestic Violence Survivor Assistance","Bexar County Family Justice Center","78204"
"8114","Volunteer Opportunities","Bexar County Family Justice Center","78204"
"13533","Emergency Preparedness","Bexar County Fire Marshal/Office of Emergency Management",
"12547","Find a Doc","Bexar County Medical Society (BCMS)",
"471","Bexar County Military and Veterans Services Center","Bexar County Military and Veterans Services","78208"
"767","Bexar County Reentry Services Center","Bexar County Office of Criminal Justice Policy, Planning & Programs","78207"
"10565","Active Shooter Training","Bexar County Sheriff’s Office","78207"
"10571","Home Security Inspection","Bexar County Sheriff’s Office","78207"
"10573","Neighbors App","Bexar County Sheriff’s Office",
"18472","Monthly Meetings","Bexar Deaf Club","78218"
"17508","Orthodontist","Bexar Orthodontists and Pediatric Dentists","78253"
"17509","Pediatric Services","Bexar Orthodontists and Pediatric Dentists","78253"
"18013","Advocacy and Support","Beyond 22",
"18011","Parent/Caregiver Support","Beyond 22","78155"
"18012","Social Skills Opportunities","Beyond 22","78155"
"18014","Ways to Give","Beyond 22",
"427","Clothes Closet","Beyond the Light Outreach Project","78203"
"426","Food Pantry","Beyond the Light Outreach Project","78203"
"8115","ID Recovery","Beyond the Light Outreach Project","78203"
"8116","Program Support & Sponsorship","Beyond the Light Outreach Project","78203"
"428","VIP Meals","Beyond the Light Outreach Project","78203"
"5440","Spiritual Services","Bible Baptist Church","78221"
"7042","Bible Study Groups","Bible Study Fellowship (BSF) International","78258"
"8923","Program Support & Sponsorship","Bible Study Fellowship (BSF) International","78258"
"11837","Assistive Technology at BiblioTech East","BiblioTech Public Library","78202"
"11839","Assistive Technology at BiblioTech South","BiblioTech Public Library","78221"
"4021","Assistive Technology at BiblioTech West","BiblioTech Public Library","78207"
"4023","BiblioTech at Central Jury","BiblioTech Public Library","78205"
"4017","BiblioTech East","BiblioTech Public Library","78202"
"4019","BiblioTech South","BiblioTech Public Library","78221"
"4016","BiblioTech West","BiblioTech Public Library","78207"
"11834","Device Checkout at BiblioTech East","BiblioTech Public Library","78202"
"11836","Device Checkout at BiblioTech South","BiblioTech Public Library","78221"
"11835","Device Checkout at BiblioTech West","BiblioTech Public Library","78207"
"9249","GED Testing at BiblioTech South","BiblioTech Public Library","78221"
"9248","GED Testing at BiblioTech West","BiblioTech Public Library","78207"
"11855","Online Tutorials","BiblioTech Public Library",
"11691","Virtual Behavioral Health and Opioid Use Disorder Services","Bicycle Health",
"13518","TRAX","Big Bend Community Action Committee, Inc.","79843"
"13462","Alpine Office—Big Bend Health","Big Bend Regional Hospital District","79830"
"13455","Big Bend Health","Big Bend Regional Hospital District","79830"
"13456","Medical Program—Big Bend Health","Big Bend Regional Hospital District","79830"
"13457","Prescription Assistance Program—Big Bend Health","Big Bend Regional Hospital District","79830"
"13463","Presidio Office—Big Bend Health","Big Bend Regional Hospital District","79845"
"13461","Rx Grant Program—Big Bend Health","Big Bend Regional Hospital District","79830"
"13307","Big Bend Regional Health Center","Big Bend Regional Medical Center","79830"
"13308","Family Medicine at Big Bend Regional Health Center","Big Bend Regional Medical Center","79830"
"15409","Senior Solutions","Big Bend Regional Medical Center","79830"
"13309","Women's Health at Big Bend Regional Health Center","Big Bend Regional Medical Center","79830"
"12614","Become a Mentor - Comal & Guadalupe Counties","Big Brothers Big Sisters of South Texas","78216"
"1268","Become a Mentor - San Antonio","Big Brothers Big Sisters of South Texas","78216"
"12613","Become a Mentor - Texas Hill Country","Big Brothers Big Sisters of South Texas","78028"
"5668","Big Voices","Big Brothers Big Sisters of South Texas",
"12611","Find a Mentor - Comal and Guadalupe Counties","Big Brothers Big Sisters of South Texas","78130"
"1269","Find a Mentor - San Antonio","Big Brothers Big Sisters of South Texas","78216"
"12612","Find a Mentor - Texas Hill Country","Big Brothers Big Sisters of South Texas","78028"
"12912","Gun Safety Locks","Big Mama's Safe House","78202"
"12538","The G.R.E.A.T. Program","Big Mama's Safe House","78202"
"12540","Volunteer and Support","Big Mama's Safe House","78202"
"12539","Woodard Community Garden","Big Mama's Safe House","78208"
"16143","Youth Mental Health Program","Big Mama's Safe House","78202"
"10081","Forward, Arts! Veteran Art Program","Bihl Haus Arts","78201"
"5525","Go! Arts","Bihl Haus Arts","78201"
"10082","Program Support & Sponsorship","Bihl Haus Arts","78201"
"19000","Inclusive Footwear for All Ages","BILLY Footwear",
"14593","Hoarding Cleaning Services","Bio-One","78249"
"14579","Hoarder Cleanup","BioTechs Crime & Trauma Scene Cleaning","78201"
"11067","Hamilton Place Apartments","Birchwood Property Management","78213"
"7504","Career Building Resources","Birdwell Foundation for PTSD","78133"
"7503","First Responder Peer Support Network/SOS for Public Safety","Birdwell Foundation for PTSD",
"8057","First Responder PTSD Group","Birdwell Foundation for PTSD","78212"
"8059","Veterans and Dependents PTSD Group","Birdwell Foundation for PTSD","78212"
"8050","Volunteer Opportunities","Birdwell Foundation for PTSD","78133"
"13877","Donate","Black Freedom Factory",
"13876","Police Accountability Data","Black Freedom Factory",
"13874","Projects","Black Freedom Factory",
"18771","Brothers With The Land Program","Black Outside, Inc","78216"
"8117","Camp Founder Girls","Black Outside, Inc","78216"
"14922","The Blake at New Braunfels","Blake Management Group Communities","78130"
"18779","Blanco County Indigent Health Care Program (CIHCP)","Blanco County","78636"
"18740","Food Pantry","Blanco Good Samaritan Center","78606"
"18876","Limited Financial Assistance","Blanco Good Samaritan Center","78606"
"18748","Thrift Store","Blanco Good Samaritan Center","78606"
"18750","Volunteer and Support Opportunities","Blanco Good Samaritan Center","78606"
"18980","Pre-K at Blanco Elementary School","Blanco Independent School District","78606"
"19043","Baseball and Softball Important Information","Blanco Youth Baseball and Softball, Inc.","78606"
"19082","Cheer","Blanco Youth Sports","78606"
"19095","Parents, Coaches & Volunteers, and FAQ's","Blanco Youth Sports","78606"
"19098","Sponsor, Support, and Documents","Blanco Youth Sports","78606"
"19080","Tackle Football","Blanco Youth Sports","78606"
"2296","Food Pantry","Blessed Angels Community Center","78247"
"2295","Grandparents Raising Grandbabies","Blessed Angels Community Center","78247"
"2294","Low-Income Veterans","Blessed Angels Community Center","78247"
"17340","Senior Center","Blessed Angels Community Center","78247"
"2491","Senior Food Pantry","Blessed Angels Community Center","78247"
"2436","Volunteer and Support","Blessed Angels Community Center","78247"
"19068","Mental Health Medication Management","Blessed Beginnings Mental Health","78228"
"19070","Non-Medication Treatment Options","Blessed Beginnings Mental Health","78228"
"19069","Psychiatric Evaluations","Blessed Beginnings Mental Health","78228"
"14247","Spiritual Services","Blessed Kingdom Ministries","78201"
"6790","Spiritual Services","Blessed Life Christian Church","78239"
"9633","Blessed Sacrament Catholic School","Blessed Sacrament Catholic Church","78216"
"4221","Spiritual Services","Blessed Sacrament Catholic Church","78216"
"5830","Restoration Transportation","Blessing of Hands Ministries","78201"
"5831","Volunteer with Blessing of Hands Ministries","Blessing of Hands Ministries","78201"
"12215","Blessings in a Backpack Program","Blessings in a Backpack","78006"
"20501","Regional Group District 4","Blinded Veterans Association (BVA)",
"20502","Ways to Give","Blinded Veterans Association (BVA)",
"17665","Kirtan Music Meditation","Bliss House Meditation Center of San Antonio","78249"
"13238","Support","Bliss House Meditation Center of San Antonio","78249"
"5921","Applied Behavior Therapy","Blossom Center for Children","78216"
"17787","Block Scheduling","Blossom Center for Children","78216"
"17791","Blosom Center For Children (North New Braunfels Avenue Location)","Blossom Center for Children","78217"
"17788","Diagnostics","Blossom Center for Children","78216"
"17790","Parent Caregiver Support","Blossom Center for Children","78216"
"20295","Detox Program","Blue Heron Recovery","78217"
"10759","Intensive Outpatient Program - IOP","Blue Heron Recovery","78217"
"17041","Men's Rehab Program","Blue Heron Recovery","78217"
"10760","Outpatient Program - OP","Blue Heron Recovery","78217"
"10758","Partial Hospitalization Program (PHP)","Blue Heron Recovery","78217"
"17042","Therapy Services","Blue Heron Recovery","78217"
"17040","Women's Rehab Program","Blue Heron Recovery","78217"
"14551","Blue Skies of Texas East","Blue Skies of Texas","78227"
"14552","Blue Skies of Texas West","Blue Skies of Texas","78245"
"6905","Lifestyle Program","Blue Skies of Texas - West","78245"
"8532","Psychiatric Treatment for Children & Adolescents","Blue Skyes Health & Care","78229"
"15742","National Domestic Abuse Hotline","Bluebird's Hope, Inc","78124"
"18621","Become a Guardian Ad Litem Volunteer","Bluebonnet CASA","76856"
"18622","Support Bluebonnet CASA","Bluebonnet CASA",
"10222","Children's Advocacy Center - Hondo","Bluebonnet Children's Advocacy Center","78861"
"10223","Children's Advocacy Center - Uvalde","Bluebonnet Children's Advocacy Center","78801"
"10225","Tri-County Casa - Hondo","Bluebonnet Children's Advocacy Center","78861"
"10226","Tri-County Casa - Uvalde","Bluebonnet Children's Advocacy Center","78801"
"13802","CANS Assessment","Bluebonnet Counseling Services of South Texas","78240"
"13797","Individual Therapy","Bluebonnet Counseling Services of South Texas","78240"
"13803","Licensed Professional Counselor Supervision","Bluebonnet Counseling Services of South Texas","78240"
"13801","Life Coaching Services","Bluebonnet Counseling Services of South Texas","78240"
"13798","Play Therapy","Bluebonnet Counseling Services of South Texas","78240"
"13800","Social Skills Training for Children (Ages 5-8)","Bluebonnet Counseling Services of South Texas","78240"
"13799","Support Groups","Bluebonnet Counseling Services of South Texas","78240"
"18971","Crisis Hotline","Bluebonnet Trails Community Services",
"18972","Services - Seguin Location","Bluebonnet Trails Community Services","78155"
"6707","Blueprint Single Day Construction","Blueprint Ministries","78210"
"6709","Kitchen Volunteers","Blueprint Ministries","78210"
"6711","Mission Camp","Blueprint Ministries","78210"
"6710","Overnight Construction Retreats","Blueprint Ministries","78210"
"15030","Summer Staff","Blueprint Ministries","78210"
"17897","ABA Therapy – Stone Oak","BlueSprig","78258"
"17834","Early Intervention ABA Therapy Services for Children with Autism","BlueSprig","78240"
"17835","Intervention for Adolescents with Autism","BlueSprig","78240"
"17837","Specialty Services","BlueSprig","78240"
"18418","Boerne Blaze Special Olympics (BBSO)","Boerne Aquaplex","78006"
"12214","Boerne Concert Band Performances","Boerne Concert Band",
"18610","Acid Reflux Specialist","Boerne Family Medicine","78006"
"18611","Allergies Specialist","Boerne Family Medicine","78006"
"12217","LeaderSteps","Boerne LeaderSteps","78006"
"12227","Boerne Lions Club Meetings","Boerne Lions Club","78006"
"12224","Vision Care for Children","Boerne Lions Club","78006"
"13261","Spiritual Services","Born Again Ministries of SA","78244"
"8401","Bountiful Blessings Food Pantry","Bountiful Blessings","78064"
"10784","B.S.A. Scout Troop 888 at Our Lady of Guadalupe Church - Helotes","Boy Scouts of America, Alamo Area Council","78023"
"10936","Boy Scouts","Boy Scouts of America, Alamo Area Council","78228"
"11682","Boy Scouts","Boy Scouts of America, Alamo Area Council","78209"
"10942","Boy Scouts / Cub Scouts at St Mark the Evangelist Catholic Church","Boy Scouts of America, Alamo Area Council","78232"
"10783","Cub Scout Pack 888","Boy Scouts of America, Alamo Area Council","78023"
"10935","Cub Scouts","Boy Scouts of America, Alamo Area Council","78228"
"11681","Cub Scouts","Boy Scouts of America, Alamo Area Council","78209"
"15572","San Antonio League of Scouting Alumni (SALSA)","Boy Scouts of America, Alamo Area Council","78213"
"9996","Scouts at St. Jerome","Boy Scouts of America, Alamo Area Council","78263"
"2771","Velocity","Boy with a Ball","78214"
"8119","Volunteer Opportunities","Boy with a Ball","78207"
"19007","Great Futures After School Programs at Boerne Club","Boys & Girls Club of the Texas Hill Country","78006"
"19091","Great Futures After School Programs at Comfort Club","Boys & Girls Club of the Texas Hill Country","78013"
"19089","Great Futures After School Programs at Fredericksburg Club","Boys & Girls Club of the Texas Hill Country","78624"
"4625","Calderon Clubhouse","Boys & Girls Clubs of San Antonio","78207"
"4626","Eastside Clubhouse","Boys & Girls Clubs of San Antonio","78220"
"15290","Extended Day Programming at Adams Elementary School","Boys & Girls Clubs of San Antonio","78214"
"15291","Extended Day Programming at Bellaire Elementary School","Boys & Girls Clubs of San Antonio","78221"
"15293","Extended Day Programming at Collier Elementary school","Boys & Girls Clubs of San Antonio","78211"
"15301","Extended Day Programming at Gilbert Elementary school","Boys & Girls Clubs of San Antonio","78214"
"15298","Extended Day Programming at Gillette Elementary school","Boys & Girls Clubs of San Antonio","78221"
"15302","Extended Day Programming at Harlandale Middle school","Boys & Girls Clubs of San Antonio","78214"
"15304","Extended Day Programming at Kingsborough Middle school","Boys & Girls Clubs of San Antonio","78221"
"15303","Extended Day Programming at Leal Middle school","Boys & Girls Clubs of San Antonio","78211"
"15297","Extended Day Programming at Stonewall-Flanders Elementary school","Boys & Girls Clubs of San Antonio","78211"
"15305","Extended Day Programming at Terrell wells Middle school","Boys & Girls Clubs of San Antonio","78221"
"15299","Extended Day Programming at Vestal Elementary school","Boys & Girls Clubs of San Antonio","78221"
"15300","Extended Day Programming at Wright Elementary school","Boys & Girls Clubs of San Antonio","78214"
"4629","Joel E Smilow Teen Center","Boys & Girls Clubs of San Antonio","78207"
"5647","Mays Family Clubhouse","Boys & Girls Clubs of San Antonio","78204"
"15317","Rayburn Clubhouse","Boys & Girls Clubs of San Antonio","78221"
"15292","University Scholarships","Boys & Girls Clubs of San Antonio",
"16692","Volunteer & Support Opportunities","Boys & Girls Clubs of San Antonio","78204"
"1343","Young Achievers—Terrell Wells Middle School (HISD)","Boys & Girls Clubs of San Antonio","78221"
"669","Emergency Shelter","Boysville, Inc.","78109"
"673","Family/Parenting Education Program","Boysville, Inc.","78109"
"671","Join Our Foster Care Family","Boysville, Inc.","78109"
"670","Residential Foster Care Program","Boysville, Inc.","78109"
"672","Supervised Independent Living","Boysville, Inc.","78109"
"8121","Ways You Can Help","Boysville, Inc.","78109"
"13914","Spiritual Services","Bracken Methodist Church","78266"
"18813","Brain Balance Center of New Braunfels","Brain Balance Center of North San Antonio","78130"
"18814","Programs for north San Antonio location","Brain Balance Center of North San Antonio","78232"
"20506","BIAA Texas Chapter","Brain Injury Association of America (BIAA)",
"20505","Brain Injury Information Center","Brain Injury Association of America (BIAA)",
"20503","Practical Guides for Families","Brain Injury Association of America (BIAA)",
"16417","Anne Frank Inspire Academy - Bandera Road","BRAINATION","78250"
"16418","Anne Frank Inspire Academy - NW Military Campus","BRAINATION","78231"
"16416","Little Wonder Academy","BRAINATION","78250"
"13629","KJ/Lisa Community Gardens","Brauner Foundation Inc.","78257"
"6335","Scholarships","Brauner Foundation Inc.","78257"
"19117","Chemical Dependency Counseling","Bravo Zulu Coaching & Counseling Services","78023"
"19115","Family Coaching","Bravo Zulu Coaching & Counseling Services","78023"
"19113","Life Coaching","Bravo Zulu Coaching & Counseling Services","78023"
"19114","Relationship Coaching","Bravo Zulu Coaching & Counseling Services","78023"
"19116","Veteran Benefit Coaching","Bravo Zulu Coaching & Counseling Services","78023"
"14419","Spiritual Services","Brazen Grace Fellowship","78256"
"2565","Life Enrichment Day Center","Brea's House of Arts","78251"
"15249","Music Education Program","Brea's House of Arts","78251"
"8113","Volunteer Opportunities","Brea's House of Arts","78251"
"9590","Spiritual Services","Bread Of Life Christian Center","78204"
"6572","Counseling","BreakthroughSA Church","78217"
"6571","Spiritual Care","BreakthroughSA Church","78217"
"7442","Counseling Services","Breathe-Respira","78216"
"13643","County Clerk—Brewster County","Brewster County","79830"
"13642","Veterans Services—Brewster County","Brewster County","79830"
"19053","Home and Community Based Services","Bridging Behaviors",
"8805","Food Pantry","Bright and Morning Star Baptist Church","78220"
"4457","Spiritual Services","Bright and Morning Star Baptist Church","78220"
"2691","Bright Kids Daycare & Learning Center #3","Bright Kids Daycare & Learning Center Inc","78233"
"19206","Bright Pathways ABA Therapy - Fredericksburg","Bright Pathways ABA Therapy",
"19208","Bright Pathways ABA Therapy - Kerr County","Bright Pathways ABA Therapy",
"19455","Brighton Preschool at Monte Vista Campus","Brighton Center","78212"
"19454","Brighton Preschool at Najim Campus","Brighton Center","78215"
"2637","Early Childhood Intervention Services","Brighton Center","78217"
"18775","Neurodiversity-Affirming Language","Brighton Center",
"19452","Pediatric Therapy Services (0-3)","Brighton Center","78217"
"19453","Pediatric Therapy Services (3-6)","Brighton Center","78217"
"2638","Preschool Program","Brighton Center","78217"
"2765","Special Education Advocate and Training","Brighton Center","78212"
"2639","Special Education Support Services (SESS)","Brighton Center","78217"
"8122","Volunteer Opportunities","Brighton Center","78217"
"2647","In-Home Care for Adults and Older Adults","BrightStar Care Metro San Antonio","78230"
"2684","In-Home Care for Children","BrightStar Care Metro San Antonio","78230"
"2689","In-Home Care for Veterans","BrightStar Care Metro San Antonio","78230"
"14929","Dementia Care","Bristol Hospice","78213"
"14924","Hospice Care","Bristol Hospice","78213"
"14930","Resources","Bristol Hospice",
"14927","Sweet Dreams Program","Bristol Hospice","78213"
"14928","We Honor Veterans Program","Bristol Hospice","78213"
"14566","Brookdale at Oakwell","Brookdale Senior Living","78218"
"14518","Brookdale Hamilton Wolfe","Brookdale Senior Living","78229"
"14587","Brookdale Hollywood Park","Brookdale Senior Living","78232"
"19430","Brookdale Kerrville Life","Brookdale Senior Living","78028"
"19425","Brookdale Kerrville Services","Brookdale Senior Living","78028"
"14588","Brookdale Maltsberger","Brookdale Senior Living","78247"
"14526","Brookdale Medical Center Kingsley","Brookdale Senior Living","78240"
"14586","Brookdale Medical Center Whitby","Brookdale Senior Living","78240"
"14453","Brookdale N. Fredericksburg Road","Brookdale Senior Living","78240"
"14842","Brookdale Nacogdoches","Brookdale Senior Living","78247"
"14858","Brookdale New Braunfels","Brookdale Senior Living","78130"
"14860","Brookdale San Marcos North","Brookdale Senior Living","78666"
"14859","Brookdale San Marcos South","Brookdale Senior Living","78666"
"5885","Key Care-Mental Health & Substance Abuse","Brooke Army Medical Center","78234"
"30","Free Clothing Thrift Store","Brookhill Baptist Church","78223"
"19","NARFE - National Active and Retired Federal Employees","Brookhill Baptist Church","78223"
"29","Small Food Pantry","Brookhill Baptist Church","78223"
"6856","Spiritual Services","Brookhill Baptist Church","78223"
"21","Young at Heart","Brookhill Baptist Church","78223"
"11624","San Juan Mission Villas","Brownstone Residential, LLC","78223"
"12839","Clinical Services","Buena Vida Nursing Rehabilitation Center","78222"
"12840","Memory Care Services","Buena Vida Nursing Rehabilitation Center","78222"
"8005","Food and Basic Needs Resource Assistance","Building Brighter Communities","78109"
"8004","Housing and Utility Resource Assistance","Building Brighter Communities","78109"
"8450","Housing Outreach","Building Brighter Communities","78109"
"8006","Job Search and Job Training Assistance","Building Brighter Communities","78109"
"15338","Volunteer and Support Oppertunities","Building Brighter Communities","78109"
"14690","Age in Place Safe and Secure","Building Hope Together","78207"
"6483","Mother's Day Out","Bulverde Baptist Church","78163"
"18177","Nursery Preschool","Bulverde Baptist Church","78163"
"18178","Senior Adults","Bulverde Baptist Church","78163"
"6482","Spiritual Services","Bulverde Baptist Church","78163"
"8487","Child's Morning Out - CMO","Bulverde Methodist Church","78260"
"8484","Spiritual Services","Bulverde Methodist Church","78260"
"7572","Cibolo Hills Ward","Bulverde Road Meetinghouse of The Church of Jesus Christ of Latter-day Saints","78261"
"12884","Disaster Response","Bulverde Road Meetinghouse of The Church of Jesus Christ of Latter-day Saints","78261"
"7574","Evans Ranch Ward","Bulverde Road Meetinghouse of The Church of Jesus Christ of Latter-day Saints","78261"
"7571","Indian Springs Ward","Bulverde Road Meetinghouse of The Church of Jesus Christ of Latter-day Saints","78261"
"7513","Summerglen Hills Ward","Bulverde Road Meetinghouse of The Church of Jesus Christ of Latter-day Saints","78261"
"12606","Bulverde Spring Branch Activity Center","Bulverde Spring Branch Activity Center (BSBAC)","78163"
"12607","Meals on Wheels","Bulverde Spring Branch Activity Center (BSBAC)","78163"
"12608","Pet Meals on Wheels","Bulverde Spring Branch Activity Center (BSBAC)","78163"
"19192","Donate","Burned Out Survivors’ Fund","78217"
"19191","Fire Loss Assistance","Burned Out Survivors’ Fund","78217"
"15916","Immigration and Citizenship Evaluations","Burns Virtual Psychological Solutions",
"15917","Individual and Group Therapy","Burns Virtual Psychological Solutions",
"15918","Psychological Testing","Burns Virtual Psychological Solutions",
"15919","Speech Therapy","Burns Virtual Psychological Solutions",
"4196","Spiritual Services","Butler AME Church","78212"
"19331","ABA Therapy - San Antonio","Butterfly Effects",
"6559","Spiritual Services","C3 Community Connect Church","78227"
"9271","Burial & Cremation Services","Cabrera Funeral Home","78217"
"13760","The Heights On Perrin","CAF Management","78217"
"18546","86 Toxic Workplaces","cafe86sa","78280"
"1157","College Prep","cafécollege","78204"
"17034","In-Person Advising","cafécollege","78204"
"1158","Virtual Advising","cafécollege","78204"
"13884","Spiritual Services","Caleb Ame Zion Church","78148"
"19649","Computer Grants for Veterans","Callsign Muffin",
"10085","College & Career Program","Calvary Baptist Church","78244"
"10087","Counseling Ministries","Calvary Baptist Church","78244"
"18305","Food Distribution","Calvary Baptist Church","78244"
"10088","K.I.T. & Homebound Ministry","Calvary Baptist Church","78244"
"10084","Spiritual Services","Calvary Baptist Church","78244"
"10086","Youth Ministry Tutoring Program","Calvary Baptist Church","78244"
"4802","Spiritual Services","Calvary Chapel South San Antonio","78214"
"15772","Food Pantry","Calvary Hills Baptist Church","78251"
"6492","Mother's Day Out","Calvary Hills Baptist Church","78251"
"6491","Spritual Services","Calvary Hills Baptist Church","78251"
"4117","Spiritual Services","Calvary Mexican Baptist Church","78207"
"6369","CT Day School","Calvary Temple Assembly of God Church","78247"
"6368","GriefShare","Calvary Temple Assembly of God Church","78247"
"6370","Spiritual Services","Calvary Temple Assembly of God Church","78247"
"18514","Calvary Temple Church Food Pantry","Calvary Temple Church","78028"
"18515","Spiritual Services","Calvary Temple Church","78028"
"6397","Spiritual Services","Camelot Christian Center Of Assemblies Of God","78218"
"4665","Spiritual Services","Camino del Rey Baptist Church","78210"
"15807","Early Childhood Intervention Services (ECI)","Camino Real Community Services","78052"
"15806","IDD Services","Camino Real Community Services","78052"
"8126","Mental Health Services","Camino Real Community Services","78052"
"8124","Veteran Services","Camino Real Community Services","78052"
"8125","Volunteer Opportunities - Military Veteran Peer Network","Camino Real Community Services","78052"
"8123","Youth Empowerment Services (YES)","Camino Real Community Services","78052"
"18948","Family Retreat","Camp Agape","78654"
"18949","Footprints - Grief After School Program","Camp Agape","78654"
"12247","Summer Camp","Camp Agape","78261"
"16776","Camp Cummins Activity Center","Camp Cummins Activity Center (CCAC)","78130"
"18970","Barrier Free - Special Needs Camp in Texas","Camp for All",
"14348","Prado Student Living","Campus Advantage","78249"
"15176","University Oaks Student Living","Campus Living Villages","78249"
"6539","Spiritual Services","Canaan Missionary First Baptist Church","78220"
"19721","Courtroom Program","Canine Classmates","78133"
"16807","Literacy Intervention Program","Canine Classmates","78133"
"18394","Service Dogs - Hill Country Volunteer Chapter","Canine Companions",
"14536","Sorrento","Cantex Continuing Care Network","78229"
"12340","Adolescent Inpatient","Canyon Creek Behavioral Health","78626"
"12341","Adolescent Outpatient","Canyon Creek Behavioral Health","78626"
"12337","Adult Inpatient Program at Canyon Creek","Canyon Creek Behavioral Health","78626"
"12338","Adult Outpatient","Canyon Creek Behavioral Health","78626"
"12553","Canyon Lake Ward","Canyon Lake Meetinghouse of The Church of Jesus Christ of Latter-day Saints","78133"
"13036","Disaster Response","Canyon Lake Meetinghouse of The Church of Jesus Christ of Latter-day Saints","78133"
"19324","Spiritual Services","Canyon Lake Presbyterian Church","78133"
"8493","Care Team Ministry","Canyon Lake United Methodist Church","78133"
"8492","Food With Friends","Canyon Lake United Methodist Church","78133"
"18215","Preschool","Canyon Lake United Methodist Church","78133"
"8491","Spiritual Services","Canyon Lake United Methodist Church","78133"
"8494","Volunteer Opportunities","Canyon Lake United Methodist Church","78133"
"1661","Wesley Nurse","Canyon Lake United Methodist Church","78133"
"7010","Senior League","Canyon Springs Senior Men's Golf Association","78258"
"6718","Spiritual Services","Capilla Bautista El Buen Pastor","78207"
"6974","Spiritual Services","Capilla Del Pueblo Church","78204"
"19133","Aging and Disability Resource Center (ADRC)","Capital Area Council of Governments (CAPCOG)","78744"
"19135","Benefits Counseling","Capital Area Council of Governments (CAPCOG)","78744"
"19137","Caregiver Support Program","Capital Area Council of Governments (CAPCOG)",
"19138","Health and Wellness Program","Capital Area Council of Governments (CAPCOG)","78744"
"19132","Information, Referral and Assistance Program","Capital Area Council of Governments (CAPCOG)","78744"
"19134","Long-term Care Ombudsman Program","Capital Area Council of Governments (CAPCOG)","78744"
"19139","The Striking a Balance: Family Caregiver Conference","Capital Area Council of Governments (CAPCOG)",
"19297","Community Living Assistance and Support Services (CLASS)","Caprock Home Health Services","78238"
"19276","Remote Patient Monitoring","Caprock Home Health Services",
"19992","Midcrown Seniors Pavilion Apartments","Capstone Real Estate","78218"
"11104","Rosemont at University Park","Capstone Real Estate","78221"
"9290","Alzheimer’s Care","Cardinal Senior Care","78230"
"3396","In-home Elder Care Services","Cardinal Senior Care","78230"
"3397","Senior Companion Care Services","Cardinal Senior Care","78230"
"19127","Healthwear","Care + Wear",
"20204","CareNow Urgent Care - Alamo Heights","Care Now Urgent Care","78209"
"20205","CareNow Urgent Care - Bandera Rd","Care Now Urgent Care","78249"
"20206","CareNow Urgent Care - Bulverde Road","Care Now Urgent Care","78247"
"20207","CareNow Urgent Care - Cibolo","Care Now Urgent Care","78108"
"20208","CareNow Urgent Care - Converse","Care Now Urgent Care","78109"
"20209","CareNow Urgent Care - De Zavala","Care Now Urgent Care","78249"
"20210","CareNow Urgent Care - Kitty Hawk Road","Care Now Urgent Care","78148"
"20211","CareNow Urgent Care - Leon Valley","Care Now Urgent Care","78238"
"20212","CareNow Urgent Care - McCreless","Care Now Urgent Care","78223"
"20213","CareNow Urgent Care - Nacogdoches Road","Care Now Urgent Care","78217"
"20214","CareNow Urgent Care - New Braunfels","Care Now Urgent Care","78130"
"20215","CareNow Urgent Care - Potranco","Care Now Urgent Care","78251"
"20216","CareNow Urgent Care - Selma","Care Now Urgent Care","78154"
"20217","CareNow Urgent Care - Stone Oak","Care Now Urgent Care","78258"
"20218","CareNow Urgent Care - Stone Oak Parkway & Evans Road","Care Now Urgent Care","78258"
"20219","CareNow Urgent Care - Thousand Oaks","Care Now Urgent Care","78247"
"20220","CareNow Urgent Care - West Hildebrand","Care Now Urgent Care","78201"
"19317","Pediatric Home Care","Care Options for Kids","78229"
"19319","Pediatric Therapy Services","Care Options for Kids","78229"
"19320","School-Based Services","Care Options for Kids","78229"
"15566","Mental Health Resource for AHISD","Care Solace",
"8936","Program Support & Sponsorship","Care Warriors, Inc.","78258"
"6243","Transition Services (Tutoring and Life Skills Training)","Care Warriors, Inc.","78258"
"18899","Home and Community-Based Services","Caregiver, Inc","78148"
"10667","CareNow Urgent Care - Bandera Rd","CareNow Urgent Care","78249"
"10668","CareNow Urgent Care - McCreless","CareNow Urgent Care","78223"
"10666","CareNow Urgent Care - Nacogdoches","CareNow Urgent Care","78217"
"10669","CareNow Urgent Care - Potranco","CareNow Urgent Care","78251"
"10665","CareNow Urgent Care - Universal City","CareNow Urgent Care","78148"
"18946","Senior Center","Careplex Adult Daycare Center","78227"
"14026","CarePortal Greater San Antonio","CarePortal",
"17935","At-Home Dementia Care","Caring Senior Service San Antonio","78212"
"17936","Companionship","Caring Senior Service San Antonio","78212"
"17937","Elderly Fall Prevention","Caring Senior Service San Antonio","78212"
"17933","Medication Management","Caring Senior Service San Antonio","78212"
"17938","Respite Care and Home Care Assistance","Caring Senior Service San Antonio","78212"
"17931","Senior Errand Services","Caring Senior Service San Antonio","78212"
"17932","Senior Transportation Services in San Antonio","Caring Senior Service San Antonio","78212"
"17939","Veteran's Services","Caring Senior Service San Antonio","78212"
"19845","Downsizing & Decluttering Services","Caring Transitions of San Antonio Central",
"19846","Estate Sales & Online Auctions","Caring Transitions of San Antonio Central",
"19847","Home Cleanouts","Caring Transitions of San Antonio Central",
"19844","Senior Relocation","Caring Transitions of San Antonio Central",
"18809","Community Resource Navigation and Assistance","Caritas Family Assistance Network","78624"
"15352","Virtual Counseling","Carlton Vance LPC",
"14527","Carol Ann's Home Chambers","Carol Ann's Home","78229"
"14529","Carol Ann's Home Hilton Head","Carol Ann's Home","78217"
"14530","Carol Ann's Home Wayward","Carol Ann's Home","78217"
"18905","Get Involved","Carson’s Village",
"18904","Grief Group Support","Carson’s Village",
"18900","Resources for Planning a Funeral","Carson’s Village",
"9311","Funeral Services","Carter-Taylor-Williams Mortuary","78202"
"9316","Grief Support Articles","Carter-Taylor-Williams Mortuary",
"9623","Spiritual Services","Casa De Gracia Church","78211"
"6388","Food Pantry","Casa Del Rey Assembly Of God","78228"
"6389","Spiritual Services","Casa Del Rey Assembly Of God","78228"
"16800","Ways to Give","Casa Del Rey Assembly Of God","78228"
"17917","Balance Class","Casa Helotes Activity Center","78023"
"17915","Bible Study","Casa Helotes Activity Center","78023"
"17913","Bingo","Casa Helotes Activity Center","78023"
"17921","Card Games","Casa Helotes Activity Center","78023"
"17914","Crochet","Casa Helotes Activity Center","78023"
"17920","Diamond Painting","Casa Helotes Activity Center","78023"
"17922","Dominos Games","Casa Helotes Activity Center","78023"
"17924","Fellowship Opportunities","Casa Helotes Activity Center","78023"
"17916","Line Dancing","Casa Helotes Activity Center","78023"
"17923","Pool Games","Casa Helotes Activity Center","78023"
"17919","Quilting","Casa Helotes Activity Center","78023"
"17918","Texercise","Casa Helotes Activity Center","78023"
"16916","CASA Volunteer","CASA of Central Texas, Inc.","78130"
"18017","Casa Salud Family Medicine Clinic","Casa Salud Family Medicine Clinic","78224"
"19653","Primary Care for Patients Without Health Insurance","Casa Salud Family Medicine Clinic","78224"
"8548","Direct Services","Casey Family Programs","78229"
"13646","Advanced Learning Academy at Euclid","CAST Schools Network","78212"
"13647","Advanced Learning Academy at Fox Tech","CAST Schools Network","78205"
"13639","CAST Lead High School","CAST Schools Network","78263"
"13644","CAST MED","CAST Schools Network","78235"
"13640","CAST STEM High School","CAST Schools Network","78252"
"13641","CAST TEACH","CAST Schools Network","78251"
"13645","CAST TECH","CAST Schools Network","78205"
"17395","Ways to Support","CAST Schools Network","78209"
"6883","Parents Day Out","Castle Hills Christian Church","78213"
"6882","Spiritual Services","Castle Hills Christian Church","78213"
"7517","Buena Vista Ward","Castroville Road Meetinghouse of The Church of Jesus Christ of Latter-day Saints","78237"
"13038","Disaster Response","Castroville Road Meetinghouse of The Church of Jesus Christ of Latter-day Saints","78237"
"7515","San Antonio 10th Ward","Castroville Road Meetinghouse of The Church of Jesus Christ of Latter-day Saints","78237"
"7081","Spiritual Services","Catalyst Church","78213"
"9591","Spiritual Services","Cathedral Of Faith","78211"
"4107","Adopt-A-Senior","Catholic Charities, Archdiocese of San Antonio","78212"
"8674","After School Program","Catholic Charities, Archdiocese of San Antonio","78207"
"554","Caritas Legal Services","Catholic Charities, Archdiocese of San Antonio","78228"
"15678","Clothing Closet at St Stephen's Care Center","Catholic Charities, Archdiocese of San Antonio","78207"
"16012","Emergency Financial Assistance at Guadalupe Community Center","Catholic Charities, Archdiocese of San Antonio","78207"
"20480","Emergency Financial Assistance at St Stephen's CARE Center","Catholic Charities, Archdiocese of San Antonio","78207"
"15979","Family Connects","Catholic Charities, Archdiocese of San Antonio","78207"
"572","Financial Wellness and Care - Mother Teresa Center","Catholic Charities, Archdiocese of San Antonio","78228"
"4162","Foster Grandparents Program (FGP)","Catholic Charities, Archdiocese of San Antonio","78212"
"8513","Grace Counseling","Catholic Charities, Archdiocese of San Antonio","78210"
"98","Guadalupe Community Center","Catholic Charities, Archdiocese of San Antonio","78207"
"96","Guadalupe Home","Catholic Charities, Archdiocese of San Antonio","78212"
"573","Guardianship Services - Mother Teresa Center","Catholic Charities, Archdiocese of San Antonio","78228"
"15677","Mobile Relief Units","Catholic Charities, Archdiocese of San Antonio","78207"
"16913","Mother Teresa Center","Catholic Charities, Archdiocese of San Antonio","78228"
"549","Nurse-Family Partnership","Catholic Charities, Archdiocese of San Antonio","78212"
"15980","Nurturing Families","Catholic Charities, Archdiocese of San Antonio","78207"
"553","Parents as Teachers","Catholic Charities, Archdiocese of San Antonio","78212"
"7443","Project Cool at Catholic Charities Main Campus","Catholic Charities, Archdiocese of San Antonio","78212"
"16011","Project Cool at Guadalupe Community Center","Catholic Charities, Archdiocese of San Antonio","78207"
"576","Project Cool at St Stephen's Care Center","Catholic Charities, Archdiocese of San Antonio","78207"
"16022","Project Hope","Catholic Charities, Archdiocese of San Antonio","78207"
"4161","Retired and Senior Volunteer Program (RSVP)","Catholic Charities, Archdiocese of San Antonio","78212"
"3759","Sack Lunch for Our Unhoused Neighbors","Catholic Charities, Archdiocese of San Antonio","78207"
"20493","Sack Lunch for Our Unhoused Neighbors","Catholic Charities, Archdiocese of San Antonio","78207"
"551","San Antonio Birth Doulas","Catholic Charities, Archdiocese of San Antonio","78212"
"5737","SNAP Assistance at Guadalupe Community Center","Catholic Charities, Archdiocese of San Antonio","78207"
"8680","SNAP Assistance at St Stephen's CARE Center","Catholic Charities, Archdiocese of San Antonio","78207"
"559","St Phocas Community Garden","Catholic Charities, Archdiocese of San Antonio","78207"
"16013","St PJ's Children's Home","Catholic Charities, Archdiocese of San Antonio","78210"
"11733","Supporting Dads","Catholic Charities, Archdiocese of San Antonio","78207"
"7070","Veronica’s Boutique at Guadalupe Community Center","Catholic Charities, Archdiocese of San Antonio","78207"
"20494","Veronica’s Boutique at St Stephen's CARE Center","Catholic Charities, Archdiocese of San Antonio","78207"
"16423","Volunteer & Support Opportunities","Catholic Charities, Archdiocese of San Antonio",
"5843","Volunteer and Support Opportunities with Catholic Charities","Catholic Charities, Archdiocese of San Antonio","78212"
"8942","CC Warriors Program","CC Warriors","78240"
"8943","Program Support & Sponsorship","CC Warriors","78240"
"17010","New Patient Special on Exams, X Rays, and Cleanings","Cedar Springs Dental","78023"
"14689","Celebrate Dyslexia Schools","Celebrate Dyslexia","78209"
"9416","Dyslexia Information and Support","Celebrate Dyslexia",
"8129","BiblioCIRCLE","Celebration Circle",
"18140","Dining CIRCLE","Celebration Circle","78238"
"8128","Sacred Sundays","Celebration Circle","78201"
"19858","Aftercare at Cenikor San Antonio","Cenikor","78215"
"12331","Aftercare at Cenikor Waco","Cenikor","76708"
"12329","Detoxification at Cenikor Waco","Cenikor","76708"
"19857","Inpatient Residential at Cenikor San Antonio","Cenikor","78215"
"12333","Inpatient Residential at Cenikor Waco","Cenikor","76708"
"20269","Medication Assisted Treatment (MAT)","Cenikor","78215"
"12330","Medication Assisted Treatment (MAT) at Cenikor Waco","Cenikor","76708"
"19861","Navigating Recovery","Cenikor",
"12328","Partial Hospitalization at Cenikor Waco","Cenikor","76708"
"12332","Recovery Housing at Cenikor Waco","Cenikor","76708"
"19856","Recovery Support Services at Cenikor San Antonio","Cenikor","78215"
"19855","Recovery Support Services at Cenikor Waco","Cenikor","77043"
"19860","Volunteer & Support Opportunities","Cenikor",
"19859","Women Recovery Housing at Cenikor San Antonio","Cenikor","78215"
"15367","Center Based Services (Heimer Rd location)","Center for Autism and Related Disorders (CARD)","78232"
"15368","Center Based Services (Helotes location)","Center for Autism and Related Disorders (CARD)","78023"
"19616","Early Intervention (Heimer Rd location)","Center for Autism and Related Disorders (CARD)","78232"
"19617","Early Intervention (Helotes Rd location)","Center for Autism and Related Disorders (CARD)","78023"
"15370","Home-Based Services (Heimer Rd location)","Center for Autism and Related Disorders (CARD)","78232"
"15369","Home-Based Services (Helotes location)","Center for Autism and Related Disorders (CARD)","78023"
"15359","Parent Resources","Center for Autism and Related Disorders (CARD)",
"15365","Teen and Adult Program (Heimer Rd location)","Center for Autism and Related Disorders (CARD)","78232"
"15356","Teen and Adult Program (Helotes location)","Center for Autism and Related Disorders (CARD)","78023"
"781","(MCOT) Mobile Community Outreach Team Crisis Line","Center for Health Care Services (CHCS)","78207"
"10708","210 StreetReach","Center for Health Care Services (CHCS)","78208"
"828","ACCESS Program","Center for Health Care Services (CHCS)","78211"
"824","Adult Outpatient Substance Use Treatment","Center for Health Care Services (CHCS)","78207"
"10683","Assisted Outpatient Treatment (AOT)","Center for Health Care Services (CHCS)","78207"
"10695","Bexar County Juvenile Justice Program","Center for Health Care Services (CHCS)","78238"
"2652","CALIDAD ISS (Individualized Skills and Socialization)","Center for Health Care Services (CHCS)","78210"
"901","CenterCare Health and Wellness Clinic","Center for Health Care Services (CHCS)","78229"
"5817","Children's Behavioral Health Services","Center for Health Care Services (CHCS)","78210"
"783","Children’s Crisis Services","Center for Health Care Services (CHCS)","78210"
"782","Children’s Mobile Outreach Team (CMOT)","Center for Health Care Services (CHCS)","78210"
"820","Co-Occurring Psychiatric Substance Abuse Disorder (COPSD)","Center for Health Care Services (CHCS)","78207"
"10684","Community Alternatives to Incarceration (CAIP)","Center for Health Care Services (CHCS)","78207"
"832","Community Reintegration Program","Center for Health Care Services (CHCS)","78207"
"830","Complex Care – ACT/FACT Program, Northwest Clinic","Center for Health Care Services (CHCS)","78229"
"10682","County Court 12 (CC12)","Center for Health Care Services (CHCS)","78207"
"873","Court Ordered Treatment (COT)","Center for Health Care Services (CHCS)","78211"
"870","Crisis Care Center","Center for Health Care Services (CHCS)","78207"
"10696","Crisis Helpline","Center for Health Care Services (CHCS)",
"10704","Crisis Transitional Services (CTS)","Center for Health Care Services (CHCS)","78208"
"837","Day Activity and Habilitation Services (DAHS)","Center for Health Care Services (CHCS)","78210"
"874","Diana M. Burns-Bank Primary Care Clinic","Center for Health Care Services (CHCS)","78207"
"889","Dual Diagnosis Clinic and Expanded Services","Center for Health Care Services (CHCS)","78233"
"10686","Dual Diagnosis Residential Facility (DDRF)","Center for Health Care Services (CHCS)","78224"
"895","Early Childhood Intervention Services (ECI)","Center for Health Care Services (CHCS)","78223"
"854","Employment Connections","Center for Health Care Services (CHCS)","78210"
"834","Forensic Assertive Community Treatment (FACT)","Center for Health Care Services (CHCS)","78229"
"835","Genesis Program (TCOOMMI)","Center for Health Care Services (CHCS)","78211"
"10699","Healthy Outcomes through Early Prevention and Early Support (HOPES) Program","Center for Health Care Services (CHCS)","78210"
"10691","HHSC Rent and Utility Bridge Program","Center for Health Care Services (CHCS)","78207"
"841","Home and Community Based Services (HCS)","Center for Health Care Services (CHCS)","78109"
"10689","Homeless Set Aside Voucher Program","Center for Health Care Services (CHCS)","78207"
"10690","Housing Authority of Bexar County (HABC) Mainstream Voucher Program","Center for Health Care Services (CHCS)","78207"
"818","In-Patient Recovery at Josephine Recovery Center","Center for Health Care Services (CHCS)","78208"
"851","Integrated Treatment Program","Center for Health Care Services (CHCS)","78207"
"847","Intermediate Care Facility (ICF-IID)","Center for Health Care Services (CHCS)","78209"
"10688","Justice Intake and Assessment Annex (JIAA)","Center for Health Care Services (CHCS)","78207"
"10697","LOC-4 Intensive Family Services","Center for Health Care Services (CHCS)","78238"
"10685","Mental Health Court","Center for Health Care Services (CHCS)","78207"
"823","Minor Medical and Injured Detainee Clinic","Center for Health Care Services (CHCS)","78207"
"857","Multi-Agency Partnership for Stabilization (MAPS)","Center for Health Care Services (CHCS)","78208"
"856","Northwest Clinic","Center for Health Care Services (CHCS)","78229"
"805","Opioid Addiction Treatment (OATS)","Center for Health Care Services (CHCS)","78207"
"862","Opportunity Home of San Antonio Homeless Set Aside Voucher Program","Center for Health Care Services (CHCS)","78207"
"10681","Outpatient Competency Restoration (OCR)","Center for Health Care Services (CHCS)","78211"
"10674","Outpatient Mental Health Services for Adults, East Side Clinic","Center for Health Care Services (CHCS)","78202"
"858","Outpatient Mental Health Services for Adults, Northwest Clinic","Center for Health Care Services (CHCS)","78229"
"10673","Outpatient Mental Health Services for Adults, Paul Elizondo Clinic","Center for Health Care Services (CHCS)","78207"
"882","Outpatient Mental Health Services for Children and Adolescents - Drexel","Center for Health Care Services (CHCS)","78210"
"10694","Outpatient Mental Health Services for Children and Adolescents @ Bandera","Center for Health Care Services (CHCS)","78238"
"10707","Outreach, Linkage and Support Services","Center for Health Care Services (CHCS)","78213"
"864","PATH (Project for Assistance in Transition from Homelessness)","Center for Health Care Services (CHCS)","78207"
"860","Paul Elizondo Adult Behavioral Health Clinic","Center for Health Care Services (CHCS)","78207"
"10679","POWER (Providing Opportunities for Wellness, Empowerment and Resilience) Program","Center for Health Care Services (CHCS)","78229"
"10677","Primary Care Services for Adults, Diana M. Burns-Banks Clinic at The Restoration Center","Center for Health Care Services (CHCS)","78207"
"10676","Primary Care Services for Adults, Northwest Clinic","Center for Health Care Services (CHCS)","78229"
"10678","Primary Care Services for Adults, The Integrated Wellness Clinic at Haven for Hope","Center for Health Care Services (CHCS)","78207"
"821","Residential Detoxification (Detox)","Center for Health Care Services (CHCS)","78207"
"849","Respite Services","Center for Health Care Services (CHCS)","78109"
"10710","SA Job Development","Center for Health Care Services (CHCS)","78213"
"10705","Special Multidisciplinary Alternative Response Team (SMART)","Center for Health Care Services (CHCS)","78208"
"871","Substance Abuse Public Sobering Unit","Center for Health Care Services (CHCS)","78213"
"10680","Supported Employment Program","Center for Health Care Services (CHCS)","78207"
"852","Texas Correctional Office on Offenders with Medical or Mental Impairments (TCOOMMI)","Center for Health Care Services (CHCS)","78211"
"881","Texas Correctional Office on Offenders with Medical/Mental Impairments (TCOOMMI)","Center for Health Care Services (CHCS)","78238"
"861","Texas Department of Housing & Community Affairs (Tenant Based Rental Assistance TBRA)","Center for Health Care Services (CHCS)","78207"
"846","Texas Home Living (TxHmL)","Center for Health Care Services (CHCS)","78109"
"867","The Integrated Wellness Clinic","Center for Health Care Services (CHCS)","78207"
"869","The Military Veteran Peer Network Project (MVPN)","Center for Health Care Services (CHCS)","78207"
"10701","The Restoration Center OSAR","Center for Health Care Services (CHCS)","78207"
"10698","Transition Age Youth (TAY)","Center for Health Care Services (CHCS)","78238"
"868","Veteran Services Main Office at Haven for Hope","Center for Health Care Services (CHCS)","78207"
"888","Youth Empowerment Services (YES) Waiver Program","Center for Health Care Services (CHCS)","78213"
"14715","Legal Advice Hotline for Tenants’ Rights","Center for Legal and Social Justice",
"780","Legal Advice on Evictions and Tenant Rights","Center for Legal and Social Justice","78228"
"17344","Legal Aid Clinics","Center for Legal and Social Justice","78228"
"12248","Our Services","Center for Life Resources - Early Childhood Intervention","76801"
"3315","English as a Second Language","Center for Refugee Services","78240"
"493","Household Items","Center for Refugee Services","78240"
"8132","Volunteer Opportunities","Center for Refugee Services","78240"
"13227","Group Offerings","Center for Survivors of Torture, San Antonio Satellite Office","78228"
"13228","How You Can Help","Center for Survivors of Torture, San Antonio Satellite Office","78228"
"13229","Training and Education","Center for Survivors of Torture, San Antonio Satellite Office","78228"
"13226","Wraparound Services","Center for Survivors of Torture, San Antonio Satellite Office","78228"
"17621","Curriculum and Professional Learning Scholarships for Educators","Center for the Collaborative Classroom",
"17623","Professional Learning for Educators","Center for the Collaborative Classroom",
"15575","Coach to Communicate","Center on Disability & Development",
"15574","Directory of Community Resources for People with Disabilities","Center on Disability & Development",
"18997","Pre-K at Center Point Elementary School","Center Point Independent School District","78010"
"19015","Set Sail for Fun, Friendship, and Home Runs!","Center Point Little League","78010"
"8571","Individual Therapy for Young Women","Center Yourself Therapy",
"8572","Therapy for Adolescents & Teens","Center Yourself Therapy",
"14958","About Children’s Mental Health","Centers for Disease Control and Prevention (CDC)",
"19603","Early Intervention","Centers for Disease Control and Prevention (CDC)",
"11556","Canlen West Apartments","Centex Management, LLC","78213"
"11222","Coronado Apartments","Centex Management, LLC","78216"
"11028","DeChantle Apartments","Centex Management, LLC","78201"
"13718","Gardenwood Apartments","Centex Management, LLC","78201"
"11049","Gardina Courts","Centex Management, LLC","78201"
"11171","Lantana Apartments","Centex Management, LLC","78230"
"11227","Mediterranean Villas Apartments","Centex Management, LLC","78213"
"11048","Pepperidge Apartments","Centex Management, LLC","78201"
"11103","Santa Fe Apartments","Centex Management, LLC","78216"
"11149","Spanish Oaks Apartments","Centex Management, LLC","78209"
"11044","The Cove Apartments","Centex Management, LLC","78216"
"11084","The Park on Bandera","Centex Management, LLC","78228"
"10423","Benevolent Sewing Group","Central Christian Church of San Antonio (CCCSA)","78205"
"10424","Central Christian Church Child Development Center","Central Christian Church of San Antonio (CCCSA)","78205"
"4109","Spiritual Services","Central Christian Church of San Antonio (CCCSA)","78205"
"7030","Central Park Lions Club Foundation Scholarship","Central Park Lions Club Foundation","78230"
"8945","Program Support & Sponsorship","Central Park Lions Club Foundation","78230"
"16778","Mediation","Central Texas Dispute Resolution Center","78130"
"18712","Get Help","Central Texas Food Bank",
"18839","Volunteer and Support Opportunities","Central Texas Food Bank","78744"
"12572","Al-Anon Meetings","Central Texas Intergroup of Alcoholics Anonymous","76710"
"12573","Alateen Meetings","Central Texas Intergroup of Alcoholics Anonymous","76710"
"12569","Alcoholics Anonymous Meetings","Central Texas Intergroup of Alcoholics Anonymous","76710"
"12371","Central Texas AA Hotline","Central Texas Intergroup of Alcoholics Anonymous",
"12571","Drug Addicts Anonymous Meetings","Central Texas Intergroup of Alcoholics Anonymous","76710"
"12372","Narcotics Anonymous Hotline","Central Texas Intergroup of Alcoholics Anonymous",
"12570","Narcotics Anonymous Meetings","Central Texas Intergroup of Alcoholics Anonymous","76710"
"15994","ABA Therapy for Autism","Centria Autism","78238"
"18382","Autism Spectrum Disorder Diagnosis Services","Centria Autism","78238"
"15997","Center-Based ABA Therapy","Centria Autism","78238"
"15995","Early Intensive Behavioral Intervention (EIBI)","Centria Autism","78238"
"15996","In-Home ABA Therapy","Centria Autism","78238"
"18381","Life Skills Autism Academy","Centria Autism","78238"
"15998","Telesupervision","Centria Autism",
"18689","Centric Physicians Group (Fredericksburg location)","Centric Physicians Group - Administrative Office","78624"
"19282","Food Pantry","Centro Cristiano Internacional","78228"
"6720","Spiritual Services","Centro Cristiano Internacional","78228"
"10615","Galería Expresión","Centro Cultural Aztlan","78201"
"10617","Program Support & Sponsorship","Centro Cultural Aztlan","78201"
"10616","Volunteer Opportunities","Centro Cultural Aztlan","78201"
"8946","Art Everywhere","Centro San Antonio","78205"
"6544","Arts & Culture","Centro San Antonio","78205"
"19556","The Centro Ambassador","Centro San Antonio","78205"
"609","Berto Guerra Jr. Clinic","CentroMed","78242"
"16316","CentroMed Barlite Women’s Health Care","CentroMed","78224"
"613","CentroMed Family First Clinic","CentroMed","78109"
"16317","CentroMed Noemi Galvan Eling Pharmacy","CentroMed","78218"
"1670","Family Medicine Clinic","CentroMed","78130"
"603","Maria Castro Flores Clinic","CentroMed","78069"
"611","Noemi Galvan Eling Clinic","CentroMed","78218"
"604","Palo Alto Clinic","CentroMed","78224"
"12123","SA Pediatrics New Braunfels","CentroMed","78130"
"20440","SA Pediatrics Promesa Building","CentroMed","78207"
"12130","SA Pediatrics Sorrento Plaza","CentroMed","78251"
"12135","SA Pediatrics Southeast","CentroMed","78235"
"12136","SA Pediatrics Southwest","CentroMed","78224"
"12129","SA Pediatrics Stone Oak","CentroMed","78258"
"12131","SA Pediatrics Tri-County Crossing Phase II","CentroMed","78154"
"326","Sarah E Davidson Clinic","CentroMed","78207"
"607","South Park Dental Clinic","CentroMed","78211"
"605","South Park Medical Clinic","CentroMed","78211"
"1666","South Park Pharmacy","CentroMed","78211"
"602","Southside Medical Clinic","CentroMed","78221"
"16533","Ways to Give","CentroMed",
"608","WIC Nutrition Program on SW Military","CentroMed","78221"
"1667","WIC Nutrition Program on Walzem","CentroMed","78218"
"11416","Villa Rodriguez Apartments","Cesar Chavez Foundation","78217"
"6884","Gan Gani Preschool","Chabad Center for Jewish Life and Learning","78216"
"6885","Spiritual Services","Chabad Center for Jewish Life and Learning","78216"
"14271","Spiritual Services","Chabad Israeli Center","78255"
"14273","Spiritual Services","Chabad of Boerne","78015"
"18386","Champion Pediatric Therapy (Helotes location)","Champion Pediatric Therapy","78023"
"18391","Feeding Therapy","Champion Pediatric Therapy","78260"
"18392","Group Sessions","Champion Pediatric Therapy","78260"
"18388","Occupational Therapy","Champion Pediatric Therapy","78260"
"18389","Physical Therapy","Champion Pediatric Therapy","78260"
"18390","Speech Therapy","Champion Pediatric Therapy","78260"
"19197","Durable Medical and Respiratory Equipment","Champs Medical","78229"
"2405","Changin’ Lives","Changin' Lives Hope Association","78210"
"8134","Volunteer Opportunities","Changin' Lives Hope Association",
"14866","Changing Seasons - Castroville","Changing Seasons Senior Living","78009"
"14867","Changing Seasons Blanco Road","Changing Seasons Senior Living","78232"
"14865","Cottages at Danny Kaye","Changing Seasons Senior Living","78240"
"14864","Honey's House of Helotes","Changing Seasons Senior Living","78023"
"15833","Couples & Families Therapy","Chanveen Taneja, LPC, NCC",
"15832","Individual Counseling","Chanveen Taneja, LPC, NCC",
"2451","Food Pantry at Chapel Hill UMC","Chapel Hill United Methodist Church","78227"
"9039","Spiritual Services","Chapel Hill United Methodist Church","78227"
"19101","Food Pantry","Chapel of the Hills Baptist Church","78609"
"8948","Pilates for Parkinson's","Chapter 3 (C3)","78258"
"6563","Pioneer Group","Chapter 3 (C3)","78209"
"8949","Volunteer and Support Opportunities","Chapter 3 (C3)","78209"
"14872","Chapters Living New Braunfels","Chapters Living","78123"
"14870","Chapters Living of San Antonio","Chapters Living","78251"
"18719","Donate","Chari-T2000",
"18718","Financial Support for Services and Equipment","Chari-T2000",
"19782","Outdoor Healing Justice Program","Charles Roundtree Bloom Project",
"15681","Behavioral Issues Support","Charlie Health Inc.",
"15668","Family Therapy","Charlie Health Inc.",
"15667","Individual Therapy","Charlie Health Inc.",
"15679","Intensive Outpatient Program (IOP) - Virtual","Charlie Health Inc.",
"15680","Maternal Mental Health Program","Charlie Health Inc.",
"15666","Neurodivergent-Affirming Care","Charlie Health Inc.",
"16603","Yoga, Mindfulness, and Meditation","Charlie Health Inc.",
"15185","Spectrum Digital Education Grant","Charter Communications / Spectrum","78216"
"18274","Community Involvement/Donations","Chicken N Pickle",
"18272","Inclusive Fun and Dining for All Abilities","Chicken N Pickle","78249"
"2764","Educational Advocacy","Child Advocacy Access Services","78228"
"278","Child Advocates","Child Advocates San Antonio (CASA)","78222"
"8135","Program Support & Sponsorship","Child Advocates San Antonio (CASA)","78222"
"17839","Couples and Families","Child, Family, Adult Consultants","78217"
"17840","Developmental Delays","Child, Family, Adult Consultants","78217"
"17838","Individual Counseling and Therapy","Child, Family, Adult Consultants","78217"
"16000","Adult to Adult","Children and Adults with Attention-Deficit/Hyperactivity Disorder (CHADD)",
"15999","Training on ADHD Self-Paced Online Courses","Children and Adults with Attention-Deficit/Hyperactivity Disorder (CHADD)",
"10735","Godparent Program","Children Matter Family Life Center","78212"
"10733","The S.A.F.E. Program","Children Matter Family Life Center","78212"
"1555","Prevention: Darkness to Light","Children's Advocacy Center of Comal County","78132"
"8136","Volunteer Opportunities","Children's Advocacy Center of Comal County","78132"
"13625","Forensic Interviews","Children's Advocacy Center of the Big Bend, Inc.",
"13624","Safe House","Children's Advocacy Center of the Big Bend, Inc.",
"10629","Be a Part of CAMP","Children's Association for Maximum Potential (CAMP)","78227"
"18793","School-Year Programs","Children's Association for Maximum Potential (CAMP)","78010"
"10618","Summer Camp","Children's Association for Maximum Potential (CAMP)","78010"
"15584","Volunteer Oportunities","Children's Association for Maximum Potential (CAMP)","78227"
"18794","Ways to Donate","Children's Association for Maximum Potential (CAMP)",
"17522","Dental Treatment","Children's Dentistry at Hausman Village","78249"
"17521","Pediatric Dentistry","Children's Dentistry at Hausman Village","78249"
"17520","Special Needs Dentistry","Children's Dentistry at Hausman Village","78249"
"16541","Volunteer & Support Opportunities","Children's Hunger Fund","78218"
"19121","Children's Educational Programs","Children's Lighthouse of Helotes","78023"
"10196","Comfort and Consults Center","Children’s Bereavement Center of South Texas (CBCST)","78801"
"2623","Crisis Services","Children’s Bereavement Center of South Texas (CBCST)","78212"
"2620","Grief Camps","Children’s Bereavement Center of South Texas (CBCST)","78212"
"2618","Grief Counseling Services","Children’s Bereavement Center of South Texas (CBCST)","78212"
"13655","Grief Resources","Children’s Bereavement Center of South Texas (CBCST)",
"2619","Grief Support Groups","Children’s Bereavement Center of South Texas (CBCST)","78212"
"13654","School-Based Grief Support Groups","Children’s Bereavement Center of South Texas (CBCST)","78212"
"2622","Volunteer and Support Opportunities with CBCST","Children’s Bereavement Center of South Texas (CBCST)","78212"
"7107","Care & Treatment","Children’s Rehabilitation Institute TeletonUSA (CRIT)","78233"
"8950","Program Support & Sponsorship","Children’s Rehabilitation Institute TeletonUSA (CRIT)","78233"
"7409","Counseling Services","ChildSafe","78220"
"15094","Online Safety for Parents","ChildSafe",
"5527","Prevention and Awareness","ChildSafe","78220"
"8140","Volunteer Opportunities","ChildSafe","78220"
"15809","Individual Counseling","Chill Counseling",
"15810","Relationship and Family Therapy","Chill Counseling",
"15811","Virtual Groups and Classes","Chill Counseling",
"6985","Balavihar","Chinmaya Mission San Antonio (CMSA)","78255"
"8972","Volunteer and Support Opportunities","Chinmaya Mission San Antonio (CMSA)","78255"
"16509","Choice Magazine Listening","Choice Magazine Listening",
"13192","FirstPlay® Therapy","Chosen for Hope Counseling, Inc","78209"
"13191","Play Therapy","Chosen for Hope Counseling, Inc","78209"
"13190","Testing and Services","Chosen for Hope Counseling, Inc","78209"
"2517","Christ Community Church Food Pantry","Christ Community Church","78101"
"9071","Spiritual Services","Christ Community Church","78101"
"85","Sidewalk Saturday","Christ Episcopal Church","78212"
"4123","Spiritual Services","Christ Episcopal Church","78212"
"13923","Spiritual Services","Christ Fellowship United Methodist Church","78254"
"6900","Celebrate Recovery","Christ Is King Church","78230"
"10476","Spiritual Services - Fredericksburg","Christ Is King Church","78624"
"6812","Spiritual Services - San Antonio","Christ Is King Church","78230"
"7801","Spiritual Services","Christ Lutheran of Alamo Heights Church","78209"
"4220","Spiritual Services","Christ Our Savior Lutheran Church","78216"
"4463","Food Bank CNX","Christ Redeeming Community Church","78220"
"4462","Spiritual Services","Christ Redeeming Community Church","78220"
"6359","Spiritual Services","Christ Temple Apostolic Church","78203"
"7393","Spiritual Services","Christ Temple Church of God in Christ","78227"
"6032","Spiritual Services","Christ the King Catholic Church","78207"
"7802","Spiritual Services","Christ the King Lutheran Church","78148"
"6357","Spiritual Services","Christian Apostolic Church of San Antonio","78228"
"248","Bus Passes","Christian Assistance Ministry (CAM)","78215"
"253","Clothes Closet - CAM NW","Christian Assistance Ministry (CAM)","78249"
"246","Financial Assistance","Christian Assistance Ministry (CAM)","78215"
"252","Financial Assistance - CAM NW","Christian Assistance Ministry (CAM)","78249"
"35","Groceries","Christian Assistance Ministry (CAM)","78215"
"251","Groceries - CAM NW","Christian Assistance Ministry (CAM)","78249"
"249","ID Recovery - CAM","Christian Assistance Ministry (CAM)","78215"
"255","In-State Birth Certificate Recovery- CAM NW","Christian Assistance Ministry (CAM)","78249"
"1935","Mail Service","Christian Assistance Ministry (CAM)","78215"
"4049","Prescription Assistance","Christian Assistance Ministry (CAM)","78215"
"3583","Sack Lunches Meals for Those Experiencing Street Homelessness","Christian Assistance Ministry (CAM)","78215"
"3760","Showers for Those Experiencing Street Homelessness","Christian Assistance Ministry (CAM)","78215"
"3594","Volunteer and Support at CAM Downtown","Christian Assistance Ministry (CAM)","78215"
"3595","Volunteer and Support at CAM Northwest","Christian Assistance Ministry (CAM)","78249"
"18532","Clothing","Christian Assistance Ministry (CAM) - Kerr County","78028"
"18534","Financial Assistance","Christian Assistance Ministry (CAM) - Kerr County","78028"
"18520","Food Pantry","Christian Assistance Ministry (CAM) - Kerr County","78028"
"18535","Senior Food Program","Christian Assistance Ministry (CAM) - Kerr County","78028"
"18528","Volunteer & Support Services","Christian Assistance Ministry (CAM) - Kerr County","78028"
"16969","Monthly luncheon","Christian Chamber of San Antonio","78216"
"10755","Spiritual Services","Christian Church Kingdom Heirs","78237"
"9217","Christian Cupboard Food Distribution","Christian Cupboard of Seguin","78155"
"2435","CFBC Food Pantry","Christian Family Baptist Church","78245"
"13919","Spiritual Services","Christian Family Church","78247"
"16135","Spiritual Services","Christian Family Church International of San Antonio","78247"
"16114","Spiritual Services","Christian Family Church Windsor Park","78247"
"6647","Jail Outreach","Christian Job Corps of Gillespie County (CJCGC)","78624"
"6644","Job Training Center","Christian Job Corps of Gillespie County (CJCGC)","78624"
"6651","Jobs for Life","Christian Job Corps of Gillespie County (CJCGC)","78624"
"8974","Next Level Learning","Christian Job Corps of Gillespie County (CJCGC)","78624"
"8973","Program Support & Sponsorship","Christian Job Corps of Gillespie County (CJCGC)","78624"
"6650","Volunteering","Christian Job Corps of Gillespie County (CJCGC)","78624"
"6642","Prepped for Life","Christian Job Corps of Kendall County","78006"
"8975","Volunteer Opportunities","Christian Job Corps of Kendall County","78006"
"6641","Women's Program","Christian Job Corps of Kendall County","78006"
"18897","Life Skills Development","Christian Men's Life Skills","78028"
"18898","Volunteer and Support Opportunities","Christian Men's Life Skills","78028"
"18917","Enrichment Classes","Christian Women's Job Core- Kerr County","78028"
"18923","Volunteer and Support Opportunities","Christian Women's Job Core- Kerr County","78028"
"8815","Spiritual Services","Christian World Ministries & Worship Center","78239"
"15547","Counseling/Treatment Services","Christina Brooks LPC",
"20058","Christus Childrens Kidney Center","CHRISTUS Health","78207"
"19129","David Christopher Goldsbury Center for Children and Families","CHRISTUS Health","78207"
"18633","Boerne WIC Clinic","CHRISTUS Santa Rosa","78006"
"20474","Christus Children's - The Chef's Table","CHRISTUS Santa Rosa","78207"
"15503","CHRISTUS Children's Neurosciences Center","CHRISTUS Santa Rosa","78207"
"15502","Comprehensive Autism Program","CHRISTUS Santa Rosa","78207"
"18629","Fredericksburg WIC Clinic","CHRISTUS Santa Rosa","78624"
"18639","Johnson City WIC Clinic","CHRISTUS Santa Rosa","78636"
"18631","Kerrville WIC Clinic","CHRISTUS Santa Rosa","78028"
"11876","Home and Community Based Care","CHRISTUS VNA Community Care","78240"
"20053","Palliative Care Services","CHRISTUS VNA Palliative Care – San Antonio","78240"
"18883","Daycare Program","Christy Williams Home Daycare","78624"
"20259","Case Management","Chrysalis Ministries Inc.","78212"
"11778","Life Skills Classes","Chrysalis Ministries Inc.","78212"
"1482","Mental Health Counseling","Chrysalis Ministries Inc.","78212"
"13139","Volunteer and Support","Chrysalis Ministries Inc.","78212"
"20260","Workforce and Career Development","Chrysalis Ministries Inc.","78212"
"18448","Sensory Sensitive Sundays - Helotes","Chuck E Cheese","78250"
"18447","Sensory Sensitive Sundays - Ingram Rd","Chuck E Cheese","78238"
"18449","Sensory Sensitive Sundays - Military Dr","Chuck E Cheese","78221"
"18450","Sensory Sensitive Sundays - Stone Oak","Chuck E Cheese","78232"
"7615","Spiritual Services","Church At Oak Knoll","78228"
"10862","Spiritual Services","Church Highway to Heaven","78073"
"13860","Spiritual Services","Church Home SA","78207"
"13920","Spiritual Services","Church In San Antonio","78249"
"10780","Spiritual Services","Church of Acts","78245"
"15643","Spiritual Services","Church Of God 7Th Day","78228"
"7145","Spiritual Services","Church of God Northwest","78228"
"7146","Spiritual Services","Church Of God Rios De Agua Viva","78218"
"7172","Iglesia De Dios - Romero","Church of God Romero","78237"
"14249","Spiritual Services","Church Of God Seventh Day Adventists","78207"
"14248","Spiritual Services","Church Of God Seventh Day Ceralvo","78207"
"4657","Spiritual Services","Church Of God Vida Abundante","78223"
"6238","Spiritual Services","Church of Reconciliation","78217"
"6046","Spiritual Services","Church of the Good Shepherd - Schertz","78154"
"7449","Spiritual Services","Church of the Holy Spirit Episcopal Church","78250"
"10508","Food Pantry","Church of the Resurrection","78218"
"6789","Spiritual Services","Church of the Resurrection","78218"
"12639","Spiritual Services","Church Unlimited-Stone Oak","78258"
"19719","Anger","Churches Care",
"13008","Anxiety","Churches Care",
"13009","Loneliness","Churches Care",
"13010","Loss","Churches Care",
"13011","Relationship Problems","Churches Care",
"13012","Sadness","Churches Care",
"3216","HomePointe Online Center","Churchill Baptist Church",
"6887","Mother's Day Out & Preschool","Churchill Baptist Church","78231"
"6886","Spiritual Services","Churchill Baptist Church","78231"
"13380","Canyon Point Apartment Homes","Churchill Forge Properties","78232"
"14132","Oak Springs","Churchill Forge Properties","78217"
"12258","Adult Education Workshops","Cibolo Center for Conservation","78006"
"12255","Art Camps","Cibolo Center for Conservation","78006"
"12249","Cibolo Nature Center","Cibolo Center for Conservation","78006"
"12257","Cibolo Spring Break Camp","Cibolo Center for Conservation","78006"
"12253","Deep Roots - Farm to Market Program","Cibolo Center for Conservation","78006"
"12259","Educator Professional Development","Cibolo Center for Conservation","78006"
"12250","Herff Farm","Cibolo Center for Conservation","78006"
"12252","Internships","Cibolo Center for Conservation","78006"
"12254","Nature Camps","Cibolo Center for Conservation","78006"
"12251","The Nest Nature School","Cibolo Center for Conservation","78006"
"12260","Volunteer Opportunities","Cibolo Center for Conservation","78006"
"7539","Cibolo Ward","Cibolo Valley Meetinghouse of The Church of Jesus Christ of Latter-day Saints","78108"
"13039","Disaster Response","Cibolo Valley Meetinghouse of The Church of Jesus Christ of Latter-day Saints","78108"
"7541","Garden Ridge Ward","Cibolo Valley Meetinghouse of The Church of Jesus Christ of Latter-day Saints","78108"
"7540","Schertz Ward","Cibolo Valley Meetinghouse of The Church of Jesus Christ of Latter-day Saints","78108"
"6331","Volunteer Opportunities","Cine Studio San Antonio","78201"
"17252","Accessible Seating - Cinemark McCreless Market","Cinemark Theatres","78223"
"17251","Accessible Seating - Cinemark San Antonio 16","Cinemark Theatres","78229"
"17253","Audio and Visual Assistive Technology - Cinemark McCreless Market","Cinemark Theatres","78223"
"17254","Audio and Visual Assistive Technology - Cinemark San Antonio 16","Cinemark Theatres","78229"
"13374","Bungalow 09","Ciranta Property Management","78209"
"14170","Park Hill","Ciranta Property Management","78666"
"12575","Peer Transportation","Circle of Arms",
"19323","Our Services - San Antonio","Circle of Care","78201"
"19325","Our Services - Schertz","Circle of Care","78154"
"14418","Hospice and Palliative Care Services","Circle of Life Hospice and Palliative Care","78216"
"14426","Volunteer with Circle of Life","Circle of Life Hospice and Palliative Care","78216"
"16944","Climate Solutions","Citizens’ Climate Lobby (CCL)",
"1723","Beyond Prison","City Church Bandera Road","78250"
"1385","Funeral Leadership","City Church Bandera Road","78250"
"17887","Get Connected","City Church Bandera Road","78250"
"6825","Spiritual Services","City Church Bandera Road","78250"
"13742","Gas Leaks in Alpine","City of Alpine","79830"
"13512","Public restrooms at Centennial Park","City of Alpine","79830"
"13511","Public restrooms at Kokernot Park","City of Alpine","79830"
"15419","RU OK? Senior Program","City of Alpine","79830"
"13741","Water Leaks in Alpine","City of Alpine","79830"
"8773","Farmers Market","City of Encinal","78019"
"18938","Cross Mountain Park","City of Fredericksburg Parks and Recreation Department","78624"
"18950","Fort Martin Scott","City of Fredericksburg Parks and Recreation Department","78624"
"18952","Frantzen Park","City of Fredericksburg Parks and Recreation Department","78624"
"18941","Fredericksburg Dog Park","City of Fredericksburg Parks and Recreation Department","78624"
"18953","Fredericksburg Nature Center","City of Fredericksburg Parks and Recreation Department","78624"
"18957","Lady Bird Johnson Municipal Park","City of Fredericksburg Parks and Recreation Department","78624"
"18974","Lady Bird Johnson Municipal Park Pool","City of Fredericksburg Parks and Recreation Department","78624"
"19001","Marktplatz","City of Fredericksburg Parks and Recreation Department","78624"
"18960","Oak Crest Park","City of Fredericksburg Parks and Recreation Department","78624"
"18973","Old Fair Park","City of Fredericksburg Parks and Recreation Department","78624"
"19003","Special Events & Programs","City of Fredericksburg Parks and Recreation Department",
"18989","Town Pool","City of Fredericksburg Parks and Recreation Department","78624"
"18994","Town Pool Splashpad","City of Fredericksburg Parks and Recreation Department","78624"
"13524","Marfa Nutrition Center","City of Marfa","79843"
"14721","City of Presidio Public Library Services","City of Presidio Public Library","79845"
"13636","Internet and Public Computers at Presidio Public Library","City of Presidio Public Library","79845"
"14392","Spay/Neuter Services","City of San Antonio (COSA) Department of Animal Care Services (ACS)",
"3285","Child Care Assistance","City of San Antonio (COSA) Department of Human Services (DHS)","78229"
"4069","Claude W Black Community Center","City of San Antonio (COSA) Department of Human Services (DHS)","78203"
"9116","Community Connections Hotline","City of San Antonio (COSA) Department of Human Services (DHS)",
"6792","Comprehensive Senior Center at Alicia Treviño Lopez","City of San Antonio (COSA) Department of Human Services (DHS)","78251"
"12027","Comprehensive Senior Center at Barbara 'Robbie' Robinette Community","City of San Antonio (COSA) Department of Human Services (DHS)","78245"
"6759","Comprehensive Senior Center at Bob Ross","City of San Antonio (COSA) Department of Human Services (DHS)","78229"
"6760","Comprehensive Senior Center at District 2","City of San Antonio (COSA) Department of Human Services (DHS)","78220"
"6758","Comprehensive Senior Center at District 5","City of San Antonio (COSA) Department of Human Services (DHS)","78210"
"6761","Comprehensive Senior Center at Doris Griffin","City of San Antonio (COSA) Department of Human Services (DHS)","78238"
"6762","Comprehensive Senior Center at Normoyle","City of San Antonio (COSA) Department of Human Services (DHS)","78225"
"6764","Comprehensive Senior Center at Northeast Senior Center","City of San Antonio (COSA) Department of Human Services (DHS)","78217"
"13179","Comprehensive Senior Center at Southside Lions","City of San Antonio (COSA) Department of Human Services (DHS)","78210"
"10582","Comprehensive Senior Center at Walker Ranch","City of San Antonio (COSA) Department of Human Services (DHS)","78216"
"6768","Comprehensive Senior Center at West End Park","City of San Antonio (COSA) Department of Human Services (DHS)","78207"
"6765","Comprehensive Senior Center at Willie M Cortez","City of San Antonio (COSA) Department of Human Services (DHS)","78242"
"4672","Early Head Start Program at Blessed Sacrament Academy","City of San Antonio (COSA) Department of Human Services (DHS)","78210"
"4675","Early Head Start Program at Inman Christian Center","City of San Antonio (COSA) Department of Human Services (DHS)","78207"
"4676","Early Head Start Program at Seton Home","City of San Antonio (COSA) Department of Human Services (DHS)","78210"
"4669","Early Head Start Program at Stafford Early Head Start","City of San Antonio (COSA) Department of Human Services (DHS)","78237"
"4671","Early Head Start Program at YWCA Olga Madrid Center","City of San Antonio (COSA) Department of Human Services (DHS)","78237"
"11863","Family Assistance Center at Willie Velasquez","City of San Antonio (COSA) Department of Human Services (DHS)","78207"
"4655","Financial and Housing Recovery Center (FHRC) at Claude Black Community Center","City of San Antonio (COSA) Department of Human Services (DHS)","78203"
"4649","Financial and Housing Recovery Center (FHRC) at The Neighborhood Place","City of San Antonio (COSA) Department of Human Services (DHS)","78228"
"4654","Financial and Housing Recovery Center (FHRC) at Willie Velasquez Center","City of San Antonio (COSA) Department of Human Services (DHS)","78207"
"20356","Financial Empowerment Center - Legacy Planning","City of San Antonio (COSA) Department of Human Services (DHS)","78207"
"4061","Financial Empowerment Center at Willie Velasquez Learning Center","City of San Antonio (COSA) Department of Human Services (DHS)","78207"
"668","Granados Adult and Senior Center","City of San Antonio (COSA) Department of Human Services (DHS)","78213"
"3095","Harlandale Senior Center","City of San Antonio (COSA) Department of Human Services (DHS)","78221"
"16147","Head Start at Cameron Elementary School","City of San Antonio (COSA) Department of Human Services (DHS)","78219"
"16150","Head Start at Kelly Elementary School","City of San Antonio (COSA) Department of Human Services (DHS)","78226"
"14034","Head Start at Perales Elementary School","City of San Antonio (COSA) Department of Human Services (DHS)","78237"
"14033","Head Start at SAISD Martin Luther King, Jr. Academy at Gates","City of San Antonio (COSA) Department of Human Services (DHS)","78220"
"13630","NXT Level Youth Opportunity Center","City of San Antonio (COSA) Department of Human Services (DHS)","78207"
"4664","Our City Cares—Emergency Child Services","City of San Antonio (COSA) Department of Human Services (DHS)","78229"
"662","Palm Heights Community Center","City of San Antonio (COSA) Department of Human Services (DHS)","78225"
"20063","Places to Stay Warm","City of San Antonio (COSA) Department of Human Services (DHS)",
"46","Public Restroom","City of San Antonio (COSA) Department of Human Services (DHS)","78209"
"53","Public Restroom at La Villita","City of San Antonio (COSA) Department of Human Services (DHS)","78205"
"54","Public Restroom at Losoya and Commerce","City of San Antonio (COSA) Department of Human Services (DHS)","78205"
"17348","Public Restroom at Main Plaza","City of San Antonio (COSA) Department of Human Services (DHS)","78205"
"45","Public Restroom at Navarro and W Crockett","City of San Antonio (COSA) Department of Human Services (DHS)","78205"
"17346","Public Restroom at Rivercenter Mall","City of San Antonio (COSA) Department of Human Services (DHS)","78205"
"47","Public Restroom at St Mary's Parking Garage","City of San Antonio (COSA) Department of Human Services (DHS)","78205"
"1105","San Antonio Early Head Start at Ella Austin","City of San Antonio (COSA) Department of Human Services (DHS)","78202"
"1106","San Antonio Early Head Start at Healy Murphy","City of San Antonio (COSA) Department of Human Services (DHS)","78202"
"20368","San Antonio Education Partnership (SAEP) at  Travis Early College HS","City of San Antonio (COSA) Department of Human Services (DHS)","78212"
"20369","San Antonio Education Partnership (SAEP) at  Young Men's Leadership Academy","City of San Antonio (COSA) Department of Human Services (DHS)","78202"
"20363","San Antonio Education Partnership (SAEP) at Advanced Learning Academy","City of San Antonio (COSA) Department of Human Services (DHS)","78205"
"20364","San Antonio Education Partnership (SAEP) at CAST Med High School","City of San Antonio (COSA) Department of Human Services (DHS)","78235"
"20365","San Antonio Education Partnership (SAEP) at CAST Med High School","City of San Antonio (COSA) Department of Human Services (DHS)","78205"
"10564","San Antonio Education Partnership (SAEP) at CAST STEM High School","City of San Antonio (COSA) Department of Human Services (DHS)","78224"
"10566","San Antonio Education Partnership (SAEP) at Cooper Academy at Navarro","City of San Antonio (COSA) Department of Human Services (DHS)","78207"
"10572","San Antonio Education Partnership (SAEP) at Edgewood Fine Arts Academy","City of San Antonio (COSA) Department of Human Services (DHS)","78237"
"3274","San Antonio Education Partnership (SAEP) at Fox Technical High School","City of San Antonio (COSA) Department of Human Services (DHS)","78205"
"3271","San Antonio Education Partnership (SAEP) at GW Brackenridge High School","City of San Antonio (COSA) Department of Human Services (DHS)","78210"
"3259","San Antonio Education Partnership (SAEP) at Harlandale High School","City of San Antonio (COSA) Department of Human Services (DHS)","78214"
"10558","San Antonio Education Partnership (SAEP) at Harlandale STEM Early College High School","City of San Antonio (COSA) Department of Human Services (DHS)","78214"
"20366","San Antonio Education Partnership (SAEP) at Healy-Murphy Center","City of San Antonio (COSA) Department of Human Services (DHS)","78202"
"3275","San Antonio Education Partnership (SAEP) at Highlands High School","City of San Antonio (COSA) Department of Human Services (DHS)","78210"
"3257","San Antonio Education Partnership (SAEP) at John F Kennedy High School","City of San Antonio (COSA) Department of Human Services (DHS)","78226"
"3272","San Antonio Education Partnership (SAEP) at Luther Burbank High School","City of San Antonio (COSA) Department of Human Services (DHS)","78204"
"3260","San Antonio Education Partnership (SAEP) at McCollum High School","City of San Antonio (COSA) Department of Human Services (DHS)","78221"
"3258","San Antonio Education Partnership (SAEP) at Memorial High School","City of San Antonio (COSA) Department of Human Services (DHS)","78228"
"10567","San Antonio Education Partnership (SAEP) at Phoenix Middle College","City of San Antonio (COSA) Department of Human Services (DHS)","78211"
"3276","San Antonio Education Partnership (SAEP) at Sam Houston High School","City of San Antonio (COSA) Department of Human Services (DHS)","78220"
"3278","San Antonio Education Partnership (SAEP) at Sidney Lanier High School","City of San Antonio (COSA) Department of Human Services (DHS)","78207"
"3279","San Antonio Education Partnership (SAEP) at South San Antonio High School","City of San Antonio (COSA) Department of Human Services (DHS)","78224"
"3280","San Antonio Education Partnership (SAEP) at Southside High School","City of San Antonio (COSA) Department of Human Services (DHS)","78221"
"3281","San Antonio Education Partnership (SAEP) at Southwest High School","City of San Antonio (COSA) Department of Human Services (DHS)","78252"
"10560","San Antonio Education Partnership (SAEP) at Southwest Legacy High School","City of San Antonio (COSA) Department of Human Services (DHS)","78073"
"20372","San Antonio Education Partnership (SAEP) at Southwest Legacy HS","City of San Antonio (COSA) Department of Human Services (DHS)","78073"
"20367","San Antonio Education Partnership (SAEP) at St. Philip’s ECHS","City of San Antonio (COSA) Department of Human Services (DHS)","78203"
"3273","San Antonio Education Partnership (SAEP) at Thomas Edison High School","City of San Antonio (COSA) Department of Human Services (DHS)","78212"
"3277","San Antonio Education Partnership (SAEP) at Thomas Jefferson High School","City of San Antonio (COSA) Department of Human Services (DHS)","78201"
"20370","San Antonio Education Partnership (SAEP) at Young Women's Leadership Academy","City of San Antonio (COSA) Department of Human Services (DHS)","78201"
"1085","San Antonio Head Start at Arnold Elementary School","City of San Antonio (COSA) Department of Human Services (DHS)","78213"
"13945","San Antonio Head Start at Barkley-Ruiz Elementary School","City of San Antonio (COSA) Department of Human Services (DHS)","78207"
"1086","San Antonio Head Start at Bowden Elementary","City of San Antonio (COSA) Department of Human Services (DHS)","78202"
"1102","San Antonio Head Start at Cardenas Early Childhood Center","City of San Antonio (COSA) Department of Human Services (DHS)","78228"
"1087","San Antonio Head Start at Carroll Early Childhood Education Center","City of San Antonio (COSA) Department of Human Services (DHS)","78220"
"1088","San Antonio Head Start at Carvajal Elementary School","City of San Antonio (COSA) Department of Human Services (DHS)","78207"
"1089","San Antonio Head Start at De Zavala Elementary School","City of San Antonio (COSA) Department of Human Services (DHS)","78207"
"1098","San Antonio Head Start at Elma A Neal Elementary School","City of San Antonio (COSA) Department of Human Services (DHS)","78201"
"4661","San Antonio Head Start at Graebner Elementary School","City of San Antonio (COSA) Department of Human Services (DHS)","78225"
"1091","San Antonio Head Start at Hirsch Elementary School","City of San Antonio (COSA) Department of Human Services (DHS)","78220"
"1094","San Antonio Head Start at James Madison Elementary School","City of San Antonio (COSA) Department of Human Services (DHS)","78228"
"1095","San Antonio Head Start at JT Brackenridge Academy","City of San Antonio (COSA) Department of Human Services (DHS)","78207"
"1100","San Antonio Head Start at Kate Schenck Elementary School","City of San Antonio (COSA) Department of Human Services (DHS)","78223"
"4668","San Antonio Head Start at Loma Park Elementary School","City of San Antonio (COSA) Department of Human Services (DHS)","78228"
"13825","San Antonio Head Start at Margil Elementary School","City of San Antonio (COSA) Department of Human Services (DHS)","78207"
"1097","San Antonio Head Start at Maverick Elementary School","City of San Antonio (COSA) Department of Human Services (DHS)","78201"
"4645","San Antonio Head Start at Sarah King Elementary School","City of San Antonio (COSA) Department of Human Services (DHS)","78207"
"1103","San Antonio Head Start at Stafford Early Childhood Center","City of San Antonio (COSA) Department of Human Services (DHS)","78237"
"6800","Senior Nutrition at Hope of Glory","City of San Antonio (COSA) Department of Human Services (DHS)","78221"
"6767","Senior Nutrition at Southside Lions Senior Center","City of San Antonio (COSA) Department of Human Services (DHS)","78210"
"3088","Senior Nutrition Program at Bethany United Methodist Church","City of San Antonio (COSA) Department of Human Services (DHS)","78218"
"3114","Senior Nutrition Program at Bethel Family Center","City of San Antonio (COSA) Department of Human Services (DHS)","78237"
"3099","Senior Nutrition Program at Elvira Cisneros Center","City of San Antonio (COSA) Department of Human Services (DHS)","78221"
"3094","Senior Nutrition Program at Fair Avenue Apartments","City of San Antonio (COSA) Department of Human Services (DHS)","78223"
"3109","Senior Nutrition Program at Good Samaritan Center","City of San Antonio (COSA) Department of Human Services (DHS)","78014"
"3072","Senior Nutrition Program at Granada Apartments","City of San Antonio (COSA) Department of Human Services (DHS)","78205"
"3117","Senior Nutrition Program at Legacy - Science Park","City of San Antonio (COSA) Department of Human Services (DHS)","78228"
"3118","Senior Nutrition Program at Nueces Bend Apartments","City of San Antonio (COSA) Department of Human Services (DHS)","78238"
"3111","Senior Nutrition Program at Palacio del Sol","City of San Antonio (COSA) Department of Human Services (DHS)","78207"
"3076","Senior Nutrition Program at Parkview Apartments","City of San Antonio (COSA) Department of Human Services (DHS)","78212"
"3069","Senior Nutrition Program at Pecan Hill Apartments","City of San Antonio (COSA) Department of Human Services (DHS)","78209"
"3091","Senior Nutrition Program at Roseville Apartments","City of San Antonio (COSA) Department of Human Services (DHS)","78220"
"3081","Senior Nutrition Program at Salvation Army- Hope Center","City of San Antonio (COSA) Department of Human Services (DHS)","78212"
"3127","Senior Nutrition Program at Somerset Senior Center","City of San Antonio (COSA) Department of Human Services (DHS)","78069"
"3119","Senior Nutrition Program at Sorento Apartments","City of San Antonio (COSA) Department of Human Services (DHS)","78201"
"3101","Senior Nutrition Program at South San Senior Center","City of San Antonio (COSA) Department of Human Services (DHS)","78211"
"3103","Senior Nutrition Program at St Clare Catholic Church","City of San Antonio (COSA) Department of Human Services (DHS)","78211"
"3112","Senior Nutrition Program at St Timothy Catholic Church","City of San Antonio (COSA) Department of Human Services (DHS)","78207"
"3104","Senior Nutrition Program at St Vincent de Paul Catholic Church","City of San Antonio (COSA) Department of Human Services (DHS)","78227"
"3121","Senior Nutrition Program at Sunshine Plaza Apartments","City of San Antonio (COSA) Department of Human Services (DHS)","78228"
"3097","Senior Nutrition Program at The Ravello","City of San Antonio (COSA) Department of Human Services (DHS)","78223"
"3082","Senior Nutrition Program at Villa Tranchese Apartments","City of San Antonio (COSA) Department of Human Services (DHS)","78212"
"3102","Senior Nutrition Program at Virginia Gill Community Center","City of San Antonio (COSA) Department of Human Services (DHS)","78227"
"6802","South San Senior Center","City of San Antonio (COSA) Department of Human Services (DHS)","78211"
"665","Tobin Community Center","City of San Antonio (COSA) Department of Human Services (DHS)","78207"
"361","Training for Job Success","City of San Antonio (COSA) Department of Human Services (DHS)","78203"
"16534","Universal Changing Places at Walker Ranch Senior Center","City of San Antonio (COSA) Department of Human Services (DHS)","78216"
"1898","Utility Assistance","City of San Antonio (COSA) Department of Human Services (DHS)",
"14734","Volunteer Income Tax Assistance (VITA)  at Hill Country Community Needs Council","City of San Antonio (COSA) Department of Human Services (DHS)","78624"
"12025","Volunteer Income Tax Assistance (VITA) at Claude Black Center","City of San Antonio (COSA) Department of Human Services (DHS)","78203"
"8679","Volunteer Income Tax Assistance (VITA) at Guadalupe Community Center","City of San Antonio (COSA) Department of Human Services (DHS)","78207"
"6925","Volunteer Income Tax Assistance (VITA) at Guadalupe Mobile Team","City of San Antonio (COSA) Department of Human Services (DHS)","78207"
"2467","Volunteer Income Tax Assistance (VITA) at Henry Guerra Library","City of San Antonio (COSA) Department of Human Services (DHS)","78227"
"12028","Volunteer Income Tax Assistance (VITA) at John Igo Library","City of San Antonio (COSA) Department of Human Services (DHS)","78249"
"2472","Volunteer Income Tax Assistance (VITA) at Palo Alto College","City of San Antonio (COSA) Department of Human Services (DHS)","78224"
"1059","Volunteer Income Tax Assistance (VITA) at Presa Community Center","City of San Antonio (COSA) Department of Human Services (DHS)","78210"
"6163","Volunteer Income Tax Assistance (VITA) at St Mary's University","City of San Antonio (COSA) Department of Human Services (DHS)","78228"
"6167","Volunteer Income Tax Assistance (VITA) at St Philip's College","City of San Antonio (COSA) Department of Human Services (DHS)","78207"
"2463","Volunteer Income Tax Assistance (VITA) at The Neighborhood Place","City of San Antonio (COSA) Department of Human Services (DHS)","78228"
"2469","Volunteer Income Tax Assistance (VITA) at Thousand Oaks Library","City of San Antonio (COSA) Department of Human Services (DHS)","78233"
"6165","Volunteer Income Tax Assistance (VITA) at Willie C Velasquez Center","City of San Antonio (COSA) Department of Human Services (DHS)","78207"
"10049","Homeless Resources","City of San Antonio (COSA) Homeless Services",
"17988","Resolving Your Warrants","City of San Antonio (COSA) Municipal Court",
"14091","Bitters Bulky Waste Center","City of San Antonio (COSA) Solid Waste Management","78216"
"14093","Culebra Bulky Waste Center","City of San Antonio (COSA) Solid Waste Management","78238"
"14103","Free Landfill Day","City of San Antonio (COSA) Solid Waste Management","78219"
"14104","Free Landfill Day","City of San Antonio (COSA) Solid Waste Management","78252"
"14092","Frio City Bulky Waste Center","City of San Antonio (COSA) Solid Waste Management","78226"
"14101","Household Hazardous Waste Disposal","City of San Antonio (COSA) Solid Waste Management","78238"
"14095","Household Hazardous Waste Monthly Drop-Off Events","City of San Antonio (COSA) Solid Waste Management","78216"
"14094","Rigsby Bulky Waste Center","City of San Antonio (COSA) Solid Waste Management","78222"
"11939","Apply for San Antonio Ready to Work at  Workforce Solutions Alamo, S Flores Career Center","City of San Antonio (COSA) Workforce Development Office","78221"
"12201","Apply for San Antonio Ready to Work at Alamo Colleges District, Eastside Education & Training Center","City of San Antonio (COSA) Workforce Development Office","78219"
"12200","Apply for San Antonio Ready to Work at Alamo Colleges District, Westside Education & Training Center","City of San Antonio (COSA) Workforce Development Office","78237"
"17367","Apply for San Antonio Ready to Work at AVANCE","City of San Antonio (COSA) Workforce Development Office","78226"
"10485","Apply for San Antonio Ready to Work at Chrysalis Ministries","City of San Antonio (COSA) Workforce Development Office","78212"
"17365","Apply for San Antonio Ready to Work at Dynamic Advancement","City of San Antonio (COSA) Workforce Development Office","78226"
"17364","Apply for San Antonio Ready to Work at Family Service Neighborhood Place","City of San Antonio (COSA) Workforce Development Office","78228"
"10487","Apply for San Antonio Ready to Work at Project QUEST","City of San Antonio (COSA) Workforce Development Office","78211"
"10486","Apply for San Antonio Ready to Work at Restore Education","City of San Antonio (COSA) Workforce Development Office","78212"
"10512","Apply for San Antonio Ready to Work at SA Food Bank","City of San Antonio (COSA) Workforce Development Office","78227"
"17366","Apply for San Antonio Ready to Work at Texas A&M University-San Antonio","City of San Antonio (COSA) Workforce Development Office","78224"
"11934","Apply for San Antonio Ready to Work at Workforce Solutions Alamo, Datapoint Career Center","City of San Antonio (COSA) Workforce Development Office","78229"
"11938","Apply for San Antonio Ready to Work at Workforce Solutions Alamo, E Houston Career Center","City of San Antonio (COSA) Workforce Development Office","78220"
"12187","Apply for San Antonio Ready to Work at YWCA","City of San Antonio (COSA) Workforce Development Office","78237"
"9627","SA: Ready to Work","City of San Antonio (COSA) Workforce Development Office",
"14071","Accessory Dwelling Units","City of San Antonio (COSA), Development Services Department","78204"
"15968","Property Maintenance Code Enforcement","City of San Antonio (COSA), Development Services Department",
"18756","Language Access Card - ASL","City of San Antonio (COSA), Diversity, Equity, Inclusion & Accessibility Department","78283"
"14778","Non-Discrimination Ordinance (NDO)","City of San Antonio (COSA), Diversity, Equity, Inclusion & Accessibility Department","78205"
"18258","Ready South Texas","City of San Antonio (COSA), Diversity, Equity, Inclusion & Accessibility Department",
"17196","Universal Housing Design","City of San Antonio (COSA), Diversity, Equity, Inclusion & Accessibility Department","78205"
"3744","Buena Vista WIC Clinic","City of San Antonio (COSA), Metropolitan Health District","78207"
"3745","Callaghan WIC Clinic","City of San Antonio (COSA), Metropolitan Health District","78228"
"3413","City of San Antonio COVID-19 Website","City of San Antonio (COSA), Metropolitan Health District",
"7816","Covid Vaccination Sites","City of San Antonio (COSA), Metropolitan Health District",
"7815","COVID-19 Testing Sites","City of San Antonio (COSA), Metropolitan Health District",
"9093","Diabetes Prevention Program (DPP)","City of San Antonio (COSA), Metropolitan Health District",
"345","Eastside Immunization Clinic","City of San Antonio (COSA), Metropolitan Health District","78202"
"17515","Grissom WIC Clinic","City of San Antonio (COSA), Metropolitan Health District","78251"
"16184","Healthy Corner Store at ABC Food Mart","City of San Antonio (COSA), Metropolitan Health District","78210"
"16186","Healthy Corner Store at Alamo Chevron","City of San Antonio (COSA), Metropolitan Health District","78224"
"16187","Healthy Corner Store at AM Stop","City of San Antonio (COSA), Metropolitan Health District","78210"
"16188","Healthy Corner Store at Amanda Food Mart","City of San Antonio (COSA), Metropolitan Health District","78210"
"16189","Healthy Corner Store at Amigos Food Mart","City of San Antonio (COSA), Metropolitan Health District","78207"
"16190","Healthy Corner Store at Arkansas Mart","City of San Antonio (COSA), Metropolitan Health District","78210"
"16191","Healthy Corner Store at Bayeh Service Center","City of San Antonio (COSA), Metropolitan Health District","78228"
"16192","Healthy Corner Store at Best Mart","City of San Antonio (COSA), Metropolitan Health District","78210"
"16193","Healthy Corner Store at Convenient Food Mart","City of San Antonio (COSA), Metropolitan Health District","78209"
"16194","Healthy Corner Store at Diamond Food Mart","City of San Antonio (COSA), Metropolitan Health District","78223"
"16201","Healthy Corner Store at El Paso Food Mart","City of San Antonio (COSA), Metropolitan Health District","78237"
"16205","Healthy Corner Store at Fort Sam Chevron","City of San Antonio (COSA), Metropolitan Health District","78208"
"16212","Healthy Corner Store at Kims Express","City of San Antonio (COSA), Metropolitan Health District","78242"
"16213","Healthy Corner Store at Lucky Corner Store","City of San Antonio (COSA), Metropolitan Health District","78212"
"16215","Healthy Corner Store at Lucky Corner Store #2","City of San Antonio (COSA), Metropolitan Health District","78223"
"16216","Healthy Corner Store at M&I Meat Market & Grocery","City of San Antonio (COSA), Metropolitan Health District","78237"
"16217","Healthy Corner Store at Malik Food Market","City of San Antonio (COSA), Metropolitan Health District","78202"
"16218","Healthy Corner Store at Maxi Food Mart","City of San Antonio (COSA), Metropolitan Health District","78207"
"16219","Healthy Corner Store at Midtown MeetUp","City of San Antonio (COSA), Metropolitan Health District","78212"
"16220","Healthy Corner Store at MS Express","City of San Antonio (COSA), Metropolitan Health District","78242"
"16221","Healthy Corner Store at Nicks Mart","City of San Antonio (COSA), Metropolitan Health District","78211"
"16222","Healthy Corner Store at Om Food Mart","City of San Antonio (COSA), Metropolitan Health District","78240"
"16223","Healthy Corner Store at Pik Nik Food #3","City of San Antonio (COSA), Metropolitan Health District","78207"
"16224","Healthy Corner Store at Popular Food Store","City of San Antonio (COSA), Metropolitan Health District","78223"
"16225","Healthy Corner Store at Q Food Mart","City of San Antonio (COSA), Metropolitan Health District","78220"
"16226","Healthy Corner Store at Quick Stop","City of San Antonio (COSA), Metropolitan Health District","78207"
"16227","Healthy Corner Store at Red Rooster","City of San Antonio (COSA), Metropolitan Health District","78223"
"16228","Healthy Corner Store at Royal Blue Grocery","City of San Antonio (COSA), Metropolitan Health District","78205"
"16229","Healthy Corner Store at Shell Food Mart","City of San Antonio (COSA), Metropolitan Health District","78237"
"16230","Healthy Corner Store at Skyway Mart","City of San Antonio (COSA), Metropolitan Health District","78214"
"16231","Healthy Corner Store at Stop 1 Mart","City of San Antonio (COSA), Metropolitan Health District","78201"
"16232","Healthy Corner Store at Texas Meat Market #3","City of San Antonio (COSA), Metropolitan Health District","78228"
"16233","Healthy Corner Store at Trinity Food Mart","City of San Antonio (COSA), Metropolitan Health District","78207"
"16202","Heathy Corner Store at EZ Shop 3","City of San Antonio (COSA), Metropolitan Health District","78211"
"16203","Heathy Corner Store at EZ Shop Store","City of San Antonio (COSA), Metropolitan Health District","78211"
"16204","Heathy Corner Store at Flores C Store","City of San Antonio (COSA), Metropolitan Health District","78221"
"16208","Heathy Corner Store at Grandmas B's Meat Market","City of San Antonio (COSA), Metropolitan Health District","78211"
"16209","Heathy Corner Store at Highland Food Mart","City of San Antonio (COSA), Metropolitan Health District","78210"
"16210","Heathy Corner Store at Isa-Kat Quick Mart","City of San Antonio (COSA), Metropolitan Health District","78212"
"16211","Heathy Corner Store at J&J Food Mart","City of San Antonio (COSA), Metropolitan Health District","78211"
"3747","Marbach WIC Clinic","City of San Antonio (COSA), Metropolitan Health District","78227"
"9072","Metro Health STD/HIV Clinic","City of San Antonio (COSA), Metropolitan Health District","78210"
"3697","Naco-Perrin WIC Clinic","City of San Antonio (COSA), Metropolitan Health District","78217"
"3748","Naco-Perrin WIC Clinic","City of San Antonio (COSA), Metropolitan Health District","78217"
"3749","Pecan Valley WIC Clinic","City of San Antonio (COSA), Metropolitan Health District","78220"
"15959","Por Vida","City of San Antonio (COSA), Metropolitan Health District","78217"
"18983","Resource Center at Villa Coronado","City of San Antonio (COSA), Metropolitan Health District","78214"
"3750","Rittiman WIC Clinic","City of San Antonio (COSA), Metropolitan Health District","78218"
"3753","Salinas WIC Clinic","City of San Antonio (COSA), Metropolitan Health District","78237"
"12678","San Antonio Healthy Start","City of San Antonio (COSA), Metropolitan Health District","78237"
"10580","San Antonio Kid's BREATHE","City of San Antonio (COSA), Metropolitan Health District","78207"
"7083","San Antonio Lactation Support Center","City of San Antonio (COSA), Metropolitan Health District","78228"
"3743","South Flores WIC Clinic","City of San Antonio (COSA), Metropolitan Health District","78221"
"15958","Viva Health","City of San Antonio (COSA), Metropolitan Health District","78217"
"3751","Zarzamora WIC Clinic","City of San Antonio (COSA), Metropolitan Health District","78211"
"18422","Cool Neighborhoods Program","City of San Antonio (COSA), Neighborhood & Housing Services (NHSD)",
"14475","Eviction Prevention","City of San Antonio (COSA), Neighborhood & Housing Services (NHSD)","78205"
"14412","First Responders Homebuyer Assistance Program (FRHAP)","City of San Antonio (COSA), Neighborhood & Housing Services (NHSD)","78205"
"14950","Home Repair and Lead Remediation","City of San Antonio (COSA), Neighborhood & Housing Services (NHSD)",
"9863","Homeownership Incentive Program (HIP 80)","City of San Antonio (COSA), Neighborhood & Housing Services (NHSD)","78205"
"14949","Homeownership Incentive Programs (HIP 120)","City of San Antonio (COSA), Neighborhood & Housing Services (NHSD)","78205"
"12715","Housing Assistance Program (HAP)","City of San Antonio (COSA), Neighborhood & Housing Services (NHSD)",
"14386","Housing Counseling","City of San Antonio (COSA), Neighborhood & Housing Services (NHSD)","78205"
"1897","Housing Counseling & Mediation","City of San Antonio (COSA), Neighborhood & Housing Services (NHSD)","78205"
"14952","Legal Assistance","City of San Antonio (COSA), Neighborhood & Housing Services (NHSD)","78205"
"4822","Owner Occupied Rehabilitation Program","City of San Antonio (COSA), Neighborhood & Housing Services (NHSD)","78205"
"14948","Rental Assistance Program (HAP)","City of San Antonio (COSA), Neighborhood & Housing Services (NHSD)","78205"
"14951","Resident Relocation Assistance Program (RRAP)","City of San Antonio (COSA), Neighborhood & Housing Services (NHSD)","78205"
"9242","San Antonio Green and Healthy Homes (SAGHH)","City of San Antonio (COSA), Neighborhood & Housing Services (NHSD)","78205"
"14476","Tenant/Landlord Mediation","City of San Antonio (COSA), Neighborhood & Housing Services (NHSD)","78205"
"16289","Tenants Rights and Resources","City of San Antonio (COSA), Neighborhood & Housing Services (NHSD)",
"4820","Under 1 Roof","City of San Antonio (COSA), Neighborhood & Housing Services (NHSD)","78205"
"17989","Understanding Area Median Income (AMI)","City of San Antonio (COSA), Neighborhood & Housing Services (NHSD)",
"10078","American Sign Language and Closed Captioned Emergency Alerts","City of San Antonio (COSA), Office of Emergency Management",
"10080","Ready South Texas App","City of San Antonio (COSA), Office of Emergency Management",
"14628","Resilience Hub at Copernicus Community Center","City of San Antonio (COSA), Office of Emergency Management","78220"
"14629","Resilience Hub at Miller's Pond Community Center","City of San Antonio (COSA), Office of Emergency Management","78242"
"13482","Resilience Hub at Gilbert Garza Community Center","City of San Antonio (COSA), Office of Emergency Management","78228"
"13483","Resilience Hub at Normoyle Senior Center","City of San Antonio (COSA), Office of Emergency Management","78225"
"13484","Resilience Hub at Northeast Senior Center","City of San Antonio (COSA), Office of Emergency Management","78217"
"13485","Resilience Hub at Southside Lions Senior Center","City of San Antonio (COSA), Office of Emergency Management","78210"
"9112","Winter Weather Preparedness Guide","City of San Antonio (COSA), Office of Emergency Management",
"13621","Living Heritage Trades Academy (LHTA)","City of San Antonio (COSA), Office of Historic Preservation","78205"
"12913","REHABARAMA","City of San Antonio (COSA), Office of Historic Preservation","78205"
"13037","Acequia Park","City of San Antonio (COSA), Parks and Recreation","78223"
"13041","Acme Park","City of San Antonio (COSA), Parks and Recreation","78237"
"13043","Adams Elementary School Park","City of San Antonio (COSA), Parks and Recreation","78214"
"13044","Alamo Plaza","City of San Antonio (COSA), Parks and Recreation","78205"
"13045","Alderete Park","City of San Antonio (COSA), Parks and Recreation","78228"
"13046","Amistad Park","City of San Antonio (COSA), Parks and Recreation","78207"
"13047","Apache Creek Linear Park","City of San Antonio (COSA), Parks and Recreation","78237"
"13048","Apache Creek Park","City of San Antonio (COSA), Parks and Recreation","78207"
"13056","Arnold Park","City of San Antonio (COSA), Parks and Recreation","78224"
"13057","Arroyo Vista Park","City of San Antonio (COSA), Parks and Recreation","78237"
"13058","Bamberger Nature Park","City of San Antonio (COSA), Parks and Recreation","78249"
"13072","Barrera Community Fitness Center","City of San Antonio (COSA), Parks and Recreation","78227"
"13059","Beacon Hill Neighborhood Linear Park","City of San Antonio (COSA), Parks and Recreation","78201"
"13061","Bellaire Elementary School Park","City of San Antonio (COSA), Parks and Recreation","78221"
"13060","Bellaire Park","City of San Antonio (COSA), Parks and Recreation","78221"
"13062","Belmeade Park","City of San Antonio (COSA), Parks and Recreation","78209"
"13063","Benavides Park","City of San Antonio (COSA), Parks and Recreation","78207"
"13071","Berta Almaguer Dance Studio","City of San Antonio (COSA), Parks and Recreation","78201"
"13064","Blossom Park","City of San Antonio (COSA), Parks and Recreation","78232"
"13154","Bode Community Center","City of San Antonio (COSA), Parks and Recreation","78210"
"13065","Bonnie Conner Park","City of San Antonio (COSA), Parks and Recreation","78249"
"13066","Boone Elementary School Park","City of San Antonio (COSA), Parks and Recreation","78249"
"13068","Brackenridge Park","City of San Antonio (COSA), Parks and Recreation","78212"
"13069","Brooks Park","City of San Antonio (COSA), Parks and Recreation","78235"
"13070","Buckeye Park","City of San Antonio (COSA), Parks and Recreation","78201"
"14632","Camargo Park","City of San Antonio (COSA), Parks and Recreation","78219"
"14393","Cassiano Park","City of San Antonio (COSA), Parks and Recreation","78207"
"14389","Cathedral Rock Park","City of San Antonio (COSA), Parks and Recreation","78251"
"19207","Classen-Steubing Ranch Park - All Inclusive Playground","City of San Antonio (COSA), Parks and Recreation","78258"
"14573","Collins Garden Park","City of San Antonio (COSA), Parks and Recreation","78204"
"14639","Comanche Lookout Park","City of San Antonio (COSA), Parks and Recreation","78247"
"667","Commanders House Adult and Senior Center","City of San Antonio (COSA), Parks and Recreation","78204"
"14335","Concepcion Park","City of San Antonio (COSA), Parks and Recreation","78210"
"15568","Cooling Center at Quintero Community Center","City of San Antonio (COSA), Parks and Recreation","78210"
"4677","Copernicus Community Center","City of San Antonio (COSA), Parks and Recreation","78220"
"14349","Copernicus Park","City of San Antonio (COSA), Parks and Recreation","78220"
"12576","Cricket at Monterrey Park","City of San Antonio (COSA), Parks and Recreation","78237"
"12577","Cricket at O P Schnabel Park","City of San Antonio (COSA), Parks and Recreation","78250"
"12578","Cricket at Tom Slick Park Park","City of San Antonio (COSA), Parks and Recreation","78227"
"658","Cuellar Community Center","City of San Antonio (COSA), Parks and Recreation","78237"
"14498","Cuellar Park","City of San Antonio (COSA), Parks and Recreation","78237"
"14760","Dafoste Park","City of San Antonio (COSA), Parks and Recreation","78220"
"13592","Dan Markson Park","City of San Antonio (COSA), Parks and Recreation","78249"
"14558","Dawson Park","City of San Antonio (COSA), Parks and Recreation","78203"
"9129","Denver Heights Community Center","City of San Antonio (COSA), Parks and Recreation","78210"
"12432","Disc Golf at Falcone Park","City of San Antonio (COSA), Parks and Recreation","78254"
"12433","Disc Golf at McClain Park","City of San Antonio (COSA), Parks and Recreation","78247"
"12434","Disc Golf at Pearsall Park","City of San Antonio (COSA), Parks and Recreation","78242"
"12435","Dog Park at Falcone Park","City of San Antonio (COSA), Parks and Recreation","78254"
"12436","Dog Park at Fox Park","City of San Antonio (COSA), Parks and Recreation","78249"
"12437","Dog Park at Kingsborough Park","City of San Antonio (COSA), Parks and Recreation","78221"
"12438","Dog Park at Lady Bird Johnson Park","City of San Antonio (COSA), Parks and Recreation","78217"
"12439","Dog Park at Madison Square Park","City of San Antonio (COSA), Parks and Recreation","78215"
"12440","Dog Park at Maverick Park","City of San Antonio (COSA), Parks and Recreation","78215"
"12441","Dog Park at McAllister Park","City of San Antonio (COSA), Parks and Recreation","78247"
"12442","Dog Park at New Territories Park","City of San Antonio (COSA), Parks and Recreation","78250"
"12449","Dog Park at Panther Springs Park","City of San Antonio (COSA), Parks and Recreation","78258"
"12443","Dog Park at Pearsall Park","City of San Antonio (COSA), Parks and Recreation","78242"
"12444","Dog Park at Perez Park","City of San Antonio (COSA), Parks and Recreation","78250"
"12450","Dog Park at Phil Hardberger Park (East)","City of San Antonio (COSA), Parks and Recreation","78216"
"12451","Dog Park at Phil Hardberger Park (West)","City of San Antonio (COSA), Parks and Recreation","78231"
"12445","Dog Park at Southside Lions Park","City of San Antonio (COSA), Parks and Recreation","78210"
"12446","Dog Park at Tom Slick Park","City of San Antonio (COSA), Parks and Recreation","78227"
"12447","Dog Park at Travis Park","City of San Antonio (COSA), Parks and Recreation","78205"
"12448","Dog Park at Woodlawn Lake Park","City of San Antonio (COSA), Parks and Recreation","78201"
"14770","Elmendorf Lake Park","City of San Antonio (COSA), Parks and Recreation","78207"
"14517","Esocbar Park","City of San Antonio (COSA), Parks and Recreation","78207"
"13155","Fairchild Community Center","City of San Antonio (COSA), Parks and Recreation","78202"
"14394","Fairchild Park","City of San Antonio (COSA), Parks and Recreation","78202"
"14607","Falcone Park","City of San Antonio (COSA), Parks and Recreation","78254"
"12385","Fitness in the Park","City of San Antonio (COSA), Parks and Recreation","78227"
"12386","Fitness in the Park","City of San Antonio (COSA), Parks and Recreation","78201"
"12387","Fitness in the Park","City of San Antonio (COSA), Parks and Recreation","78209"
"12391","Fitness in the Park","City of San Antonio (COSA), Parks and Recreation","78225"
"12392","Fitness in the Park","City of San Antonio (COSA), Parks and Recreation","78249"
"12393","Fitness in the Park","City of San Antonio (COSA), Parks and Recreation","78220"
"12394","Fitness in the Park","City of San Antonio (COSA), Parks and Recreation","78216"
"12396","Fitness in the Park","City of San Antonio (COSA), Parks and Recreation","78210"
"12397","Fitness in the Park","City of San Antonio (COSA), Parks and Recreation","78210"
"12398","Fitness in the Park","City of San Antonio (COSA), Parks and Recreation","78217"
"12399","Fitness in the Park","City of San Antonio (COSA), Parks and Recreation","78247"
"12401","Fitness in the Park","City of San Antonio (COSA), Parks and Recreation","78242"
"12402","Fitness in the Park","City of San Antonio (COSA), Parks and Recreation","78231"
"12403","Fitness in the Park","City of San Antonio (COSA), Parks and Recreation","78221"
"12405","Fitness in the Park","City of San Antonio (COSA), Parks and Recreation","78220"
"12406","Fitness in the Park","City of San Antonio (COSA), Parks and Recreation","78227"
"12407","Fitness in the Park","City of San Antonio (COSA), Parks and Recreation","78213"
"12408","Fitness in the Park","City of San Antonio (COSA), Parks and Recreation","78204"
"12409","Fitness in the Park","City of San Antonio (COSA), Parks and Recreation","78259"
"12410","Fitness in the Park","City of San Antonio (COSA), Parks and Recreation","78233"
"12411","Fitness in the Park","City of San Antonio (COSA), Parks and Recreation","78258"
"12412","Fitness in the Park","City of San Antonio (COSA), Parks and Recreation","78207"
"12414","Fitness in the Park","City of San Antonio (COSA), Parks and Recreation","78224"
"12415","Fitness in the Park","City of San Antonio (COSA), Parks and Recreation","78228"
"12416","Fitness in the Park","City of San Antonio (COSA), Parks and Recreation","78202"
"12417","Fitness in the Park","City of San Antonio (COSA), Parks and Recreation","78233"
"12418","Fitness in the Park","City of San Antonio (COSA), Parks and Recreation","78212"
"12419","Fitness in the Park","City of San Antonio (COSA), Parks and Recreation","78207"
"12421","Fitness in the Park","City of San Antonio (COSA), Parks and Recreation","78251"
"12423","Fitness in the Park","City of San Antonio (COSA), Parks and Recreation","78228"
"14436","Forge Park","City of San Antonio (COSA), Parks and Recreation","78211"
"14794","Fox Park","City of San Antonio (COSA), Parks and Recreation","78249"
"11887","Free Wifi at Barrera Community Fitness Center","City of San Antonio (COSA), Parks and Recreation","78227"
"11888","Free Wifi at Bode Community Center","City of San Antonio (COSA), Parks and Recreation","78210"
"11889","Free Wifi at Commander's House Adult and Senior Center","City of San Antonio (COSA), Parks and Recreation","78204"
"11909","Free Wifi at Cuellar Park","City of San Antonio (COSA), Parks and Recreation","78237"
"11890","Free Wifi at Dawson Community Center","City of San Antonio (COSA), Parks and Recreation","78203"
"11903","Free Wifi at Friedrich Wilderness Park","City of San Antonio (COSA), Parks and Recreation","78256"
"11891","Free Wifi at Garza Community Center","City of San Antonio (COSA), Parks and Recreation","78228"
"11892","Free Wifi at Granados Adult and Senior Center","City of San Antonio (COSA), Parks and Recreation","78213"
"11904","Free Wifi at Harlandale Park","City of San Antonio (COSA), Parks and Recreation","78221"
"11910","Free Wifi at Lady Bird Johnson Park","City of San Antonio (COSA), Parks and Recreation","78217"
"11894","Free Wifi at Lincoln Community Center","City of San Antonio (COSA), Parks and Recreation","78203"
"11893","Free Wifi at Lions Field Adult and Senior Center","City of San Antonio (COSA), Parks and Recreation","78209"
"11895","Free Wifi at Normoyle Community Center","City of San Antonio (COSA), Parks and Recreation","78225"
"11902","Free Wifi at Palm Heights Park","City of San Antonio (COSA), Parks and Recreation","78225"
"11901","Free Wifi at Pearsall Park","City of San Antonio (COSA), Parks and Recreation","78242"
"11906","Free Wifi at Phil Hardberger Park East","City of San Antonio (COSA), Parks and Recreation","78216"
"11907","Free Wifi at Phil Hardberger Park West","City of San Antonio (COSA), Parks and Recreation","78231"
"11908","Free Wifi at Pittman-Sullivan Park","City of San Antonio (COSA), Parks and Recreation","78203"
"17666","Free Wifi at Rainbow Hills Park","City of San Antonio (COSA), Parks and Recreation","78227"
"11897","Free Wifi at Ramon V. Quintero Community Center","City of San Antonio (COSA), Parks and Recreation","78210"
"11912","Free Wifi at San Pedro Springs Park","City of San Antonio (COSA), Parks and Recreation","78212"
"11896","Free Wifi at South San Community Center","City of San Antonio (COSA), Parks and Recreation","78211"
"11915","Free Wifi at Southside Lions Park","City of San Antonio (COSA), Parks and Recreation","78210"
"11913","Free Wifi at Walker Ranch Park","City of San Antonio (COSA), Parks and Recreation","78216"
"17667","Free WiFi at Ward Community Center","City of San Antonio (COSA), Parks and Recreation","78228"
"11898","Free Wifi at Woodard Community Center","City of San Antonio (COSA), Parks and Recreation","78208"
"11905","Free Wifi at Woodlawn Lake Park","City of San Antonio (COSA), Parks and Recreation","78201"
"11899","Free Wifi at Woodlawn Lake Park Community Room","City of San Antonio (COSA), Parks and Recreation","78201"
"17330","Free Wifi at Woodlawn Lake Park Gym","City of San Antonio (COSA), Parks and Recreation","78201"
"11900","Free Wifi at Yates Community Room","City of San Antonio (COSA), Parks and Recreation","78227"
"14651","Friesenhahn Park","City of San Antonio (COSA), Parks and Recreation","78247"
"14777","Garcia Park","City of San Antonio (COSA), Parks and Recreation","78207"
"4679","Garza Community Center","City of San Antonio (COSA), Parks and Recreation","78237"
"14369","Garza Park","City of San Antonio (COSA), Parks and Recreation","78228"
"14691","Gateway Terrace Park","City of San Antonio (COSA), Parks and Recreation","78242"
"13158","Gill Community Center","City of San Antonio (COSA), Parks and Recreation","78227"
"14477","Golden Community Park","City of San Antonio (COSA), Parks and Recreation","78211"
"14309","Granados Park","City of San Antonio (COSA), Parks and Recreation","78213"
"4678","Hamilton Community Center","City of San Antonio (COSA), Parks and Recreation","78217"
"9126","Harlandale Community Center","City of San Antonio (COSA), Parks and Recreation","78221"
"14336","Harlandale Park","City of San Antonio (COSA), Parks and Recreation","78221"
"14569","Heritage Duck Pond Park","City of San Antonio (COSA), Parks and Recreation","78245"
"14298","Highland Park","City of San Antonio (COSA), Parks and Recreation","78210"
"13073","Hillside Acres Clubhouse","City of San Antonio (COSA), Parks and Recreation","78242"
"14522","J Street Park","City of San Antonio (COSA), Parks and Recreation","78220"
"14672","Joan Price Park","City of San Antonio (COSA), Parks and Recreation","78228"
"14422","Joe Ward Park","City of San Antonio (COSA), Parks and Recreation","78228"
"14686","John James Park","City of San Antonio (COSA), Parks and Recreation","78234"
"14846","Kelly Area Park","City of San Antonio (COSA), Parks and Recreation","78226"
"14433","Kennedy Park","City of San Antonio (COSA), Parks and Recreation","78226"
"14805","Kingsborough Park","City of San Antonio (COSA), Parks and Recreation","78221"
"14856","Labor Street Park","City of San Antonio (COSA), Parks and Recreation","78210"
"14406","Lackland Terrace Park","City of San Antonio (COSA), Parks and Recreation","78227"
"14338","Lady Bird Johnson Park","City of San Antonio (COSA), Parks and Recreation","78217"
"14574","Las Palmas Park","City of San Antonio (COSA), Parks and Recreation","78237"
"14500","Levi Strauss Park","City of San Antonio (COSA), Parks and Recreation","78227"
"13159","Lincoln Community Center","City of San Antonio (COSA), Parks and Recreation","78203"
"666","Lions Field Adult and Senior Citizens Center","City of San Antonio (COSA), Parks and Recreation","78209"
"14857","Lockwood-Dignowity Park","City of San Antonio (COSA), Parks and Recreation","78202"
"14354","Lou Kardon Park","City of San Antonio (COSA), Parks and Recreation","78218"
"14814","Madison Square Park","City of San Antonio (COSA), Parks and Recreation","78215"
"14595","Martin Luther King Park","City of San Antonio (COSA), Parks and Recreation","78220"
"14600","Martinez Park","City of San Antonio (COSA), Parks and Recreation","78207"
"14822","Maverick Park","City of San Antonio (COSA), Parks and Recreation","78215"
"14346","McAllister Park","City of San Antonio (COSA), Parks and Recreation","78247"
"14704","McClain Park","City of San Antonio (COSA), Parks and Recreation","78247"
"13160","McFarlin Tennis Center","City of San Antonio (COSA), Parks and Recreation","78212"
"14605","Medina Base Road Park","City of San Antonio (COSA), Parks and Recreation","78227"
"2602","Melendrez Community Center","City of San Antonio (COSA), Parks and Recreation","78237"
"14272","Menger Creek Linear Park","City of San Antonio (COSA), Parks and Recreation","78202"
"4682","Miller's Pond Community Center","City of San Antonio (COSA), Parks and Recreation","78242"
"14293","Miller's Pond Park","City of San Antonio (COSA), Parks and Recreation","78242"
"14562","Monterrey Park","City of San Antonio (COSA), Parks and Recreation","78237"
"14519","New Territories Park","City of San Antonio (COSA), Parks and Recreation","78250"
"13161","Normoyle Community Center","City of San Antonio (COSA), Parks and Recreation","78225"
"14295","Normoyle Park","City of San Antonio (COSA), Parks and Recreation","78225"
"14485","Northampton Park","City of San Antonio (COSA), Parks and Recreation","78109"
"14714","O P Schnabel Park","City of San Antonio (COSA), Parks and Recreation","78250"
"14368","Oak Haven Park","City of San Antonio (COSA), Parks and Recreation","78232"
"14876","Olmos Basin Park","City of San Antonio (COSA), Parks and Recreation","78209"
"12452","Outdoor Fitness Equipment","City of San Antonio (COSA), Parks and Recreation","78224"
"12457","Outdoor Fitness Equipment","City of San Antonio (COSA), Parks and Recreation","78249"
"12458","Outdoor Fitness Equipment","City of San Antonio (COSA), Parks and Recreation","78220"
"12459","Outdoor Fitness Equipment","City of San Antonio (COSA), Parks and Recreation","78237"
"12462","Outdoor Fitness Equipment","City of San Antonio (COSA), Parks and Recreation","78247"
"12464","Outdoor Fitness Equipment","City of San Antonio (COSA), Parks and Recreation","78228"
"12465","Outdoor Fitness Equipment","City of San Antonio (COSA), Parks and Recreation","78242"
"12466","Outdoor Fitness Equipment","City of San Antonio (COSA), Parks and Recreation","78211"
"12467","Outdoor Fitness Equipment","City of San Antonio (COSA), Parks and Recreation","78221"
"12468","Outdoor Fitness Equipment","City of San Antonio (COSA), Parks and Recreation","78245"
"12470","Outdoor Fitness Equipment","City of San Antonio (COSA), Parks and Recreation","78228"
"12471","Outdoor Fitness Equipment","City of San Antonio (COSA), Parks and Recreation","78234"
"12472","Outdoor Fitness Equipment","City of San Antonio (COSA), Parks and Recreation","78218"
"12474","Outdoor Fitness Equipment","City of San Antonio (COSA), Parks and Recreation","78226"
"12476","Outdoor Fitness Equipment","City of San Antonio (COSA), Parks and Recreation","78227"
"12479","Outdoor Fitness Equipment","City of San Antonio (COSA), Parks and Recreation","78247"
"12480","Outdoor Fitness Equipment","City of San Antonio (COSA), Parks and Recreation","78242"
"12481","Outdoor Fitness Equipment","City of San Antonio (COSA), Parks and Recreation","78250"
"12483","Outdoor Fitness Equipment","City of San Antonio (COSA), Parks and Recreation","78109"
"12486","Outdoor Fitness Equipment","City of San Antonio (COSA), Parks and Recreation","78242"
"12487","Outdoor Fitness Equipment","City of San Antonio (COSA), Parks and Recreation","78223"
"12489","Outdoor Fitness Equipment","City of San Antonio (COSA), Parks and Recreation","78223"
"12492","Outdoor Fitness Equipment","City of San Antonio (COSA), Parks and Recreation","78227"
"12493","Outdoor Fitness Equipment","City of San Antonio (COSA), Parks and Recreation","78258"
"12494","Outdoor Fitness Equipment","City of San Antonio (COSA), Parks and Recreation","78227"
"12498","Outdoor Fitness Equipment","City of San Antonio (COSA), Parks and Recreation","78247"
"12497","Outdoor Fitness Equipment at Apache Creek Linear Park","City of San Antonio (COSA), Parks and Recreation","78237"
"12454","Outdoor Fitness Equipment at Benavides Park","City of San Antonio (COSA), Parks and Recreation","78207"
"12455","Outdoor Fitness Equipment at Collins Garden Park","City of San Antonio (COSA), Parks and Recreation","78204"
"12456","Outdoor Fitness Equipment at Concepcion Park","City of San Antonio (COSA), Parks and Recreation","78210"
"12460","Outdoor Fitness Equipment at Dafoste Park","City of San Antonio (COSA), Parks and Recreation","78220"
"12461","Outdoor Fitness Equipment at Elmendorf Lake Park","City of San Antonio (COSA), Parks and Recreation","78237"
"12463","Outdoor Fitness Equipment at Garcia Park","City of San Antonio (COSA), Parks and Recreation","78207"
"12469","Outdoor Fitness Equipment at J Street Park","City of San Antonio (COSA), Parks and Recreation","78220"
"12473","Outdoor Fitness Equipment at Kelly Area Park","City of San Antonio (COSA), Parks and Recreation","78226"
"12475","Outdoor Fitness Equipment at Labor Street Park","City of San Antonio (COSA), Parks and Recreation","78210"
"12477","Outdoor Fitness Equipment at Lockwood-Dignowity Park","City of San Antonio (COSA), Parks and Recreation","78202"
"12478","Outdoor Fitness Equipment at Madison Square Park","City of San Antonio (COSA), Parks and Recreation","78215"
"12482","Outdoor Fitness Equipment at Normoyle Park","City of San Antonio (COSA), Parks and Recreation","78211"
"12484","Outdoor Fitness Equipment at Olmos Basin Park","City of San Antonio (COSA), Parks and Recreation","78216"
"12485","Outdoor Fitness Equipment at Palm Heights Park","City of San Antonio (COSA), Parks and Recreation","78225"
"12488","Outdoor Fitness Equipment at Pittman-Sullivan Park","City of San Antonio (COSA), Parks and Recreation","78203"
"12490","Outdoor Fitness Equipment at Rosedale Park","City of San Antonio (COSA), Parks and Recreation","78237"
"12491","Outdoor Fitness Equipment at Southside Lions Park","City of San Antonio (COSA), Parks and Recreation","78210"
"12495","Outdoor Fitness Equipment at West End Park","City of San Antonio (COSA), Parks and Recreation","78207"
"12496","Outdoor Fitness Equipment at Woodlawn Lake Park","City of San Antonio (COSA), Parks and Recreation","78201"
"4681","Palm Heights Community Center","City of San Antonio (COSA), Parks and Recreation","78225"
"14878","Palm Heights Park","City of San Antonio (COSA), Parks and Recreation","78225"
"14570","Palo Alto Park","City of San Antonio (COSA), Parks and Recreation","78211"
"14576","Palo Alto Terrace Park","City of San Antonio (COSA), Parks and Recreation","78211"
"14758","Panther Springs Park","City of San Antonio (COSA), Parks and Recreation","78260"
"13157","Parks & Rec Programming at the Frank Garrett Multi-Service Center","City of San Antonio (COSA), Parks and Recreation","78207"
"14414","Pearsall Park","City of San Antonio (COSA), Parks and Recreation","78242"
"14409","Perez Park","City of San Antonio (COSA), Parks and Recreation","78250"
"14370","Phil Hardberger Park (East)","City of San Antonio (COSA), Parks and Recreation","78216"
"14430","Phil Hardberger Park (West)","City of San Antonio (COSA), Parks and Recreation","78231"
"13162","Phil Hardberger Park Urban Ecology Center","City of San Antonio (COSA), Parks and Recreation","78230"
"14396","Phillis Wheatley Park","City of San Antonio (COSA), Parks and Recreation","78202"
"14659","Pickwell Park","City of San Antonio (COSA), Parks and Recreation","78223"
"14535","Pittman-Sullivan Park","City of San Antonio (COSA), Parks and Recreation","78203"
"12516","Public Tennis Courts","City of San Antonio (COSA), Parks and Recreation","78207"
"12517","Public Tennis Courts","City of San Antonio (COSA), Parks and Recreation","78227"
"12518","Public Tennis Courts","City of San Antonio (COSA), Parks and Recreation","78204"
"12519","Public Tennis Courts","City of San Antonio (COSA), Parks and Recreation","78220"
"12520","Public Tennis Courts","City of San Antonio (COSA), Parks and Recreation","78203"
"12521","Public Tennis Courts","City of San Antonio (COSA), Parks and Recreation","78207"
"12522","Public Tennis Courts","City of San Antonio (COSA), Parks and Recreation","78202"
"12523","Public Tennis Courts","City of San Antonio (COSA), Parks and Recreation","78211"
"12524","Public Tennis Courts","City of San Antonio (COSA), Parks and Recreation","78228"
"12526","Public Tennis Courts","City of San Antonio (COSA), Parks and Recreation","78210"
"12527","Public Tennis Courts","City of San Antonio (COSA), Parks and Recreation","78220"
"12528","Public Tennis Courts","City of San Antonio (COSA), Parks and Recreation","78226"
"12529","Public Tennis Courts","City of San Antonio (COSA), Parks and Recreation","78237"
"12530","Public Tennis Courts","City of San Antonio (COSA), Parks and Recreation","78220"
"12531","Public Tennis Courts","City of San Antonio (COSA), Parks and Recreation","78237"
"12532","Public Tennis Courts","City of San Antonio (COSA), Parks and Recreation","78250"
"12533","Public Tennis Courts","City of San Antonio (COSA), Parks and Recreation","78225"
"12534","Public Tennis Courts","City of San Antonio (COSA), Parks and Recreation","78211"
"12535","Public Tennis Courts","City of San Antonio (COSA), Parks and Recreation","78211"
"12536","Public Tennis Courts","City of San Antonio (COSA), Parks and Recreation","78203"
"12537","Public Tennis Courts","City of San Antonio (COSA), Parks and Recreation","78237"
"14684","Pytel (Park Ranger Paul M.) Park","City of San Antonio (COSA), Parks and Recreation","78223"
"4684","Ramirez Community Center","City of San Antonio (COSA), Parks and Recreation","78224"
"4683","Ramon V Quintero Community Center","City of San Antonio (COSA), Parks and Recreation","78210"
"13075","Roosevelt Clubhouse","City of San Antonio (COSA), Parks and Recreation","78201"
"14512","Rosedale Park","City of San Antonio (COSA), Parks and Recreation","78237"
"13164","San Antonio Natatorium","City of San Antonio (COSA), Parks and Recreation","78207"
"13165","San Juan Community Center","City of San Antonio (COSA), Parks and Recreation","78207"
"14314","San Pedro Springs Park","City of San Antonio (COSA), Parks and Recreation","78212"
"12500","Skate Park","City of San Antonio (COSA), Parks and Recreation","78221"
"12501","Skate Park","City of San Antonio (COSA), Parks and Recreation","78237"
"12502","Skate Park","City of San Antonio (COSA), Parks and Recreation","78254"
"12503","Skate Park","City of San Antonio (COSA), Parks and Recreation","78245"
"12504","Skate Park","City of San Antonio (COSA), Parks and Recreation","78227"
"12505","Skate Park","City of San Antonio (COSA), Parks and Recreation","78217"
"12507","Skate Park","City of San Antonio (COSA), Parks and Recreation","78227"
"12508","Skate Park","City of San Antonio (COSA), Parks and Recreation","78225"
"12509","Skate Park","City of San Antonio (COSA), Parks and Recreation","78211"
"12510","Skate Park","City of San Antonio (COSA), Parks and Recreation","78242"
"12511","Skate Park","City of San Antonio (COSA), Parks and Recreation","78250"
"12512","Skate Park","City of San Antonio (COSA), Parks and Recreation","78237"
"12513","Skate Park","City of San Antonio (COSA), Parks and Recreation","78212"
"12514","Skate Park","City of San Antonio (COSA), Parks and Recreation","78210"
"12515","Skate Park","City of San Antonio (COSA), Parks and Recreation","78249"
"13166","South San Community Center","City of San Antonio (COSA), Parks and Recreation","78211"
"14315","Southside Lions Park","City of San Antonio (COSA), Parks and Recreation","78210"
"14534","Spring Time Park","City of San Antonio (COSA), Parks and Recreation","78249"
"14697","Stablewood Farms Paek","City of San Antonio (COSA), Parks and Recreation","78227"
"14479","Stone Oak Park","City of San Antonio (COSA), Parks and Recreation","78258"
"13167","Sunken Garden Theater","City of San Antonio (COSA), Parks and Recreation","78212"
"14487","Tom Slick Park","City of San Antonio (COSA), Parks and Recreation","78227"
"19471","Trail Accessibility Maps","City of San Antonio (COSA), Parks and Recreation",
"14784","Travis Park","City of San Antonio (COSA), Parks and Recreation","78205"
"16556","Universal Changing Places at Dan Markson Park","City of San Antonio (COSA), Parks and Recreation","78227"
"13168","Ward Community Center","City of San Antonio (COSA), Parks and Recreation","78228"
"14308","West End Park","City of San Antonio (COSA), Parks and Recreation","78207"
"13169","Woodard Community Center","City of San Antonio (COSA), Parks and Recreation","78208"
"13170","Woodlawn Island House","City of San Antonio (COSA), Parks and Recreation","78201"
"14350","Woodlawn Lake Park","City of San Antonio (COSA), Parks and Recreation","78201"
"13171","Woodlawn Lake Park Gym","City of San Antonio (COSA), Parks and Recreation","78201"
"13172","Yates Community Center","City of San Antonio (COSA), Parks and Recreation","78227"
"11973","Free WiFi at Mission Concepcion","City of San Antonio (COSA), World Heritage Office","78210"
"11974","Free WiFi at Mission Espada","City of San Antonio (COSA), World Heritage Office","78214"
"11976","Free WiFi at Mission Marquee Plaza","City of San Antonio (COSA), World Heritage Office","78214"
"11972","Free WiFi at Mission San Jose","City of San Antonio (COSA), World Heritage Office","78214"
"11975","Free WiFi at Mission San Juan","City of San Antonio (COSA), World Heritage Office","78214"
"19298","The Art Way","City of San Antonio Department of Arts and Culture","78209"
"6862","Spiritual Services","City on a Hill (formerly City South Church)","78221"
"14516","Find Your Tribe","City Tribe Church","78205"
"1837","Motorcycle Tribe","City Tribe Church","78205"
"1820","Young Adults Tribe","City Tribe Church","78205"
"1941","City Year - City Corp Volunteer","City Year San Antonio","78210"
"14923","Elan Westpointe","Civitas Senior Living","78132"
"2775","Education Program","CivTechSA","78201"
"6894","Spiritual Services","CJC Life Community Church","78238"
"12113","Spiritual Services - Tamil Campus","CJC Life Community Church","78238"
"6721","Spiritual Services","Clarion Call Christian Center","78229"
"17473","Clarity Southside","Clarity Child Guidance Center","78221"
"1444","Community Counseling","Clarity Child Guidance Center","78229"
"1568","Community Health Workers","Clarity Child Guidance Center","78229"
"8168","Crisis Services","Clarity Child Guidance Center","78229"
"1367","In-Patient Hospitalization","Clarity Child Guidance Center","78229"
"8169","Learn About Children's Mental Health","Clarity Child Guidance Center",
"8165","Military Families Support","Clarity Child Guidance Center",
"18710","Multisystemic Therapy (MST)","Clarity Child Guidance Center","78229"
"8164","One in Five Minds","Clarity Child Guidance Center",
"8166","Outpatient Services","Clarity Child Guidance Center","78229"
"8167","Partial Hospitalization","Clarity Child Guidance Center","78229"
"8143","Volunteer & Support","Clarity Child Guidance Center","78229"
"6447","Classic Elite Soccer","Classics Elite Soccer Academy Inc.","78216"
"11523","Boston Woods Apartment Homes","Clear Integrity Group","78201"
"19639","Clearday Clubs at EdenHill","Clearday Clubs","78130"
"19637","Clearday Clubs of Leon Valley","Clearday Clubs","78238"
"8308","Neuropsychological Evaluations","Clinical Neuropsychology of Texas","78240"
"8396","Neuropsychological Evaluations - New Braunfels","Clinical Neuropsychology of Texas","78130"
"12185","Homelink","Close to Home (formerly SARAH)",
"16544","Volunteer & Support Opportunities","Close to Home (formerly SARAH)","78228"
"10256","Group 12 Afternoon Meeting - Hybrid","Club 12 of San Antonio","78216"
"4847","Group 12 Beginners Meeting","Club 12 of San Antonio","78216"
"4839","Group 12 Closed Early Meeting - Hybrid","Club 12 of San Antonio","78216"
"4844","Group 12 Closed Evening Meeting-Women","Club 12 of San Antonio","78216"
"4843","Group 12 Closed Midday Meeting","Club 12 of San Antonio","78216"
"4841","Group 12 Closed Women's Meeting - Hybrid","Club 12 of San Antonio","78216"
"10261","Group 12 Late Night Meeting","Club 12 of San Antonio","78216"
"10259","Group 12 Monday Night Men's Meeting","Club 12 of San Antonio","78216"
"4846","Group 12 Open Afternoon Meeting","Club 12 of San Antonio","78216"
"4849","Group 12 Open Evening Meeting","Club 12 of San Antonio","78216"
"4845","Group 12 Open Midday Meeting","Club 12 of San Antonio","78216"
"10253","Group 12 Saturday Morning Meeting - Hybrid","Club 12 of San Antonio","78216"
"10254","Group 12 Speaker Meeting - Hybrid","Club 12 of San Antonio","78216"
"10258","Group 12 Sunday Afternoon Meeting - Hybrid","Club 12 of San Antonio","78216"
"10260","Group 12 Tuesday Evening Spanish Meeting","Club 12 of San Antonio","78216"
"10252","Group 12 Weekend Morning Meeting - Hybrid","Club 12 of San Antonio","78216"
"10255","Group 12 Women's Wednesday Meeting","Club 12 of San Antonio","78216"
"6706","Line Dance Classes","Club Lighthouse Christian Services / Club Lighthouse Theater","78210"
"1368","Clubhouse Sober Living Resident Services","Clubhouse Sober Living","78201"
"14581","CLA Meetings and Events","Clutterers Anonymous World Service Organization (CLA WSO)",
"14582","Resources for Clutterers","Clutterers Anonymous World Service Organization (CLA WSO)",
"16516","A New Freedom","Co-Dependents Anonymous","78130"
"19402","CoDa of Kerrville","Co-Dependents Anonymous","78028"
"19404","CoDa Online Meeting Finder","Co-Dependents Anonymous",
"19405","CoDa Phone Meeting Finder","Co-Dependents Anonymous",
"16513","In Person CoDA- First Unitarian Universalist Church","Co-Dependents Anonymous","78213"
"16511","In Person CoDa- The Best Option","Co-Dependents Anonymous","78201"
"16515","Nueva Vida con Gratitud","Co-Dependents Anonymous","78233"
"19419","Recovery Is Possible","Co-Dependents Anonymous","78130"
"18597","South Texas Recovery Patterns Meeting","Co-Dependents Anonymous","78209"
"16512","Soy Libre","Co-Dependents Anonymous","78201"
"16514","Wednesday Night CoDA Beginners (Online)","Co-Dependents Anonymous",
"17267","Advocacy","Coalition of Texans with Disabilities (CTD)","78701"
"7884","4th Dimensions Group","Cocaine Anonymous","78501"
"7885","Downtown CA","Cocaine Anonymous","78215"
"16831","Primary Purpose","Cocaine Anonymous","78232"
"7886","Properly Armed","Cocaine Anonymous","78216"
"7887","Spiritual Lines","Cocaine Anonymous","78215"
"16834","The Front Line","Cocaine Anonymous","78215"
"14696","Chiropractic Care at Coggins Chiropractic","Coggins Chiropractic","79830"
"2307","Coker Early Learning Center (CELC)","Coker Methodist Church","78216"
"2300","Coker Food Pantry","Coker Methodist Church","78216"
"6829","Spiritual Services","Coker Methodist Church","78216"
"1066","Stephen Ministry","Coker Methodist Church","78216"
"6586","Spiritual Services","Coliseum Park Baptist Church","78220"
"12605","Helping Victims of Domestic Violence","Collaborative Commission on Domestic Violence",
"15985","Food Pantry","Colonial Hills United Methodist Church","78230"
"1067","Stephen Ministry","Colonial Hills United Methodist Church","78230"
"9592","Spiritual Services","Columbia Heights Community Temple","78211"
"17101","Volunteer","Comal County Conservation Alliance (CCCA)","78133"
"8146","Habitat for Humanity ReStore","Comal County Habitat for Humanity","78130"
"8145","Home Repair/Rebuild Program","Comal County Habitat for Humanity","78130"
"8147","Homebuyer Program","Comal County Habitat for Humanity","78130"
"1570","Volunteer","Comal County Habitat for Humanity","78130"
"16945","Student and Family Empowerment Program (SAFE)","Comal County Juvenile Probation","78130"
"18137","Comal County Public Health Services","Comal County Public Health","78130"
"16723","AniMeals & More","Comal County Senior Citizens Foundation (CCSCF)","78130"
"16726","Comal County Senior Citizens Foundation","Comal County Senior Citizens Foundation (CCSCF)","78130"
"16721","Home-delivered meals (Meals on Wheels)","Comal County Senior Citizens Foundation (CCSCF)","78130"
"17157","Friends of the Foundation","Comal Education Foundation (CEF)","78130"
"15883","Texas Veterans Network","Combined Arms",
"18781","Prepack Food Pantry","Comfort Baptist Church","78013"
"18777","Comfort Crew Academy","Comfort Crew for Military Kids","78759"
"7925","Comfort Kits","Comfort Crew for Military Kids","78759"
"9056","Program Support and Sponsorship","Comfort Crew for Military Kids","78759"
"12109","Golden Age Center Activities","Comfort Golden Age Center","78013"
"19866","Medical Equipment and Safety Supplies","Comfort Golden Age Center","78013"
"19975","24-Hour Care at Home","Comfort Keepers","78232"
"19979","Alzheimer's and Dementia Care","Comfort Keepers","78232"
"19974","Comfort Keepers® Home Care Guides","Comfort Keepers",
"19958","Companion Care","Comfort Keepers","78232"
"19976","End-of-Life Care","Comfort Keepers","78232"
"19977","In-Facility Care","Comfort Keepers","78232"
"19959","Personal Care","Comfort Keepers","78232"
"19978","Post-Hospital Care","Comfort Keepers","78232"
"19960","SafetyChoice® Medical Alert Systems","Comfort Keepers",
"19973","Seniors and Technology","Comfort Keepers",
"19981","Veteran Home Care","Comfort Keepers","78232"
"9212","Food Pantry","Comfort Table Food and Pantry","78013"
"9213","The Table","Comfort Table Food and Pantry","78013"
"9215","Volunteer Opportunities","Comfort Table Food and Pantry","78013"
"14056","Adult Medicine Services at Kyle Campus","CommuniCare Health Centers","78640"
"14060","Adult Medicine Services at San Antonio Alamo Ranch Campus","CommuniCare Health Centers","78253"
"14054","Adult Medicine Services at San Antonio East Campus","CommuniCare Health Centers","78220"
"14059","Adult Medicine Services at San Antonio Luckey Ranch Campus","CommuniCare Health Centers","78245"
"14055","Adult Medicine Services at San Antonio Northwest Campus","CommuniCare Health Centers","78230"
"14063","Adult Medicine Services at San Antonio Stone Oak Campus","CommuniCare Health Centers","78258"
"14053","Adult Medicine Services at San Antonio West Campus","CommuniCare Health Centers","78207"
"14057","Adult Medicine Services at San Marcos Campus","CommuniCare Health Centers","78666"
"14058","Adult Medicine Services at Wimberley Campus","CommuniCare Health Centers","78676"
"5689","Behavioral Health Services at Boerne Campus","CommuniCare Health Centers","78006"
"14066","Behavioral Health Services at San Antonio East Campus","CommuniCare Health Centers","78220"
"14067","Behavioral Health Services at San Antonio Hill Country Village Campus","CommuniCare Health Centers","78220"
"14065","Behavioral Health Services at San Antonio Leon Springs Campus","CommuniCare Health Centers","78257"
"5687","Behavioral Health Services at San Antonio Northwest Campus","CommuniCare Health Centers","78230"
"14068","Behavioral Health Services at San Antonio Potranco Campus","CommuniCare Health Centers","78251"
"5686","Behavioral Health Services at San Antonio West Campus","CommuniCare Health Centers","78207"
"5782","Boerne Campus","CommuniCare Health Centers","78006"
"14069","Cardiology Services","CommuniCare Health Centers","78220"
"5690","Cardiology Services - East Campus","CommuniCare Health Centers","78220"
"20353","CommuniCare at The MAC","CommuniCare Health Centers","78233"
"1447","Community Counseling","CommuniCare Health Centers","78207"
"14088","Complex Care Services","CommuniCare Health Centers","78233"
"5693","Dental Care Services at Kyle Campus","CommuniCare Health Centers","78640"
"5692","Dental Care Services at San Antonio East Campus","CommuniCare Health Centers","78220"
"5691","Dental Care Services at San Antonio West Campus","CommuniCare Health Centers","78207"
"5784","Dental Services at San Antonio BLVD Dental Campus","CommuniCare Health Centers","78249"
"14077","Dermatology Services at Metropolitan Specialty Campus","CommuniCare Health Centers","78212"
"601","East Campus","CommuniCare Health Centers","78220"
"5783","Helotes Campus","CommuniCare Health Centers","78023"
"5702","Hepatitis Care at Hamilton Wolfe Campus","CommuniCare Health Centers","78229"
"5785","Hill Country Village Campus","CommuniCare Health Centers","78232"
"5705","Integrated Pediatrics Services - Kyle Campus","CommuniCare Health Centers","78640"
"5703","Integrated Pediatrics Services at San Antonio East Campus","CommuniCare Health Centers","78220"
"5704","Integrated Pediatrics Services at San Antonio West Campus","CommuniCare Health Centers","78207"
"5779","Kyle Campus","CommuniCare Health Centers","78640"
"5709","Laboratory Services at Kyle Campus","CommuniCare Health Centers","78640"
"5706","Laboratory Services at San Antonio East Campus","CommuniCare Health Centers","78220"
"5710","Laboratory Services at San Antonio Metropolitan Women Campus","CommuniCare Health Centers","78212"
"5708","Laboratory Services at San Antonio Northwest Campus","CommuniCare Health Centers","78230"
"5711","Laboratory Services at San Antonio Potranco Campus","CommuniCare Health Centers","78251"
"5707","Laboratory Services at San Antonio West Campus","CommuniCare Health Centers","78207"
"5787","Leon Springs Campus","CommuniCare Health Centers","78257"
"5788","Luckey Ranch Campus","CommuniCare Health Centers","78252"
"5789","Medical Center Campus","CommuniCare Health Centers","78229"
"5790","Metropolitan Women’s Campus","CommuniCare Health Centers","78212"
"14096","Neurology Services at Metropolitan Specialty Campus","CommuniCare Health Centers","78212"
"5791","Northwest Campus","CommuniCare Health Centers","78230"
"14097","Orthopedic Surgery Services at Metropolitan Specialty Campus","CommuniCare Health Centers","78220"
"14098","Pediatrics Care Services at San Antonio Luckey Ranch Campus","CommuniCare Health Centers","78245"
"5721","Pediatrics Services at Boerne Campus","CommuniCare Health Centers","78006"
"5723","Pediatrics Services at Helotes Campus","CommuniCare Health Centers","78023"
"5718","Pediatrics Services at Kyle Campus","CommuniCare Health Centers","78640"
"14100","Pediatrics Services at San Antonio Alamo Ranch Campus","CommuniCare Health Centers","78220"
"5713","Pediatrics Services at San Antonio East Campus","CommuniCare Health Centers","78220"
"14099","Pediatrics Services at San Antonio Encino Park Campus","CommuniCare Health Centers","78259"
"5717","Pediatrics Services at San Antonio Hill Country Village","CommuniCare Health Centers","78232"
"5722","Pediatrics Services at San Antonio Leon Springs Campus","CommuniCare Health Centers","78257"
"14105","Pediatrics Services at San Antonio Medical Center Campus","CommuniCare Health Centers","78229"
"5715","Pediatrics Services at San Antonio Northwest Campus","CommuniCare Health Centers","78230"
"5716","Pediatrics Services at San Antonio Potranco Campus","CommuniCare Health Centers","78251"
"14106","Pediatrics Services at San Antonio South Campus","CommuniCare Health Centers","78224"
"14102","Pediatrics Services at San Antonio Stone Oak Campus","CommuniCare Health Centers","78220"
"14107","Pediatrics Services at San Antonio Westover Hills Campus","CommuniCare Health Centers","78251"
"5719","Pediatrics Services at San Marcos Campus","CommuniCare Health Centers","78666"
"5720","Pediatrics Services at Wimberley Campus","CommuniCare Health Centers","78676"
"14108","Pharmacy Services at San Antonio East Campus","CommuniCare Health Centers","78220"
"14109","Physical Therapy Services at Metropolitan Specialty Campus","CommuniCare Health Centers","78212"
"5792","Potranco Campus","CommuniCare Health Centers","78251"
"14113","Pulmonology Care Services at The Multi-Assistance Center™ (The MAC)","CommuniCare Health Centers","78233"
"14120","Rheumatology Services at Metropolitan Specialty Campus","CommuniCare Health Centers","78212"
"5781","San Marcos Campus","CommuniCare Health Centers","78666"
"5744","Senior Care Services at Kyle Campus","CommuniCare Health Centers","78640"
"5740","Senior Care Services at San Antonio East Campus","CommuniCare Health Centers","78220"
"5742","Senior Care Services at San Antonio Northwest Campus","CommuniCare Health Centers","78230"
"5741","Senior Care Services at San Antonio West Campus","CommuniCare Health Centers","78207"
"5743","Senior Care Services at San Marcos Campus","CommuniCare Health Centers","78666"
"14121","Sports Medicine Services at Metropolitan Specialty Campus","CommuniCare Health Centers","78212"
"5750","STD/HIV Screening & Care at Apollo Wellness Center","CommuniCare Health Centers","78254"
"5761","Teen Health Services at Boerne Campus","CommuniCare Health Centers","78006"
"5757","Teen Health Services at Helotes Campus","CommuniCare Health Centers","78023"
"5758","Teen Health Services at Kyle Campus","CommuniCare Health Centers","78640"
"14127","Teen Health Services at San Antonio Alamo Ranch Campus","CommuniCare Health Centers","78253"
"5751","Teen Health Services at San Antonio East Campus","CommuniCare Health Centers","78220"
"14128","Teen Health Services at San Antonio Encino Park Campus","CommuniCare Health Centers","78259"
"5755","Teen Health Services at San Antonio Hill Country Village","CommuniCare Health Centers","78232"
"5756","Teen Health Services at San Antonio Leon Springs Campus","CommuniCare Health Centers","78257"
"14129","Teen Health Services at San Antonio Luckey Ranch Campus","CommuniCare Health Centers","78245"
"14125","Teen Health Services at San Antonio Medical Center Campus","CommuniCare Health Centers","78229"
"5753","Teen Health Services at San Antonio Northwest Campus","CommuniCare Health Centers","78230"
"5754","Teen Health Services at San Antonio Potranco Campus","CommuniCare Health Centers","78251"
"14124","Teen Health Services at San Antonio South Campus","CommuniCare Health Centers","78224"
"14126","Teen Health Services at San Antonio Stone Oak Campus","CommuniCare Health Centers","78258"
"14123","Teen Health Services at San Antonio Westover Hills  Campus","CommuniCare Health Centers","78251"
"5759","Teen Health Services at San Marcos Campus","CommuniCare Health Centers","78666"
"5760","Teen Health Services at Wimberley Campus","CommuniCare Health Centers","78676"
"5762","Telemedicine Services at East Campus","CommuniCare Health Centers","78220"
"5763","Vision Care Services at San Antonio West Campus","CommuniCare Health Centers","78207"
"16542","Ways to Give","CommuniCare Health Centers","78220"
"600","West Campus","CommuniCare Health Centers","78207"
"5765","WIC Services at Las Palmas Campus","CommuniCare Health Centers","78237"
"5766","WIC Services at Luckey Ranch Campus","CommuniCare Health Centers","78245"
"5764","WIC Services at Northwest Campus","CommuniCare Health Centers","78229"
"5786","WIC Services at Potranco Campus","CommuniCare Health Centers","78251"
"5780","Wimberley Campus","CommuniCare Health Centers","78676"
"5774","Women’s Health Services at Helotes Campus","CommuniCare Health Centers","78023"
"5776","Women’s Health Services at Kyle Campus","CommuniCare Health Centers","78640"
"5768","Women’s Health Services at Potranco Campus","CommuniCare Health Centers","78251"
"5767","Women’s Health Services at San Antonio East Campus","CommuniCare Health Centers","78220"
"5773","Women’s Health Services at San Antonio Leon Springs Campus","CommuniCare Health Centers","78257"
"5772","Women’s Health Services at San Antonio Medical Center Campus","CommuniCare Health Centers","78229"
"5769","Women’s Health Services at San Antonio Metropolitan Women Campus","CommuniCare Health Centers","78212"
"5771","Women’s Health Services at San Antonio Northwest Campus","CommuniCare Health Centers","78230"
"5770","Women’s Health Services at San Antonio West Campus","CommuniCare Health Centers","78207"
"5775","Women’s Health Services at San Marcos Campus","CommuniCare Health Centers","78666"
"7490","Spiritual Services","Communion Chapel Evangelical Free Church","78238"
"2857","ACE 21st Century Program at Gillette Elementary School","Communities In Schools of San Antonio","78221"
"2808","ACE 21st Century Program at STEM Early College High School","Communities In Schools of San Antonio","78214"
"2859","ACE 21st Century Program at Stonewall-Flanders Elementary School","Communities In Schools of San Antonio","78211"
"9519","Communities In Schools at  Laura Steele Montessori Academy","Communities In Schools of San Antonio","78223"
"3467","Communities In Schools at Adams Elementary School","Communities In Schools of San Antonio","78214"
"3561","Communities In Schools at Alan B Shepard Middle School","Communities In Schools of San Antonio","78242"
"3493","Communities In Schools at Anson Jones Middle School","Communities In Schools of San Antonio","78227"
"9508","Communities In Schools at Arnold Elementary","Communities In Schools of San Antonio","78213"
"3518","Communities In Schools at Artemisia Bowden Academy","Communities In Schools of San Antonio","78202"
"9510","Communities In Schools at Barkley-Ruiz Elementary","Communities In Schools of San Antonio","78207"
"9512","Communities In Schools at Beacon Hill Academy","Communities In Schools of San Antonio","78201"
"9497","Communities In Schools at Bellaire Elementary","Communities In Schools of San Antonio","78221"
"9521","Communities In Schools at Benjamin Franklin Elementary School","Communities In Schools of San Antonio","78201"
"3566","Communities In Schools at Bexar County Juvenile Justice Academy","Communities In Schools of San Antonio","78208"
"3494","Communities In Schools at Boone Elementary School","Communities In Schools of San Antonio","78249"
"3519","Communities In Schools at Briscoe Elementary School","Communities In Schools of San Antonio","78204"
"3495","Communities In Schools at Cable Elementary School","Communities In Schools of San Antonio","78227"
"3484","Communities In Schools at Camelot Elementary School","Communities In Schools of San Antonio","78218"
"3520","Communities In Schools at Cameron Elementary School","Communities In Schools of San Antonio","78219"
"3478","Communities In Schools at Candlewood Elementary School","Communities In Schools of San Antonio","78244"
"3521","Communities In Schools at Carvajal Elementary School","Communities In Schools of San Antonio","78207"
"9491","Communities In Schools at CAST LEAD High School","Communities In Schools of San Antonio","78263"
"9514","Communities In Schools at CAST Med High School","Communities In Schools of San Antonio","78235"
"9558","Communities In Schools at CAST STEM High School","Communities In Schools of San Antonio","78224"
"9515","Communities In Schools at CAST Tech High School","Communities In Schools of San Antonio","78205"
"3496","Communities In Schools at Coby Glass Elementary School","Communities In Schools of San Antonio","78228"
"9516","Communities In Schools at Collins Garden Elementary","Communities In Schools of San Antonio","78204"
"3485","Communities In Schools at Colonial Hills Elementary School","Communities In Schools of San Antonio","78230"
"3497","Communities In Schools at Colonies North Elementary School","Communities In Schools of San Antonio","78230"
"9498","Communities In Schools at Converse Elementary","Communities In Schools of San Antonio","78109"
"10583","Communities in Schools at Dalton Elementary","Communities In Schools of San Antonio","78801"
"3522","Communities In Schools at David Crockett Academy","Communities In Schools of San Antonio","78207"
"3524","Communities In Schools at De Zavala Elementary School","Communities In Schools of San Antonio","78207"
"3528","Communities In Schools at Dr Ferdinand L Herff Elementary School","Communities In Schools of San Antonio","78210"
"3553","Communities In Schools at Dwight Middle School","Communities In Schools of San Antonio","78211"
"9490","Communities In Schools at East Central High School","Communities In Schools of San Antonio","78263"
"3491","Communities In Schools at Ed White Middle School","Communities In Schools of San Antonio","78218"
"9517","Communities In Schools at Edison High School","Communities In Schools of San Antonio","78212"
"3514","Communities In Schools at Eduardo Villarreal Elementary School","Communities In Schools of San Antonio","78228"
"3510","Communities In Schools at EM Pease Middle School","Communities In Schools of San Antonio","78245"
"9504","Communities In Schools at Esparza Elementary","Communities In Schools of San Antonio","78228"
"9518","Communities In Schools at Fenwick Academy","Communities In Schools of San Antonio","78228"
"10584","Communities in Schools at Flores Elementary","Communities In Schools of San Antonio","78801"
"3468","Communities In Schools at Frank Tejeda Junior Academy","Communities In Schools of San Antonio","78221"
"3469","Communities In Schools at Frank Tejeda Senior Academy","Communities In Schools of San Antonio","78221"
"3470","Communities In Schools at Gilbert Elementary School","Communities In Schools of San Antonio","78214"
"3499","Communities In Schools at Glenoaks Elementary School","Communities In Schools of San Antonio","78229"
"9523","Communities In Schools at Graebner Elementary","Communities In Schools of San Antonio","78225"
"9524","Communities In Schools at Green Elementary","Communities In Schools of San Antonio","78210"
"3471","Communities In Schools at Harlandale High School","Communities In Schools of San Antonio","78214"
"3472","Communities In Schools at Harlandale Middle School","Communities In Schools of San Antonio","78214"
"9492","Communities In Schools at Harmony Elementary","Communities In Schools of San Antonio","78223"
"3461","Communities In Schools at Heritage Middle School","Communities In Schools of San Antonio","78263"
"9493","Communities In Schools at Highland Forest Elementary","Communities In Schools of San Antonio","78223"
"9525","Communities In Schools at Highland Hills Elementary","Communities In Schools of San Antonio","78223"
"3529","Communities In Schools at Highlands High School","Communities In Schools of San Antonio","78210"
"9527","Communities In Schools at Hillcrest Elementary","Communities In Schools of San Antonio","78214"
"9528","Communities In Schools at Hirsch Elementary","Communities In Schools of San Antonio","78220"
"9505","Communities In Schools at Hobby Middle School","Communities In Schools of San Antonio","78230"
"9529","Communities In Schools at Hot Wells Middle School","Communities In Schools of San Antonio","78223"
"3498","Communities In Schools at Irene L Chavez Excel Academy","Communities In Schools of San Antonio","78230"
"9532","Communities In Schools at Irving Dual Language Academy","Communities In Schools of San Antonio","78207"
"9533","Communities In Schools at Japhet Academy","Communities In Schools of San Antonio","78210"
"3509","Communities In Schools at JB Passmore Elementary School","Communities In Schools of San Antonio","78227"
"9534","Communities In Schools at Jefferson High School","Communities In Schools of San Antonio","78201"
"3502","Communities In Schools at Jim G Martin Elementary School","Communities In Schools of San Antonio","78228"
"3527","Communities In Schools at Joel C Harris Middle School","Communities In Schools of San Antonio","78204"
"3465","Communities In Schools at John F Kennedy High School","Communities In Schools of San Antonio","78226"
"9506","Communities In Schools at John Glen Elementary","Communities In Schools of San Antonio","78227"
"3501","Communities In Schools at John Jay High School","Communities In Schools of San Antonio","78227"
"3530","Communities In Schools at JT Brackenridge Academy","Communities In Schools of San Antonio","78207"
"9535","Communities In Schools at JT Brackenridge Elementary","Communities In Schools of San Antonio","78207"
"9500","Communities In Schools at Judson Middle School","Communities In Schools of San Antonio","78109"
"9520","Communities In Schools at Kate Schenck Elementary","Communities In Schools of San Antonio","78223"
"9536","Communities In Schools at Kelly Elementary","Communities In Schools of San Antonio","78226"
"3473","Communities In Schools at Kingsborough Middle School","Communities In Schools of San Antonio","78221"
"3486","Communities In Schools at Krueger Middle School","Communities In Schools of San Antonio","78218"
"3511","Communities In Schools at Lawrence Powell Elementary School","Communities In Schools of San Antonio","78238"
"3474","Communities In Schools at Leal Middle School","Communities In Schools of San Antonio","78211"
"3462","Communities In Schools at Legacy Middle School","Communities In Schools of San Antonio","78222"
"3533","Communities In Schools at Longfellow Middle School","Communities In Schools of San Antonio","78228"
"9537","Communities In Schools at Madison Elementary","Communities In Schools of San Antonio","78228"
"3535","Communities In Schools at Margil Elementary School","Communities In Schools of San Antonio","78207"
"3536","Communities In Schools at Martin Luther King Academy for Arts Integration","Communities In Schools of San Antonio","78220"
"3503","Communities In Schools at Mary Hull Elementary School","Communities In Schools of San Antonio","78227"
"9538","Communities In Schools at Maverick Elementary","Communities In Schools of San Antonio","78201"
"3475","Communities In Schools at McCollum High School","Communities In Schools of San Antonio","78221"
"3505","Communities In Schools at Meadow Village Elementary School","Communities In Schools of San Antonio","78227"
"3466","Communities In Schools at Memorial High School","Communities In Schools of San Antonio","78228"
"3480","Communities In Schools at Metzger Middle School","Communities In Schools of San Antonio","78244"
"9542","Communities In Schools at Mission Academy","Communities In Schools of San Antonio","78223"
"3488","Communities In Schools at Montgomery Drive Elementary School","Communities In Schools of San Antonio","78239"
"10585","Communities in Schools at Morales Jr. High","Communities In Schools of San Antonio","78801"
"9543","Communities In Schools at Neal Elementary","Communities In Schools of San Antonio","78201"
"3549","Communities In Schools at Neil Armstrong Elementary School","Communities In Schools of San Antonio","78242"
"3567","Communities In Schools at NXT Level Re-Engagement Center","Communities In Schools of San Antonio","78207"
"3463","Communities In Schools at Oak Crest Elementary School","Communities In Schools of San Antonio","78263"
"9507","Communities In Schools at Oak Hills Terrace Elementary","Communities In Schools of San Antonio","78240"
"9544","Communities In Schools at Ogden Elementary","Communities In Schools of San Antonio","78207"
"3500","Communities In Schools at Oliver Wendell Holmes High School","Communities In Schools of San Antonio","78238"
"3537","Communities In Schools at Palo Alto College","Communities In Schools of San Antonio","78224"
"3481","Communities In Schools at Park Village Elementary School","Communities In Schools of San Antonio","78218"
"3517","Communities In Schools at Pearsall Junior High School","Communities In Schools of San Antonio","78061"
"3464","Communities In Schools at Pecan Valley Elementary School","Communities In Schools of San Antonio","78222"
"3538","Communities In Schools at Pershing Elementary School","Communities In Schools of San Antonio","78208"
"3540","Communities In Schools at Rhodes Middle School","Communities In Schools of San Antonio","78207"
"3504","Communities In Schools at Robert F McDermott Elementary School","Communities In Schools of San Antonio","78240"
"9546","Communities In Schools at Rodriguez Montessori Elementary","Communities In Schools of San Antonio","78207"
"9548","Communities In Schools at Rogers Academy","Communities In Schools of San Antonio","78212"
"3541","Communities In Schools at Rogers Middle School","Communities In Schools of San Antonio","78223"
"9494","Communities In Schools at Salado Elementary","Communities In Schools of San Antonio","78222"
"9547","Communities In Schools at San Antonio ISD Building","Communities In Schools of San Antonio","78210"
"3532","Communities In Schools at Sidney Lanier High School","Communities In Schools of San Antonio","78207"
"9495","Communities In Schools at Sinclair Elementary","Communities In Schools of San Antonio","78222"
"9550","Communities In Schools at Smith Elementary","Communities In Schools of San Antonio","78203"
"3547","Communities In Schools at Somerset High School","Communities In Schools of San Antonio","78069"
"3548","Communities In Schools at Somerset Junior High School","Communities In Schools of San Antonio","78073"
"3565","Communities In Schools at Southwest High School","Communities In Schools of San Antonio","78252"
"3564","Communities In Schools at Southwest Legacy High School","Communities In Schools of San Antonio","78073"
"3544","Communities In Schools at Stewart Elementary School","Communities In Schools of San Antonio","78210"
"3545","Communities In Schools at Tafolla Middle School","Communities In Schools of San Antonio","78207"
"3476","Communities In Schools at Terrell Wells Middle School","Communities In Schools of San Antonio","78221"
"3489","Communities In Schools at Theodore Roosevelt High School","Communities In Schools of San Antonio","78218"
"9496","Communities In Schools at Tradition Elementary","Communities In Schools of San Antonio","78152"
"10587","Communities in Schools at Uvalde High School","Communities In Schools of San Antonio","78801"
"3513","Communities In Schools at Valley Hi Elementary School","Communities In Schools of San Antonio","78227"
"3482","Communities In Schools at Wagner High School","Communities In Schools of San Antonio","78244"
"3490","Communities In Schools at Walzem Elementary School","Communities In Schools of San Antonio","78218"
"9553","Communities In Schools at Washington Elementary","Communities In Schools of San Antonio","78202"
"3515","Communities In Schools at Westwood Terrace Elementary School","Communities In Schools of San Antonio","78227"
"3546","Communities In Schools at Whittier Middle School","Communities In Schools of San Antonio","78201"
"9554","Communities In Schools at Wilson Elementary","Communities In Schools of San Antonio","78201"
"3492","Communities In Schools at Windcrest Elementary School","Communities In Schools of San Antonio","78239"
"9502","Communities In Schools at Woodlake Hills Middle School","Communities In Schools of San Antonio","78244"
"9555","Communities In Schools at Woodlawn Academy","Communities In Schools of San Antonio","78201"
"9556","Communities In Schools at Woodlawn Hills Elementary","Communities In Schools of San Antonio","78228"
"3516","Communities In Schools at Zachry Middle School","Communities In Schools of San Antonio","78250"
"3539","Communities In Schools Poe Middle School","Communities In Schools of San Antonio","78210"
"1448","Community Counseling","Communities In Schools of San Antonio","78217"
"1573","Community Health Workers","Communities In Schools of San Antonio","78217"
"3487","Legacy of Educational Excellence (LEE) High SchoolLee High School","Communities In Schools of San Antonio","78213"
"13686","Project Access at CAST Lead High School","Communities In Schools of San Antonio","78263"
"13687","Project Access at East Central High School","Communities In Schools of San Antonio","78263"
"13688","Project Access at Harmony Elementary School","Communities In Schools of San Antonio","78223"
"13689","Project Access at Heritage Middle School","Communities In Schools of San Antonio","78263"
"13690","Project Access at Highland Forest Elementary School","Communities In Schools of San Antonio","78223"
"13691","Project Access at Legacy Middle School","Communities In Schools of San Antonio","78222"
"13692","Project Access at Oak Crest Elementary School","Communities In Schools of San Antonio","78263"
"13693","Project Access at Pecan Valley Elementary School","Communities In Schools of San Antonio","78222"
"13694","Project Access at Salado Elementary School","Communities In Schools of San Antonio","78222"
"13695","Project Access at Sinclair Elementary School","Communities In Schools of San Antonio","78222"
"8149","Volunteer Opportunities","Communities In Schools of San Antonio","78217"
"16909","Communities In Schools at Canyon Middle School","Communities In Schools of South Central Texas","78130"
"16915","Communities In Schools at Carl Schurz Elementary","Communities In Schools of South Central Texas","78130"
"16896","Communities In Schools at Clear Spring Elementary","Communities In Schools of South Central Texas","78130"
"16895","Communities In Schools at Comal Creek Elementary","Communities In Schools of South Central Texas","78132"
"16919","Communities In Schools at County Line Elementary","Communities In Schools of South Central Texas","78130"
"16898","Communities In Schools at Farias-Spitzer Elementary","Communities In Schools of South Central Texas","78130"
"16899","Communities In Schools at Freiheit Elementary","Communities In Schools of South Central Texas","78130"
"16901","Communities In Schools at Goodwin Frazier Elementary","Communities In Schools of South Central Texas","78130"
"16922","Communities In Schools at Klein Road Elementary","Communities In Schools of South Central Texas","78130"
"16920","Communities In Schools at Lamar Elementary","Communities In Schools of South Central Texas","78130"
"16921","Communities In Schools at Lone Star Early Childhood Center","Communities In Schools of South Central Texas","78130"
"16926","Communities In Schools at Long Creek High School","Communities In Schools of South Central Texas","78130"
"16917","Communities In Schools at Memorial Elementary","Communities In Schools of South Central Texas","78130"
"16904","Communities In Schools at Mt. Valley Elementary","Communities In Schools of South Central Texas","78133"
"16927","Communities In Schools at New Braunfels High School","Communities In Schools of South Central Texas","78130"
"16925","Communities In Schools at New Braunfels Middle School","Communities In Schools of South Central Texas","78130"
"16905","Communities In Schools at Oak Creek Elementary","Communities In Schools of South Central Texas","78130"
"16907","Communities In Schools at Rebecca Creek Elementary","Communities In Schools of South Central Texas","78070"
"16914","Communities In Schools at Seele Elementary","Communities In Schools of South Central Texas","78130"
"16908","Communities In Schools at Startzville Elementary","Communities In Schools of South Central Texas","78133"
"16924","Communities In Schools at Veramendi Elementary","Communities In Schools of South Central Texas","78132"
"16923","Communities In Schools at Voss Farms Elementary","Communities In Schools of South Central Texas","78130"
"16918","Communities In Schools at Walnut Springs Elementary","Communities In Schools of South Central Texas","78130"
"16903","Communities In Schools Morningside Elementary","Communities In Schools of South Central Texas","78132"
"2390","Community Dinner and Worship","Communities Under the Bridge (CUB)","78202"
"2389","Health and Wellness Day","Communities Under the Bridge (CUB)","78202"
"6917","Spritual Services","Communities Under the Bridge (CUB)","78202"
"2391","Volunteer with Communities Under the Bridge","Communities Under the Bridge (CUB)","78202"
"14048","Early Head Start at A. Washington Child Development Center","Community Action Inc. of Central Texas","78667"
"14047","Early Head Start at Lillie Belle Townsend Child Development Center","Community Action Inc. of Central Texas","78666"
"14050","Early Head Start at William Crook Child Development Center","Community Action Inc. of Central Texas","78666"
"14049","Head Start at A. Washington Child Development Center","Community Action Inc. of Central Texas","78667"
"14051","Head Start at Bonham Prekindergarten School","Community Action Inc. of Central Texas","18666"
"14052","Head Start at Henry Bush Child Development Center","Community Action Inc. of Central Texas","78667"
"2574","Day Activity Programs","Community Assisted Living and Associated Benefits (CALAB)","78250"
"2573","Home and Community-Based Services","Community Assisted Living and Associated Benefits (CALAB)","78250"
"2572","ICF-ID Services","Community Assisted Living and Associated Benefits (CALAB)","78250"
"2575","Services for CALAB Members","Community Assisted Living and Associated Benefits (CALAB)","78250"
"10643","Spiritual Services","Community Baptist Church","78112"
"19923","Breakthrough Employment","Community Bible Church (CBC)","78232"
"19903","CBC Cares at Central Campus","Community Bible Church (CBC)","78232"
"19914","CBC Cares at East Campus","Community Bible Church (CBC)","78249"
"19912","CBC Cares at Northside Campus","Community Bible Church (CBC)","78260"
"19910","CBC Cares at Southside Campus","Community Bible Church (CBC)","78218"
"19913","CBC Cares at West Campus","Community Bible Church (CBC)","78249"
"5588","CBC Central Campus","Community Bible Church (CBC)","78232"
"19902","CBC East Campus","Community Bible Church (CBC)","78218"
"17635","CBC Northside Campus","Community Bible Church (CBC)","78260"
"17634","CBC Southside Campus","Community Bible Church (CBC)","78235"
"19901","CBC West Campus","Community Bible Church (CBC)","78249"
"3404","I'm in Crisis!","Community Bible Church (CBC)",
"12166","Early Head Start at New Braunfels Head Start Center","Community Council of South Central Texas - CCSCT","78130"
"12165","Early Head Start at Seguin Head Start Center","Community Council of South Central Texas - CCSCT","78155"
"14025","Head Start at Bonham Pre-K","Community Council of South Central Texas - CCSCT","78155"
"12167","Head Start at Lone Star Early Childhood Center","Community Council of South Central Texas - CCSCT","78130"
"12168","Head Start at WB Ball Early Childhood Center","Community Council of South Central Texas - CCSCT","78130"
"12156","Tenant-Based Rental Assistance - Atascosa County","Community Council of South Central Texas - CCSCT","78026"
"12157","Tenant-Based Rental Assistance - Bandera County","Community Council of South Central Texas - CCSCT","78003"
"12158","Tenant-Based Rental Assistance - Comal County","Community Council of South Central Texas - CCSCT","78130"
"12112","Tenant-Based Rental Assistance - Guadalupe County","Community Council of South Central Texas - CCSCT","78155"
"12161","Tenant-Based Rental Assistance - Kendall County","Community Council of South Central Texas - CCSCT","78006"
"12160","Tenant-Based Rental Assistance - Kerr County","Community Council of South Central Texas - CCSCT","78028"
"12162","Tenant-Based Rental Assistance - Medina County","Community Council of South Central Texas - CCSCT","78861"
"12163","Tenant-Based Rental Assistance - Wilson County","Community Council of South Central Texas - CCSCT","78028"
"12159","Tenant-Based Rental Assistance- Gillespie County","Community Council of South Central Texas - CCSCT","78024"
"12164","Tenant-Based Rental Assistance- Uvalde County","Community Council of South Central Texas - CCSCT","78801"
"12147","Utility Assistance - Atascosa County","Community Council of South Central Texas - CCSCT","78026"
"12148","Utility Assistance - Bandera County","Community Council of South Central Texas - CCSCT","78003"
"12149","Utility Assistance - Comal County","Community Council of South Central Texas - CCSCT","78026"
"12150","Utility Assistance - Gillespie County","Community Council of South Central Texas - CCSCT","78624"
"12111","Utility Assistance - Guadalupe County","Community Council of South Central Texas - CCSCT","78155"
"12152","Utility Assistance - Kendall County","Community Council of South Central Texas - CCSCT","78006"
"12151","Utility Assistance - Kerr County","Community Council of South Central Texas - CCSCT","78028"
"12153","Utility Assistance - Medina County","Community Council of South Central Texas - CCSCT","78861"
"12155","Utility Assistance - Uvalde County","Community Council of South Central Texas - CCSCT","78801"
"12154","Utility Assistance - Wilson County","Community Council of South Central Texas - CCSCT","78114"
"13616","Utility Assistance Big Bend Tri-county Area","Community Council of South Central Texas - CCSCT","79830"
"12178","Veterans Financial Assistance Program","Community Council of South Central Texas - CCSCT","78130"
"12169","Veterans Financial Assistance Program - Atascosa County","Community Council of South Central Texas - CCSCT","78026"
"12170","Veterans Financial Assistance Program - Bandera County","Community Council of South Central Texas - CCSCT","78003"
"12171","Veterans Financial Assistance Program - Comal County","Community Council of South Central Texas - CCSCT","78131"
"12172","Veterans Financial Assistance Program - Gillespie County","Community Council of South Central Texas - CCSCT","78024"
"12173","Veterans Financial Assistance Program - Guadalupe County","Community Council of South Central Texas - CCSCT","78155"
"12174","Veterans Financial Assistance Program - Kendall County","Community Council of South Central Texas - CCSCT","78006"
"12175","Veterans Financial Assistance Program - Kerr County","Community Council of South Central Texas - CCSCT","78028"
"12176","Veterans Financial Assistance Program - Medina County","Community Council of South Central Texas - CCSCT","78861"
"12177","Veterans Financial Assistance Program - Uvalde County","Community Council of South Central Texas - CCSCT","78801"
"12180","Weatherization","Community Council of South Central Texas - CCSCT","78801"
"13475","Weatherization—Big Bend Region","Community Council of South Central Texas - CCSCT","79830"
"12179","WIC - Wilson County","Community Council of South Central Texas - CCSCT","78114"
"19644","General Patient Care Services","Community Family Medicine, P.A.","78228"
"6838","CFHP Community Office","Community First Health Plans","78207"
"16299","CFHP Community Office-At the MAC Center","Community First Health Plans","78233"
"9057","Community First Food Pantry","Community First Health Plans",
"12354","Community First Food Pantry at Adams Elementary School","Community First Health Plans","78214"
"9392","Community First Food Pantry at Any Baby Can","Community First Health Plans","78212"
"14447","Community First Food Pantry at Autism Community Network","Community First Health Plans","78228"
"12367","Community First Food Pantry at Bellaire Elementary School","Community First Health Plans","78221"
"9403","Community First Food Pantry at Big Brothers Big Sisters of South Texas","Community First Health Plans","78216"
"13176","Community First Food Pantry at Bulverde United Methodist Church","Community First Health Plans","78260"
"12345","Community First Food Pantry at CAST Lead High School","Community First Health Plans","78263"
"9400","Community First Food Pantry at Charis Collective @ Sunset Ridge","Community First Health Plans","78209"
"13003","Community First Food Pantry at Christ the King Lutheran Church","Community First Health Plans","78148"
"9393","Community First Food Pantry at Church of God Northwest","Community First Health Plans","78228"
"12357","Community First Food Pantry at Collier Elementary School","Community First Health Plans","78211"
"13078","Community First Food Pantry at Cowboys Ranch","Community First Health Plans","78114"
"13988","Community First Food Pantry at Dilworth Plaza","Community First Health Plans","78147"
"9402","Community First Food Pantry at Eastside Education Training Center","Community First Health Plans","78219"
"12885","Community First Food Pantry at El Salvador Assembly of God","Community First Health Plans","78212"
"12348","Community First Food Pantry at Elizabeth Tynan Elementary School (SAISD)","Community First Health Plans","78202"
"12346","Community First Food Pantry at Fenwick Academy","Community First Health Plans","78228"
"14445","Community First Food Pantry at First United Methodist Church","Community First Health Plans","78130"
"12343","Community First Food Pantry at Forest Hills Presbyterian Church","Community First Health Plans","78023"
"9394","Community First Food Pantry at Gardopia Gardens","Community First Health Plans","78202"
"12369","Community First Food Pantry at Gilbert Elementary School","Community First Health Plans","78214"
"12362","Community First Food Pantry at Gillette Elementary School","Community First Health Plans","78221"
"12355","Community First Food Pantry at Harlandale Middle School","Community First Health Plans","78214"
"12351","Community First Food Pantry at Harmony Elementary School","Community First Health Plans","78223"
"14446","Community First Food Pantry at Heritage Middle School","Community First Health Plans","78263"
"9448","Community First Food Pantry at Hidden Cove Elementary","Community First Health Plans","78242"
"12350","Community First Food Pantry at Highland Forest Elementary School","Community First Health Plans","78223"
"12370","Community First Food Pantry at Huppertz Elementary School","Community First Health Plans","78228"
"12347","Community First Food Pantry at JB Passmore Elementary School","Community First Health Plans","78227"
"13289","Community First Food Pantry at Lakehills United Methodist Church","Community First Health Plans","78063"
"14460","Community First Food Pantry at Latched Support","Community First Health Plans","78239"
"12339","Community First Food Pantry at Legacy Middle School","Community First Health Plans","78222"
"13288","Community First Food Pantry at Lodi Park","Community First Health Plans","78114"
"9399","Community First Food Pantry at Mays Family YMCA @ Potranco","Community First Health Plans","78245"
"12356","Community First Food Pantry at Morrill Elementary School","Community First Health Plans","78214"
"12344","Community First Food Pantry at Neal Elementary School","Community First Health Plans","78201"
"12342","Community First Food Pantry at Pecan Valley Elementary","Community First Health Plans","78222"
"12368","Community First Food Pantry at Robert B Green Elementary School","Community First Health Plans","78210"
"12352","Community First Food Pantry at Salado Elementary School","Community First Health Plans","78222"
"9397","Community First Food Pantry at San Antonio Preparatory Schools","Community First Health Plans","78244"
"12364","Community First Food Pantry at Schulze Elementary School","Community First Health Plans","78221"
"12353","Community First Food Pantry at Sinclair Elementary School","Community First Health Plans","78222"
"12366","Community First Food Pantry at Smith Elementary School","Community First Health Plans","78203"
"12359","Community First Food Pantry at Stonewall Flanders Elementary Elementary School","Community First Health Plans","78211"
"12363","Community First Food Pantry at Terrell Wells Middle School","Community First Health Plans","78221"
"12349","Community First Food Pantry at Tradition Elementary School","Community First Health Plans","78152"
"9401","Community First Food Pantry at Woodlawn Hills Elementary","Community First Health Plans","78228"
"12365","Community First Food Pantry at Wright Elementary School","Community First Health Plans","78214"
"9398","Community First Food Pantry at YMCA @ O.P. Schnabel Park","Community First Health Plans","78250"
"9058","Program Support & Sponsorship","Community for Life Foundation","78217"
"6338","Scholarships","Community for Life Foundation","78217"
"11676","Behavioral Health at Gonzales Community Health Center","Community Health Centers of South Central Texas","78629"
"11675","Behavioral Health at Luling Community Health Center","Community Health Centers of South Central Texas","78648"
"1515","Behavioral Health at Seguin Family Health Center","Community Health Centers of South Central Texas","78155"
"11730","Behavioral Health at Victoria Community Health Center","Community Health Centers of South Central Texas","77901"
"11722","Dental Care at Bastrop Community Health Center","Community Health Centers of South Central Texas","78602"
"11723","Dental Care at Lockhart Family Practice Center","Community Health Centers of South Central Texas","78644"
"11670","Dental Care at Luling Community Dental Center","Community Health Centers of South Central Texas","78648"
"11669","Dental Care at Seguin Family Health Center","Community Health Centers of South Central Texas","78155"
"11725","Family Medicine at Bastrop Community Health Center","Community Health Centers of South Central Texas","78602"
"11726","Family Medicine at Family Health Center at Elgin","Community Health Centers of South Central Texas","78621"
"11671","Family Medicine at Gonzales Community Health Center","Community Health Centers of South Central Texas","78629"
"11727","Family Medicine at Lockhart Family Health Center","Community Health Centers of South Central Texas","78644"
"11672","Family Medicine at Luling Community Health Center","Community Health Centers of South Central Texas","78648"
"11673","Family Medicine at Seguin Family Health Center","Community Health Centers of South Central Texas","78155"
"11724","Family Medicine at Victoria Community Health Center","Community Health Centers of South Central Texas","77901"
"11728","Pediatrics at Bastrop Community Health Center","Community Health Centers of South Central Texas","78602"
"11729","Pediatrics at Family Health Center at Elgin","Community Health Centers of South Central Texas","78621"
"11674","Pediatrics at Luling Community Health Center","Community Health Centers of South Central Texas","78648"
"1574","Community Health Workers","Community Health Development","78801"
"10124","Medical, Mental, and Behavioral Health","Community Health Development","78801"
"1080","Tools for Home-Life Stability—Balcones Lofts","Community Housing Resource (CHR) Partners","78201"
"1076","Tools for Home-Life Stability—Costa Almadena","Community Housing Resource (CHR) Partners","78223"
"1079","Tools for Home-Life Stability—Emerald Village","Community Housing Resource (CHR) Partners","78247"
"1082","Tools for Home-Life Stability—Esperanza at Palo Alta","Community Housing Resource (CHR) Partners","78224"
"1081","Tools for Home-Life Stability—Juniper's Edge","Community Housing Resource (CHR) Partners","78254"
"1077","Tools for Home-Life Stability—San Juan Square 1","Community Housing Resource (CHR) Partners","78258"
"1078","Tools for Home-Life Stability—San Juan Square 2","Community Housing Resource (CHR) Partners","78207"
"8150","Volunteer Opportunities","Community Housing Resource (CHR) Partners","78258"
"18352","Special Needs Driving School","Community Independence Solutions, PLLC","78217"
"20316","Addiction Treatment Center","Community Medical Services","78216"
"9241","CarFest - Car Repair Program","Community of Automotive Professionals","78219"
"5852","Scholarship Program","Community of Churches for Social Action","78202"
"9059","Volunteer Opportunities","Community of Churches for Social Action","78202"
"16008","Employment Services","Community Options Inc.","78215"
"16015","Host Homes Services","Community Options Inc.","78215"
"16007","Housing Services","Community Options Inc.","78215"
"16018","Positive Options","Community Options Inc.","78215"
"13426","Crisis Assistance","Community Resource & Recreation Center of Canyon Lake","78133"
"13428","CRRC Rec Center, Community Center and Community Garden","Community Resource & Recreation Center of Canyon Lake","78133"
"14118","Durable Medical Equipment","Community Resource & Recreation Center of Canyon Lake","78133"
"14117","Food Pantry","Community Resource & Recreation Center of Canyon Lake","78133"
"14122","Step Forward","Community Resource & Recreation Center of Canyon Lake","78133"
"13516","Thrift Store","Community Resource & Recreation Center of Canyon Lake","78133"
"13431","Volunteer and Support Opportunities","Community Resource & Recreation Center of Canyon Lake","78133"
"19350","Become a CRC Partner Agency","Community Resource Centers of Texas, Inc","78654"
"18832","Blanco County Community Resource Center","Community Resource Centers of Texas, Inc","78636"
"18831","Burnet County Community Resource Center","Community Resource Centers of Texas, Inc","78654"
"18833","Llano County Community Resource Center","Community Resource Centers of Texas, Inc","78639"
"19342","Older Adult Rural Services (OARS)","Community Resource Centers of Texas, Inc","78654"
"19347","Older Adult Rural Services (OARs) at Blanco County CRC","Community Resource Centers of Texas, Inc","78636"
"19348","Older Adult Rural Services (OARs) at Llano County CRC","Community Resource Centers of Texas, Inc","78639"
"19349","Volunteer & Support at CRC","Community Resource Centers of Texas, Inc","78654"
"11536","Broadway Oaks","Compass Multifamily Property Management","78217"
"19385","Affordable Funeral Services","Compassion Funeral Home","78264"
"14462","Hospice and Pallative Care","Compassus","78216"
"14463","Hospice Volunteer Opportunities","Compassus","78216"
"15044","Computer Giveaways","Compudopt","77009"
"15046","Digital Skill Building","Compudopt",
"15048","Free Tech Programs","Compudopt",
"15050","Get Involved","Compudopt",
"20076","Low-Cost High Speed Internet","Compudopt",
"15045","Volunteer and Support Opportunities","Compudopt",
"15041","Donate","Computer Banc",
"15040","Our Computers","Computer Banc",
"19620","Get a Computer","Computers For the Blind",
"19621","Resources","Computers For the Blind",
"11865","Apply for a Free Computer","Computers with Causes",
"20174","Concentra - Airport San Antonio","Concentra","78217"
"20167","Concentra - Downtown San Antonio","Concentra","78215"
"20176","Concentra - Fiesta Trails","Concentra","78230"
"20171","Concentra - San Antonio Broadway","Concentra","78217"
"20172","Concentra - San Antonio Broadway","Concentra","78217"
"20168","Concentra - San Antonio East","Concentra","78219"
"20169","Concentra - San Antonio I-35 East","Concentra","78219"
"20177","Concentra - San Antonio Toepperwein","Concentra","78233"
"20175","Concentra - San Antonio West Loop 410","Concentra","78245"
"20173","Concentra -San Antonio Northwest","Concentra","78238"
"18912","Brady On-Demand","Concho Valley Transit District","76903"
"18847","Rural Transportation Services","Concho Valley Transit District","76903"
"18846","Transportation Partnership Programs","Concho Valley Transit District","76903"
"19280","Community Living Assistance and Support Services (CLASS)","Concord Primary Care Services, Inc.","78240"
"9277","Spiritual Services","Concordia Lutheran Church","78258"
"1070","Stephen Ministry","Concordia Lutheran Church","78258"
"6446","Spiritual Care","Confraternidad De Iglesias Cristianas Hispana USA","78237"
"6889","Heintz Preschool","Congregation Agudas Achim","78248"
"18168","Social Action","Congregation Agudas Achim","78248"
"6888","Spiritual Services","Congregation Agudas Achim","78248"
"13586","Spiritual Services","Congregation Beth Am","78213"
"4217","Spiritual Services","Congregation Cristiana Vida Nueva","78213"
"6899","Gan Sholom at Rodfei Sholom","Congregation Rodfei Sholom","78230"
"6891","Spiritual Services","Congregation Rodfei Sholom","78230"
"6337","Accordion & Bajo Sexto Lessons","Conjunto Heritage Taller Inc.","78210"
"10075","Program Support & Sponsorship","Conjunto Heritage Taller Inc.","78210"
"10074","Senior Programs","Conjunto Heritage Taller Inc.","78210"
"19450","Speech-Language Therapy","Connect & Communicate PLLC","78209"
"7889","Care Coordination","ConnectAbility","78229"
"9065","Chair Zumba","ConnectAbility",
"15848","Classes and Activities","ConnectAbility","78229"
"9061","Family and Caregiver Support","ConnectAbility","78229"
"18815","Neuro Parkinson's Support Group - Cibolo","ConnectAbility","78108"
"7892","Peer Mentoring","ConnectAbility","78229"
"9060","Program Support and Sponsorship","ConnectAbility","78229"
"9063","The LIVE Group: Low Impact Virtual Exercise Class – Virtual Only","ConnectAbility",
"18032","Virtual Book Club","ConnectAbility",
"19667","Affordable Rate Counseling Program","Connections Individual and Family Services","78130"
"18240","Drug Free Comal","Connections Individual and Family Services","78130"
"14666","Emergency Youth Shelter","Connections Individual and Family Services","78130"
"14670","Prevention and Education","Connections Individual and Family Services","78130"
"14667","Transitional Living Program","Connections Individual and Family Services","78130"
"14668","Youth and Family Counseling","Connections Individual and Family Services","78130"
"15005","All ConnectSafely Guides and Quick-Guides","ConnectSafely",
"15006","Media Resources","ConnectSafely",
"6355","Spiritual Services","Conquerors Assembly","78201"
"18529","Counseling Service","Conscious Health & Wellbeing","78006"
"18531","Executive Consulting","Conscious Health & Wellbeing","78006"
"10741","Intensive Outpatient Program - IOP","Continuum Outpatient Center","78249"
"2509","Food Pantry","Converse First Baptist Church","78109"
"9412","Spiritual Services","Converse First Baptist Church","78109"
"12033","Free Spiritual Books","Converse Hispanic Baptist Church",
"6534","Spritual Services","Converse Hispanic Baptist Church","78109"
"6341","Community Services","Converse Lions Charities Inc","78109"
"19745","Conviva Senior Primary Care - Boerne Office","Conviva Senior Primary Care","78006"
"19730","Conviva Senior Primary Care - Crossroads Office","Conviva Senior Primary Care","78201"
"19731","Conviva Senior Primary Care - De Leon Office","Conviva Senior Primary Care","78229"
"19744","Conviva Senior Primary Care - Floresville Office","Conviva Senior Primary Care","78114"
"19728","Conviva Senior Primary Care - Goliad Office","Conviva Senior Primary Care","78223"
"19741","Conviva Senior Primary Care - Guilbeau Rd Office","Conviva Senior Primary Care","78250"
"19747","Conviva Senior Primary Care - Jourdanton Office","Conviva Senior Primary Care","78026"
"19732","Conviva Senior Primary Care - Kirby Office","Conviva Senior Primary Care","78244"
"19724","Conviva Senior Primary Care - Legacy Place","Conviva Senior Primary Care","78259"
"19743","Conviva Senior Primary Care - Legacy Place Office","Conviva Senior Primary Care","78259"
"19742","Conviva Senior Primary Care - Live Oak office","Conviva Senior Primary Care","78233"
"19733","Conviva Senior Primary Care - Marbach Rd Office","Conviva Senior Primary Care","78227"
"19746","Conviva Senior Primary Care - New Braunfels Office","Conviva Senior Primary Care","78130"
"19729","Conviva Senior Primary Care - San Pedro Office","Conviva Senior Primary Care","78216"
"19726","Conviva Senior Primary Care - South Zarzamora Office","Conviva Senior Primary Care","78207"
"19727","Conviva Senior Primary Care - St. Cloud Office","Conviva Senior Primary Care","78228"
"19734","Conviva Senior Primary Care - Thousand Oaks Office","Conviva Senior Primary Care","78233"
"19735","Conviva Senior Primary Care - Westover Hills Office","Conviva Senior Primary Care","78251"
"7092","CBF Advocacy","Cooperative Baptist Fellowship of Texas","78212"
"7093","CBF Gathering","Cooperative Baptist Fellowship of Texas",
"9144","Program Support & Sponsorship","Cooperative Baptist Fellowship of Texas","78212"
"10814","COPS/Metro @ Holy Redeemer","COPS/Metro","78203"
"10810","COPS/Metro @ Macedonia Baptist","COPS/Metro","78237"
"10805","COPS/Metro @ St Francis of Assisi","COPS/Metro","78249"
"10804","COPS/Metro @ St John Baptist","COPS/Metro","78240"
"10816","COPS/Metro at Divine Redeemer Presbyterian","COPS/Metro","78207"
"10823","COPS/Metro at El Carmen Church","COPS/Metro","78221"
"10824","COPS/Metro at First Unitarian Universalist","COPS/Metro","78213"
"10815","COPS/Metro at Holy Family","COPS/Metro","78228"
"10813","COPS/Metro at Holy Rosary","COPS/Metro","78228"
"10812","COPS/Metro at Immaculate Conception","COPS/Metro","78207"
"10789","COPS/Metro at Our Lady of Guadalupe - Helotes","COPS/Metro","78023"
"10811","COPS/Metro at Our Lady of Guadalupe - San Antonio","COPS/Metro","78207"
"10825","COPS/Metro at SA Rise (San Antonio Rising in Solidarity for Equity)","COPS/Metro",
"10809","COPS/Metro at Sacred Heart","COPS/Metro","78207"
"10826","COPS/Metro at San Antonio Alliance of Teachers & Support Personnel","COPS/Metro","78210"
"10827","COPS/Metro at San Antonio Firefighters Association","COPS/Metro","78230"
"10808","COPS/Metro at San Juan de los Lagos","COPS/Metro","78207"
"10822","COPS/Metro at Sisters of Divine Providence","COPS/Metro","78207"
"10828","COPS/Metro at Sisters of the Holy Spirit","COPS/Metro","78203"
"10829","COPS/Metro at Southside Education Association","COPS/Metro",
"10807","COPS/Metro at St Alphonsus","COPS/Metro","78207"
"10806","COPS/Metro at St Bonaventure","COPS/Metro","78211"
"10803","COPS/Metro at St Leo the Great","COPS/Metro","78214"
"10802","COPS/Metro at St Margaret Mary","COPS/Metro","78223"
"10801","COPS/Metro at St. Philip of Jesus","COPS/Metro","78204"
"9147","COPS/Metro at St. Timothy","COPS/Metro","78207"
"2539","Alamo City Street Choir","Corazon San Antonio","78205"
"7905","Corazon Day Center and Resource Hub","Corazon San Antonio","78215"
"20191","Corazón Harm Reduction","Corazon San Antonio","78215"
"237","Corazon Medical Clinic","Corazon San Antonio","78205"
"13668","Corazon Winter and Inclement Weather Shelter","Corazon San Antonio","78205"
"800","Deborah's House","Corazon San Antonio","78205"
"13666","Downtown Street Outreach","Corazon San Antonio","78215"
"2538","Prayer and Recovery Circle","Corazon San Antonio","78205"
"13667","Sunday Morning Cafe and Breakfast","Corazon San Antonio","78205"
"7066","Travis Park Dermatology Clinic","Corazon San Antonio","78205"
"7906","Volunteer and Support Opportunities","Corazon San Antonio","78205"
"1209","CCC Seminars","COREstrong Community Coalition (CCC)","78213"
"1210","Home for Hope","COREstrong Community Coalition (CCC)","78247"
"1208","Military Dads","COREstrong Community Coalition (CCC)","78213"
"1211","Partnership Opportunities","COREstrong Community Coalition (CCC)","78213"
"6719","Spiritual Services","Corintos Baptist Church","78237"
"4479","Spiritual Services","Corner Gate Christian Church","78220"
"14515","Therapy Services","Corner Therapy Solutions","78231"
"18143","Benevolence","Cornerstone Church","78258"
"18144","Special Needs Ministry","Cornerstone Church","78258"
"13922","Spiritual Services","Cornerstone Church","78258"
"18670","Cornerstone Clinic (Comfort clinic)","Cornerstone Clinic","78013"
"18671","Services for Fredericksburg","Cornerstone Clinic","78624"
"15441","Children of Corona de Vida","Corona de Vida Assembly of God Church","78237"
"6910","Serving the Golden Age","Corona de Vida Assembly of God Church","78237"
"6371","Spiritual Services","Corona de Vida Assembly of God Church","78237"
"11663","Cortland At Fredericksburg","Cortland Property Management","78240"
"11040","Diplomat Apartments","CoStar Group","78226"
"19086","Child and Teen Counseling Services","Counseling4Life LLC","78232"
"19090","Faith-Based Counseling Services","Counseling4Life LLC","78232"
"19092","Group Counseling Services","Counseling4Life LLC","78232"
"19085","Individual Counseling Services","Counseling4Life LLC","78232"
"19087","Relationship Counseling Services","Counseling4Life LLC","78232"
"19093","Support for First Responders, Military Personnel, and Their Families","Counseling4Life LLC","78232"
"19088","Trauma and Loss Counseling Services","Counseling4Life LLC","78232"
"12092","Counseling Services","Counselor-Barbara C Walker, LPC","76712"
"20320","Country Home Learning Center at Hollywood Park","Country Home Learning Center","78232"
"20322","Country Home Learning Center at Leon Springs","Country Home Learning Center","78255"
"20323","Country Home Learning Center at Leon Valley","Country Home Learning Center","78238"
"20321","Country Home Learning Center at Live Oak","Country Home Learning Center","78233"
"20324","Country Home Learning Center at Medical Center","Country Home Learning Center","78229"
"20325","Country Home Learning Center at Nacogdoches","Country Home Learning Center","78247"
"20326","Country Home Learning Center at NW Military Hwy","Country Home Learning Center","78231"
"20319","Country Home Learning Center at Shaenfield Rd","Country Home Learning Center","78254"
"19720","Online Drug And Alcohol Awareness Class","Course for Drugs and Alcohol",
"6601","Labyrinth & Prayer Path","Covenant Baptist Church","78266"
"6600","Potluck Lunch","Covenant Baptist Church","78266"
"6599","Spiritual Services","Covenant Baptist Church","78266"
"6494","Spritual Services","Covenant Community Baptist Church","78247"
"18348","Foster Care and Child Welfare Services","Covenant House",
"18347","Physical and Mental Health Support for Homeless Youth","Covenant House",
"18346","Transitional Housing Program","Covenant House",
"18350","Volunteer Opportunities","Covenant House",
"741","Covenant Community Garden","Covenant Presbyterian Church","78213"
"14539","Journey Respite Care","Covenant Presbyterian Church","78213"
"5797","Spiritual Services","Covenant Presbyterian Church","78213"
"5615","Christian Counseling","Covington-McGee Wedding and Christian Counseling Chapel",
"12119","Christian Premarital Class","Covington-McGee Wedding and Christian Counseling Chapel","78217"
"17100","Donate","Cowboys Ranch","78114"
"17099","Services","Cowboys Ranch","78114"
"18002","Counseling Services","Cozy Cottage Counseling","78212"
"16729","Register for a Course","CPR San Antonio","78238"
"16730","Safety Courses","CPR San Antonio","78238"
"1902","Affordability Discounts","CPS Energy","78215"
"1901","Casa Verde Home Weatherization","CPS Energy","78215"
"15029","Residential Energy Assistance Partnership (REAP)","CPS Energy","78215"
"18630","Wellness Center","Create Healthy Foundation","78624"
"17324","Creekview Counseling - Kerrville","Creekview Counseling","78028"
"5856","Creekview Counseling - Outpatient Treatment","Creekview Counseling","78229"
"56","Clothes Closet","Crestholme Presbyterian Church","78223"
"36","Crestholme Food Pantry","Crestholme Presbyterian Church","78223"
"17858","Seniors Program","Crestholme Presbyterian Church","78223"
"5798","Spiritual Services","Crestholme Presbyterian Church","78223"
"6788","Spiritual Services","Crestview Baptist Church","78239"
"8457","Comal Thrift Shoppe","Crisis Center of Comal County","78130"
"8453","Counseling Services for Children & Adults","Crisis Center of Comal County","78130"
"8452","Crisis Hotline","Crisis Center of Comal County",
"8456","Education and Prevention","Crisis Center of Comal County","78130"
"8454","Emergency Shelter","Crisis Center of Comal County","78130"
"8455","Legal Advocacy","Crisis Center of Comal County","78130"
"8458","Volunteer Opportunities","Crisis Center of Comal County","78130"
"8652","Crisis Text Line","Crisis Text Line",
"19041","Get Help","Crisis Text Line",
"19097","Individual Counseling Services","Cristina's Counseling and Recovery",
"9014","Cristo Rey of Hope Community Food Pantry","Cristo Rey of Hope","78207"
"6895","Spiritual Services","Cross Mountain Church","78255"
"13885","Spiritual Services","Cross of Christ Evangelical Lutheran Church","78148"
"12783","Food Pantry","Cross Roads Church","78239"
"5795","Lunch and Love","Cross Roads Church","78239"
"10381","Mental and Behavioral Health Support","Cross Roads Church","78239"
"5796","Spiritual Services","Cross Roads Church","78239"
"2299","Affordable Home Ownership","Cross Timber Homes","78204"
"13406","Adoption and Foster Care","CrossBridge Community Church of San Antonio","78260"
"17789","Benevolence Fund","CrossBridge Community Church of San Antonio","78260"
"13410","Circle of Hope Cancer Care Ministry","CrossBridge Community Church of San Antonio","78260"
"20345","Kindred Disability Ministry","CrossBridge Community Church of San Antonio","78260"
"13418","Loaves and Fishes","CrossBridge Community Church of San Antonio","78260"
"13407","Parents of Addicted Loved Ones (PAL)","CrossBridge Community Church of San Antonio","78260"
"6288","Spiritual Services","CrossBridge Community Church of San Antonio","78260"
"14547","Spiritual Services","CrossingPoint Church","78250"
"16500","Children and Teens Counseling","Crossland Counseling",
"16499","Couples and Family Counseling","Crossland Counseling",
"16501","Group Therapy","Crossland Counseling",
"16497","Individual Counseling","Crossland Counseling",
"9146","Program Support & Sponsorship","Crossmen Productions, Inc",
"6581","Volunteer Opportunities","Crossmen Productions, Inc",
"455","Behavioral Health Transitions","Crosspoint, Inc","78208"
"456","Casa Mia","Crosspoint, Inc","78203"
"454","Crosspoint Veterans Program","Crosspoint, Inc","78203"
"458","Esperanza Court","Crosspoint, Inc","78203"
"300","Justice & Restoration Services","Crosspoint, Inc","78203"
"457","Outpatient Programs","Crosspoint, Inc","78203"
"13582","Support Crosspoint, Inc","Crosspoint, Inc","78203"
"6488","Annual Backpack and School Supply Giveaway","Crossroads Baptist Church","78254"
"6489","Mother's Day Out","Crossroads Baptist Church","78254"
"6487","Spiritual Services","Crossroads Baptist Church","78254"
"10274","Group Therapy","Crossroads Behavioral Health","78801"
"10273","Individual Therapy","Crossroads Behavioral Health","78801"
"10496","CrossRoads Preschool","CrossRoads Church","78213"
"10495","Spiritual Services - New Braunfels","CrossRoads Church","78130"
"4226","Spiritual Services - San Antonio","CrossRoads Church","78213"
"8003","Celebrate Recovery","CrossRoads Community Church","78242"
"8002","Spiritual Services","CrossRoads Community Church","78242"
"13921","Spiritual Services","Crossroads Community Church","78242"
"13887","Spiritual Services","Crown of Life Lutheran Church","78258"
"6986","Healthcare Resources and Education","Crush Foundation","78240"
"6987","Volunteer & Support Opportunities","Crush Foundation","78240"
"12781","Adolescent Counseling","Crystal Counseling","78258"
"16660","Adolescent Counseling - Blanco Rd","Crystal Counseling","78258"
"12780","Adult Counseling","Crystal Counseling","78258"
"16661","Adult Counseling - Blanco Rd","Crystal Counseling","78216"
"12782","Child Counseling","Crystal Counseling","78258"
"16662","Child Counseling - Blanco Rd","Crystal Counseling","78216"
"12785","Community-Based Services","Crystal Counseling","78258"
"16663","Community-Based Services - Blanco Rd","Crystal Counseling","78216"
"5858","Counseling Services","Crystal Counseling","78258"
"12784","Couples Counseling","Crystal Counseling","78258"
"16664","Couples Counseling - Blanco Rd","Crystal Counseling","78216"
"16298","Group Counseling","Crystal Counseling","78258"
"12779","In-Home Counseling","Crystal Counseling","78258"
"7895","Clear Conscience","Crystal Meth Anonymous","78028"
"7890","CMA Helpline","Crystal Meth Anonymous",
"10397","CMA Turning Point (Reunión en Español)","Crystal Meth Anonymous",
"7897","Crystal Clear","Crystal Meth Anonymous","78028"
"7896","Crystal Light","Crystal Meth Anonymous","78028"
"7898","Method Recover","Crystal Meth Anonymous","78003"
"10398","Serenity at Noon Friday","Crystal Meth Anonymous",
"10403","Turning Point","Crystal Meth Anonymous","78752"
"9151","Program Support & Sponsorship","Crystal Sea Drama Company","78230"
"6505","Youth Theater","Crystal Sea Drama Company","78230"
"18527","Smart Beds for Special Needs","Cubby Beds",
"17822","ABA Therapy","Cultivate Behavioral Health and Education","78258"
"17825","Mental Health Therapy Services","Cultivate Behavioral Health and Education","78258"
"9303","Arabic Language & Culture","Culturingua","78230"
"17631","MindWell Peer Support","Culturingua","78240"
"14553","A Wheelchair Accessible Guide to San Antonio","Curb Free Foundation, Inc",
"14555","Wheelchair Transportation San Antonio","Curb Free Foundation, Inc",
"13932","LIV At Boerne Hills","Cushman & Wakefield","78006"
"13322","The Anthony at Canyon Springs","Cushman & Wakefield","78258"
"14238","The Rise","Cushman & Wakefield","78201"
"14299","The Sage At 1955","Cushman & Wakefield","78213"
"17553","Children's Dental Treatment","Cute Smiles 4 Kids","78228"
"17573","Cute Smiles 4 Kids (Westover Hills location)","Cute Smiles 4 Kids","78251"
"17552","Preventative Dentistry","Cute Smiles 4 Kids","78228"
"20252","Controlled Substance Disposal at CVS Pharmacy Inc - Southwest Military Dr","CVS Health","78221"
"20276","Controlled Substance Disposal at CVS Pharmacy, Inc. - Alamo Parkway","CVS Health","78253"
"20274","Controlled Substance Disposal at CVS Pharmacy, Inc. - Bandera Rd","CVS Health","78023"
"20251","Controlled Substance Disposal at CVS Pharmacy, Inc. - Broadway","CVS Health","78209"
"20272","Controlled Substance Disposal at CVS Pharmacy, Inc. - Bulverde Rd","CVS Health","78261"
"20275","Controlled Substance Disposal at CVS Pharmacy, Inc. - Cibolo Valley Dr","CVS Health","78108"
"20281","Controlled Substance Disposal at CVS Pharmacy, Inc. - Fair Oaks Parkway","CVS Health","78015"
"20258","Controlled Substance Disposal at CVS Pharmacy, Inc. - Farm to Market 78","CVS Health","78244"
"20284","Controlled Substance Disposal at CVS Pharmacy, Inc. - Farm to Market Rd 2673","CVS Health","78133"
"20279","Controlled Substance Disposal at CVS Pharmacy, Inc. - Farm to Market Road 3009","CVS Health","78154"
"20271","Controlled Substance Disposal at CVS Pharmacy, Inc. - Gilbeau Rd","CVS Health","78250"
"20280","Controlled Substance Disposal at CVS Pharmacy, Inc. - Highway 46 W","CVS Health","78070"
"20278","Controlled Substance Disposal at CVS Pharmacy, Inc. - IH - 10 W","CVS Health","78257"
"20257","Controlled Substance Disposal at CVS Pharmacy, Inc. - Jones Maltsberger Rd","CVS Health","78247"
"20286","Controlled Substance Disposal at CVS Pharmacy, Inc. - King St","CVS Health","78155"
"20268","Controlled Substance Disposal at CVS Pharmacy, Inc. - Kitty Hawk","CVS Health","78109"
"20287","Controlled Substance Disposal at CVS Pharmacy, Inc. - Main St","CVS Health","78028"
"20256","Controlled Substance Disposal at CVS Pharmacy, Inc. - Marbach Rd","CVS Health","78245"
"20282","Controlled Substance Disposal at CVS Pharmacy, Inc. - McDonald St","CVS Health","78052"
"20255","Controlled Substance Disposal at CVS Pharmacy, Inc. - Medical Dr","CVS Health","78229"
"20285","Controlled Substance Disposal at CVS Pharmacy, Inc. - N Business IH - 35","CVS Health","78130"
"20273","Controlled Substance Disposal at CVS Pharmacy, Inc. - Pat Booker Rd","CVS Health","78148"
"20254","Controlled Substance Disposal at CVS Pharmacy, Inc. - SE Military Dr","CVS Health","78223"
"20283","Controlled Substance Disposal at CVS Pharmacy, Inc. - US Hwy 181 North","CVS Health","78114"
"20267","Controlled Substance Disposal at CVS Pharmacy, Inc. - Wilderness Oak","CVS Health","78258"
"13962","Marquis At Deerfield","CWS Apartments","78248"
"9318","Funeral Services","D.W. Brooks Funeral Home","78202"
"9319","Grief Support Resources","D.W. Brooks Funeral Home",
"356","Food Ministry Mentors","Daily Bread Ministries","78219"
"727","Weekly Food Distributions","Daily Bread Ministries","78219"
"206","Financial Aid Towards Veterinary Care","Daisy Cares","78227"
"203","Pet Food Program","Daisy Cares","78227"
"8156","Project Kindness","Daisy Cares","78227"
"7007","Promote Animal Welfare Education (PAWedu)","Daisy Cares","78227"
"8151","Volunteer Opportunities","Daisy Cares","78227"
"12261","Dance Wear","Dance Fairies","78006"
"11294","Oak Tree Apartments","Davidson Properties, Inc","78242"
"11071","The Place at Commerce","Davidson Properties, Inc","78220"
"12204","#LoveDelivered - Valentine Campaign","Day 1 Bags","78006"
"12203","A Serenity Activity Pack - ASAP","Day 1 Bags","78006"
"12205","Adopt a High School Senior from Foster Care","Day 1 Bags","78006"
"12202","Day 1 Bags Program","Day 1 Bags","78006"
"12206","Do You Sew?","Day 1 Bags","78006"
"15339","Counseling and Consultation Services","Day of Birth, LLC","78270"
"303","Peer to Peer Meetings","DBSA San Antonio","78229"
"8153","Program Support & Sponsorship","DBSA San Antonio","78229"
"17945","Round Rock Support Group","DBSA San Antonio",
"6630","Spiritual Services","Dedicated Baptist Church","78220"
"13762","Individual Art Therapy/Counseling","Deep in the Art of Texas Therapy",
"14546","Spiritual Services","Deeper Life Bible Church San Antonio","78230"
"13026","Psychiatry Services","Deer Oaks Behavioral Health","78240"
"13028","Psychology Services","Deer Oaks Behavioral Health","78240"
"13030","Tele-Behavioral Health Services","Deer Oaks Behavioral Health","78240"
"12661","Del Rio 1st Branch","Del Rio Meetinghouse of The Church of Jesus Christ of Latter-day Saints","78840"
"12662","Del Rio 3rd Branch","Del Rio Meetinghouse of The Church of Jesus Christ of Latter-day Saints","78840"
"13135","Disaster Response","Del Rio Meetinghouse of The Church of Jesus Christ of Latter-day Saints","78840"
"2438","Food Pantry","Dellcrest Church of Christ","78220"
"5799","Spiritual Services","Dellcrest Church of Christ","78220"
"10497","Mother's Day Out","Dellview Baptist Church","78213"
"4227","Spiritual Services","Dellview Baptist Church","78213"
"13548","Get Involved","Delta Pet Partners of San Antonio","78209"
"13549","PAWSitive Reading Program","Delta Pet Partners of San Antonio","78209"
"17513","Dental Crowns","Dentistry for Little Folks","78254"
"17511","Emergency Services","Dentistry for Little Folks","78254"
"17512","Pediatric Services","Dentistry for Little Folks","78254"
"17514","Sedation Dentistry","Dentistry for Little Folks","78254"
"17510","Special Needs Dentistry","Dentistry for Little Folks","78254"
"16047","Counseling Services","DePelchin Children's Center","78130"
"16048","Family Resource Centers - San Antonio","DePelchin Children's Center","78219"
"10736","Foster Care","DePelchin Children's Center","78130"
"16046","Kinship Care","DePelchin Children's Center","78130"
"16045","Residential Services","DePelchin Children's Center","78130"
"18730","Aesthetician Dermatology","Dermatology San Antonio","78023"
"18729","Cosmetic Dermatology","Dermatology San Antonio","78023"
"18732","Dermatology San Antonio (Spring Branch location)","Dermatology San Antonio","78070"
"18731","Medical and Surgical Dermatology","Dermatology San Antonio","78023"
"16106","eLearning","Described and Captioned Media Program",
"13243","Mammos on the Move (MOM)—Presidio","Desert Imaging","79845"
"17687","Couples Counseling","Desta Therapy","78232"
"17689","Desta Provisions","Desta Therapy","78232"
"17688","Group Therapy","Desta Therapy","78232"
"17686","Individual Counseling","Desta Therapy","78232"
"10757","Spiritual Services","Destiny Community Church","78237"
"16894","Deterra System Resources","Deterra® Drug Deactivation and Disposal System",
"19748","Pediatric Services","Developing Minds Pediatric Consultants, PLLC","78231"
"18703","Counseling and Psychotherapy for Individuals and Families","Devine Counseling and Wellness Associates LLC","78016"
"8601","Devine Food Pantry","Devine Food Pantry Ministry","78016"
"8769","Volunteer Opportunities","Devine Food Pantry Ministry","78016"
"16624","Adult Care","Diabetes & Glandular Disease Clinic","78229"
"16622","Diabetes Care","Diabetes & Glandular Disease Clinic","78229"
"16623","Pediatric Care","Diabetes & Glandular Disease Clinic","78229"
"16625","Specialized Care","Diabetes & Glandular Disease Clinic","78229"
"7394","Spiritual Services","Dignowity Hill Christian Center formally Grady Memorial Church of God in Christ","78202"
"15841","Couples & Family Counseling","Dina Abdelrahman, LPC, MA",
"15837","Individual Counseling","Dina Abdelrahman, LPC, MA",
"4127","Spiritual Services","Dios Es Amor","78207"
"17860","Primary Care - Barlite Location","Direct Med Clinic","78224"
"17859","Primary Care - Blanco Location (HQ)","Direct Med Clinic","78213"
"19474","Adaptive Clothing for Disabilities","Disability Resources, Inc",
"15863","Accessibility","Disability Rights Texas","78213"
"7937","Advocacy Services","Disability Rights Texas","78213"
"15866","Community Living","Disability Rights Texas","78213"
"9156","Disaster Preparedness and Recovery","Disability Rights Texas","78213"
"15868","Education Resources","Disability Rights Texas","78213"
"15869","Employment and VR Services","Disability Rights Texas","78213"
"9154","Healthcare Resources","Disability Rights Texas","78213"
"9155","Housing Advocacy for People with Disabilities","Disability Rights Texas","78213"
"15870","Institutional Rights and Civil Liberties","Disability Rights Texas","78213"
"15871","Transportation","Disability Rights Texas","78213"
"9153","Volunteer Opportunities","Disability Rights Texas","78213"
"19397","Developmental Disability News","Disability Scoop",
"15371","CLASS Waver Services","Disability Services of the Southwest (DSSW)","78201"
"19332","Community Living Assistance and Support Services (CLASS)","Disability Services of the Southwest (DSSW)","78201"
"15375","Consumer Directed Services (CDS)","Disability Services of the Southwest (DSSW)",
"15373","Deaf-Blind with Multiple Disabilities (DBMD)","Disability Services of the Southwest (DSSW)","78201"
"15374","Primary Home Care (PHC)","Disability Services of the Southwest (DSSW)","78201"
"15663","Community Advancement in San Antonio","disABILITYsa","78212"
"2768","Connect and Collaborate","disABILITYsa",
"2779","disABILITYsa Creative Services","disABILITYsa","78212"
"13587","Mobile Changing Unit (MCU)","disABILITYsa",
"2640","Service and Leadership","disABILITYsa","78212"
"8154","Volunteer Opportunities","disABILITYsa","78212"
"18736","Energize Disabled Through Arts","Disabled Artists Foundation, Inc (dAFi)",
"9270","Discover Love Thru Art","Discover Love Thru Art","78207"
"18181","Discovery Kids Day Out","Discovery Church","78108"
"7978","Spiritual Services","Discovery Church","78108"
"14830","Discovery Village at Dominion Independent  Living","Discovery Senior Living","78256"
"14831","Senior Independent Living at Discovery Senior Living Dominion","Discovery Senior Living","78256"
"19102","Toys for Autism, Special Needs Children and Adults","Discovery Toys",
"19679","Adult Dayhab Services","Discovery Zone Dayhab","78223"
"20089","Advocacy","Diverse Elders Coalition",
"19449","The DRA Center","Diversity Recovery Alliance","78201"
"19002","Pre-K at Divide Elementary School","Divide Independent School District","78058"
"13619","Children & Adolescent Counseling","Divine Counseling Services","76710"
"13617","Couples Counseling","Divine Counseling Services","76710"
"13618","Individual Counseling","Divine Counseling Services","76710"
"6045","Spiritual Services","Divine Providence Catholic Church","78242"
"10817","Spiritual Services","Divine Redeemer Presbyterian Church","78207"
"14818","Adoption","Divinity Family Services","78028"
"14817","Foster Care","Divinity Family Services","78028"
"14816","Kinship Care","Divinity Family Services","78028"
"14819","Resources","Divinity Family Services","78028"
"14429","The Row","DJE Texas Management Group","78249"
"7060","Spiritual Services","Dominion Church of God in Christ","78220"
"19599","Summer Junior Camp","Dominion Country Club","78257"
"7960","Beyond Limits: Sensory Friendly Program","DoSeum","78209"
"18798","Camps","DoSeum","78209"
"7965","Free Family Nights","DoSeum","78209"
"20074","Grandparents Appreciation Month","DoSeum","78209"
"7964","Little Doers Preschool","DoSeum","78209"
"18795","Programs","DoSeum","78209"
"9157","Volunteer Opportunities","DoSeum","78209"
"18977","The Doss School","Doss School District","78618"
"19680","Adult Day Hab Services","Doves Haven Day Program","78216"
"10517","A.B.L.E.","Down Syndrome Association of South Texas","78213"
"6753","ACE Tutoring","Down Syndrome Association of South Texas","78213"
"9169","Club Night","Down Syndrome Association of South Texas","78213"
"6754","Dads Appreciating Down Syndrome (D.A.D.S.)","Down Syndrome Association of South Texas","78213"
"9176","Down Syndrome Educational, Health, and Government Resources","Down Syndrome Association of South Texas",
"15385","Family Fun Day","Down Syndrome Association of South Texas","78213"
"19690","Friend Connection","Down Syndrome Association of South Texas","78213"
"9171","Kid's Connection","Down Syndrome Association of South Texas","78213"
"6755","Moms Offering Moms Support (M.O.M.S.)","Down Syndrome Association of South Texas",
"9172","Music and Movement","Down Syndrome Association of South Texas","78213"
"6752","New and Expectant Parent Support","Down Syndrome Association of South Texas","78213"
"15380","Open Play","Down Syndrome Association of South Texas","78213"
"15384","Parent 2 Parent Mentors (Mentor Training)","Down Syndrome Association of South Texas","78213"
"9173","Parent Education Sessions","Down Syndrome Association of South Texas","78213"
"9174","Racquets Up! Tennis Club","Down Syndrome Association of South Texas","78223"
"6757","Sibling Support","Down Syndrome Association of South Texas",
"15387","Sibshops","Down Syndrome Association of South Texas","78213"
"6756","Spanish Support Group","Down Syndrome Association of South Texas","78213"
"9170","Tambo Rhythms Hybrid Drum Circle","Down Syndrome Association of South Texas","78213"
"15381","Teen Social","Down Syndrome Association of South Texas","78213"
"9175","Volunteer Opportunities","Down Syndrome Association of South Texas","78213"
"15382","Zumba","Down Syndrome Association of South Texas","78213"
"8576","Psychotherapy & Medication Management Services","Dr Gisela Triana","78229"
"8341","Counseling Services","Dr Michael Berler, PhD","78212"
"15388","Therapy Services","Dr Nicola, Psychotherapist",
"8343","Counseling Services","Dr Ramon Sanchez, MD","78205"
"16073","Group Therapy","Dr. Hernandez and Associates PLLC","78023"
"16074","Immigration Evaluations","Dr. Hernandez and Associates PLLC","78023"
"16072","Individual Counseling","Dr. Hernandez and Associates PLLC","78023"
"16075","Military and Career","Dr. Hernandez and Associates PLLC","78023"
"15386","Therapy Services","Dr. Jeremy Carter",
"12744","TMS Therapy","Dr. Melissa Quinn, MD","78249"
"16079","Therapy Services","Dr. Sadeq Rahimi PhD, MSc, (TcPsy)",
"8292","Couples Therapy","Dr. Tim Peterson, PsyD","78209"
"8291","Individual Therapy","Dr. Tim Peterson, PsyD","78209"
"8290","Psychological Assessments","Dr. Tim Peterson, PsyD","78209"
"2271","DreamWeek Volunteer","DreamVoice LLC","78205"
"733","Career Center","Dress for Success San Antonio","78207"
"16029","Employment Retention (Going Places Network)","Dress for Success San Antonio","78207"
"16028","Job Training","Dress for Success San Antonio","78207"
"730","Suiting","Dress for Success San Antonio","78207"
"8174","Volunteer Opportunities","Dress for Success San Antonio","78207"
"12005","Call for Sponsors","Driving Single Parents Incorporated","78204"
"12262","Drug Awareness","Drug Free Comfort",
"12263","Helpful Links","Drug Free Comfort",
"20221","San Antonio Pre Employment Drug Testing","Drug Test San Antonio","78222"
"17659","ADA Amenities","Drury Plaza Hotel San Antonio Riverwalk","78205"
"17660","Free WI-FI Hotspot - Riverwalk Location","Drury Plaza Hotel San Antonio Riverwalk","78205"
"19366","Sober-Living Housing Grants","Dustin's House Foundation",
"20313","Alcohol Education Program for Minors (AEPM)","DWI and Drug Education Court Programs","78229"
"20311","Drug Offender Education Program (DOEP)","DWI and Drug Education Court Programs","78229"
"20310","DWI Education (DWI-E)","DWI and Drug Education Court Programs","78229"
"20312","DWI Intervention (DWI-I)","DWI and Drug Education Court Programs","78229"
"20314","Victim Impact Panel - Live","DWI and Drug Education Court Programs","78229"
"15781","Dysgraphia and Writing Instruction","Dysgraphia Life",
"15780","Dysgraphia Webinar Series","Dysgraphia Life",
"13249","Coaching","E-motion Wellness™ Therapy Center","78216"
"13248","Family Support","E-motion Wellness™ Therapy Center","78216"
"16146","Individual IOP","E-motion Wellness™ Therapy Center","78216"
"13247","Individual Therapy","E-motion Wellness™ Therapy Center","78216"
"12855","Career Opportunities with E.Q.U.I.P.","E.Q.U.I.P. Enterprises",
"893","Adult Basic Education — Eastside Learning Center","Each One Teach One San Antonio","78220"
"884","Adult Basic Education — Firehouse","Each One Teach One San Antonio","78201"
"902","English as a Second Language (ESL) — Eastside Learning Center","Each One Teach One San Antonio","78220"
"885","English as a Second Language (ESL) — Firehouse","Each One Teach One San Antonio","78201"
"887","High School Prep —  Eastside Learning Center","Each One Teach One San Antonio","78220"
"883","High School Prep —  Firehouse","Each One Teach One San Antonio","78201"
"7046","Volunteer Opportunities","Each One Teach One San Antonio","78201"
"13136","Disaster Response","Eagle Pass Meetinghouse of The Church of Jesus Christ of Latter-day Saints","78852"
"12665","Eagle Pass Branch","Eagle Pass Meetinghouse of The Church of Jesus Christ of Latter-day Saints","78852"
"2522","Baby Moses Law Information Point","Eagles Flight Advocacy & Outreach","78006"
"10672","Eagles Flight Advocacy and Outreach Southside","Eagles Flight Advocacy & Outreach","78211"
"7947","Empowerment Services","Eagles Flight Advocacy & Outreach","78006"
"2521","Special Needs Advocacy and Assistance","Eagles Flight Advocacy & Outreach","78006"
"2520","Summer Animal Therapy","Eagles Flight Advocacy & Outreach","78006"
"16518","The Nest","Eagles Flight Advocacy & Outreach","78216"
"16806","Volunteer and Support Opportunities","Eagles Flight Advocacy & Outreach","78211"
"19176","Hearing Testing and Services","Ear Institute of Texas","78258"
"19177","The Voice and Swallowing Institute - Laryngology","Ear Institute of Texas","78258"
"18295","Best Place for Working Parents initiative","Early Matters San Antonio",
"18290","Family Resources","Early Matters San Antonio",
"18291","Resources for Advocates and Businesses","Early Matters San Antonio",
"18294","Resources for Educators and Providers","Early Matters San Antonio",
"20484","EAB @ the Y","Earn A Bike San Antonio",
"20485","EAB @ VIDA","Earn A Bike San Antonio",
"19010","Earn a Bike at Summer","Earn A Bike San Antonio",
"19009","Earn-A-Bike at School","Earn A Bike San Antonio",
"19011","Volunteer","Earn A Bike San Antonio",
"15389","Treatment & Counseling Services","Earnell McGhaney",
"4037","WiFi Access","East Central Independent School District (ECISD)","78263"
"6746","Spiritual Services","East End Baptist Church","78219"
"7147","Spiritual Services","East End Church of God in Christ","78202"
"15644","Spiritual Services","East Gate Spanish Seventh Day Adventist Church","78219"
"4467","Spiritual Services","East St Matthew Baptist Church","78220"
"5806","Spiritual Care","East St Paul United Methodist Church","78210"
"19597","Adult Services - New Beginings","Easterseals Rehabilitation Center, Inc","78229"
"2632","Early Childhood Intervention (ECI)","Easterseals Rehabilitation Center, Inc","78229"
"2633","Employment and Job Training for People with Disabilities","Easterseals Rehabilitation Center, Inc","78229"
"19604","Family Engagement","Easterseals Rehabilitation Center, Inc","78229"
"20420","game4access","Easterseals Rehabilitation Center, Inc",
"8051","Volunteer Opportunities","Easterseals Rehabilitation Center, Inc","78229"
"6773","Spiritual Services","Eastwood Community Missionary Baptist Church","78220"
"1404","Clear Your Record","Easy Expunctions","78216"
"898","Adult Virtual Eating Disorder Treatment","Eating Recovery Center","78209"
"897","Intensive Outpatient Program for Adults with Eating Disorders","Eating Recovery Center","78209"
"896","Partial Hospitalization Program for Adults with Eating Disorders","Eating Recovery Center","78209"
"913","Pathlight Mood & Anxiety Center","Eating Recovery Center","78209"
"4193","Spiritual Services","Ebenezer Baptist Church","78201"
"4775","Spiritual Services","ECC Southtown / Emanuel Community Church","78214"
"4204","Spiritual Study Groups","ECK Temple of South Texas","78201"
"18733","Services and Amenities","Eden Supportive Living","78626"
"6592","Spiritual Services","Edgewood Baptist Church","78226"
"15310","Burleson School for Innovation and Education","Edgewood Independent School District","78237"
"19464","Adult Day Programs","Educare Community Living Corporation","78219"
"13177","Adult Foster Care / Host Home","Educare Community Living Corporation","78219"
"19299","Community Living Assistance and Support Services (CLASS)","Educare Community Living Corporation","78219"
"13183","Day Programs and Activities","Educare Community Living Corporation","78219"
"13178","Group Homes","Educare Community Living Corporation","78219"
"13184","Health and Behavioral Services","Educare Community Living Corporation","78219"
"13180","Intermediate Care Facilities","Educare Community Living Corporation","78219"
"13182","Periodic & Supported Living Services","Educare Community Living Corporation","78219"
"13181","Supported Employment & Job Placement","Educare Community Living Corporation","78219"
"4743","Head Start at Alkek Elementary School","Education Service Center, Region 20","78003"
"4786","Head Start at Big Country Elementary School","Education Service Center, Region 20","78245"
"4787","Head Start at Bob Hope Elementary School","Education Service Center, Region 20","78211"
"4745","Head Start at Ciavarry Elementary School","Education Service Center, Region 20","78016"
"4761","Head Start at Colonel Miguel Menchaca Early Childhood Center","Education Service Center, Region 20","78264"
"4788","Head Start at Elm Creek Elementary School","Education Service Center, Region 20","78002"
"4789","Head Start at Hidden Cove Elementary School","Education Service Center, Region 20","78242"
"4744","Head Start at Hill Country Elementary School","Education Service Center, Region 20","78063"
"4752","Head Start at Howard Early Childhood Center","Education Service Center, Region 20","78209"
"4790","Head Start at Indian Creek Elementary School","Education Service Center, Region 20","78242"
"4792","Head Start at Kriewald Road Elementary School","Education Service Center, Region 20","78245"
"4749","Head Start at Lytle Primary School","Education Service Center, Region 20","78052"
"4793","Head Start at Medio Creek Elementary School","Education Service Center, Region 20","78252"
"4748","Head Start at Meyer Elementary School","Education Service Center, Region 20","78861"
"4746","Head Start at Natalia Early Childhood Center","Education Service Center, Region 20","78059"
"4718","Head Start at Pleasanton Primary School","Education Service Center, Region 20","78065"
"4794","Head Start at Sky Harbour Elementary School","Education Service Center, Region 20","78242"
"4751","Head Start at Somerset Early Childhood Center","Education Service Center, Region 20","78069"
"4795","Head Start at Southwest Elementary School","Education Service Center, Region 20","78252"
"4796","Head Start at Spicewood Park Elementary School","Education Service Center, Region 20","78224"
"4797","Head Start at Sun Valley Elementary","Education Service Center, Region 20","78227"
"14712","Retama Manor Nursing Center/San Antonio West","Eduro Healthcare","78237"
"13933","Inn at Westover Hills","Eenhoorn Property Management, LLC","78245"
"14318","Spiritual Services","El  Rapto Church","78237"
"5801","Primary Care for Adults","El Bari Community Health Center","78249"
"9566","Spiritual Services","El Camino Bible Church","78238"
"6671","Spiritual Services","El Manantial Baptist Church","78209"
"6774","Spiritual Services","El Pabellon Del Jubileo Church","78148"
"10206","Story Time with Miss Martha","El Progreso Memorial Library","78801"
"4198","Spiritual Services","El Salvador Assembly of God Church","78212"
"6387","Spiritual Services","El Templo Cristiano Assembly of God Church","78207"
"19764","In-Home Care Services – San Antonio","Elara Caring","78229"
"19787","In-Home Hospice Care – New Braunfels","Elara Caring","78130"
"19788","Resources","Elara Caring",
"19792","Volunteer at Elara Caring – New Braunfels","Elara Caring","78130"
"19791","Volunteer at Elara Caring – San Antonio","Elara Caring","78229"
"19784","Help for Hospice Patients & Families","Elara Caring Hospice Foundation","49204"
"19785","Resources","Elara Caring Hospice Foundation","49204"
"19786","Volunteer & Support Opportunities","Elara Caring Hospice Foundation","49204"
"14975","Hospice Care","Elegant Hospice Care","78249"
"14976","Respite Care","Elegant Hospice Care","78249"
"18723","Classes at Elevate Adult Education","Elevate Adult Education","78028"
"1878","Anita's Food Pantry","Elevate Ministries","78221"
"14","L.I.F.T Leadership CLasses","Elevate Ministries","78221"
"13","Love In Action Community Outreach","Elevate Ministries","78221"
"6866","Spiritual Services","Elevate Ministries","78221"
"15907","Elijah Monsivais, MA, LPC — Counseling Services","Elijah Monsivais, LPC",
"9955","Intensive Outpatient Program - IOP","Elite Counseling","78207"
"9954","Supportive Outpatient Program - SOP","Elite Counseling","78207"
"13335","Direct Primary Care","Elite Family Care","78216"
"737","Early Child Development","Ella Austin Community Center","78219"
"8175","Program Support & Sponsorship","Ella Austin Community Center","78219"
"17341","Reading Program","Ella Austin Community Center","78219"
"736","Senior Services Program","Ella Austin Community Center","78219"
"17113","Spiritual Services","Elmendorf First Baptist Church","78112"
"18891","Daycare Program","Eloina Martinez-Rios Home Daycare","78624"
"19391","Eluna Camps","Eluna",
"19386","Find Support","Eluna",
"19387","How to Help","Eluna",
"13909","Legacy Oaks","EM Ellis Realty","78154"
"12568","Food Pantry","Emanuel United Methodist Church","78228"
"11917","Small Groups and Ministries to the Community","Emanuel United Methodist Church","78228"
"7114","Spiritual Services","Emanuel United Methodist Church","78228"
"11121","Henley Park (formerly Park at Colonnade)","Embark Capital","78229"
"6813","Spiritual Services","Embassy Christian Center","78216"
"12705","Children/Teen Counseling","Embrace Counseling","76712"
"12707","Women's Counseling","Embrace Counseling","76712"
"8701","Spiritual Services","Embrace! Church of San Antonio","78201"
"13977","MELA Luxury Apartments","EMBREY","78210"
"14345","Slate Creek At Westover Hills","EMBREY","78251"
"14925","Emerald Cottages at New Braunfels","Emerald Cottages","78132"
"11514","Alamo Estates Apartments","Emerge Living","78218"
"10383","Mental and Behavioral Health Support","Emmanuel AME Church","78220"
"6614","Spiritual Services","Emmanuel AME Church","78220"
"6302","Spiritual Services","Emmanuel Baptist Church","78220"
"10452","Mental and Behavioral Health Support","Emmanuel Pentecostal Church of God in Christ","78220"
"8178","Spiritual Services","Emmanuel Presbyterian Church","78225"
"17684","ADHD and Autism Evaluations","Emora Health",
"17685","Virtual Counseling Services","Emora Health",
"13765","Calgary EA Newcomers-Virtual","Emotions Anonymous",
"17281","Carrier Pathways","Employ 210","78207"
"19634","Disability and Inclusion FAQs","Employer Assistance and Resource Network on Disability (EARN)",
"16458","ABA Feeding Therapy and Intervention","Empower Behavioral Health","78254"
"16466","ABA Feeding Therapy and Intervention (Far West location)","Empower Behavioral Health","78251"
"16461","ABA Feeding Therapy and Intervention (Stone Oak location)","Empower Behavioral Health","78260"
"16449","Full-Time ABA Day Program","Empower Behavioral Health","78254"
"16464","Full-Time ABA Day Program (Far West location)","Empower Behavioral Health","78251"
"16463","Full-Time ABA Day Program (Stone Oak location)","Empower Behavioral Health","78260"
"16457","Part-Time Focused ABA Therapy","Empower Behavioral Health","78254"
"16465","Part-Time Focused ABA Therapy (Far West location)","Empower Behavioral Health","78251"
"16462","Part-Time Focused ABA Therapy (Stone Oak location)","Empower Behavioral Health","78260"
"16459","Toilet Training Sessions","Empower Behavioral Health","78254"
"16467","Toilet Training Sessions (Far West location)","Empower Behavioral Health","78251"
"16460","Toilet Training Sessions (Stone Oak location)","Empower Behavioral Health","78260"
"4138","Community Health Program - Donaldson Ave Location","Empower House","78201"
"20194","Community Health Program -Drexel Ave Location","Empower House","78210"
"20193","Community Health Program -Lockwood (Youth Center) Location","Empower House","78202"
"17683","Empower Choice - Healthy Moms, Strong Babies","Empower House","78201"
"15133","Empower Connects","Empower House","78201"
"4142","Empower House 101.5","Empower House","78201"
"4136","Empower House Youth","Empower House","78202"
"20486","Financially Fit Friday","Empower House","78201"
"8512","Get Involved","Empower House","78201"
"4140","Restorative Justice and Community Circles","Empower House","78202"
"20491","Workforce Wednesday","Empower House",
"13520","Individuals","Empowered Wellness Connections, PLLC",
"13521","Maternal Health","Empowered Wellness Connections, PLLC",
"13522","Relationships","Empowered Wellness Connections, PLLC",
"13786","Volunteer Opportunities","Empowering Women Out of Prison (EWOP)","78644"
"6624","Spritual Services","Empowerment Fellowship","78218"
"4474","Spiritual Services","Empowerment Grace Christian Center","78210"
"20461","Home Health Care Services","En Su Casa In-Home Caregivers","78204"
"20462","Home Health Care Services - Uvalde Location","En Su Casa In-Home Caregivers","78801"
"17198","Portable Dental and Hygiene Services","Enable Dental","78701"
"17201","Teledentistry Services","Enable Dental",
"8806","Food Pantry","Enchantment Living HHC LLC","78219"
"8807","Home and Community Based Services (HCBS)","Enchantment Living HHC LLC","78219"
"1266","Alamo Area Stroke Support Group","Encompass Health","78240"
"19965","Occupational Therapy","Encompass Health","78240"
"19964","Physical Therapy","Encompass Health","78240"
"19966","Speech Therapy","Encompass Health","78240"
"939","Endeavors Unlimited","Endeavors, Inc","78249"
"17855","Homelessness Prevention Program","Endeavors, Inc","78249"
"616","Steven A. Cohen Military Family Clinic","Endeavors, Inc","78249"
"5891","Supportive Housing Program","Endeavors, Inc","78249"
"936","The Fairweather Lodge (FWL)","Endeavors, Inc","78249"
"934","Veteran Supportive Services","Endeavors, Inc","78230"
"16530","Volunteer & Support Opportunities","Endeavors, Inc","78249"
"14116","Youth Resiliency Project (YRP)","Endeavors, Inc","78249"
"17976","Home Safety Services - San Antonio","Enduring Home Solutions",
"13049","Outpatient Program","Enlightened Behavioral Health Systems","78213"
"13033","Partial Hospitalization Program (PHP)","Enlightened Behavioral Health Systems","78213"
"14863","Graceland at Garden Ridge","Enriched Senior Living","78266"
"14381","New Forest Haven","Enriched Senior Living","78229"
"16588","Free & Impartial Assistance Services","Enrollment Assistance Program (EAP)",
"12704","Become Our Partner","EnrollSA","78221"
"17489","Enroll In-Person - Berto Guerra Clinic","EnrollSA","78242"
"17490","Enroll In-Person - Family Medicine","EnrollSA","78130"
"17485","Enroll In-person - Noemi Galvan Eling Medical Clinic","EnrollSA","78218"
"17488","Enroll In-Person - Palo Alto Clinic","EnrollSA","78224"
"17487","Enroll In-Person - South Park Clinic","EnrollSA","78211"
"17491","Enroll In-Person - Southside Clinic","EnrollSA","78221"
"17486","Enroll In-Person - Zarzamora St","EnrollSA","78211"
"12702","Get Bexar Covered","EnrollSA",
"12703","Volunteer","EnrollSA","78221"
"14556","Parklane West Healthcare Center","EnSign Group","78209"
"14380","Patriot Heights","EnSign Group","78240"
"11191","Elm Creek Apartments","Entrata, Inc","78231"
"13898","Legacy Heights Apartments","Entrata, Inc","78209"
"11114","Swaying Oaks Apartments","Entrata, Inc","78227"
"18523","Private Duty Nursing","Entrusted Pediatric Home Care","78228"
"20467","Smart Glasses for People who are Blind or Low Vision","Envision",
"13716","Gardens at Clearwater Active Senior Living","Envolve, LLC","78028"
"13866","Landa Place Senior Apartments","Envolve, LLC","78130"
"6570","Spiritual Services","Ephesus Missionary Baptist Church","78227"
"6674","Spiritual Services","Ephesus Seventh Day Adventist","78220"
"17861","Epic Urgent Care - Central San Antonio","Epic Pain Management / Epic Urgent Care","78217"
"17862","Epic Urgent Care - Medical Center","Epic Pain Management / Epic Urgent Care","78229"
"17864","Epic Urgent Care - South Side","Epic Pain Management / Epic Urgent Care","78224"
"17865","Epic Urgent Care - Stone Oak","Epic Pain Management / Epic Urgent Care","78258"
"17863","Epic Urgent Care -Shavano Park","Epic Pain Management / Epic Urgent Care","78231"
"7988","Camp Brainstorm","Epilepsy Foundation","78217"
"15586","Men's Retreat","Epilepsy Foundation","78217"
"7986","Project Uplift","Epilepsy Foundation",
"7992","Volunteer","Epilepsy Foundation","78217"
"15587","Women's Retreat","Epilepsy Foundation","78217"
"15588","Young Adult Retreat","Epilepsy Foundation","78217"
"5812","Prayer Canopy","Epworth United Methodist Church","78223"
"4648","Spiritual Services","Epworth United Methodist Church","78223"
"15718","Individual Therapy","Erna Castrejon Mills, LMFT","78260"
"15719","Marriage and Family Therapy","Erna Castrejon Mills, LMFT","78260"
"15723","Professional Consultation","Erna Castrejon Mills, LMFT","78260"
"15722","Support Groups","Erna Castrejon Mills, LMFT","78260"
"2440","Food Pantry","Ernest T Dixon United Methodist Church","78222"
"8721","Spiritual Services","Ernest T Dixon United Methodist Church","78222"
"7701","A New Way","Esperanza Area of Narcotics Anonymous","78233"
"7721","Agape Group","Esperanza Area of Narcotics Anonymous","78028"
"16311","Any Addict","Esperanza Area of Narcotics Anonymous","78212"
"20112","Drugs Were Us","Esperanza Area of Narcotics Anonymous","78801"
"2","Easy Does It","Esperanza Area of Narcotics Anonymous","78250"
"7696","Force Group","Esperanza Area of Narcotics Anonymous","78217"
"7698","Free Today","Esperanza Area of Narcotics Anonymous","78240"
"7719","Freedom","Esperanza Area of Narcotics Anonymous","78238"
"7720","Friday Night Live","Esperanza Area of Narcotics Anonymous","78233"
"7713","Gateway to Recovery","Esperanza Area of Narcotics Anonymous","78242"
"10385","Genesis","Esperanza Area of Narcotics Anonymous","78223"
"7695","Gratitude Speaks","Esperanza Area of Narcotics Anonymous","78227"
"20111","Great Beginnings","Esperanza Area of Narcotics Anonymous","78215"
"7706","Hope @ Faith","Esperanza Area of Narcotics Anonymous","78248"
"7687","Just for the Newcomer","Esperanza Area of Narcotics Anonymous","78215"
"7700","Just for Today","Esperanza Area of Narcotics Anonymous","78238"
"7690","KGNA Group","Esperanza Area of Narcotics Anonymous","78028"
"7691","Lifeguard Group","Esperanza Area of Narcotics Anonymous","78240"
"20105","Mind & Body Shop","Esperanza Area of Narcotics Anonymous","78064"
"7709","Miracles Happen","Esperanza Area of Narcotics Anonymous","78207"
"7722","Morning Miracles","Esperanza Area of Narcotics Anonymous","78217"
"5877","NA Activity Finder","Esperanza Area of Narcotics Anonymous",
"5876","NA Virtual Meetings","Esperanza Area of Narcotics Anonymous",
"7724","New Possibilities","Esperanza Area of Narcotics Anonymous","78218"
"7717","No Matter What","Esperanza Area of Narcotics Anonymous","78228"
"10393","Nooners - A Guiding Principle Study","Esperanza Area of Narcotics Anonymous","78203"
"7686","Nooners Group","Esperanza Area of Narcotics Anonymous","78203"
"16310","Recovery at Work","Esperanza Area of Narcotics Anonymous","78217"
"7688","Recovery in the Park","Esperanza Area of Narcotics Anonymous","78212"
"7707","Road to Recovery","Esperanza Area of Narcotics Anonymous","78222"
"10395","Somos Milagros","Esperanza Area of Narcotics Anonymous","78215"
"7711","Spiritual Awakening","Esperanza Area of Narcotics Anonymous","78052"
"20103","Spiritual Journey Women's NA Meeting","Esperanza Area of Narcotics Anonymous","78233"
"20115","The Core Group","Esperanza Area of Narcotics Anonymous","78215"
"20113","The Future Is Clean","Esperanza Area of Narcotics Anonymous","78233"
"10394","The Insiders Group of Narcotics","Esperanza Area of Narcotics Anonymous","78028"
"20110","The Prism Group NA","Esperanza Area of Narcotics Anonymous","78201"
"7704","Ultimate Weapon","Esperanza Area of Narcotics Anonymous","78861"
"7710","We Believe","Esperanza Area of Narcotics Anonymous","78216"
"7705","Willing to Change","Esperanza Area of Narcotics Anonymous","78208"
"7723","Women in Unity","Esperanza Area of Narcotics Anonymous","78233"
"13530","Counseling Services","Esperanza Counseling and Care, Inc","78216"
"8240","Eating Disorder Treatment","Esperanza Eating Disorders Center","78232"
"8404","Group Therapy for Adults & Adolescents","Esperanza Eating Disorders Center","78232"
"10604","Buena Gente Volunteer","Esperanza Peace & Justice Center","78212"
"10600","Día de los Muertos","Esperanza Peace & Justice Center","78212"
"10598","Film Festivals","Esperanza Peace & Justice Center","78212"
"10603","La Voz de Esperanza","Esperanza Peace & Justice Center","78212"
"10601","Mercado de Paz, Peace Market","Esperanza Peace & Justice Center","78212"
"10593","MujerArtes Clay Cooperative","Esperanza Peace & Justice Center","78207"
"10592","Museo del Westside","Esperanza Peace & Justice Center","78207"
"10595","Noche Azul de Esperanza","Esperanza Peace & Justice Center","78212"
"10599","Paseo por el Westside","Esperanza Peace & Justice Center","78207"
"10602","Poder del Pueblo","Esperanza Peace & Justice Center","78212"
"10594","Radio Esperanza 96.5 KEPJ-LPFM - San Antonio","Esperanza Peace & Justice Center","78212"
"10596","Readings and Platicas","Esperanza Peace & Justice Center","78212"
"10597","Theater & Performance","Esperanza Peace & Justice Center","78212"
"10591","Workshops","Esperanza Peace & Justice Center","78212"
"13174","Yoga Teacher Training","Esther Vexler Yoga School","78210"
"7979","Coffee Spot","Eva's Heroes","78230"
"7977","Community Activities","Eva's Heroes","78230"
"10519","Family Activities","Eva's Heroes","78230"
"7975","Virtual Interactive Program","Eva's Heroes",
"7982","Volunteer Opportunities","Eva's Heroes","78230"
"8820","Spiritual Services","Everlasting Light Baptist Church","78214"
"6963","Spiritual Services","Evers Road Christian Church","78238"
"461","General Revenue Programs","Every Moment Matters","78245"
"462","Home and Community-based Services (HCS)","Every Moment Matters","78245"
"464","Texas Home Living Program (TxHmL)","Every Moment Matters","78245"
"18169","Senior Ministry","Everyday Christian Fellowship","78108"
"6949","Spiritual Services","Everyday Christian Fellowship","78108"
"16349","National Suicide and Crisis Lifeline","EveryMind",
"15088","Digital Learning Resources","EveryoneOn",
"15087","Low-Cost Internet Service and Affordable Computers","EveryoneOn",
"12382","Join the Movement","Everytown for Gun Safety",
"12383","Secure Gun Storage","Everytown for Gun Safety",
"13792","Career Development Services","Evolution Career Center","78249"
"13794","Postpartum Peer Mentorship","Evolution Career Center","78023"
"13793","VA Disability Ratings and Appeals / Veterans Preference","Evolution Career Center","78249"
"17440","Adult Services","Evolve Wellness Center LLC","78249"
"17441","Immigration Psychological Evaluation","Evolve Wellness Center LLC","78249"
"19640","Adult Day Services","Exclusive Adult Daycare","78238"
"6722","Spiritual Services","Exhortation Worship Center","78218"
"14322","Spiritual Services","Expect A Miracle Church","78228"
"9406","Eye Health Information for Adults Over 65","EyeCare America",
"9407","No-Cost Eye Exams - Glaucoma Program","EyeCare America",
"18761","Eyelid and Facial Plastic Surgery Associates (Marble Falls location)","Eyelid and Facial Plastic Surgery Associates","78654"
"15929","School and Job Training Services","FACT Institute, Inc","78217"
"16033","Housing Counseling","Fair Housing Council of South Texas","78228"
"11110","Bonito Parque Apartments (formerly Rosemont at Bethel Place)","Fairfield Residential","78237"
"11196","The Sorento Apartments","Fairfield Residential","78201"
"12322","Faith & Funky Junk Thrift Shop","Faith & Funky Junk","78006"
"6622","Spiritual Services","Faith Assembly of God Church","78240"
"6775","Spiritual Services","Faith Baptist Church","78220"
"10482","House of Discipleship","Faith Based Institute","78227"
"10483","Sarah's House","Faith Based Institute","78227"
"10484","Spiritual Services","Faith Based Institute","78227"
"4819","Spiritual Services","Faith Bible Church","78221"
"8179","Program Support & Sponsorship","Faith Bound Street Ministry, Inc.","78217"
"2455","Volunteer with Faith Bound Street Ministry","Faith Bound Street Ministry, Inc.","78217"
"16614","Resources","Faith Inclusion Network",
"9232","Feeding San Antonio's Homeless Community","Faith Kitchen","78207"
"17357","Volunteer and Support Opportunities","Faith Kitchen","78207"
"13888","Spiritual Services","Faith Lutheran Church","78247"
"6776","Spiritual Services","Faith Missionary Baptist Church","78218"
"6312","Spiritual Services","Faith Orthodox Baptist Church","78211"
"16537","Forerunner Children","Faith Outreach Center International","78228"
"10781","Spiritual Services","Faith Outreach Center International","78228"
"14337","Spiritual Services","Faith Presbyterian Church","78248"
"16134","Spiritual Services","Faithwalk Fellowship San Antonio","78259"
"16005","Families Empowered (San Antonio)","Families Empowered","78263"
"19126","A Guide for Independent Living for Young and Adults with Disabilities","Families Helping Families of Greater New Orleans",
"12090","Adult Counseling Services-Domestic Violence","Family Abuse Center","76702"
"12091","Children's Counseling Group-Domestic Violence","Family Abuse Center","76702"
"12096","Children's Counseling Services-Domestic Violence","Family Abuse Center","76702"
"11798","Family Abuse Center Shelter","Family Abuse Center","76702"
"11797","HOPES","Family Abuse Center","76710"
"12087","Hotline-Family Abuse Center","Family Abuse Center",
"12097","Outreach Services","Family Abuse Center","76702"
"12089","Support Groups","Family Abuse Center",
"16561","Child Play Therapy - Westover Hills","Family Care Center","78253"
"16560","Children and Teens Therapy - Westover Hills","Family Care Center","78253"
"16559","Couples/ Marriage Counseling - Westover Hills","Family Care Center","78253"
"16538","Family Care Center (Alamo Heights location)","Family Care Center","78209"
"16557","Family Care Center (New Braunfels location)","Family Care Center","78130"
"18026","Family Care Center (Stone Oak location)","Family Care Center","78258"
"16562","Family Therapy and Counseling - Westover Hills","Family Care Center","78253"
"16563","Financial Assistance Program","Family Care Center",
"16558","Individual Therapy - Westover Hills","Family Care Center","78253"
"16564","Medication Management - Westover Hills","Family Care Center","78253"
"16566","Military and Veterans Mental Health - Westover Hills","Family Care Center","78253"
"16565","Transcranial Magnetic Stimulation (TMS) - Westover Hills","Family Care Center","78253"
"18055","Marriage and Family","Family Christian Church","78247"
"6358","Spiritual Services","Family Christian Church","78247"
"4106","Crisis Hotline","Family Connections Counseling",
"13575","Family Crisis Center of the Big Bend—Alpine","Family Crisis Center of the Big Bend","79830"
"13302","Family Crisis Center of the Big Bend—Presidio","Family Crisis Center of the Big Bend","79845"
"13304","Family Crisis Center of the Big Bend—Terlingua","Family Crisis Center of the Big Bend","79852"
"4773","Spiritual Services","Family Deaf Church",
"16893","Crisis Intervention Program","Family Life Center of New Braunfels","78130"
"10426","Mental Health Ministries","Family Life International Ministries","78218"
"6781","Spiritual Services","Family Life International Ministries","78218"
"18691","Services/Specialties","Family Practice Allergy","78624"
"1348","The Way Home","Family Promise of Greater New Braunfels","78131"
"8180","Volunteer Opportunities","Family Promise of Greater New Braunfels","78131"
"17228","Webinars","Family Resource Network",
"1786","Behavioral Health Counseling at Family Service Crystal City","Family Service","78839"
"10217","Counseling at Family Service Uvalde - Main St.","Family Service","78801"
"1749","Counseling Services at Family Service Main Office","Family Service","78212"
"1752","Counseling Services at The Neighborhood Place","Family Service","78228"
"12932","Dual Generation","Family Service","78228"
"1672","Early Childhood Education Services at Family Services","Family Service","78212"
"14039","Early Head Start at Life Church","Family Service","78212"
"10534","Early Head Start Child Care Partnership at Carmelite Learning Center","Family Service","78203"
"1739","Early Head Start Child Care Partnership at Christian Evers Elementary School","Family Service","78251"
"10521","Early Head Start Child Care Partnership at Cody Elementary School","Family Service","78245"
"10533","Early Head Start Child Care Partnership at Converse Christian Learning Center","Family Service","78109"
"10522","Early Head Start Child Care Partnership at Driggers Elementary School","Family Service","78238"
"1743","Early Head Start Child Care Partnership at Haven for Hope","Family Service","78207"
"10524","Early Head Start Child Care Partnership at Linton Elementary School","Family Service","78238"
"10523","Early Head Start Child Care Partnership at Mary Hull Elementary School","Family Service","78227"
"1735","Early Head Start Child Care Partnership at Murray E Boone Elementary School","Family Service","78249"
"10532","Early Head Start Child Care Partnership at Pilgrim Head Start Center","Family Service","78213"
"10520","Early Head Start Child Care Partnership at SAMM Ministries","Family Service","78216"
"10542","Education & Workforce Training at Eastside Education & Training Center","Family Service","78219"
"1780","Education & Workforce Training at The Neighborhood Place","Family Service","78228"
"10541","Education & Workforce Training at Westside Education & Training Center","Family Service","78237"
"19369","Family Service Presa Community Center","Family Service","78210"
"20437","Financial Empowerment at Crystal City","Family Service","78839"
"20438","Financial Empowerment at Crystal City","Family Service","78839"
"14156","Financial Empowerment Center at Alamo College's Westside Development Training Center","Family Service","78237"
"1899","Financial Empowerment Center at Claude Black Community Center","Family Service","78203"
"1783","Financial Empowerment Center at Family Service Eastside","Family Service","78219"
"1779","Financial Empowerment Center at The Neighborhood Place","Family Service","78212"
"1682","Head Start at Christian Evers Elementary School","Family Service","78251"
"10537","Head Start at Cody Elementary School","Family Service","78245"
"1721","Head Start at Dolores B. Linton Elementary School","Family Service","78238"
"1732","Head Start at Dr Joe Ward Elementary School","Family Service","78254"
"10536","Head Start at Driggers Elementary School","Family Service","78238"
"1729","Head Start at Frances M Rhodes Elementary School","Family Service","78240"
"14038","Head Start at George Gervin - El Hombre del Hijo","Family Service","78216"
"1681","Head Start at Gregorio Esparza Elementary School","Family Service","78228"
"1677","Head Start at Henry T Brauchle Elementary School","Family Service","78250"
"1727","Head Start at JB Passmore Elementary School","Family Service","78227"
"1712","Head Start at John Glenn Elementary School","Family Service","78227"
"14040","Head Start at Life Church","Family Service","78227"
"1675","Head Start at Live Oak Head Start Center","Family Service","78233"
"10535","Head Start at Mary Hull Elementary School","Family Service","78227"
"1724","Head Start at Meadow Village Elementary School","Family Service","78227"
"1676","Head Start at Murray E Boone Elementary School","Family Service","78249"
"1674","Head Start at Pilgrim Elementary School","Family Service","78213"
"1683","Head Start at Raul B Fernandez Elementary School","Family Service","78250"
"1750","In-Home Care and Respite Services","Family Service","78212"
"1778","In-Home Personal Care Services at The Neighborhood Place","Family Service","78228"
"1744","KidShare at Family Service Northeast","Family Service","78217"
"1785","Parenting Education at Family Service Crystal City","Family Service","78839"
"1788","Parenting Education at Family Service Uvalde","Family Service","78801"
"20541","Parenting Education at Family Service Uvalde","Family Service","78801"
"19372","PCC Career and Clothing Closet","Family Service","78210"
"19373","PCC Emergency Food Pantry","Family Service","78210"
"19374","PCC Older Adult Services","Family Service","78210"
"19375","PCC Partner With Us","Family Service","78210"
"19371","PCC Youth Education Programs","Family Service","78210"
"16151","Positive Parenting Program (Triple P)","Family Service","78228"
"3670","Promotoras","Family Service","78212"
"3669","Reading Tutors","Family Service","78212"
"10212","Support for Uvalde","Family Service","78801"
"4072","The Neighborhood Place","Family Service","78228"
"8181","Volunteer Opportunities","Family Service","78212"
"20439","Workforce Development at Crystal City","Family Service","78839"
"10538","YMCA Head Start Center at Haven for Hope","Family Service","78207"
"1747","Youth Education at Family Service Eastside","Family Service","78203"
"341","24 Hour Emergency Shelter Services","Family Violence Prevention Services, (FVPS) Inc.","78209"
"10719","A Parents Journey","Family Violence Prevention Services, (FVPS) Inc.","78209"
"10720","Celebrating Families","Family Violence Prevention Services, (FVPS) Inc.","78209"
"10722","Children's Services","Family Violence Prevention Services, (FVPS) Inc.","78209"
"10723","Court & Military Liaison","Family Violence Prevention Services, (FVPS) Inc.","78205"
"3756","Domestic Violence Hotline","Family Violence Prevention Services, (FVPS) Inc.",
"8063","Give Help","Family Violence Prevention Services, (FVPS) Inc.","78209"
"342","Individual and Group Counseling for Women and Children","Family Violence Prevention Services, (FVPS) Inc.","78209"
"344","Legal Assistance","Family Violence Prevention Services, (FVPS) Inc.","78209"
"10718","Legal Assistance to Military Personnel (LAMP)","Family Violence Prevention Services, (FVPS) Inc.","78209"
"10717","Once a Child","Family Violence Prevention Services, (FVPS) Inc.","78209"
"10721","S.A.F.E. / Making Changes to Protect","Family Violence Prevention Services, (FVPS) Inc.","78209"
"5621","Violence Intervention Program/ BIPP","Family Violence Prevention Services, (FVPS) Inc.","78209"
"343","Women's Support Group","Family Violence Prevention Services, (FVPS) Inc.","78209"
"12548","Youth Advisory Council","Family Violence Prevention Services, (FVPS) Inc.",
"9254","Family1 Funeral Plans","Family1 Funeral Plans","78201"
"20131","Fastest Labs New Braunfels","Fastest Labs","78130"
"20130","Fastest Labs NW San Antonio","Fastest Labs","78249"
"20132","Fastest Labs of Seguin","Fastest Labs","78155"
"20128","Fastest Labs SE San Antonio","Fastest Labs","78218"
"20129","Fastest Labs West San Antonio","Fastest Labs","78238"
"18252","Special Needs Toys","Fat Brain Toys",
"13468","Become a Mentor Father","Fathers in the Field",
"13467","Church Partnership","Fathers in the Field",
"15523","Summer Program","Fearfully and Wonderfully Made","78108"
"19509","Grants","FEAST Homeschool Resource Center","78229"
"8788","Lifeline Phone Program for Low-Income Consumers","Federal Communications Commission (FCC)",
"6873","Feed SA Champions","Feed SA","78250"
"11558","The Canopy Apartments","fein property management","78216"
"13925","Spiritual Services","Fellowship Bible Church","78240"
"17049","Alamo FCA","Fellowship of Christian Athletes (FCA)","78249"
"17050","Fields of Faith","Fellowship of Christian Athletes (FCA)",
"17051","Texas FCA Camps","Fellowship of Christian Athletes (FCA)","78028"
"8186","Discord Activity Night","Fiesta Youth",
"8184","Fiesta Youth General Scholarship","Fiesta Youth","78213"
"10543","Fiesta Youth Young Adults Meetings","Fiesta Youth","78213"
"8185","Hector Bove Memorial Scholarship Award","Fiesta Youth","78213"
"10545","LGBTQ+ Awareness Training","Fiesta Youth","78213"
"1131","Parent Support Meeting","Fiesta Youth","78213"
"17802","Robotics Team","Fiesta Youth","78213"
"8182","Volunteer Opportunities","Fiesta Youth","78213"
"1129","Youth (Teen) Meetings","Fiesta Youth","78213"
"15645","Spiritual Services","Fil Am International Seventh Day Adventist Church","78240"
"19694","Firm Foundations","Firm Foundations",
"6400","Spritual Services","First Assembly of God","78216"
"12282","Christian Counseling","First Baptist Church - Boerne","78006"
"18206","Foster Care and Adoption","First Baptist Church - Boerne","78006"
"18205","Kids Ministries","First Baptist Church - Boerne","78006"
"18204","Marriage","First Baptist Church - Boerne","78006"
"12284","Meal Ministry","First Baptist Church - Boerne","78006"
"12285","Mothers of Preschoolers - MOPS","First Baptist Church - Boerne","78006"
"18201","Senior Ministries","First Baptist Church - Boerne","78006"
"18202","Special Needs Ministries","First Baptist Church - Boerne","78006"
"12274","Spiritual Services","First Baptist Church - Boerne","78006"
"12280","Weekday Preschool","First Baptist Church - Boerne","78006"
"18203","Youth Ministries","First Baptist Church - Boerne","78006"
"10090","Cars & Coffee","First Baptist Church - Helotes","78023"
"10091","Financial Peace University","First Baptist Church - Helotes","78023"
"10089","MIDWEEK REFUEL","First Baptist Church - Helotes","78023"
"6425","Spiritual Services","First Baptist Church - Helotes","78023"
"19104","Semi-annual Clothing Drive","First Baptist Church Fredericksburg","78624"
"6567","Spiritual Services","First Baptist Church La Vernia","78121"
"6541","Food Truck","First Baptist Church of Castroville","78009"
"6546","Home Repairs by Missions Ministry","First Baptist Church of Castroville","78009"
"6547","Mother's Day Out","First Baptist Church of Castroville","78009"
"6540","Spritual Services","First Baptist Church of Castroville","78009"
"8400","Drive Thru Food Pantry","First Baptist Church of Jourdanton","78026"
"8399","Spiritual Services","First Baptist Church of Jourdanton","78026"
"18459","GriefShare Group","First Baptist Church of Kerrville","78028"
"18460","KidsMin","First Baptist Church of Kerrville","78028"
"18473","Spiritual Services","First Baptist Church of Kerrville","78028"
"18461","Youth Ministry","First Baptist Church of Kerrville","78028"
"8414","Food Pantry","First Baptist Church of Poteet","78065"
"8403","Spiritual Services","First Baptist Church of Poteet","78065"
"9269","GriefShare","First Baptist Church of San Antonio","78215"
"1531","Heart 2 Heart Support and Recovery Groups","First Baptist Church of San Antonio","78215"
"2627","One by One: Mentoring for New Moms","First Baptist Church of San Antonio","78215"
"3455","Spiritual Services","First Baptist Church of San Antonio","78215"
"8764","By His Grace Food Pantry","First Baptist Church of Sutherland Springs","78161"
"6953","Spiritual Services","First Baptist Church of Sutherland Springs","78161"
"20481","Counseling Center","First Baptist Church of Universal City","78148"
"6478","First Baptist Academy","First Baptist Church of Universal City","78148"
"6479","GriefShare","First Baptist Church of Universal City","78148"
"6461","Open Gym","First Baptist Church of Universal City","78148"
"6462","Praise Moves","First Baptist Church of Universal City","78148"
"6460","Spiritual Services","First Baptist Church of Universal City","78148"
"10551","Wellness Reach","First Baptist Church of Universal City",
"19328","Community Living Assistance and Support Services (CLASS)","First Care Home Health Services","78660"
"6549","Spiritual Services","First Chinese Baptist Church","78240"
"9593","Spiritual Services","First Christian Church","78204"
"3445","Spiritual Services","First Church of Christ, Scientist","78215"
"9017","Spiritual Services","First Love Christian Church","78229"
"2686","First Love Homeless Ministry","First Love Church","78229"
"2688","Youth Ministry","First Love Church","78229"
"18869","Hope House Volunteer and Support Opportunities","First Methodist Church of Menard","76859"
"18695","Hope House, the Menard County Food Pantry","First Methodist Church of Menard","76859"
"18696","Menard Mission Team","First Methodist Church of Menard","76859"
"3359","Food Pantry","First Methodist Church Pleasanton","78064"
"8784","Spiritual Services","First Methodist Church Pleasanton","78064"
"4760","Spiritual Services","First Mexican Fundamental Baptist Church / Primera Iglesia Bautista Fundamental","78210"
"3406","DivorceCare","First Presbyterian Church","78205"
"8016","FPC Children's Center","First Presbyterian Church","78205"
"10556","KEYS - Older Adults Ministry","First Presbyterian Church","78205"
"408","Kingdom Restoration Lab (KRL)","First Presbyterian Church","78205"
"3444","Spiritual Services","First Presbyterian Church","78205"
"1074","Stephen Ministry","First Presbyterian Church","78205"
"1790","Children's Corner Preschool","First Presbyterian Church, Kerrville","78028"
"2297","HOPES Kitchen","First Presbyterian Church, Kerrville","78028"
"10632","Pop Up Food Market","First Presbyterian Church, Kerrville","78028"
"10631","Spiritual Services","First Presbyterian Church, Kerrville","78028"
"1353","Stephen Ministry","First Presbyterian Church, Kerrville","78028"
"2298","Y.E.S. Center","First Presbyterian Church, Kerrville","78028"
"9084","Spiritual Services","First Presbyterian Church, Seguin","78155"
"18405","Occupational Therapy","First Steps Nursing and Therapy Services","78239"
"18401","Pediatric Services","First Steps Nursing and Therapy Services","78239"
"18404","Physical Therapy","First Steps Nursing and Therapy Services","78239"
"18400","Private Duty Nursing","First Steps Nursing and Therapy Services","78239"
"18402","Speech Therapy","First Steps Nursing and Therapy Services","78239"
"6694","Gender & Sexuality Justice","First Unitarian Universalist Church",
"12049","Green Sanctuary Team","First Unitarian Universalist Church","78213"
"6696","Racial Justice Black Lives Matter Work Group","First Unitarian Universalist Church","78213"
"12051","Scholarships","First Unitarian Universalist Church","78213"
"6695","Social Justice Committee","First Unitarian Universalist Church","78213"
"6692","Spiritual Services","First Unitarian Universalist Church","78213"
"6698","TANG: Trans and Non-binary Support Group","First Unitarian Universalist Church","78213"
"19804","Sexuality Education for Adults","First Unitarian Universalist Church of San Antonio","78213"
"18145","After School Program","First United Methodist Church Boerne","78006"
"11811","FUMC Preschool","First United Methodist Church Boerne","78006"
"18148","Gospel Cafe","First United Methodist Church Boerne","78006"
"11810","Spiritual Services","First United Methodist Church Boerne","78006"
"1075","Stephen Ministry","First United Methodist Church Boerne","78006"
"10197","Spiritual Services","First United Methodist Church of Uvalde","78801"
"9260","Spiritual Services","First United Methodist Church, New Braunfels","78130"
"1110","Stephen Ministry","First United Methodist Church, New Braunfels","78130"
"1663","Wesley Nurse","First United Methodist Church, New Braunfels","78130"
"9086","Spiritual Services","First United Methodist Church, San Marcos","78666"
"4646","Spiritual Services","First United Pentecostal Church","78223"
"17983","Companion Care Services","FirstLight Home Care of Central and North San Antonio","78216"
"17982","Personal Care Services","FirstLight Home Care of Central and North San Antonio","78216"
"17984","Respite Care Services","FirstLight Home Care of Central and North San Antonio","78216"
"17981","Senior Care Services","FirstLight Home Care of Central and North San Antonio","78216"
"17987","Specialty Care","FirstLight Home Care of Central and North San Antonio","78216"
"17985","Veteran Home Care Services","FirstLight Home Care of Central and North San Antonio","78216"
"1205","Joint Base San Antonio Center House","Fisher House","78234"
"1207","South Texas Veterans Health Care System House","Fisher House","78229"
"16552","Volunteer & Support Opportunities","Fisher House","20852"
"8187","Volunteer Opportunities","Fisher House","20852"
"1206","Wilford Hall Ambulatory Surgical Center House","Fisher House","78236"
"6724","Spiritual Services","Fishers of Men","78228"
"20433","Fishpond at Buena Vista Senior Living 62+","FishPond Development","78207"
"7609","Fit From the Neck Up - A Mental Health Resource Guide for Schools","Fit City SA",
"9178","Fitness at San Antonio City Parks","Fit City SA",
"9197","Get Strong with Mayor Ron","Fit City SA","78205"
"9196","Mental and Behavioral Health Toolkit","Fit City SA",
"9195","San Antonio Walks!","Fit City SA","78205"
"14825","Assisted Living at Heritage Place of Boerne","Five Star Senior Living","78006"
"14405","The Forum at Lincoln Heights","Five Star Senior Living","78209"
"14820","The Haven and The Laurels in Stone Oak","Five Star Senior Living","78258"
"17102","Live Oak,  San Antonio Clinic","Flagship Health","78233"
"12910","Primary Clinic","Flagship Health","78251"
"17052","Peer Support Group","Flaming for Jesus","78212"
"17054","Rise Above","Flaming for Jesus",
"4105","Counseling at Floresville Alternative School","Floresville Independent School District (FISD)","78114"
"4104","Counseling at Floresville High School","Floresville Independent School District (FISD)","78114"
"4103","Counseling at Floresville Middle School","Floresville Independent School District (FISD)","78114"
"4101","Counseling at North Elementary","Floresville Independent School District (FISD)","78114"
"4102","Counseling at South Elementary","Floresville Independent School District (FISD)","78114"
"20304","Intensive Outpatient Program (IOP)","Flourishing Foundations Recovery","78249"
"20303","Outpatient Detox","Flourishing Foundations Recovery","78249"
"8288","Psychiatric Disorder Treatment","Focus & Balance","78229"
"8287","Psychiatric Testing","Focus & Balance","78229"
"8289","TMS Therapy","Focus & Balance","78229"
"18339","Mental Health Services","Focus Point Behavioral Health",
"18304","Outpatient Addictions Counseling Services","Focus Point Behavioral Health","77375"
"13576","Long Term Care—Focused Care","Focused Care at Fort Stockton","79735"
"19795","Parent and Community Advocacy Group","Focused Futures Collaborative","78624"
"6321","Spiritual Services","Followers of Christ Family Church","78221"
"13220","For Faith Leaders","Food Addicts in Recovery Anonymous (FA)",
"13219","For Family and Friends","Food Addicts in Recovery Anonymous (FA)",
"13222","For Members","Food Addicts in Recovery Anonymous (FA)",
"13221","For The Health Care Professional","Food Addicts in Recovery Anonymous (FA)",
"14771","Food Pantry of Alpine","Food Pantry of Alpine","79830"
"13554","Senior Box Program","Food Pantry of Alpine","79830"
"14310","Food Pantry of Jeff Davis County","Food Pantry of Jeff Davis County","79734"
"13567","Kids Pantry at the JDC Library","Food Pantry of Jeff Davis County","79734"
"17380","Farm to School","Food Policy Council of San Antonio (FPCSA)","78202"
"16301","Resources for Corner Store Owners","Food Policy Council of San Antonio (FPCSA)",
"7604","Her Table and Other Workshops","For Her","78217"
"16037","Support Groups and Group Counseling","For Her","78217"
"16540","Volunteer & Support Opportunities","For Her","78217"
"19867","Bella Vida Continuing Care Retirement Community","Forefront Living","78257"
"11255","Avistar at the Crest","Foresight Asset Management","78217"
"11199","Avistar at the Oaks","Foresight Asset Management","78217"
"11260","Avistar at the Parkway","Foresight Asset Management","78217"
"11542","Avistar In 09","Foresight Asset Management","78209"
"11288","Avistar on the Blvd","Foresight Asset Management","78240"
"11109","Avistar on the Hills","Foresight Asset Management","78228"
"11198","Branch at the Medical Center","Foresight Asset Management","78240"
"11092","Brigadoon Apartments","Foresight Asset Management","78210"
"11666","Crossings At 1415","Foresight Asset Management","78201"
"11130","Legacy Apartment Homes","Foresight Asset Management","78217"
"11602","Merida Apartments","Foresight Asset Management","78207"
"11099","The Grove Apartments","Foresight Asset Management","78216"
"13975","The Maya (Oasis at Oakwell)","Foresight Asset Management","78209"
"14716","Vantage At Helotes","Foresight Asset Management","78254"
"16171","Therapy Services","Foresight Mental Health","78249"
"14341","Spiritual Services","Forest Hills Presbyterian Church","78023"
"8286","Counseling & Psychoeducation Services","Forever Hope Counseling and Educational Services","78258"
"8284","PsychoEducational Testing","Forever Hope Counseling and Educational Services","78258"
"8394","PsychoEducational Testing - Boerne Branch","Forever Hope Counseling and Educational Services","78006"
"8546","Clubhouse Grows","Form Communities, Inc","78229"
"8545","Connection Center at Form Communities","Form Communities, Inc","78229"
"15581","DIVINE Women","Form Communities, Inc","78210"
"1626","Get FIT","Form Communities, Inc","78229"
"13851","Peer Academy","Form Communities, Inc","78229"
"8547","Program Support & Sponsorship","Form Communities, Inc","78229"
"1000","San Antonio Clubhouse","Form Communities, Inc","78229"
"19809","Prosthetic and Orthotics Services","ForMotion Clinic","78240"
"14151","Fort Davis Family Practice—Alpine Clinic","Fort Davis Family Practice","79830"
"14913","Fort Davis Family Practice—Fort Davis Clinic","Fort Davis Family Practice","79734"
"13781","Spiritual Services","Fort Sam Houston Church of Christ","78208"
"17326","Accompaniment Group Educational Sessions","Fortunate Families, Inc",
"17325","Accompaniment Ministry Formation","Fortunate Families, Inc",
"13040","Disaster Response","Forum Meetinghouse of The Church of Jesus Christ of Latter-day Saints","78148"
"7537","Randolph Ward","Forum Meetinghouse of The Church of Jesus Christ of Latter-day Saints","78148"
"7538","Selma Ward","Forum Meetinghouse of The Church of Jesus Christ of Latter-day Saints","78148"
"7536","Universal City Ward","Forum Meetinghouse of The Church of Jesus Christ of Latter-day Saints","78148"
"7020","Arrows In Motion (A.I.M.) Project","Forward Progress Arts & Entertainment","78205"
"17559","Eastside Youth Content Creators Program (EYCCP)","Forward Progress Arts & Entertainment","78205"
"9198","Program Support & Sponsorship","Forward Progress Arts & Entertainment","78205"
"18298","College Hub","Foundation Communities","78704"
"18296","Succeed Program","Foundation Communities","78704"
"14005","Spiritual Services","Fountain of Life Community Church","78244"
"7019","Spiritual Services","Fountain of Living Water Apostolic Church","78220"
"14544","Spiritual Services","Fountain Of Praise Church","78109"
"18745","Fountain of Truth Church - San Antonio","Fountain of Truth Church","78216"
"19286","CLASS Waver Services","Four K Health Care, LLC","78130"
"17995","Community Meal & Bible Study","Four Winds Christian Church","78201"
"11541","Ivy Plains At Brooks","FPI Management","78223"
"11300","Artisan at Creekside Apartments","Franklin Apartment Management","78207"
"11303","Artisan at Mission Creek","Franklin Apartment Management","78224"
"11164","Artisan at Salado Creek","Franklin Apartment Management","78219"
"13332","Artisan on the Bluff","Franklin Apartment Management","78249"
"11599","Greenline North","Franklin Apartment Management","78223"
"19990","Palacio Del Sol I & II Senior Apartments","Franklin Apartment Management","78207"
"11615","Park at 38Thirty","Franklin Apartment Management","78229"
"11632","Rancho Sierra Apartments","Franklin Apartment Management","78221"
"11633","Stonehouse Valley Apartments","Franklin Apartment Management","78230"
"11086","Sutton Oaks Apartments","Franklin Apartment Management","78208"
"11641","The Park at Sutton Oaks","Franklin Apartment Management","78208"
"14378","Franklin Park Alamo Heights","Franklin Park Senior Living","78209"
"14841","Franklin Park at Boerne","Franklin Park Senior Living","78006"
"14838","Franklin Park at Sonterra - AL","Franklin Park Senior Living","78258"
"18724","Medical Clinic Services","Fredericksburg Clinic PA","78624"
"18901","Childcare","Fredericksburg Community Preschool","78624"
"18618","In-person or Online Services","Fredericksburg Counseling","78624"
"18474","Our Services at Johnson City Dentistry","Fredericksburg Dentistry","78636"
"12304","Fredericksburg Food Pantry","Fredericksburg Food Pantry","78624"
"12305","Volunteer and Support Opportunities","Fredericksburg Food Pantry","78624"
"19213","Hill Country Special Education","Fredericksburg ISD","78624"
"18966","Let's Play Ball!","Fredericksburg Little League (FBGLL)","78624"
"13132","Disaster Response","Fredericksburg Meetinghouse of The Church of Jesus Christ of Latter-day Saints","78624"
"12656","Fredricksburg Branch","Fredericksburg Meetinghouse of The Church of Jesus Christ of Latter-day Saints","78624"
"18649","National Prescription Drug Take Back Program","Fredericksburg Police Department","78624"
"18749","Fredericksburg Mobile Food Distribution","Fredericksburg United Methodist Church","78624"
"18747","Wesley Nurse at Fredericksburg UMC","Fredericksburg United Methodist Church","78624"
"6808","Spiritual Services","Free Born Church","78217"
"13879","Get Involved","FREED Texas","78219"
"16346","Revealing & Healing Journey Course - Wellness Sessions","FREED Texas","78219"
"13878","Scholars and Alumni","FREED Texas","78219"
"9608","Spiritual Services","Freedom Church of San Antonio","78211"
"7940","Spiritual Services","Freedom Fellowship Church International","78230"
"17354","National Immigration Detention Hotline","Freedom for Immigrants",
"17355","Volunteer and Support Opportunities","Freedom for Immigrants",
"6458","Spiritual Services","Freedom Hill Church","78218"
"7150","Spiritual Services","Freedom Life Center","78238"
"19793","Aging in Place Modifications","Freedom Maids","77379"
"19770","Hoarding Services","Freedom Maids","77379"
"16430","Adult Speech Therapy","Freedom of Speechies","78229"
"16428","Pediatric Services","Freedom of Speechies","78229"
"19636","Blindness Solutions","Freedom Scientific",
"19635","Low Vision Solutions","Freedom Scientific",
"19638","Software","Freedom Scientific",
"13547","Get Involved","Freedom Youth Project Foundation","78265"
"13213","Invite Us to Speak","Freedom Youth Project Foundation","78265"
"9210","Program Support & Sponsorship","Freethinkers Association of Central Texas (FACT)","78280"
"6958","Scholarships from FACT","Freethinkers Association of Central Texas (FACT)","78280"
"13509","Surgery Weekends at University Health","Fresh Start Surgical Gifts","78229"
"15650","Spiritual Services","Friends Meeting of San Antonio","78209"
"17072","Every Baby Matters Mission (EBMM)","Friends of CHRISTUS Santa Rosa Foundation","78131"
"6402","Spiritual Services","Friendship Baptist Church","78203"
"9612","Spiritual Services","Friendship Church","78232"
"9613","The Mom Co.","Friendship Church","78232"
"13031","Apartment Starter Baskets","Friendship Is the New Pretty 2, Inc","78216"
"16607","FITNCool Kids Program","Friendship Is the New Pretty 2, Inc","78216"
"13029","FITNP2 Vet Chat","Friendship Is the New Pretty 2, Inc","78216"
"13032","Volunteer and Support","Friendship Is the New Pretty 2, Inc","78216"
"18744","Frontera Healthcare Network (Brady location)","Frontera Healthcare Network","76825"
"18753","Frontera Healthcare Network (Fredericksburg location)","Frontera Healthcare Network","78624"
"18757","Frontera Healthcare Network (Junction location)","Frontera Healthcare Network","76849"
"18759","Frontera Healthcare Network (Mason location)","Frontera Healthcare Network","76856"
"18760","Frontera Healthcare Network (Menard clinic)","Frontera Healthcare Network","76859"
"18754","Health Center Pharmacy","Frontera Healthcare Network","76849"
"13569","Volunteer to be a CASA","Frontier CASA","79735"
"19658","Assisted Living at Forest Oak Landing","Frontier Senior Living","78217"
"19652","Assisted Living at The Villages of Windcrest","Frontier Senior Living","78624"
"19752","Independent Living at Forest Oak Landing","Frontier Senior Living","78217"
"19651","Memory Care at The Villages of Windcrest","Frontier Senior Living","78624"
"19083","No-Cost Therapy and Resources","FrontLine Strong",
"13620","Frost Progress Mortgage","Frost Bank","78205"
"19612","The KultureCity sensory room","Frost Bank Center","78219"
"2404","Monthly Food Pantry","Fuerza Unida","78211"
"2403","School of Justice","Fuerza Unida","78211"
"2402","Thread of Justice","Fuerza Unida","78211"
"8188","Volunteer Opportunities","Fuerza Unida","78211"
"2414","Youth of Fuerza","Fuerza Unida","78211"
"7031","Spiritual Services","Full Gospel Pentecostal Church","78224"
"9307","Affordable Cremation Packages - Castle Hills","Funeral Caring USA","78230"
"9306","Affordable Cremation Packages - Kirby","Funeral Caring USA","78219"
"9308","Affordable Cremation Packages - Leon Valley","Funeral Caring USA","78238"
"9305","Affordable Cremation Packages - Northeast","Funeral Caring USA","78218"
"9304","Affordable Cremation Packages - Schertz","Funeral Caring USA","78154"
"9296","Affordable Funeral Packages - Castle Hills","Funeral Caring USA","78230"
"9295","Affordable Funeral Packages - Kirby","Funeral Caring USA","78219"
"9297","Affordable Funeral Packages - Leon Valley","Funeral Caring USA","78238"
"9293","Affordable Funeral Packages - Northeast","Funeral Caring USA","78218"
"9294","Affordable Funeral Packages - Schertz","Funeral Caring USA","78154"
"19389","Our Services","Funeral Consumers Alliance of San Antonio, Texas, Inc. (FCASATX)","78270"
"18399","Academic Programs","Fusion Academy","78232"
"19500","Balance Therapy","FYZICAL Therapy & Balance Centers Boerne","78006"
"19502","LSVT BIG","FYZICAL Therapy & Balance Centers Boerne","78006"
"19501","Neurological Rehabilitation","FYZICAL Therapy & Balance Centers Boerne","78006"
"19499","Orthopedic Rehabilitation","FYZICAL Therapy & Balance Centers Boerne","78006"
"14809","Children's Cancer Support Center","Gabriella's Smile Foundation","78201"
"14807","Day In The Park","Gabriella's Smile Foundation","78201"
"14813","Gabriella's Gifts & Toy Drive","Gabriella's Smile Foundation",
"14804","Gabriella's Gifts- Hospital/Treatment Support","Gabriella's Smile Foundation","78201"
"14812","Join the Smile Squad","Gabriella's Smile Foundation",
"14808","Lodging Assistance","Gabriella's Smile Foundation","78201"
"14806","Operation Back to School","Gabriella's Smile Foundation","78201"
"14811","Resources for DIPG (Diffuse Intrinsic Pontine Glioma)","Gabriella's Smile Foundation",
"19065","Men’s Breakfast","Gaddis United Methodist Church","78013"
"9087","Spiritual Services","Gaddis United Methodist Church","78013"
"19063","Women’s Prayer Breakfast","Gaddis United Methodist Church","78013"
"4171","Spiritual Services","Galilee Missionary Baptist Church","78207"
"6303","Spiritual Services","Galvan Revival Church","78222"
"12","Disaster Response","Galway Meetinghouse of The Church of Jesus Christ of Latter-day Saints","78223"
"7511","Mission Creek Ward","Galway Meetinghouse of The Church of Jesus Christ of Latter-day Saints","78223"
"7509","San Antonio 1st Ward","Galway Meetinghouse of The Church of Jesus Christ of Latter-day Saints","78223"
"16911","7 Workout Programs for Veterans","Garage Gym Reviews",
"16644","GGR’s Guide to Gym Accessibility","Garage Gym Reviews",
"13042","Disaster Response","Garden Avenue Meetinghouse of The Church of Jesus Christ of Latter-day Saints","78234"
"12552","Fort Sam Houston Military Branch","Garden Avenue Meetinghouse of The Church of Jesus Christ of Latter-day Saints","78234"
"14871","Community Food Truck","Garden of Eatin’",
"14869","Volunteer and Support","Garden of Eatin’",
"13855","Spiritual Services","Garden Ridge Church of Christ","78266"
"6794","Spiritual Services","Gardendale Community Baptist Church","78220"
"6304","Spiritual Services","Garnett Baptist Church","78221"
"6424","Gateway Christian School","Gateway Baptist Church","78242"
"12074","Spiritual Services at Bandera Campus","Gateway Fellowship Church","78003"
"12072","Spiritual Services at Far West Campus","Gateway Fellowship Church","78253"
"12073","Spiritual Services at Highlands Campus","Gateway Fellowship Church","78210"
"12076","Spiritual Services at Kerr County Campus","Gateway Fellowship Church","78025"
"12075","Spiritual Services at Medina County Campus","Gateway Fellowship Church","78059"
"6791","Spiritual Services at Northwest Campus","Gateway Fellowship Church","78254"
"12077","Spiritual Services at West Side Campus","Gateway Fellowship Church","78207"
"12078","Spiritual Services in Espanol","Gateway Fellowship Church","78254"
"9567","Spiritual Services","Gateway Fellowship Church Highlands","78210"
"16081","Counseling Services","Geetanjally Yadav LPC, MA, LPC-S, NCC",
"14561","Gemstone Senior Living Communities  Castle Hills","Gemstone Senior Living Communities","78213"
"14610","Gemstone Senior Living Communities - Bulverde","Gemstone Senior Living Communities","78163"
"14648","Gemstone Senior Living Communities - Oakwell","Gemstone Senior Living Communities","78218"
"14611","Gemstone Senior Living Community - North Star","Gemstone Senior Living Communities","78216"
"9454","Spiritual Services","Genesis Baptist Church","78223"
"7596","Psychiatric and Counseling Services","Genesis Behavioral Health","78256"
"5832","Spiritual Services","Genesis Full Life Fellowship Church","78233"
"13460","Spiritual Services","Genesis Ministries","78133"
"13532","Family Tree Private Care","Genova Health","78209"
"14359","Gentiva Hospice","Gentiva","78028"
"14360","Gentiva Hospice","Gentiva","78666"
"9963","Gentiva Hospice - Broadway","Gentiva","78209"
"9964","Gentiva Hospice - South Piedras","Gentiva","78228"
"9965","New Century Hospice","Gentiva","78230"
"9966","New Century Hospice","Gentiva","78064"
"16529","Veteran-to-Veteran Volunteer Program","Gentiva",
"9967","Volunteer Opportunities at Gentiva Hospice","Gentiva","78209"
"9968","Volunteer Opportunities at Gentiva Hospice","Gentiva","78228"
"9969","Volunteer Opportunities at New Century Hospice","Gentiva","78230"
"9970","Volunteer Opportunities at New Century Hospice","Gentiva","78064"
"14953","Hospice Care","Gentle Partners in Hospice","78209"
"6360","Spiritual Services","Gethsemane Apostolic Holy Church Of God","78220"
"4223","Spiritual Services","Gethsemane Lutheran Church","78213"
"10250","Spiritual Services","Getty Street Church of Christ","78801"
"18819","Health Insurance Assistance Services","GIC Insurance Consultants L.L.C","78229"
"18770","Gillespie County Indigent Health Care Program (CIHCP)","Gillespie County","78624"
"18906","Daycare Program","Gina Lynn Lehne Home Daycare","78643"
"10633","Girl Genius","Girl Scouts of Southwest Texas",
"5528","Girl Scout Leadership Experience -  Sally Cheever Girl Scout Leadership Center","Girl Scouts of Southwest Texas","78216"
"10938","Girl Scouts at Sally Cheever Girl Scout Leadership Center","Girl Scouts of Southwest Texas","78216"
"5530","Join a Troop","Girl Scouts of Southwest Texas","78216"
"5529","K.E.Y.S  (Keep Educating Youth Safely) Tutoring Program","Girl Scouts of Southwest Texas","78216"
"9211","Volunteer Opportunities","Girl Scouts of Southwest Texas","78216"
"13267","Camp Girl With Grit","Girl With Grit","78006"
"13268","Camp Grit","Girl With Grit","78006"
"19272","Career Center","Girling Personal Care","78229"
"19271","Community Living Assistance and Support Services (CLASS)","Girling Personal Care","78229"
"522","Bold Connections","Girls Incorporated of San Antonio","78213"
"9012","Future Forward","Girls Incorporated of San Antonio","78213"
"8196","Girls Inc Mini Explorers","Girls Incorporated of San Antonio","78213"
"8192","Girls Inc Rising Leaders (G.I.R.L.)","Girls Incorporated of San Antonio","78213"
"8191","Girls Taking Action","Girls Incorporated of San Antonio","78213"
"8199","Program Support & Sponsorship","Girls Incorporated of San Antonio","78213"
"11856","Resources","Girls Incorporated of San Antonio",
"9013","Resources for Talking to Your Kids","Girls Incorporated of San Antonio",
"2165","Coach a Girls on the Run Team","Girls on the Run of Bexar County","78216"
"20387","Compass Rose Dream","Girls on the Run of Bexar County","78213"
"12218","Girls on the Run at Aue Elementary","Girls on the Run of Bexar County","78255"
"2163","Girls on the Run at Beard Elementary","Girls on the Run of Bexar County","78023"
"12220","Girls on the Run at Blattman Elementary","Girls on the Run of Bexar County","78231"
"2169","Girls on the Run at Brauchle Elementary","Girls on the Run of Bexar County","78250"
"12222","Girls on the Run at Candlewood Elementary","Girls on the Run of Bexar County","78244"
"2173","Girls on the Run at Coon Elementary","Girls on the Run of Bexar County","78216"
"14254","Girls on the Run at Copperfield Elementary","Girls on the Run of Bexar County","78109"
"12223","Girls on the Run at Democracy Prep at Stewart Elementary","Girls on the Run of Bexar County","78210"
"2178","Girls on the Run at Glenn Elementary","Girls on the Run of Bexar County","78227"
"17427","Girls on the Run at Irving Dual Language Academy","Girls on the Run of Bexar County","78207"
"12229","Girls on the Run at Keystone Elementary","Girls on the Run of Bexar County","78212"
"12237","Girls on the Run at Leon Valley Elementary","Girls on the Run of Bexar County","78240"
"20398","Girls on the Run at Los Reyes Elementary","Girls on the Run of Bexar County","78023"
"12231","Girls on the Run at Mark Twain Dual Language Academy","Girls on the Run of Bexar County","78212"
"2185","Girls on the Run at Maverick Elementary","Girls on the Run of Bexar County","78201"
"20399","Girls on the Run at Mayfair Elementary","Girls on the Run of Bexar County","78130"
"2189","Girls on the Run at Morningside Elementary","Girls on the Run of Bexar County","78132"
"2190","Girls on the Run at Murnin Elementary","Girls on the Run of Bexar County","78251"
"20400","Girls on the Run at Pecan Valley STEM Academy","Girls on the Run of Bexar County","78222"
"17431","Girls on the Run at Powell Elementary","Girls on the Run of Bexar County","78238"
"20401","Girls on the Run at Rodriguez Montessori","Girls on the Run of Bexar County","78207"
"20402","Girls on the Run at Steele Montessori Academy","Girls on the Run of Bexar County","78223"
"2198","Girls on the Run at Steubing Elementary","Girls on the Run of Bexar County","78249"
"17433","Girls on the Run at Thomas L. Hatchett Elementary School","Girls on the Run of Bexar County","78245"
"2200","Girls on the Run at Villarreal Elementary","Girls on the Run of Bexar County","78228"
"20404","Girls on the Run at Viola Wilson Elementary","Girls on the Run of Bexar County","78006"
"20388","Girls on the Run Converse Elementary School","Girls on the Run of Bexar County","78109"
"2167","Group Volunteer Opportunities with Girls on the Run","Girls on the Run of Bexar County","78216"
"20403","Heart & Sole at Steele Montessori Academy Middle School","Girls on the Run of Bexar County","78223"
"12238","Olmos Basin Park Middle School Team","Girls on the Run of Bexar County","78209"
"18499","IDD Community","Giv.healthcare",
"18498","IDD Software","Giv.healthcare",
"17296","Exponential Learing","GivePulse",
"1150","Volunteer Support and Event Management","GivePulse","78751"
"8699","GLMA Health Education","GLMA",
"8697","GLMA Provider Directory","GLMA",
"9194","English as Second Language","Global Impact Initiative (Gii)",
"8761","Join Our Initiative","Global Impact Initiative (Gii)",
"8760","Mentorship Program","Global Impact Initiative (Gii)",
"8758","Refugee Stabilization Program","Global Impact Initiative (Gii)","78752"
"8759","Workplace Readiness Program","Global Impact Initiative (Gii)",
"17183","San Antonio Welcome Center","Global Refuge","78217"
"17184","Volunteer and Support Opportunities","Global Refuge","78217"
"14016","Spiritual Services","Glorious Pentecostal Church","78227"
"6715","Spiritual Services","Glory Bound Baptist Church","78112"
"1397","Food Pantry","Glory Land Revival Center","78214"
"9073","Spiritual Services","Glory Land Revival Center","78214"
"18742","Inclusive Cruises","GO RIO San Antonio River Cruisers",
"6717","Spiritual Services","God's House of Restoration","78220"
"6826","Spiritual Services","God's Inspiration Church","78218"
"6427","Spiritual Services","God's Property Christian Community","78203"
"13926","Spiritual Services","God's Way Christian Fellowship","78250"
"8799","Spiritual Services","GodChasers Community Church",
"17828","Spiritual Services","God’s Messenger of Victorious People (GMOVP)","78201"
"17827","The Journey from Homelessness to Wholeness","God’s Messenger of Victorious People (GMOVP)","78201"
"17826","Volunteer and Support Opportunities","God’s Messenger of Victorious People (GMOVP)","78201"
"6639","Spiritual Services","Golden Gate Missionary Baptist Church","78203"
"18852","Classes and Clubs","Golden Hub Community Center","78624"
"18843","Dine-In Mid-day Meal","Golden Hub Community Center","78624"
"18857","Games","Golden Hub Community Center","78624"
"18849","Meals on Wheels","Golden Hub Community Center","78624"
"18872","Physical Fitness","Golden Hub Community Center","78624"
"18870","Special Events","Golden Hub Community Center","78624"
"12712","Downtown Clinic","Gonzaba Medical Group","78212"
"12713","Guadalupe Clinic","Gonzaba Medical Group","78207"
"12711","Hillcrest Medical Center","Gonzaba Medical Group","78228"
"19668","La Diferencia Hospice","Gonzaba Medical Group","78214"
"12719","Main Medical/Specialty Center","Gonzaba Medical Group","78214"
"12717","North Central Clinic","Gonzaba Medical Group","78216"
"12709","Northwest Medical Center","Gonzaba Medical Group","78251"
"12718","Physical Medicine and Rehabilitation Center","Gonzaba Medical Group","78214"
"12714","Southeast Clinic","Gonzaba Medical Group","78223"
"12710","Woodlawn Specialty Center","Gonzaba Medical Group","78228"
"18465","Book Coffee Cart Catering For Events","Good Cup Coffee Co",
"18464","Hiring Adults with Intellectual and Developmental Disabilities (IDD)","Good Cup Coffee Co",
"1877","Food Pantry","Good News Lutheran Church","78223"
"9487","Spiritual Services","Good News Lutheran Church","78223"
"12303","Dental Health Services","Good Samaritan Center - Fredericksburg","78624"
"12306","Donate and Volunteer Opportunities","Good Samaritan Center - Fredericksburg","78624"
"12301","Medical Services","Good Samaritan Center - Fredericksburg","78624"
"12302","Mental Health Services","Good Samaritan Center - Fredericksburg","78624"
"1392","Adult Case Management","Good Samaritan Community Services","78207"
"17506","Adult Programming & Education","Good Samaritan Community Services","78207"
"1398","Asset Building","Good Samaritan Community Services","78207"
"17516","AVANCE Early Head Start","Good Samaritan Community Services","78207"
"1396","Camp Good Sam","Good Samaritan Community Services","78207"
"1399","College and Career Readiness","Good Samaritan Community Services","78207"
"1394","La Escuelita Early Learning","Good Samaritan Community Services","78207"
"1395","Out-of-School Time (OST)","Good Samaritan Community Services","78207"
"17507","Parents as Teachers","Good Samaritan Community Services","78207"
"1390","Senior Center","Good Samaritan Community Services","78207"
"8262","Volunteer Opportunities","Good Samaritan Community Services","78207"
"1400","Youth Case Management","Good Samaritan Community Services","78207"
"513","Personal Financial Counseling","Good Samaritan Veterans Outreach & Transition Center","78203"
"519","VA Claims Submission","Good Samaritan Veterans Outreach & Transition Center","78203"
"9244","Spiritual Services","Good Shepherd Lutheran Church","78223"
"19103","Goodwill Store at Fredericksburg","Goodwill Fredericksburg","78624"
"3369","Administrative Professional with Microsoft Word","Goodwill San Antonio",
"992","Commercial Driver License at Good Careers Academy - Eisenhauer","Goodwill San Antonio","78218"
"11829","Digital Literacy Course - Fredericksburg","Goodwill San Antonio","78201"
"995","Good Careers Center - Austin Hwy","Goodwill San Antonio","78218"
"994","Good Careers Center - Downtown","Goodwill San Antonio","78207"
"993","Good Careers Center - Fredericksburg Rd","Goodwill San Antonio","78201"
"998","Good Careers Center - Goliad","Goodwill San Antonio","78223"
"997","Good Careers Center - South Park","Goodwill San Antonio","78224"
"15097","Goodwill Bandera Rd","Goodwill San Antonio","78249"
"15098","Goodwill Bitters @ Hwy 281","Goodwill San Antonio","78216"
"15099","Goodwill Blanco North","Goodwill San Antonio","78258"
"15100","Goodwill Blanco Rd @ Loop 410","Goodwill San Antonio","78216"
"15101","Goodwill Bulverde North","Goodwill San Antonio","78070"
"15102","Goodwill Bulverde Rd","Goodwill San Antonio","78247"
"15103","Goodwill Cibolo","Goodwill San Antonio","78108"
"15104","Goodwill Clearance Center and Donation Station","Goodwill San Antonio","78218"
"15106","Goodwill Culebra Rd","Goodwill San Antonio","78251"
"15107","Goodwill De Zavala Rd","Goodwill San Antonio","78230"
"15146","Goodwill Donations at Oak Park","Goodwill San Antonio","78209"
"15121","Goodwill Donations Bandera Rd @ Mainland","Goodwill San Antonio","78250"
"15128","Goodwill Donations Canyon Golf","Goodwill San Antonio","78260"
"15141","Goodwill Donations Huebner (@ Churchill Estates)","Goodwill San Antonio","78248"
"15143","Goodwill Donations Leon Springs","Goodwill San Antonio","78257"
"15148","Goodwill Donations Schertz","Goodwill San Antonio","78154"
"15150","Goodwill Donations Stone Oak","Goodwill San Antonio","78258"
"15149","Goodwill Donations Thousand Oaks","Goodwill San Antonio","78232"
"15108","Goodwill Evans Rd","Goodwill San Antonio","78258"
"15110","Goodwill Gateway","Goodwill San Antonio","78233"
"15112","Goodwill Kerrville","Goodwill San Antonio","78028"
"15113","Goodwill Marbach Rd","Goodwill San Antonio","78227"
"15114","Goodwill New Braunfels","Goodwill San Antonio","78130"
"15115","Goodwill Potranco Rd","Goodwill San Antonio","78251"
"11830","Goodwill Reentry Services","Goodwill San Antonio","78207"
"15116","Goodwill Seguin","Goodwill San Antonio","78155"
"15105","Goodwill Store at Commerce","Goodwill San Antonio","78207"
"15109","Goodwill Store at Fredericksburg Rd","Goodwill San Antonio","78201"
"15111","Goodwill Store at Goliad Rd","Goodwill San Antonio","78223"
"15117","Goodwill Store at South Park","Goodwill San Antonio","78224"
"15119","Goodwill Store at WW White","Goodwill San Antonio","78220"
"15096","Goodwill Store Austin Highway","Goodwill San Antonio","78218"
"15118","Goodwill Summit Parkway","Goodwill San Antonio","78229"
"3380","Medical Assistant Training at Good Careers Academy - Downtown","Goodwill San Antonio","78207"
"991","Nurse's Aide Certification at Good Careers Academy - Downtown","Goodwill San Antonio","78207"
"3381","Pharmacy Technician Training at Good Careers Academy - Downtown","Goodwill San Antonio","78207"
"999","Veterans Career Services","Goodwill San Antonio","78203"
"6503","Resources","Gordon Hartman Family Foundation","78233"
"16795","Annual Retreats","Grace After Fire","78251"
"13279","Community Resource Navigation","Grace After Fire","78251"
"13278","Peer-To-Peer Support Groups","Grace After Fire","78251"
"13283","Social Events","Grace After Fire","78251"
"13284","Ways to Help","Grace After Fire","78251"
"13281","Wellness Programs","Grace After Fire","78251"
"13282","Women Veterans Basic Financial Needs Assistance Program","Grace After Fire","78251"
"6652","Spiritual Services","Grace and Truth Church","78245"
"6795","Spiritual Services","Grace Avenue Church","78216"
"4209","Spiritual Services","Grace Baptist Church","78210"
"9283","Spiritual Services","Grace Bible Chapel","78259"
"9280","Spiritual Services","Grace Bible Church - La Vernia","78121"
"4158","Spiritual Services","Grace Cathedral Christian Church","78201"
"6498","Grace Christian School","Grace Christian School of San Antonio","78230"
"7450","Spiritual Services","Grace Church","78257"
"6432","Spiritual Services","Grace Church of San Antonio","78257"
"17679","Addiction Recovery Group","Grace Community Church","78148"
"17681","Divorce Care Recovery","Grace Community Church","78148"
"9278","GriefShare","Grace Community Church","78148"
"6686","Married People","Grace Community Church","78148"
"17677","PTSD Support Group (men only)","Grace Community Church","78148"
"6685","Spiritual Services","Grace Community Church","78148"
"6610","Spiritual Services","Grace Fellowship Baptist Community","78163"
"6428","Spiritual Services","Grace Fellowship of Leon Valley Baptist Church","78240"
"5727","Spiritual Care","Grace First Baptist Church","78227"
"282","Grace House Residential Program","Grace House","78278"
"8265","Volunteer Opportunities","Grace House","78278"
"3442","Spiritual Services","Grace Lutheran Church","78215"
"14014","Spiritual Services","Grace Orthodox Presbyterian Church","78269"
"9262","Spiritual Services at Medical Center","Grace Point Church","78240"
"19052","Spiritual Services at Northeast","Grace Point Church","78217"
"18118","Disaster Response","Grace Presbyterian Church","78228"
"18120","Immigration","Grace Presbyterian Church","78228"
"6665","Spiritual Services","Grace Presbyterian Church","78228"
"18119","Women and Gender Justice Ministry","Grace Presbyterian Church","78228"
"20432","Cleanlife 210 - Men's Recovery Home","Grace Prosper Housing Foundation","78245"
"4717","Spiritual Services","Grace Tabernacle Church","78210"
"14891","Childbirth and Parenting Education","Grand Architect Birthing Serivces (G.A.B.S.)",
"6348","Spiritual Services","Grant Community AME Christian Center","78251"
"12905","Aging Life Care Management™","Gray Matters",
"12906","In-Home Aging Life Care Management™ Services","Gray Matters",
"19159","Home and Community-Based Services for Individuals with IDD","Great Life Services, LLC","78217"
"17542","Spiritual Services","Great Oaks Fellowship","78254"
"10430","Mental and Behavioral Health Support","Greater Ball Tabernacle AME Church","78219"
"6347","Spiritual Services","Greater Ball Tabernacle AME Church","78219"
"10635","Health & Wellness Resources","Greater Corinth Baptist Church",
"10630","Spiritual Services","Greater Corinth Baptist Church","78203"
"7391","Spiritual Services","Greater Evangelical Temple Church of God in Christ","78220"
"8793","Food Pantry","Greater Faith Institutional Church","78220"
"8792","Spiritual Services","Greater Faith Institutional Church","78220"
"10861","Spiritual Services","Greater Faith Temple Church of God in Christ","78218"
"4755","Spiritual Services","Greater Good News Missionary Baptist Church","78210"
"10431","Mental and Behavioral Health Support","Greater Joy Temple Church COGIC","78237"
"7392","Spiritual Services","Greater Joy Temple Church COGIC",
"17361","Speech and Occupational Therapy - Cherry Ridge Location","Greater Learning LP","78249"
"17363","Speech and Occupational Therapy - Garden Ridge Location","Greater Learning LP","78266"
"17362","Speech and Occupational Therapy - Legacy Clinic","Greater Learning LP","78258"
"6598","GLMBC Scholarship","Greater Love Missionary Baptist Church","78210"
"4450","Spiritual Services","Greater Love Missionary Baptist Church","78210"
"4150","Spiritual Services","Greater Mount Olive Baptist Church","78207"
"4191","Spiritual Services","Greater New Mt Zion Baptist Church","78207"
"18652","Youth Ministry","Greater New Mt Zion Baptist Church","78207"
"6603","Spritual Services","Greater Pilgrim Rest Baptist Church","78220"
"743","Food Pantry and Emergency Assistance","Greater Randolph Area Service Program (GRASP)","78109"
"2248","GRASP Client Services","Greater Randolph Area Service Program (GRASP)","78109"
"9200","GRASP Thrift Store","Greater Randolph Area Service Program (GRASP)","78148"
"742","GRASP Transit","Greater Randolph Area Service Program (GRASP)","78109"
"744","Senior Services","Greater Randolph Area Service Program (GRASP)","78109"
"745","Volunteer Opportunities at GRASP","Greater Randolph Area Service Program (GRASP)","78109"
"15914","Windcrest Shuttle","Greater Randolph Area Service Program (GRASP)","78109"
"14377","Spiritual Services","Greater Randolph Seventh Day Adventist Church","78154"
"13201","Casualty Support","Green Beret Foundation","78216"
"13206","Donate","Green Beret Foundation",
"13203","Family Support","Green Beret Foundation","78216"
"13204","Gold Star Family Support","Green Beret Foundation","78216"
"13202","Health and Wellness Support","Green Beret Foundation","78216"
"13205","Transition Support","Green Beret Foundation","78216"
"13089","Bipolar Disorder","Green Mountain Counseling","78216"
"13085","Counseling and Therapy","Green Mountain Counseling","78216"
"13086","Group Therapy","Green Mountain Counseling","78216"
"13088","Suicide and Suicidal Thoughts","Green Mountain Counseling","78216"
"13087","Teen Counseling","Green Mountain Counseling","78216"
"14411","Foreclosure Prevention & Support","GreenPath Financial Wellness (Credit Counseling Service)",
"14413","Homebuyer Assistance","GreenPath Financial Wellness (Credit Counseling Service)",
"14416","Renter Counseling & Education","GreenPath Financial Wellness (Credit Counseling Service)",
"14415","Reverse Mortgage Counseling","GreenPath Financial Wellness (Credit Counseling Service)",
"17647","Disability Assistance - St Mary's Bus Station","Greyhound Bus Station","78205"
"13585","GreySheeters Anonymous Meetings","GreySheeters Anonymous",
"13314","Agora Stone Oak","Greystar","78258"
"13429","Dalian 151","Greystar","78245"
"19988","Overture Stone Oak","Greystar","78258"
"19985","Sage Stone Oak","Greystar","78258"
"11326","The Upton at Longhorn Quarry","Greystar","78233"
"19422","Grief Support Group After Loss by Suicide - Virtual","Grief Support Center",
"19423","Grief Support Group After Loss of a Child - Virtual","Grief Support Center",
"19322","Donate to griefHaven","griefHaven",
"19310","Free Packet of Hope","griefHaven",
"19306","Grief Counseling","griefHaven",
"19315","Grief Resources","griefHaven",
"19312","griefHaven Newsletter","griefHaven",
"19318","Now You Know","griefHaven",
"19316","Portraits of Hope: The Parent's Journey","griefHaven",
"17889","Find a GriefShare Group","GriefShare",
"13838","Spiritual Services","Grissom Road Church of Christ","78238"
"9595","Spiritual Services","Grove Ave Church of Christ","78210"
"6323","Spiritual Services","Grove Ave Spanish Church of Christ","78210"
"15886","Talk Therapy","Grow Therapy",
"17538","Special Needs Dentistry","Growing Smiles Pediatric Dentistry","78251"
"8789","Spiritual Services","Gruene United Methodist Church","78130"
"8790","Steve's Pantry","Gruene United Methodist Church","78130"
"17418","Volunteer at Canyon Lake Gorge","Guadalupe-Blanco River Authority (GBRA)","78133"
"4018","Attorney Information","Guardian House","78212"
"3998","Counseling","Guardian House","78212"
"8271","Get Involved","Guardian House","78212"
"3997","Monitored Kids Exchanges","Guardian House","78212"
"4027","Parenting Together Group","Guardian House","78212"
"4026","Shared Parenting Classes","Guardian House","78212"
"3996","Supervised Visitation","Guardian House","78212"
"4025","Triple P Parenting Classes","Guardian House","78212"
"7085","Advocates for Children of Abuse","Guardians of the Children (GOC)",
"9221","Program Support & Membership","Guardians of the Children (GOC)",
"19330","Community Living Assistance and Support Services (CLASS)","Gucci Health Care Services Inc.","78752"
"16355","Therapy Services","Guided Growing Counseling","78121"
"14902","Care Services","Guiding Light Hospice","78217"
"16434","Independent Living","Guiding Star Homes","78252"
"10553","Know Your Neighbor","H. E. Butt Foundation",
"6994","Laity Lodge Family Camp Scholarship","H. E. Butt Foundation","78873"
"6995","Outdoor School","H. E. Butt Foundation","78209"
"6996","San Antonio Capacity Building","H. E. Butt Foundation","78209"
"18280","Ways to Give","H. E. Butt Foundation","78209"
"16783","Centre for Emergency Health Sciences","H.I.S Centre","78163"
"16780","Community Health Program (CHP)","H.I.S Centre","78163"
"16785","Wellness on Wheels (W.O.W.)","H.I.S Centre","78163"
"432","Children’s Out of School & Summer Reading Programs","H.I.S. BridgeBuilders, San Antonio","78202"
"8272","Volunteer Opportunities","H.I.S. BridgeBuilders, San Antonio","78209"
"433","Youth Bible Study","H.I.S. BridgeBuilders, San Antonio","78202"
"20408","Aging in Place with Habitat for Humanity","Habitat for Humanity of San Antonio","78204"
"15162","Austin HFH ReStore San Marcos","Habitat for Humanity of San Antonio","78666"
"15159","Comal County HFH ReStore","Habitat for Humanity of San Antonio","78130"
"10919","Habitat for Humanity at St Francis of Assisi Catholic Church","Habitat for Humanity of San Antonio","78249"
"40","Habitat Ownership Program","Habitat for Humanity of San Antonio","78204"
"15164","HFH Kerr County Restore","Habitat for Humanity of San Antonio","78028"
"15155","San Antonio HFH ReStore 1","Habitat for Humanity of San Antonio","78204"
"15156","San Antonio HFH Restore 2","Habitat for Humanity of San Antonio","78218"
"15158","San Antonio HFH Restore 3","Habitat for Humanity of San Antonio","78227"
"8273","Volunteer and Support Opportunities","Habitat for Humanity of San Antonio","78204"
"14478","Sensory-Specific Haircuts","Hair-Apy",
"18606","Bravo Health Clinic Pecos","Hamilton Health Box","79772"
"18604","Bravo Health Clinic Presidio","Hamilton Health Box","79845"
"18599","Bravo Health Clinic Terlingua","Hamilton Health Box","79852"
"18608","Marfa Country Clinic","Hamilton Health Box","79843"
"19183","Prosthetics, Orthotics, and Pediatric Services - Kerrville","Hanger Clinic","78028"
"19181","Prosthetics, Orthotics, and Pediatric Services - Louis Pasteur Dr","Hanger Clinic","78229"
"19180","Prosthetics, Orthotics, and Pediatric Services - Military Dr","Hanger Clinic","78214"
"19182","Prosthetics, Orthotics, and Pediatric Services - Proton Rd","Hanger Clinic","78258"
"12551","De Zavala Branch","Hanz Meetinghouse of The Church of Jesus Christ of Latter-day Saints","78130"
"13115","Disaster Response","Hanz Meetinghouse of The Church of Jesus Christ of Latter-day Saints","78130"
"7579","New Braunfels 1st Ward","Hanz Meetinghouse of The Church of Jesus Christ of Latter-day Saints","78130"
"7578","New Braunfels 2nd Ward","Hanz Meetinghouse of The Church of Jesus Christ of Latter-day Saints","78130"
"17785","Health Services","Happy Child Pediatrics","78213"
"18868","Day Care","Happy Jacks Learning Center","78028"
"17503","Preventative Dental Care","Happy Pediatric Dentistry","78248"
"17505","Restorative Dentistry","Happy Pediatric Dentistry","78248"
"17504","Specialized Services","Happy Pediatric Dentistry","78248"
"11538","Ashley Oaks","Harbor Group Management","78232"
"14364","Spice Creek","Harbor Group Management","78240"
"13395","The Clara Apartments","Harbor Group Management","78230"
"13974","The Maxwell","Harbor Group Management","78245"
"4807","Spiritual Services","Harlandale Christian Church","78214"
"4038","Free Student WiFi Zones","Harlandale Independent School District (HISD)","78214"
"19611","STEM","Harlandale Independent School District (HISD)","78214"
"5840","Harlandale UMC Food Pantry","Harlandale United Methodist Church","78214"
"5841","Spiritual Services","Harlandale United Methodist Church","78214"
"6311","Spiritual Services","Harmony Baptist Church","78223"
"18965","Preschool at Harper Elementary School","Harper Independent School District","78631"
"18658","Kids","Harper's Chapel Baptist Church","78207"
"8172","Resident Care","Harper's Chapel Baptist Church","78207"
"4154","Spiritual Services","Harper's Chapel Baptist Church","78207"
"8173","Volunteer with Harper's Food Pantry and Resource Hub","Harper's Chapel Baptist Church","78207"
"14376","Spiritual Services","Harvest City Church","78217"
"6537","Spiritual Services","Harvest Hill Baptist Church","78239"
"4466","Spiritual Services","Harvest Time Fellowship Ministry","78219"
"64","Haven for Hope North Transformational Campus","Haven for Hope","78207"
"63","Haven for Hope South Campus (Courtyard)","Haven for Hope","78207"
"6119","Homelink Access Point","Haven for Hope","78207"
"13583","Volunteer and Support Opportunities","Haven for Hope","78207"
"17171","Staffing Services","Hawkins Personnel Group","78130"
"8203","Couples Counseling","Hawks Counseling & Assessment Services","78232"
"13295","Immigration Evaluations","Hawks Counseling & Assessment Services","78232"
"12212","How to Adoption & Foster Animals","Hay Dude Critter Rescue","78006"
"12213","Program Support & Sponsorship","Hay Dude Critter Rescue","78006"
"19751","H.C. Signs of Hope Programs and Services","HC Signs of Hope, Inc.","78028"
"19170","Medical Products","HDIS Inc",
"12764","Intramuscular Ketamine","Heading Health","78258"
"12765","Spravato®","Heading Health","78258"
"12766","Telepsychiatry and Teletherapy","Heading Health",
"18301","Find a Therapist","HeadsUpGuys",
"18302","Free Mental Health Screening Tools","HeadsUpGuys",
"18303","Self-Care - Self-Guided Courses","HeadsUpGuys",
"17074","SEAM Series","Headwaters at the Comal","78130"
"17073","Volunteer","Headwaters at the Comal","78130"
"17075","Yoga at the Headwaters","Headwaters at the Comal","78130"
"19378","Adolescent Therapy Services","Healing Minds Behavioral Health","78228"
"19377","Child Counseling Services","Healing Minds Behavioral Health","78228"
"19379","Family Therapy Services","Healing Minds Behavioral Health","78228"
"15808","Individual Counseling","Healing Paths Online Counseling Services, PLLC",
"12706","Ambassador Program","Health Confianza","78229"
"13873","Wellness Cultura","Health Confianza",
"20330","Maternal and Child Health Bureau (MCHB)","Health Resources & Services Administration (HRSA)",
"20331","Maternal and Child Health Bureau (MCHB)","Health Resources & Services Administration (HRSA)",
"9953","National Maternal Mental Health Hotline","Health Resources & Services Administration (HRSA)",
"17952","Alamo Heights Clinic","Health Texas Medical Group Support Services (Admin office)","78209"
"17954","Blanco Clinic","Health Texas Medical Group Support Services (Admin office)","78216"
"17955","Helotes Clinic","Health Texas Medical Group Support Services (Admin office)","78023"
"17956","Highlands Clinic","Health Texas Medical Group Support Services (Admin office)","78210"
"17957","Holy Cross Clinic","Health Texas Medical Group Support Services (Admin office)","78228"
"17958","Ingram Park Clinic","Health Texas Medical Group Support Services (Admin office)","78245"
"17967","Las Palmas Clinic","Health Texas Medical Group Support Services (Admin office)","78237"
"17968","Leon Valley Clinic","Health Texas Medical Group Support Services (Admin office)","78238"
"17969","Perrin Beitel Clinic","Health Texas Medical Group Support Services (Admin office)","78217"
"17970","San Pedro Clinic","Health Texas Medical Group Support Services (Admin office)","78212"
"17971","Southwest Military Clinic","Health Texas Medical Group Support Services (Admin office)","78221"
"17972","Stone Oak Clinic","Health Texas Medical Group Support Services (Admin office)","78258"
"17973","Val Verde Clinic","Health Texas Medical Group Support Services (Admin office)","78214"
"17974","Westover Hills Clinic","Health Texas Medical Group Support Services (Admin office)","78251"
"17975","Wurzbach Clinic","Health Texas Medical Group Support Services (Admin office)","78240"
"19302","Community Living Assistance and Support Services (CLASS)","Healthcare Continuum","76904"
"16004","HealthCare for Kids (San Antonio Location)","HealthCare for Kids","78247"
"1364","Big Decisions","Healthy Futures of Texas","78207"
"1366","Talk About It Texas","Healthy Futures of Texas","78207"
"16791","Ways to Give","Healthy Futures of Texas","78207"
"8320","Youth Advocacy Council","Healthy Futures of Texas","78207"
"18255","A Guide into Adulthood - Free Resources","Healthy Relationships Curriculum",
"18254","A Guide to Adulthood - for Educators","Healthy Relationships Curriculum",
"1910","Child Development Center","Healy-Murphy Center","78202"
"1908","GED Prep and Testing","Healy-Murphy Center","78202"
"1905","High School","Healy-Murphy Center","78202"
"17455","Heart of Stone 3/4 House","Heart of Stone","76706"
"12670","24/7 Crisis Hotline & Mobile Crisis Outreach Team (MCOT)","Heart of Texas Behavioral Health Network",
"12669","Adult Adolescent & Child Behavioral & Medical Services","Heart of Texas Behavioral Health Network","76701"
"9253","Direct Cremation","Heart of Texas Cremations","78210"
"19074","Services","Heart of the Hills","78624"
"12219","Heartland Children's Home","Heartland Children's Home, Inc.","78006"
"19876","In-Home Care Services","Hearts at Home Senior Care","78213"
"19879","Memory Care Services","Hearts at Home Senior Care","78213"
"19877","Stroke Recovery & Specialty In-Home Care Services","Hearts at Home Senior Care","78213"
"19681","Adult Day Hab Services","Heaven and Earth Adult DayHab","78238"
"19645","Adult Day Care Services","Heavenly Hearts Adult Activity Center","78217"
"20099","Free Wi-Fi Hotspot - Austin Hwy Location","HEB","78218"
"20104","Free Wi-Fi Hotspot - Babcock Rd Location","HEB","78240"
"20107","Free Wi-Fi Hotspot - Bandera Rd Location","HEB","78238"
"17653","Free WI-FI Hotspot - Culebra Rd Location","HEB","78228"
"17652","Free WI-FI Hotspot - E Basse Rd Location","HEB","78209"
"17649","Free Wi-Fi Hotspot - Flores St Location","HEB","78204"
"20106","Free Wi-Fi Hotspot - Hwy 281 Location","HEB","78258"
"20108","Free Wi-Fi Hotspot - I-10 Location","HEB","78230"
"20101","Free Wi-Fi Hotspot - N Loop 1604 Location","HEB","78249"
"20094","Free WI-FI Hotspot - Nacogdoches Rd Location","HEB","78209"
"17650","Free WI-FI Hotspot - New Braunfels Ave Location","HEB","78202"
"20098","Free Wi-Fi Hotspot - Nogalitos St Location","HEB","78204"
"20100","Free Wi-Fi Hotspot - NW Military Hwy Location","HEB","78231"
"20114","Free Wi-Fi Hotspot - Rosillo St Location","HEB","78207"
"17654","Free WI-FI Hotspot - Rosillo St Location","HEB","78207"
"20095","Free WI-FI Hotspot - San Pedro Ave Location","HEB","78216"
"17651","Free WI-FI Hotspot - W Olmos Dr Location","HEB","78212"
"20096","Free WI-FI Hotspot - West Ave Location","HEB","78213"
"20097","Free WI-FI Hotspot - Wurzbach Rd Location","HEB","78230"
"20102","Free Wi-Fi Hotspot - Zarzamora St Location","HEB","78224"
"6626","Spiritual Services","Hebron Missionary Baptist Church","78152"
"6902","Spiritual Services","Heights Community Church","78216"
"6576","Public Swimming Pool","Heights Pool Ltd","78209"
"6464","Swimming Lessons","Heights Pool Ltd","78209"
"20471","ADHD Evaluation & Medication Management","Helen’s Project","78202"
"20470","Family & Youth Therapy","Helen’s Project","78202"
"20469","Group Therapy","Helen’s Project","78202"
"18353","Individual Counseling","Helen’s Project","78202"
"16650","Cosmetic Dentistry","Helotes Family Dentistry","78023"
"16647","Emergency Dentist","Helotes Family Dentistry","78023"
"16651","Kids Dentistry","Helotes Family Dentistry","78023"
"16653","Periodontal Therapy","Helotes Family Dentistry","78023"
"16648","Preventative Dentistry","Helotes Family Dentistry","78023"
"16649","Restorative Dentistry","Helotes Family Dentistry","78023"
"16652","Sedation Dentistry","Helotes Family Dentistry","78023"
"16654","Cleaning and Prevention","Helotes Gentle Family Dentistry","78023"
"16656","Cosmetic Dentistry","Helotes Gentle Family Dentistry","78023"
"16670","Extractions & Preervation","Helotes Gentle Family Dentistry","78023"
"16655","Family Service","Helotes Gentle Family Dentistry","78023"
"16671","Oral Appliances","Helotes Gentle Family Dentistry","78023"
"16672","Orthodontics","Helotes Gentle Family Dentistry","78023"
"16673","Sedation/Comfort","Helotes Gentle Family Dentistry","78023"
"16674","Technological Services","Helotes Gentle Family Dentistry","78023"
"16657","Tooth Replacement","Helotes Gentle Family Dentistry","78023"
"13908","Spiritual Services","Helotes Hills United Methodist Church","78023"
"16682","Special Needs Services","Helotes Pediatric Dentistry & Orthodontics","78250"
"18575","Medical Fundraising","Help Hope Live Inc",
"15228","Home and Community Based Services- Adult Mental Health (HCBS- AMH)","Helpful Hands to Recovery",
"13584","Long-Term Residential Care","Helping Hands Care Home","78230"
"15993","Alzheimer's In-Home Care","Helping Our Seniors, LLC","78231"
"15987","Caregiver Services","Helping Our Seniors, LLC","78231"
"15992","Dementia In-Home Care","Helping Our Seniors, LLC","78231"
"15991","Hospital-to-Home Care","Helping Our Seniors, LLC","78231"
"15990","Parkinson's Care","Helping Our Seniors, LLC","78231"
"15989","Respite Care","Helping Our Seniors, LLC","78231"
"15988","Stroke Recovery Care","Helping Our Seniors, LLC","78231"
"18666","Legal Assistance for Sexual Abuse and Assault","Helping Survivors",
"20542","Sexual Abuse & Assault Resources","Helping Survivors",
"13953","Magnolia Flats","HELU Residential","78201"
"11228","The Grand Apartment Homes","HELU Residential","78247"
"13551","Support Hemisfair Park","Hemisfair Park Area Redevelopment Corporation","78205"
"13588","Universal Changing Places at Yanaguana Garden, Hemisfair Park","Hemisfair Park Area Redevelopment Corporation","78205"
"13550","Visitor Information","Hemisfair Park Area Redevelopment Corporation","78205"
"14853","Sober Living House","Her Turn Sober Living","78232"
"11920","Couples & Marriage Therapy","HERA Therapy Center, PLLC",
"11921","Family Therapy","HERA Therapy Center, PLLC",
"11919","Individual Therapy","HERA Therapy Center, PLLC",
"19439","Amenities and Services","Heritage Place of Fredericksburg","78624"
"19440","Living Options/Floor Plans","Heritage Place of Fredericksburg","78624"
"19441","Resources","Heritage Place of Fredericksburg","78624"
"18964","Preschool at Heritage School","Heritage School","78624"
"14450","Affordable Veteran Shared Housing","Hero Story Housing","78230"
"10406","Find an H.A. Meeting","Heroin Anonymous World Services, Inc",
"17080","The Dead Celebrities Group","Heroin Anonymous World Services, Inc","78028"
"18818","ABA Therapy Services","Hidden Talents ABA","78213"
"15177","Student Living","High View","78256"
"19047","Vision Care for Special Needs Individuals","High5v Vision Development","78132"
"14397","Spiritual Services","Higher Ground Christian Worship Center","78109"
"11513","Alamo Apartments","Highland Commercial","78216"
"13563","Immunizations—Highland Drug","Highland Drug","79830"
"6867","Spiritual Services","Highland Hills Seventh Day Adventist Church","78223"
"4757","Spiritual Services","Highland Park Assembly","78210"
"4776","Spiritual Services","Highland Park Lutheran Church","78210"
"11095","Las Villas De Leon Apartments","Highmark Residential","78227"
"20384","HikerBabes Community: San Antonio/Southern Texas Chapter","HikerBabes Community",
"18420","Hill Country ADHD Coaching","Hill Country ADHD Coaching","78028"
"12321","Hill Country Animal League Thrift Store","Hill Country Animal League","78006"
"12320","Pet Wellness Services","Hill Country Animal League","78006"
"12319","Spay & Neuter Services","Hill Country Animal League","78006"
"20121","A New Way Canyon Lake","Hill Country Area of Narcotics Anonymous","78133"
"7685","Boerne NA","Hill Country Area of Narcotics Anonymous","78006"
"20119","Clean and Serene","Hill Country Area of Narcotics Anonymous","78155"
"20122","Courage to Change","Hill Country Area of Narcotics Anonymous","78148"
"20124","Key to Freedom","Hill Country Area of Narcotics Anonymous","78155"
"20118","Men At Work","Hill Country Area of Narcotics Anonymous","78130"
"20125","NA Virtual Meetings","Hill Country Area of Narcotics Anonymous",
"20120","S.O.S.","Hill Country Area of Narcotics Anonymous","78148"
"20116","Simplicity","Hill Country Area of Narcotics Anonymous","78130"
"20117","The Freedom Group New Braunfels","Hill Country Area of Narcotics Anonymous","78130"
"20123","Women Do Recover","Hill Country Area of Narcotics Anonymous","78130"
"18804","Community Education","Hill Country Children’s Advocacy Center","78611"
"18805","Counseling Services","Hill Country Children’s Advocacy Center","78611"
"18806","Family Advocacy and Victim Services","Hill Country Children’s Advocacy Center","78611"
"18807","Forensic Services","Hill Country Children’s Advocacy Center","78611"
"18808","Multidisciplinary Team Support","Hill Country Children’s Advocacy Center","78611"
"19107","Case Management Services","Hill Country Community Action Association","76877"
"18955","Early Head Start at Kingsland Head Start","Hill Country Community Action Association","78639"
"19004","Early Head Start at Llano Head Start Center","Hill Country Community Action Association","78643"
"19035","Head Start at Kingsland Head Start Center","Hill Country Community Action Association","78639"
"19034","Head Start at Llano Head Start Center","Hill Country Community Action Association","78643"
"19111","Head Start at Mason Head Start Preschool and Early Head Start Center","Hill Country Community Action Association","76856"
"19707","Senior Nutrition Services - Belton Senior Activity Center","Hill Country Community Action Association","76513"
"19711","Senior Nutrition Services - Copperas Cove Senior Center","Hill Country Community Action Association","76522"
"19712","Senior Nutrition Services - Gatesville Senior Center","Hill Country Community Action Association","76528"
"19716","Senior Nutrition Services - Goldthwaite Senior Center","Hill Country Community Action Association","76844"
"19715","Senior Nutrition Services - Kingsland Senior Center @ Windwood","Hill Country Community Action Association","78639"
"19713","Senior Nutrition Services - Lampasas Senior Center","Hill Country Community Action Association","76550"
"19714","Senior Nutrition Services - Llano Senior Center","Hill Country Community Action Association","78643"
"19717","Senior Nutrition Services - Rockdale Senior Center","Hill Country Community Action Association","76567"
"19718","Senior Nutrition Services - San Saba Senior Center","Hill Country Community Action Association","76877"
"19709","Senior Nutrition Services - Temple Senior Center @ Sammons","Hill Country Community Action Association","76504"
"19708","Senior Nutrition Services -Killeen Senior Center @ Lion's Club Park","Hill Country Community Action Association","76543"
"19108","Volunteer and Support","Hill Country Community Action Association","76877"
"18684","Child and Family Services","Hill Country Community Needs Council","78624"
"18705","Counseling and Domestic Violence Support","Hill Country Community Needs Council","78624"
"20516","Counseling and Domestic Violence Support","Hill Country Community Needs Council","78624"
"18682","Crisis Assistance","Hill Country Community Needs Council","78624"
"20514","Food 4 Kids","Hill Country Community Needs Council","78624"
"20515","Medical Transportation","Hill Country Community Needs Council","78624"
"20513","School Supplies","Hill Country Community Needs Council","78624"
"18683","Senior Services","Hill Country Community Needs Council","78624"
"18717","Volunteer and Support Opportunities","Hill Country Community Needs Council","78624"
"11827","5-Panel Hair Follicle Drug Test","Hill Country Council on Alcohol & Drug Abuse - HCCADA","78028"
"11819","Adult and Community Prevention Education","Hill Country Council on Alcohol & Drug Abuse - HCCADA",
"11828","Alcohol & Drug Assessments & SASSI Services","Hill Country Council on Alcohol & Drug Abuse - HCCADA","78028"
"11821","Drug Offender Education Program","Hill Country Council on Alcohol & Drug Abuse - HCCADA","78227"
"11822","DWI Education (1st Offence)","Hill Country Council on Alcohol & Drug Abuse - HCCADA","78028"
"11823","DWI Intervention (Multiple Offences)","Hill Country Council on Alcohol & Drug Abuse - HCCADA","78028"
"11820","Mental Health Awareness Training (MHAT)","Hill Country Council on Alcohol & Drug Abuse - HCCADA","78028"
"11815","Outpatient Treatment","Hill Country Council on Alcohol & Drug Abuse - HCCADA","78028"
"11817","PADRE (Parent Awareness & Drug Risk Education)","Hill Country Council on Alcohol & Drug Abuse - HCCADA","78028"
"11818","Recovery Support Services","Hill Country Council on Alcohol & Drug Abuse - HCCADA","78028"
"11824","Victim Impact Panel (VIP)","Hill Country Council on Alcohol & Drug Abuse - HCCADA","78028"
"2534","24/7 Phone Support","Hill Country Crisis Council",
"2535","Community Education","Hill Country Crisis Council","78028"
"2532","Emergency Shelter","Hill Country Crisis Council","78028"
"2533","Hospital Advocacy","Hill Country Crisis Council","78028"
"2531","Kids’ Advocacy Place","Hill Country Crisis Council","78029"
"8323","Volunteer & Support Opportunities","Hill Country Crisis Council","78028"
"16702","Volunteer/Intern Program","Hill Country Crisis Council",
"1016","Family Mentor Resources Ministry","Hill Country Daily Bread Ministries (HCDBM)","78006"
"10639","Program Support & Sponsorship","Hill Country Daily Bread Ministries (HCDBM)","78006"
"8325","Stand By Me Student Mentoring","Hill Country Daily Bread Ministries (HCDBM)","78006"
"14792","Support Ministries","Hill Country Daily Bread Ministries (HCDBM)","78015"
"8324","Volunteer and Support Opportunities","Hill Country Daily Bread Ministries (HCDBM)","78006"
"18619","Men's Walk","Hill Country Emmaus Community","78028"
"18620","Volunteer Support","Hill Country Emmaus Community","78028"
"3974","Corner Cupboard","Hill Country Family Services (HCFS)","78006"
"8327","Random Hangers & Warehouse","Hill Country Family Services (HCFS)","78006"
"8326","Volunteer Opportunities","Hill Country Family Services (HCFS)","78006"
"18767","Services","Hill Country Holistic Health","78606"
"8423","Mental Health Resources","Hill Country Hope 4 Mental Health",
"10162","Blanco County MH Center","Hill Country Mental Health & Developmental Disabilities Centers","78636"
"10163","Bulverde County MH Center","Hill Country Mental Health & Developmental Disabilities Centers","78163"
"8438","Canyon Lake MH Center","Hill Country Mental Health & Developmental Disabilities Centers","78133"
"10176","Comal County IDD Center","Hill Country Mental Health & Developmental Disabilities Centers","78130"
"10165","Comal County MH Center","Hill Country Mental Health & Developmental Disabilities Centers","78130"
"10178","Comal County Service Coordination","Hill Country Mental Health & Developmental Disabilities Centers","78130"
"10166","Gillespie County MH Center","Hill Country Mental Health & Developmental Disabilities Centers","78624"
"10207","Hays County IDD Center","Hill Country Mental Health & Developmental Disabilities Centers","78666"
"10168","Hays County MH Center (Scheib Center)","Hill Country Mental Health & Developmental Disabilities Centers","78666"
"10180","Intellectual and Developmental Disabilities Services","Hill Country Mental Health & Developmental Disabilities Centers",
"8467","Intellectual and Developmental Disabilities Services","Hill Country Mental Health & Developmental Disabilities Centers","78028"
"10153","Intellectual and Developmental Disabilities Services at Work Center","Hill Country Mental Health & Developmental Disabilities Centers","78801"
"10169","Kendall County MH Center","Hill Country Mental Health & Developmental Disabilities Centers","78006"
"10181","Kerr County IDD Service Coordination","Hill Country Mental Health & Developmental Disabilities Centers","78028"
"10208","Kerr County IDD-Special Opportunity Center","Hill Country Mental Health & Developmental Disabilities Centers","78028"
"10170","Kerr County MH Center","Hill Country Mental Health & Developmental Disabilities Centers","78028"
"10220","Kimble County MH Center","Hill Country Mental Health & Developmental Disabilities Centers","76849"
"10171","Kyle MH Center","Hill Country Mental Health & Developmental Disabilities Centers","78640"
"10172","Llano County MH Center","Hill Country Mental Health & Developmental Disabilities Centers","78643"
"10209","Llano Special Opportunity Center","Hill Country Mental Health & Developmental Disabilities Centers","78643"
"10179","Medina County IDD Service Coordination","Hill Country Mental Health & Developmental Disabilities Centers","78016"
"10173","Medina County MH Center","Hill Country Mental Health & Developmental Disabilities Centers","78861"
"8426","Mental Health Crisis Helpline","Hill Country Mental Health & Developmental Disabilities Centers",
"8469","Mobile Crisis Outreach Team - MCOT","Hill Country Mental Health & Developmental Disabilities Centers",
"10154","New Horizons Center","Hill Country Mental Health & Developmental Disabilities Centers","78624"
"10224","Spring Branch MH Center","Hill Country Mental Health & Developmental Disabilities Centers","78070"
"8440","Substance Use Disorder Outpatient Services","Hill Country Mental Health & Developmental Disabilities Centers","78028"
"10211","Tex-Spice","Hill Country Mental Health & Developmental Disabilities Centers","78016"
"10238","Uvalde Community Helpline","Hill Country Mental Health & Developmental Disabilities Centers",
"10182","Uvalde County IDD Service Coordination","Hill Country Mental Health & Developmental Disabilities Centers","78801"
"10221","Uvalde County MH Center","Hill Country Mental Health & Developmental Disabilities Centers","78801"
"10214","Val Verde County IDD Center","Hill Country Mental Health & Developmental Disabilities Centers","78840"
"10183","Val Verde County IDD Service Coordination","Hill Country Mental Health & Developmental Disabilities Centers","78840"
"10215","Werlein Crisis Stabilization Unit","Hill Country Mental Health & Developmental Disabilities Centers","78028"
"10245","Wimberley MH Center","Hill Country Mental Health & Developmental Disabilities Centers","78676"
"10213","Work Center","Hill Country Mental Health & Developmental Disabilities Centers","78028"
"10963","Cultivar Garden","Hill Country Mission for Health","78006"
"10960","Primary Care","Hill Country Mission for Health","78006"
"10962","Risk Buster Program","Hill Country Mission for Health","78006"
"10961","RX Assist","Hill Country Mission for Health","78006"
"19169","Our Services - Hill Country AOD Briggs Ave","Hill Country Orthotics and Prosthetics","78224"
"19167","Our Services - Medical Center","Hill Country Orthotics and Prosthetics","78229"
"19168","Our Services - South Side","Hill Country Orthotics and Prosthetics","78211"
"11746","Fatherhood Program - Boerne","Hill Country Pregnancy Care Center","78006"
"11747","Fatherhood Program - Comfort","Hill Country Pregnancy Care Center","78013"
"17554","Fatherhood Program - Leon Springs","Hill Country Pregnancy Care Center","78257"
"17555","Free Pregnancy Test - Leon Springs","Hill Country Pregnancy Care Center","78257"
"11734","Free Pregnancy Tests - Boerne","Hill Country Pregnancy Care Center","78006"
"11735","Free Pregnancy Tests - Comfort","Hill Country Pregnancy Care Center","78013"
"11737","Free Ultrasounds - Boerne","Hill Country Pregnancy Care Center","78006"
"11736","Free Ultrasounds - Comfort","Hill Country Pregnancy Care Center","78013"
"17556","Free Ultrasounds - Leon Springs","Hill Country Pregnancy Care Center","78257"
"11745","Material Assistance - Boerne","Hill Country Pregnancy Care Center","78006"
"11744","Material Assistance - Comfort","Hill Country Pregnancy Care Center","78013"
"17557","Material Assistance - Leon Springs","Hill Country Pregnancy Care Center","78257"
"11742","Pre-Natal, Childbirth and Parenting Classes - Boerne","Hill Country Pregnancy Care Center","78006"
"11743","Pre-Natal, Childbirth and Parenting Classes - Comfort","Hill Country Pregnancy Care Center","78013"
"17558","Pre-Natal, Childbirth and Parenting Classes - Leon Springs","Hill Country Pregnancy Care Center","78257"
"11741","Pregnancy Options & Adoption Referrals - Boerne","Hill Country Pregnancy Care Center","78006"
"17560","Pregnancy Options & Adoption Referrals - Leon Springs","Hill Country Pregnancy Care Center","78257"
"11740","Pregnancy Options and Adoption Referrals - Comfort","Hill Country Pregnancy Care Center","78013"
"11748","Sexual Health Education-Boerne","Hill Country Pregnancy Care Center","78006"
"11738","STD/STI Testing & Treatment - Boerne","Hill Country Pregnancy Care Center","78006"
"11739","STD/STI Testing & Treatment - Comfort","Hill Country Pregnancy Care Center","78013"
"17561","STD/STI Testing and Treatment - Leon Springs","Hill Country Pregnancy Care Center","78257"
"18822","Children's Program","Hill Country Youth Ranch","78025"
"18830","Single Mother's Community","Hill Country Youth Ranch","78025"
"19136","Thrift Store #1","Hill Country Youth Ranch","78025"
"19140","Thrift Store #2","Hill Country Youth Ranch","78025"
"18829","Young Adult Program","Hill Country Youth Ranch","78025"
"17285","Allergy Clinic","Hillside Primary Care","78233"
"17284","Annual Wellness Visits","Hillside Primary Care","78233"
"17286","Anxiety and Depression Treatment","Hillside Primary Care","78233"
"17287","Cardiac Evaluation with Echo","Hillside Primary Care","78233"
"17288","Diabetes Evaluation & Management Services","Hillside Primary Care","78233"
"17293","Hillside Primary Care (Culebra Rd location)","Hillside Primary Care","78201"
"17292","Hillside Primary Care (Evans Rd location)","Hillside Primary Care","78259"
"17294","Hillside Primary Care (Northwest location)","Hillside Primary Care","78216"
"17295","Hillside Primary Care (Southside location)","Hillside Primary Care","78214"
"17289","Joint Pain Injections","Hillside Primary Care","78233"
"17290","Medical Weight Loss","Hillside Primary Care","78233"
"17291","Peripheral Vascular Disease (PVD)","Hillside Primary Care","78233"
"6927","Medical Area Weekly Gathering","Hindu Swayamsevak Sangh (HSS) - San Antonio","78230"
"18048","Volunteer & Support Opportunities","Hindu Swayamsevak Sangh (HSS) - San Antonio","78249"
"7491","Spiritual Services","Hindu Temple of San Antonio","78023"
"5819","A Little Help","HIP Healthy Innovative Processes","78229"
"7498","Counseling Services","HIP Healthy Innovative Processes","78229"
"5821","Fitness & Nutrition","HIP Healthy Innovative Processes","78229"
"5815","Grief Counseling","HIP Healthy Innovative Processes","78229"
"5822","Health Assessment","HIP Healthy Innovative Processes","78229"
"5823","I Still Do!","HIP Healthy Innovative Processes","78229"
"5825","Smoking Cessation","HIP Healthy Innovative Processes","78229"
"14395","Spiritual Services","His Life Ministries (HLM)","78248"
"16086","Emerging Leaders' Summit","Hispanic Association of Colleges and Universities (HACU)","78229"
"16087","HACU National Internship Program (HNIP)","Hispanic Association of Colleges and Universities (HACU)","78229"
"16080","HACU Scholarship Program","Hispanic Association of Colleges and Universities (HACU)","78229"
"16088","Leader-in-Residence Program","Hispanic Association of Colleges and Universities (HACU)","78229"
"16084","Leadership Academy","Hispanic Association of Colleges and Universities (HACU)","78229"
"16089","Voces Nuevas Program","Hispanic Association of Colleges and Universities (HACU)","78229"
"19765","Professional Hoarding Cleanup Services","Hoarding Rescue",
"13913","Spiritual Services","Hodges Chapel African Methodist Episcopal Church","78202"
"10434","Mental and Behavioral Health Support","Hodges Chapel AME Church","78202"
"10433","Spiritual Services","Hodges Chapel AME Church","78202"
"7952","Integrative / Holistic Treatments","Holistic Developmental Behavioral Pediatrics & Integrative Medicine","78209"
"7951","Medical / Developmental Assessments","Holistic Developmental Behavioral Pediatrics & Integrative Medicine","78209"
"6325","Spiritual Services","Holy Cross Lutheran Church","78210"
"6034","Spiritual Services","Holy Family Catholic Church","78228"
"6047","Spiritual Services","Holy Family Catholic Church - New Braunfels","78130"
"18884","Kindernest Montessori School","Holy Ghost Lutheran Church","78624"
"18802","Support Groups","Holy Ghost Lutheran Church","78624"
"9927","Holy Name Catholic School","Holy Name Catholic Church","78223"
"9926","Outreach Ministry","Holy Name Catholic Church","78223"
"4653","Spiritual Services","Holy Name Catholic Church","78223"
"15084","Food Pantry","Holy Redeemer Catholic Church","78203"
"6048","Spiritual Services","Holy Redeemer Catholic Church","78203"
"6035","Spiritual Services","Holy Rosary Catholic Church","78228"
"7616","Spiritual Services","Holy Scripture Ev. Lutheran Church","78239"
"10640","Holy Spirit Catholic School","Holy Spirit Catholic Church","78216"
"6033","Spiritual Services","Holy Spirit Catholic Church","78216"
"19766","Special Education Advocacy Services","Holy Spirit Special Education Advocacy Firm","78108"
"6663","Spiritual Services","Holy Temple of Jesus Christ","78202"
"1147","Divorced/Separated Support Group","Holy Trinity Catholic Church","78258"
"1154","Prayer Shawl Ministry","Holy Trinity Catholic Church","78258"
"1155","Respect for Life","Holy Trinity Catholic Church","78258"
"1156","Rosary Ministry","Holy Trinity Catholic Church","78258"
"6036","Spiritual Services","Holy Trinity Catholic Church","78258"
"1111","Stephen Ministry","Holy Trinity Catholic Church","78258"
"1159","The Christ-Centered Marriage Ministry","Holy Trinity Catholic Church","78258"
"1119","Stephen Ministry","Holy Trinity Presbyterian Church","78247"
"19179","Residential Services","Home Elevator of Texas","78216"
"19701","Alzheimer’s and Dementia Support - Boerne, Kerrville, Fredericksburg","Home Instead","78006"
"19700","Alzheimer’s and Dementia Support - New Braunfels, Seguin, San Marcos","Home Instead","78130"
"19305","Alzheimer’s and Dementia Support - San Antonio","Home Instead","78249"
"328","Affordable Housing for Women in Transition","HOME Intervention Service","78220"
"329","Career Search and Placement Services","HOME Intervention Service","78220"
"331","Education Services","HOME Intervention Service","78220"
"332","Food Pantry","HOME Intervention Service","78220"
"330","Mentoring Big Brothers","HOME Intervention Service","78220"
"8762","Spiritual Services","Home of Living Faith, Inc.","78839"
"7004","Spiritual Services","Home of the Holy Spirit Church","78225"
"19215","Therapies for Recovery","Homecare Dimensions","78257"
"7935","Day Hab and Residential Services","Homelife & Community Services, Inc","78228"
"11016","Alsbury Farms Apartments","HomeSpring Residential Services","78220"
"11180","Eagle Ridge Apartments","HomeSpring Residential Services","78238"
"11082","Elan Gardens Apartments","HomeSpring Residential Services","78213"
"11131","Freedom Hills Ranch","HomeSpring Residential Services","78242"
"11608","Majestic Ranch","HomeSpring Residential Services","78228"
"11165","Master Ranch Apartments","HomeSpring Residential Services","78223"
"11132","Medio Springs Ranch Apartments","HomeSpring Residential Services","78245"
"11610","Mira Vista Ranch","HomeSpring Residential Services","78228"
"11030","Paso Fino Apartments","HomeSpring Residential Services","78254"
"19983","Snowden Senior Living","HomeSpring Residential Services","78240"
"11115","Town Square Apartments","HomeSpring Residential Services","78109"
"15970","Home Care Services at New Braunfels","HomeWell Care Services","78130"
"15969","Home Care Services at San Antonio","HomeWell Care Services","78249"
"13116","Disaster Response","Hondo Meetinghouse of The Church of Jesus Christ of Latter-day Saints","78861"
"12559","Hondo Ward","Hondo Meetinghouse of The Church of Jesus Christ of Latter-day Saints","78861"
"6170","Partner with Help 4 Hounds","Hope 4 Hounds","78064"
"6169","Veterinary Services for Pets in Our Homeless Community","Hope 4 Hounds","78064"
"19691","Blessings Way Program","Hope at Heart Foundation","78229"
"19695","Champion’s Way","Hope at Heart Foundation","78229"
"19697","Colon Cancer Support","Hope at Heart Foundation","78229"
"19699","Get Involved","Hope at Heart Foundation",
"19693","Heaven’s Way","Hope at Heart Foundation","78229"
"19696","Legacy Way","Hope at Heart Foundation","78229"
"19698","Sickle Cell Support for Families","Hope at Heart Foundation","78229"
"19692","Survivor’s Way","Hope at Heart Foundation","78229"
"6796","Spiritual Services","Hope Center Church","78249"
"14311","Spiritual Services","Hope Cumberland Presbyterian Church (of America)","78220"
"10239","Uvalde Community Events","Hope for Uvalde",
"12312","Community Grief Services - Hill Country","Hope Hospice","78163"
"12311","Community Grief Services - New Braunfels","Hope Hospice","78130"
"12309","Hope Hospice of the Hill Country","Hope Hospice","78163"
"12313","Thrift Shop","Hope Hospice","78130"
"12314","Volunteer Opportunities","Hope Hospice","78130"
"4619","Refugee and New Immigrant Assistance","HOPE International for Community Development","78252"
"4620","Volunteer with HICD","HOPE International for Community Development","78252"
"6823","Spiritual Services","Hope Lutheran Church","78228"
"1120","Stephen Ministry","Hope Lutheran Church","78228"
"10866","Spiritual Services","Hope of Life Christian Church","78207"
"19999","Adaptive Riding","Hope Reigns in Texas","78163"
"20002","Get Involved","Hope Reigns in Texas","78163"
"20000","Hippotherapy","Hope Reigns in Texas","78163"
"20001","Jadon Daniel Porter Scholarship Fund","Hope Reigns in Texas","78163"
"15745","Counseling","Hope Village Wellness Center","78247"
"15747","EMDR, Brainspotting and SSP Therapy, EMDR Therapy","Hope Village Wellness Center","78247"
"15752","Emotional Support Animal Evaluation","Hope Village Wellness Center","78247"
"15748","Play Therapy","Hope Village Wellness Center","78247"
"15754","Texas Child and Adolescent Needs and Strengths (CANS)","Hope Village Wellness Center","78247"
"16049","Connecting with Hopecam","Hopecam",
"20357","Equine-Assisted Services","Hopeful Acres","78666"
"20358","Ranch Field Trip","Hopeful Acres","78666"
"16503","Student Support Services","Hopes Helping Hands Advocacy Center",
"5671","Art Therapy","HopeWise","78253"
"16285","Options Counseling","Horizon Pregnancy Resources","78266"
"16284","Our Free Services","Horizon Pregnancy Resources","78266"
"6517","Spiritual Services","Hosack Avenue Baptist Church","78211"
"6372","Spiritual Services","Hosanna Assembly of God Church","78251"
"8398","Food Pantry","Hosanna Baptist Church, Poteet","78065"
"8397","Spiritual Services","Hosanna Baptist Church, Poteet","78065"
"2244","Child and Family Wellness","House of Neighborly Service","78207"
"10821","Child Development Program","House of Neighborly Service","78207"
"6022","Community Health Worker","House of Neighborly Service","78207"
"2246","Senior Health","House of Neighborly Service","78207"
"7582","Volunteer Opportunities","House of Neighborly Service","78207"
"809","Art & Wellness Activities","House of Prayer Lutheran Church","78230"
"807","Cielo Garden","House of Prayer Lutheran Church","78230"
"18256","Spiritual Services","House of Prayer Lutheran Church","78230"
"700","Education & Employment Program","Housing Authority of Bexar County","78202"
"703","Family Self-Sufficiency (FSS)","Housing Authority of Bexar County","78202"
"699","HABC Community Activities and Initiatives","Housing Authority of Bexar County","78202"
"701","Housing Choice Voucher (HCV) Program","Housing Authority of Bexar County","78202"
"704","HUD-VASH Program","Housing Authority of Bexar County","78202"
"11335","Remigio Valdez Jr. Apartments","Housing Authority of Bexar County","78211"
"14032","Housing Base San Antonio","Housing Base",
"10983","Sacred Heart Villa Apartments","Housing Base","78207"
"8753","Towne Twin Village","Housing First Community Coalition","78219"
"13117","Disaster Response","Huebner Meetinghouse of The Church of Jesus Christ of Latter-day Saints","78240"
"7530","Leon Valley Ward","Huebner Meetinghouse of The Church of Jesus Christ of Latter-day Saints","78240"
"7531","San Antonio 9th Ward","Huebner Meetinghouse of The Church of Jesus Christ of Latter-day Saints","78240"
"6141","Adult Art Class","HUG ME Ink","78228"
"6132","Residential Services","HUG ME Ink","78228"
"6131","Theater Arts","HUG ME Ink","78228"
"8065","Volunteer and Support Opportunities","HUG ME Ink","78228"
"6139","Youth Coalition","HUG ME Ink","78228"
"4190","Spiritual Services","Huisache Avenue Baptist Church","78201"
"11846","Digital Training","Human I-T",
"15053","E-waste Pickup and Removal Services","Human I-T",
"11845","Low Cost Devices","Human I-T",
"15051","Low-Cost Internet","Human I-T",
"15052","Tech Support","Human I-T",
"19145","Resale Shop","Humane Society of Kerrville","78028"
"19683","Adult Day Hab","Humbled Hearts Adult Activity Center","78227"
"18993","Pre-K Hunt Elementary School","Hunt Independent School District","78024"
"6560","Spiritual Services","Huntleigh Park Baptist Church","78220"
"19685","ISS Program and Day Hab","Hurricane Staffing","78218"
"101","Complete Eye Care","I Care San Antonio","78217"
"8328","Volunteer Opportunities","I Care San Antonio","78217"
"16055","IDEA Ambrose & Freda Robinson","IDEA Public Schools","78245"
"16050","IDEA Brackenridge","IDEA Public Schools","78242"
"16054","IDEA Burke","IDEA Public Schools","78245"
"16038","IDEA Carver","IDEA Public Schools","78202"
"16053","IDEA Converse","IDEA Public Schools","78109"
"16039","IDEA Eastside","IDEA Public Schools","78203"
"16043","IDEA Ewing Halsell","IDEA Public Schools","78224"
"16042","IDEA Harvey E Najim","IDEA Public Schools","78220"
"16057","IDEA Hidden Meadow","IDEA Public Schools","78251"
"16044","IDEA Ingram Hills","IDEA Public Schools","78228"
"16056","IDEA Judson","IDEA Public Schools","78233"
"16052","IDEA Mays","IDEA Public Schools","78245"
"16040","IDEA Monterrey Park","IDEA Public Schools","78237"
"16041","IDEA South Flores","IDEA Public Schools","78221"
"16051","IDEA Walzem Rd","IDEA Public Schools","78239"
"17960","Victim Help Center","Identity Theft Resource Center (ITRC)",
"17128","Educational Guidance Window (VOE)","IDRA and the General Consulate of Mexico","78228"
"17131","Educator and Student Support","IDRA and the General Consulate of Mexico","78205"
"17200","Empower Youth Program","iEmpathize",
"17202","The Apathy Effect Exhibit (Online)","iEmpathize",
"7972","All Abilities","iFLY","78257"
"20409","Comprehensive Testing","iGenomeDx Inc","78229"
"1915","Food Pantry","Iglesia Adventista Los Tres Angeles - Seventh-Day Adventist Church","78201"
"4210","Spiritual Services","Iglesia Adventista Los Tres Angeles - Seventh-Day Adventist Church","78201"
"6538","Spiritual Services","Iglesia Bautista Antioquia","78237"
"6410","Spiritual Services","Iglesia Bautista Buena Voluntad","78207"
"6797","Spiritual Services","Iglesia Bautista Cristo Rey","78226"
"6528","Spiritual Services","Iglesia Bautista El Calvario Cibolo","78108"
"6798","Spiritual Services","Iglesia Bautista El Jordan","78207"
"8839","Spiritual Services","Iglesia Bautista Emmanuel","78221"
"6770","Spiritual Services","Iglesia Bautista Hispana","78260"
"6815","Spiritual Services","Iglesia Bautista Jerusalem","78211"
"4201","Spiritual Services","Iglesia Bautista La Fe","78212"
"6535","Spiritual Services","Iglesia Bautista La Nueva Jerusalem","78208"
"6688","Spiritual Services","Iglesia Bautista Loma Alta","78211"
"4202","Spiritual Services","Iglesia Bautista Los Angeles Heights","78201"
"4215","Spiritual Services","Iglesia Bautista Monte Calvario","78213"
"6816","Spiritual Services","Iglesia Bautista Monte-Olivas","78211"
"6509","Spiritual Services","Iglesia Bautista Nueva Esperanza","78204"
"6300","Spiritual Services","Iglesia Bautista Oriente","78204"
"6602","Spiritual Services","Iglesia Bautista Sur San Antonio","78211"
"6817","Spiritual Services","Iglesia Bautista Sur Zarzamora","78224"
"7055","Spiritual Services","Iglesia Bautista Victoria En Cristo","78210"
"7062","Spiritual Services","Iglesia Bethesda","78207"
"9607","Spiritual Services","Iglesia Camino Al Cielo Ministerio Internacional","78221"
"15355","Spiritual Services","Iglesia Cristiana  Family Life Center","78211"
"10863","Spiritual Services","Iglesia Cristiana Cinco Palms","78237"
"6997","Spiritual Services","Iglesia Cristiana El Sembrador","78251"
"16111","Spiritual Services","Iglesia Cristiana Herederos Del Reino Inc.","78237"
"7593","Spiritual Services","Iglesia Cristiana Jehova Shammah","78201"
"10864","Spiritual Services","Iglesia Cristiana La Puerta al Cielo","78213"
"7508","Spiritual Services","Iglesia Cristiana Northwest","78228"
"4818","Spiritual Services","Iglesia Cristiana Nuevo Pacto San Antonio","78214"
"10865","Spiritual Services","Iglesia Cristiana Roca De Salvacion","78218"
"6850","Spiritual Services","Iglesia Cristiana Tierra Prometida","78227"
"12064","Spiritual Services","Iglesia Cristiana Triunfante - I.C.T","78252"
"6436","Spiritual Services","Iglesia De Cristo","78221"
"6551","Spiritual Services","Iglesia de Dios Palm Heights","78225"
"1350","Immigration Legal Services","Iglesia Del Hogar Centro De Asistencia De Inmigracion","78226"
"4229","Spiritual Services","Iglesia del Nazareno El Arca Del Pacto","78213"
"9615","Spiritual Services","Iglesia Del Nazareno Sur Flores","78214"
"7005","Spiritual Services","Iglesia El Jordan","78224"
"6834","Spiritual Services","Iglesia Evangelica Cristiana Espiritual","78227"
"16108","IFC Men","Iglesia Familia Cristiana","78238"
"16109","Marriage Ministries","Iglesia Familia Cristiana","78238"
"13806","Spiritual Services","Iglesia La Mies Church","78250"
"15620","Spiritual Services","Iglesia Odres Nuevos","78207"
"6992","Spiritual Services","Iglesia Pentecostal Torre de Santidad","78221"
"6329","Spiritual Services","Iglesia Pentecostal Unida San Antonio","78221"
"6328","Spiritual Services","Iglesia Pentocostal La Grey","78221"
"8032","Spiritual Services","Iglesia San Antonio Casa De Alabanza","78230"
"6236","Spirtual Servcies","Ignite Community Church","78232"
"14708","Ignite Medical Resort in San Antonio","Ignite Medial Resorts","78240"
"3031","Food Pantry","Igniting the Harvest Christian Church","78237"
"12610","Spiritual Services","Igniting the Harvest Christian Church","78237"
"16152","Employment Network","Imagine Enterprises",
"2314","Street Medicine San Antonio","Imago Dei Par Vias",
"6030","Spiritual Services","Immaculate Conception Catholic Church","78207"
"9218","Spiritual Services","Immaculate Conception Mission Catholic Church","78154"
"3447","Spiritual Services","Immaculate Heart of Mary Catholic Church","78204"
"6049","Spiritual Services","Immaculate Heart of Mary Catholic Church - Pearsall","78061"
"20406","REBOOT First Responder Trauma Recovery","Immersion Outfitters","78254"
"8562","Direct Legal Services","Immigration Equality",
"8563","Immigration Detention Hotline","Immigration Equality",
"17518","ImmSchools Workshops","ImmSchools",
"1761","Professional Development for K-12 Educators and School Staff","ImmSchools",
"8330","Program Support & Sponsorship","ImmSchools",
"8029","Spiritual Services","Impact Church SA","78207"
"16468","English Classes","Impacto Community Center of United Methodist Church","78204"
"16470","Sunday Meeting","Impacto Community Center of United Methodist Church","78204"
"11096","Arbors on Rustleaf","Implicity Management Company","78242"
"11537","Broken Oak Townhomes","Implicity Management Company","78232"
"10996","Falcon Ridge South","Implicity Management Company","78148"
"11281","Glennwood Apartments","Implicity Management Company","78212"
"13321","The Annex","Implicity Management Company","78242"
"11221","The WerX Apartments","Implicity Management Company","78216"
"11709","Child and Teen Counseling","In-Home Counseling",
"11708","Depression and Anxiety Counseling","In-Home Counseling",
"11706","Family Counseling","In-Home Counseling",
"11707","Marriage and Couples Counseling","In-Home Counseling",
"17820","ABA Therapy","InBloom Autism Services","78216"
"17821","Autism Diagnostic Evaluations Services","InBloom Autism Services","78216"
"20009","Assisted Living Services","Independence Hill Retirement Community","78258"
"20007","Independence Village","Independence Hill Retirement Community","78258"
"20008","Independent Living Apartments and Cottages","Independence Hill Retirement Community","78258"
"17928","Transitioning Resources for Youth and Young Adults with Disabilities","Independent Futures That Work",
"18995","Pre-K at Ingram Elementary School","Ingram Independent School District","78025"
"2253","After School Program","Inman Christian Center","78207"
"2255","Housing","Inman Christian Center","78207"
"2282","Inman Christian Center Food Pantry - Westside","Inman Christian Center","78207"
"10642","Program Support & Sponsorship","Inman Christian Center","78207"
"8331","Volunteer Opportunities","Inman Christian Center","78207"
"8258","Couples & Family Therapy - Castle Hills","InMindOut Emotional Wellness Center, LLC","78216"
"8366","Couples & Family Therapy - New Braunfels Branch","InMindOut Emotional Wellness Center, LLC","78130"
"8368","Couples & Family Therapy - San Marcos Branch","InMindOut Emotional Wellness Center, LLC","78666"
"8367","Couples & Family Therapy - Schertz Branch","InMindOut Emotional Wellness Center, LLC","78154"
"8259","Group Therapy - Castle Hills","InMindOut Emotional Wellness Center, LLC","78216"
"8369","Group Therapy - New Braunfels Branch","InMindOut Emotional Wellness Center, LLC","78130"
"8371","Group Therapy - San Marcos Branch","InMindOut Emotional Wellness Center, LLC","78666"
"8370","Group Therapy - Schertz Branch","InMindOut Emotional Wellness Center, LLC","78154"
"8257","Individual Therapy - Castle Hills","InMindOut Emotional Wellness Center, LLC","78216"
"8372","Individual Therapy - New Braunfels Branch","InMindOut Emotional Wellness Center, LLC","78130"
"8374","Individual Therapy - San Marcos Branch","InMindOut Emotional Wellness Center, LLC","78666"
"8373","Individual Therapy - Schertz Branch","InMindOut Emotional Wellness Center, LLC","78154"
"8363","Neurofeedback - New Braunfels Branch","InMindOut Emotional Wellness Center, LLC","78130"
"8365","Neurofeedback - San Marcos Branch","InMindOut Emotional Wellness Center, LLC","78666"
"8364","Neurofeedback - Schertz Branch","InMindOut Emotional Wellness Center, LLC","78154"
"8260","Neurofeedback – Castle Hills","InMindOut Emotional Wellness Center, LLC","78216"
"8256","Psychological Testing - Castle Hills","InMindOut Emotional Wellness Center, LLC","78216"
"8378","Psychological Testing - New Braunfels Branch","InMindOut Emotional Wellness Center, LLC","78130"
"8380","Psychological Testing - San Marcos Branch","InMindOut Emotional Wellness Center, LLC","78666"
"8379","Psychological Testing - Schertz Branch","InMindOut Emotional Wellness Center, LLC","78154"
"19195","Additional On-Going Services","Inner City Development","78207"
"1904","After-School Reading Program","Inner City Development","78207"
"1917","Christmas Toy Sale","Inner City Development","78207"
"3757","Emergency Food Pantry","Inner City Development","78207"
"1914","Inner City Development Emergency Clothing Program","Inner City Development","78207"
"1913","Spring League Basketball","Inner City Development","78207"
"1916","Summer Program","Inner City Development","78207"
"8332","Volunteer Opportunities","Inner City Development","78207"
"14875","Sober Living-Women","Inner Glow Sober Living","78270"
"12872","Alpha-Stim Therapy","Innova Recovery Center","78231"
"12851","Alumni Support","Innova Recovery Center",
"12849","Group Therapy","Innova Recovery Center",
"12852","In-Person Therapy","Innova Recovery Center","78231"
"12854","Innova Joy’s Therapy Programs","Innova Recovery Center","78231"
"12866","Marriage & Family Therapy","Innova Recovery Center","78231"
"12878","Media Library on Trauma & Recovery","Innova Recovery Center","78231"
"12847","Men's Program","Innova Recovery Center",
"12875","Music Therapy","Innova Recovery Center","78231"
"12850","Sexual Abuse Treatment","Innova Recovery Center","78231"
"12864","Teen Day Treatment","Innova Recovery Center","78231"
"18463","Teen Day Treatment Center - Summer Program - New Braunfels","Innova Recovery Center","78130"
"12853","Teen Intensive Outpatient Program","Innova Recovery Center","78231"
"12862","Teen Partial Hospitalization","Innova Recovery Center","78231"
"12846","Teen Therapy Programs","Innova Recovery Center","78231"
"14532","Therapy Programs for Men","Innova Recovery Center","78213"
"12865","Transitional Living for Women","Innova Recovery Center","78231"
"12871","Vibroacoustic Therapy","Innova Recovery Center","78231"
"12844","Women's Intensive Outpatient Program (IOP)","Innova Recovery Center","78231"
"12843","Women's Residential Treatment","Innova Recovery Center","78231"
"13973","Early Head Start at Karnes City Head Start","Innovative Network of Knowledge (INK)","78118"
"13966","Early Head Start at Poteet Head Start","Innovative Network of Knowledge (INK)","78065"
"14043","Early Head Start at Stockdale Head Start Center","Innovative Network of Knowledge (INK)","78160"
"19109","Head Start and Early Head Start at Fredericksburg Primary School","Innovative Network of Knowledge (INK)","78624"
"4738","Head Start at Comfort Elementary School","Innovative Network of Knowledge (INK)","78006"
"4733","Head Start at Floresville Elementary School","Innovative Network of Knowledge (INK)","78114"
"19110","Head Start at Fredericksburg Primary School","Innovative Network of Knowledge (INK)","78624"
"4728","Head Start at Karnes City Head Start","Innovative Network of Knowledge (INK)","78118"
"4737","Head Start at Kendal County Boerne EHS Center","Innovative Network of Knowledge (INK)","78006"
"4723","Head Start at Poteet Head Start","Innovative Network of Knowledge (INK)","78065"
"14044","Head Start at Stockdale Head Start Center","Innovative Network of Knowledge (INK)","78160"
"19012","Johnson City Early Head Start Center","Innovative Network of Knowledge (INK)","78636"
"12580","College Links","INROADS, Inc",
"17417","Financial Services Institute","INROADS, Inc",
"17416","Internships Program","INROADS, Inc",
"13233","Personalized Medication Management","Insight Mental Wellness","78217"
"13235","Psychological Evaluations","Insight Mental Wellness","78217"
"13236","Psychotherapy for Individual, Couples, and Family","Insight Mental Wellness","78217"
"13761","Spiritual Services","Inspirational Church","78220"
"17156","Community Grants","Inspired Access Foundation",
"17155","Support Opportunities","Inspired Access Foundation",
"17154","Universal Changing Places Map USA","Inspired Access Foundation",
"13535","Functional Medicine","Institute for Functional Health","78212"
"13536","Patient Services","Institute for Functional Health","78212"
"13534","Primary Care","Institute for Functional Health","78212"
"14835","The Landing at Stone Oak Memory Care","Integrated Senior Lifestyles Communities","78258"
"19783","The Landing at Stone Oak Respite Care","Integrated Senior Lifestyles Communities","78258"
"8801","Advocate with IWC","Interfaith Welcome Coalition (IWC)","78212"
"8802","Donate to IWC","Interfaith Welcome Coalition (IWC)","78212"
"8800","Volunteer with IWC","Interfaith Welcome Coalition (IWC)","78212"
"14590","Lofts on Main","Internacional Realty Management","78212"
"14220","The Republic At Alamo Heights","Internacional Realty Management","78209"
"16371","Individual Counseling","Internal Insights Therapy LLC","78228"
"16811","Free Tax Return Preparation for Qualifying Taxpayers","Internal Revenue Service (IRS)",
"17961","Identity Theft Central","Internal Revenue Service (IRS)",
"20021","Taxpayer Advocate Service (TAS)","Internal Revenue Service (IRS)",
"14752","Volunteer Income Tax Assistance (VITA) at Seguin High School","Internal Revenue Service (IRS)","78155"
"14738","Volunteer Income Tax Assistance (VITA) at Texas Lutheran University","Internal Revenue Service (IRS)","78155"
"2430","Children's Ministry","International Bible Church","78228"
"2428","His Provision Food Pantry","International Bible Church","78228"
"18033","Men's Ministry","International Bible Church","78228"
"6235","Spiritual Services","International Bible Church","78228"
"2431","Women's Ministry","International Bible Church","78228"
"2429","Youth / Young Adult Ministry","International Bible Church","78228"
"17998","Webinar Series","International Dyslexia Association",
"17999","Youth Workforce Program","International Dyslexia Association",
"15323","Low Cost Treatment Options for OCD","International OCD Foundation",
"14578","Understanding Hoarding Disorder (HD)","International OCD Foundation",
"15981","Counseling Services, Individuals & Families","Into the Roots Therapy","78229"
"17476","Counseling Services, Individuals & Families - Castle Hills Location","Into the Roots Therapy","78213"
"12556","Culebra Creek Ward","Iron Horse Meetinghouse of The Church of Jesus Christ of Latter-day Saints","78023"
"13118","Disaster Response","Iron Horse Meetinghouse of The Church of Jesus Christ of Latter-day Saints","78023"
"7565","Helotes Ward","Iron Horse Meetinghouse of The Church of Jesus Christ of Latter-day Saints","78023"
"12555","Sonoma Ranch Ward","Iron Horse Meetinghouse of The Church of Jesus Christ of Latter-day Saints","78023-3535"
"12557","Wildhorse Ward","Iron Horse Meetinghouse of The Church of Jesus Christ of Latter-day Saints","78023-3535"
"6578","Iron Sharpens Iron Church","Iron Sharpens Iron Church, Inc","78201"
"6577","Men's Recovery Residence","Iron Sharpens Iron Church, Inc","78201"
"17866","Counseling","Islamic Center of San Antonio","78229"
"7549","Educational Programs","Islamic Center of San Antonio","78229"
"7552","Funeral Services","Islamic Center of San Antonio","78229"
"7550","Marriage Services","Islamic Center of San Antonio","78229"
"7548","Spiritual Services","Islamic Center of San Antonio","78229"
"7590","Spiritual Services","Islamic Education Center of San Antonio","78240"
"6841","Spiritual Services","Israelite Baptist Church","78202"
"15600","Brothers Supporting Brothers","Its Already Done Ministries","78223"
"15603","Mentorship Program","Its Already Done Ministries","78223"
"15602","Sisters Supporting Sisters","Its Already Done Ministries","78223"
"15604","Volunteer Groups","Its Already Done Ministries","78223"
"15601","YAM (Youth Adult) Ministry","Its Already Done Ministries","78223"
"18992","Wheelchair-Friendly Apparel","IZ Adaptive",
"17624","Foster Teens","J-Jireh Ministries Inc","78328"
"17739","Project Feed 5000","Jacob's Chapel United Methodist Church","78203"
"4617","Spiritual Services","Jacob's Chapel United Methodist Church","78203"
"3414","Veteran Outreach","Jacqueline Smith Foundation","78205"
"3415","Volunteer Opportunities","Jacqueline Smith Foundation","78217"
"15737","1400 Clamp Ave","Jacques Investment Resources LLC","78221"
"15761","1728 Hays St","Jacques Investment Resources LLC","78202"
"15764","201 E Dullnig Court","Jacques Investment Resources LLC","78221"
"15736","204 E Dullnig Court","Jacques Investment Resources LLC","78221"
"15743","267 N San Joaquin","Jacques Investment Resources LLC","78237"
"15744","817 Cresthill Rd","Jacques Investment Resources LLC","78220"
"13541","Get Involved","Jaidens Journey Foundation","78023"
"17279","Our Services","Jaidens Journey Foundation","78023"
"16068","Counseling Services","James Arnold, LPC",
"19615","Horse Rides","Jamies Ranch For Special Kids","78113"
"17258","Teen Reproductive Rights Programs","Janes Due Process",
"14720","Jeff Davis County Library Books, Audiobooks, and DVD Collection","Jeff Davis County Library","79734"
"13634","Library of Things","Jeff Davis County Library","79734"
"13421","Community Education Workshops","Jesse C. Fletcher Seminary","78210"
"6940","Spiritual Services","Jesus Christ Lives Church","78227"
"7103","Spiritual Services","Jesus Church","78238"
"13763","Spiritual Services","Jesus Is Lord Church","78244"
"7034","Spiritual Services","Jesus is the Christ Ministries/Jesus Es El Cristo Ministries","78210"
"15316","Group Therapy","Jewish Family Service","78231"
"7022","Mental Health Services","Jewish Family Service","78231"
"7023","Senior Care","Jewish Family Service","78231"
"16731","Social Services","Jewish Family Service","78231"
"16732","South Office","Jewish Family Service","78210"
"17371","Ways to Support","Jewish Family Service","78231"
"13316","Holocaust Memorial Museum of San Antonio","Jewish Federation of San Antonio","78231"
"13865","Ways to Give","Jewish Federation of San Antonio","78231"
"18810","Estate Planning Counseling Services","JH Legacy Counseling, PLLC","78624"
"11195","Precidio Flats  Apartments","JMB Group, LLC","78216"
"16621","JAN Training Events and Resources","Job Accommodation Network (JAN)",
"18991","Adaptive Clothing","Joe and Bella",
"8213","Counseling Services","Johanna Becho Psychotherapy, PLLC","78258"
"18881","Johnson City Christian Food Pantry","Johnson City Christian Food Pantry","78636"
"18882","Volunteer and Support Opportunities","Johnson City Christian Food Pantry","78636"
"17801","JBSA Keith Campbell Memorial Library","Joint Base San Antonio Libraries","78234"
"17803","JBSA Lackland Library","Joint Base San Antonio Libraries","78236"
"17804","JBSA Randolph Library","Joint Base San Antonio Libraries","78150"
"12658","Deerfield Ward","Jones Maltsberger Meetinghouse of The Church of Jesus Christ of Latter-day Saints","78247"
"13119","Disaster Response","Jones Maltsberger Meetinghouse of The Church of Jesus Christ of Latter-day Saints","78247"
"7573","Encino Park Ward","Jones Maltsberger Meetinghouse of The Church of Jesus Christ of Latter-day Saints","78247"
"7566","San Pedro Ward","Jones Maltsberger Meetinghouse of The Church of Jesus Christ of Latter-day Saints","78247"
"12659","Sonterra Ward","Jones Maltsberger Meetinghouse of The Church of Jesus Christ of Latter-day Saints","78247"
"14919","Home Health Aid Services","JonSan Home Health","78233"
"14920","Provider / Caregiver Services","JonSan Home Health","78233"
"14907","Rehabilitive Services","JonSan Home Health","78233"
"14921","Respite Services - Skilled and Unskilled","JonSan Home Health","78233"
"14906","Skilled Nursing Services","JonSan Home Health","78233"
"12093","Fellowship Meal","Joshua House of Worship Baptist Church","78237"
"18194","Kids Ministry","Joshua House of Worship Baptist Church","78237"
"6843","Spiritual Services","Joshua House of Worship Baptist Church","78237"
"4722","Preschool at Jourdanton Elementary School","Jourdanton Independent School District","78064"
"8785","Spiritual Services","Jourdanton United Methodist Church","78026"
"6470","Spiritual Care","Journey Church San Antonio","78249"
"10436","Spiritual Services","Journey Fellowship","78154"
"2395","JTC Coffee Shop","Journey to the Cross Church","78210"
"2393","Richard's Closet","Journey to the Cross Church","78210"
"2398","Spiritual Services","Journey to the Cross Church","78210"
"2394","Volunteer with JTC Food Pantry","Journey to the Cross Church","78210"
"14956","Hospice Care","Journey's Hospice of Texas","78217"
"14957","Hospice Services","Journey's Hospice of Texas","78217"
"10644","Abstinence Education","JOVEN","78214"
"2214","Cope Services","JOVEN","78214"
"2203","Free After School Tutoring","JOVEN","78214"
"2218","Intervention Services","JOVEN","78214"
"2216","Leaders of America","JOVEN","78214"
"2215","Prevention Services","JOVEN","78214"
"2852","Victim Services","JOVEN","78214"
"17533","Volunteer and Support Opportunities","JOVEN","78214"
"17501","Infant Dental Exams","Joyful Smiles Pediatric Dentistry and Braces","78251"
"17499","Preventive Care","Joyful Smiles Pediatric Dentistry and Braces","78251"
"17500","Restorative Dentistry","Joyful Smiles Pediatric Dentistry and Braces","78251"
"17502","Sedation Dentistry","Joyful Smiles Pediatric Dentistry and Braces","78251"
"17498","Special Needs Dentistry","Joyful Smiles Pediatric Dentistry and Braces","78251"
"4660","Spiritual Services","Jubilee Outreach Church","78222"
"13120","Disaster Response","Judson Meetinghouse of The Church of Jesus Christ of Latter-day Saints","78247"
"7522","Eden Ward","Judson Meetinghouse of The Church of Jesus Christ of Latter-day Saints","78247"
"7521","High Country Ward","Judson Meetinghouse of The Church of Jesus Christ of Latter-day Saints","78247"
"18990","Pre-K at Junction Elementary School","Junction Independent School District","76849"
"19071","Coach Pitch Baseball","Junction Youth Baseball and Softball Association","76849"
"19062","Junior Softball","Junction Youth Baseball and Softball Association","76849"
"19059","Major League Baseball","Junction Youth Baseball and Softball Association","76849"
"19061","Minor League Baseball","Junction Youth Baseball and Softball Association","76849"
"19056","T-Ball Program","Junction Youth Baseball and Softball Association","76849"
"19064","Team Sponsorship Opportunities","Junction Youth Baseball and Softball Association","76849"
"19072","Umpire Developmental Program","Junction Youth Baseball and Softball Association","76849"
"19067","Volunteer Coaching Training","Junction Youth Baseball and Softball Association","76849"
"19614","Sage Park Guadalupe Assisted Living","Juniper Community","78028"
"19703","Sage Park Guadalupe Independent Living","Juniper Community","78028"
"14537","Sage Park San Antonio (Formerly known as Juniper Village at Lincoln Heights)","Juniper Community","78209"
"12199","Immigration Legal Services","Justice for All Immigrants - South Texas","78207"
"18734","Emergency Shelter","K Star Inc.","78654"
"18739","Halo's Kloset","K Star Inc.","78028"
"18735","Mental Health Counseling","K Star Inc.","78654"
"18737","Parenting Program","K Star Inc.","78654"
"18741","Volunteer and Support","K Star Inc.","78028"
"10281","Counseling Services - Bandera County","K'STAR Youth & Family Services","78003"
"10282","Counseling Services - Blanco & Llano Counties","K'STAR Youth & Family Services","78606"
"10284","Counseling Services - Burnet County","K'STAR Youth & Family Services","78654"
"10285","Counseling Services - Gillespie, Kimble, Menard, Mason Counties","K'STAR Youth & Family Services","78624"
"10286","Counseling Services - Kendall County","K'STAR Youth & Family Services","78006"
"10280","Counseling Services - Kerr County","K'STAR Youth & Family Services","78028"
"10283","Counseling Services - Medina County","K'STAR Youth & Family Services","78861"
"10279","Counseling Services - Uvalde & Real Counties","K'STAR Youth & Family Services","78801"
"10287","Crisis Hotline","K'STAR Youth & Family Services",
"10278","Emergency Children's Shelter","K'STAR Youth & Family Services","78029"
"10288","Parenting Classes","K'STAR Youth & Family Services","78029"
"16149","Kaduceus Adult Career Education","Kaduceus","78205"
"11287","Diamond Ridge Apartment Homes","Kairoi Property Management","78229"
"13954","Magnolia Heights","Kairoi Property Management","78209"
"17530","Kairos Inside","Kairos of Texas","78209"
"65","Kairos Outside","Kairos of Texas","78209"
"17531","Kairos Torch","Kairos of Texas","78209"
"8334","Volunteer and Support Opportunities","Kairos of Texas","78209"
"15512","Elite Edge Training","Kaizen Edge Foundation","78203"
"19428","Health and Life Insurance Selection","Kantuta Insurance Agency","78229"
"16144","Educator / Teacher","Karen C. Truesdell-Bierman, PhD","78163"
"12679","Child Therapy","Kathleen Geiger M.Ed. LPC","76712"
"12675","Circle of Security Parenting Program","Kathleen Geiger M.Ed. LPC","76712"
"12681","Individual Therapy","Kathleen Geiger M.Ed. LPC","76712"
"12677","Marriage/Couples Therapy","Kathleen Geiger M.Ed. LPC","76712"
"12676","Therapist Training","Kathleen Geiger M.Ed. LPC","76712"
"7156","Pet Adoptions & Fosters","Katie's Roadside Rescue (KRR)","78245"
"16960","Adopt-A-Spot Litter Control","Keep San Antonio Beautiful","78265"
"16966","Beautification","Keep San Antonio Beautiful","78265"
"16962","Graffiti Wipe-Out","Keep San Antonio Beautiful","78265"
"16967","Lend-A-Bin Recycling Program","Keep San Antonio Beautiful","78265"
"16961","Litter Prevention","Keep San Antonio Beautiful","78265"
"18947","Daycare Program","Kelly Banik Home Daycare","78010"
"12736","General Adult Psychiatry","Kelly G Cowan, MD","78249"
"12735","Specialized Psychiatry","Kelly G Cowan, MD","78249"
"19005","Daycare Program","Kelly Jill Wilson Daycare","78028"
"12181","Kendall County Indigent Health Care Program (CIHCP)","Kendall County","78006"
"12188","Victim Services","Kendall County","78006"
"12189","Children Services","Kendall County Child Services Board (KCCSB)","78006"
"12103","Directory of Non-Profit and Community Based Organizations","Kendall County Giving Connections",
"11800","Counseling Services","Kendall County Women's Shelter","78006"
"9204","Emergency Shelter","Kendall County Women's Shelter","78006"
"9205","Fabulous Finds Thrift Store","Kendall County Women's Shelter","78006"
"9206","Fabulous Finds Too Thrift Store","Kendall County Women's Shelter","78013"
"11799","KCWS Domestic Violence Hotline","Kendall County Women's Shelter",
"9207","Volunteer Opportunities","Kendall County Women's Shelter","78006"
"18879","Programs","Kendra Jung Daycare","78624"
"18788","Kerr County Indigent Health Care Program (CIHCP)","Kerr County","78028"
"13230","Resources","Kerr County Crime Victims Assistance Program","78028"
"19156","Homeownership","Kerr County Habitat for Humanity","78029"
"19160","Restore","Kerr County Habitat for Humanity","78028"
"19158","Volunteer and Support","Kerr County Habitat for Humanity","78029"
"18862","Kerr County YMCA - Starkey Elementary","Kerr County YMCA","78028"
"18903","Kerr County YMCA - Tally Elementary","Kerr County YMCA","78028"
"18861","Kerr County YMCA-Tom F. Daniels Elementary School","Kerr County YMCA","78028"
"18860","Youth Sports","Kerr County YMCA","78028"
"18722","Door-to-Door Rides","Kerr Konnect","78028"
"18635","Kerr County Disaster Information and Resources","Kerr Together",
"18845","Children's Ark","Kerrville First United Methodist Church","78028"
"19027","Kerrville County Disaster Relief","Kerrville First United Methodist Church",
"18423","Counseling, Guidance and Mental Health Services","Kerrville Independent School District","78028"
"19013","Head Start at Kerrville ISD Early Childhood Center","Kerrville Independent School District","78028"
"18855","Tom Daniels Elementary School","Kerrville Independent School District","78028"
"19014","Little League Official Program","Kerrville Little League","78029"
"13133","Disaster Response","Kerrville Meetinghouse of The Church of Jesus Christ of Latter-day Saints","78028"
"12657","Kerrville Ward","Kerrville Meetinghouse of The Church of Jesus Christ of Latter-day Saints","78028"
"5670","Kick-Start Your Life with Dr Keely","Kick-Start Your Life","78218"
"7037","After School Program for IDEA Students","Kid Nation, Inc.","78233"
"17205","Support","Kids Feeding Kids","78130"
"17527","Special Needs Services","Kids Smile Pediatric Dentistry","78209"
"17526","Pediatric Dental Emergencies","Kids World Pediatric Dentistry","78258"
"17524","Special Needs Dentistry","Kids World Pediatric Dentistry","78258"
"13215","Crisis Intervention & Advocacy","Kids' Advocacy Place","78028"
"13218","Protection Orders","Kids' Advocacy Place","78028"
"13217","Safety Planning","Kids' Advocacy Place","78028"
"13214","Shelter","Kids' Advocacy Place","78028"
"13216","Trauma Informed Therapy","Kids' Advocacy Place","78028"
"16804","Volunteer & Support Opportunities","Kids' Advocacy Place","78028"
"18782","Kimble County Indigent Health Care Program (CIHCP)","Kimble County","76849"
"18765","Services","Kimble Hospital","76849"
"16348","Tejon Crossing Apartments","Kimeaux Investments","78221"
"10645","Art for All","Kinetic Kids Inc","78247"
"10646","Dance","Kinetic Kids Inc","78247"
"10647","Drumming Around","Kinetic Kids Inc","78249"
"10648","Music","Kinetic Kids Inc","78247"
"10649","Musical Theatre","Kinetic Kids Inc","78247"
"10650","Robotics","Kinetic Kids Inc","78269"
"7143","San Antonio Xtreme Adaptive Youth Sports","Kinetic Kids Inc","78247"
"7144","Stay Strong Virtual Programs","Kinetic Kids Inc",
"10651","Volunteer Opportunities","Kinetic Kids Inc","78247"
"2501","Food Pantry","King of Kings Lutheran Church","78233"
"18176","King of Kings Early Childhood Development Center","King of Kings Lutheran Church","78233"
"6240","Spiritual Services","King of Kings Lutheran Church","78233"
"6846","Spiritual Services","King Solomon Baptist Church","78203"
"2527","Elder Services","King's Compassion","78207"
"2528","Volunteer with King's Compassion","King's Compassion","78249"
"6185","Balcones Heights Congregation of Jehovah's Witnesses","Kingdom Hall of Jehovah's Witnesses - Benrus Blvd","78228"
"6228","Summit Spanish Congregation of Jehovah's Witnesses","Kingdom Hall of Jehovah's Witnesses - Benrus Blvd","78228"
"6187","West Park Congregation of Jehovah's Witnesses","Kingdom Hall of Jehovah's Witnesses - Benrus Blvd","78228"
"6186","Woodlawn Congregation of Jehovah's Witnesses","Kingdom Hall of Jehovah's Witnesses - Benrus Blvd","78228"
"18150","Woodlawn Lake Spanish Congregation of Jehovah's Witnesses","Kingdom Hall of Jehovah's Witnesses - Benrus Blvd","78228"
"6226","Broadview Spanish Congregation of Jehovah's Witnesses","Kingdom Hall of Jehovah's Witnesses - Broadview Dr","78228"
"6224","Ingram Hill Spanish Congregation of Jehovah's Witnesses","Kingdom Hall of Jehovah's Witnesses - Broadview Dr","78228"
"6225","Woodlawn Lake Spanish Congregation of Jehovah's Witnesses","Kingdom Hall of Jehovah's Witnesses - Broadview Dr","78228"
"6233","Sign Language Congregation of Jehovah's Witnesses","Kingdom Hall of Jehovah's Witnesses - Delgado St","78207"
"6231","Central Russian Congregation of Jehovah's Witnesses","Kingdom Hall of Jehovah's Witnesses - Devine St","78209"
"6232","Central Swahili Congregation of Jehovah's Witnesses","Kingdom Hall of Jehovah's Witnesses - Devine St","78210"
"18149","Roosevelt Spanish Congregation of Jehovah's Witnesses","Kingdom Hall of Jehovah's Witnesses - Devine St","78210"
"18154","Dellcrest Congregation of Jehovah's Witnesses","Kingdom Hall of Jehovah's Witnesses - Foster Meadows Dr","78222"
"6205","Highland Congregation of Jehovah's Witnesses","Kingdom Hall of Jehovah's Witnesses - Foster Meadows Dr","78222"
"6206","Houston Terrace Congregation of Jehovah's Witnesses","Kingdom Hall of Jehovah's Witnesses - Foster Meadows Dr","78222"
"18156","Los Lomas Spanish Congregation of Jehovah's Witnesses","Kingdom Hall of Jehovah's Witnesses - Foster Meadows Dr","78222"
"6194","Alamo Parkway Congregation of Jehovah's Witnesses","Kingdom Hall of Jehovah's Witnesses - Galm Rd","78254"
"6195","Helotes Congregation of Jehovah's Witnesses","Kingdom Hall of Jehovah's Witnesses - Galm Rd","78254"
"10054","Helotes Ranch Spanish Congregation of Jehovah's Witnesses","Kingdom Hall of Jehovah's Witnesses - Galm Rd","78254"
"6221","Buena Vista Spanish Congregation of Jehovah's Witnesses","Kingdom Hall of Jehovah's Witnesses - Groff Ave","78237"
"6181","Loma Terrace Congregation of Jehovah's Witnesses","Kingdom Hall of Jehovah's Witnesses - Groff Ave","78237"
"6220","Memorial Heights Spanish Congregation of Jehovah's Witnesses","Kingdom Hall of Jehovah's Witnesses - Groff Ave","78237"
"6219","Westwood Spanish Congregation of Jehovah's Witnesses","Kingdom Hall of Jehovah's Witnesses - Groff Ave","78237"
"10057","Cool Crest Spanish Congregation of Jehovah's Witnesses","Kingdom Hall of Jehovah's Witnesses - Grosenbacher Rd","78245"
"6196","Medina Valley Congregation of Jehovah's Witnesses","Kingdom Hall of Jehovah's Witnesses - Grosenbacher Rd","78245"
"6197","Potranco Creek Congregation of Jehovah's Witnesses","Kingdom Hall of Jehovah's Witnesses - Grosenbacher Rd","78245"
"6204","Huebner Oaks Congregation of Jehovah's Witnesses","Kingdom Hall of Jehovah's Witnesses - Huebner Rd","78231"
"6203","Shavano Creek Congregation of Jehovah's Witnesses","Kingdom Hall of Jehovah's Witnesses - Huebner Rd","78231"
"6191","Heritage Congregation of Jehovah's Witnesses","Kingdom Hall of Jehovah's Witnesses - Kriewald Rd","78245"
"6193","Kriewald Congregation of Jehovah's Witnesses","Kingdom Hall of Jehovah's Witnesses - Kriewald Rd","78245"
"10056","Stonecreek Spanish Congregation of Jehovah's Witnesses","Kingdom Hall of Jehovah's Witnesses - Kriewald Rd","78245"
"6192","Westlakes English Congregation of Jehovah's Witnesses","Kingdom Hall of Jehovah's Witnesses - Kriewald Rd","78245"
"6202","Bandera Oaks Congregation of Jehovah's Witnesses","Kingdom Hall of Jehovah's Witnesses - Lockhill Rd","78240"
"6201","Lockhill Congregation of Jehovah's Witnesses","Kingdom Hall of Jehovah's Witnesses - Lockhill Rd","78240"
"10051","Central Tagalog Congregation of Jehovah's Witnesses","Kingdom Hall of Jehovah's Witnesses - Nevada St","78203"
"6176","Denver Heights Congregation of Jehovah's Witnesses","Kingdom Hall of Jehovah's Witnesses - Nevada St","78203"
"6198","Encino Spanish Congregation of Jehovah's Witnesses","Kingdom Hall of Jehovah's Witnesses - Nevada St","78203"
"10059","Apple Valley Spanish Congregation of Jehovah's Witnesses","Kingdom Hall of Jehovah's Witnesses - Old Sky Harbor","78242"
"10058","Sky Harbor Spanish Congregation of Jehovah's Witnesses","Kingdom Hall of Jehovah's Witnesses - Old Sky Harbor","78242"
"6180","Dellview Congregation of Jehovah's Witnesses","Kingdom Hall of Jehovah's Witnesses - Pinebrook Dr","78230"
"6230","Las Brisas Spanish Congregation of Jehovah's Witnesses","Kingdom Hall of Jehovah's Witnesses - Pinebrook Dr","78230"
"6229","Oakland Spanish Congregation of Jehovah's Witnesses","Kingdom Hall of Jehovah's Witnesses - Pinebrook Dr","78230"
"16408","Persian Dellview Congregation of Jehovah's Witnesses","Kingdom Hall of Jehovah's Witnesses - Pinebrook Dr","78230"
"6179","Pinebrook Congregation of Jehovah's Witnesses","Kingdom Hall of Jehovah's Witnesses - Pinebrook Dr","78230"
"6182","Central English Congregation of Jehovah's Witnesses","Kingdom Hall of Jehovah's Witnesses - Pleasanton Rd","78214"
"6212","Columbia Heights Spanish Congregation of Jehovah's Witnesses","Kingdom Hall of Jehovah's Witnesses - Pleasanton Rd","78214"
"6211","Nogalitos Spanish Congregation of Jehovah's Witnesses","Kingdom Hall of Jehovah's Witnesses - Pleasanton Rd","78214"
"6210","Pleasanton Spanish Congregation of Jehovah's Witnesses","Kingdom Hall of Jehovah's Witnesses - Pleasanton Rd","78214"
"6200","Kelly Terrace Congregation of Jehovah's Witnesses","Kingdom Hall of Jehovah's Witnesses - Somerset Rd","78211"
"18157","Price Spanish Congregation of Jehovah's Witnesses","Kingdom Hall of Jehovah's Witnesses - Somerset Rd","78211"
"6199","South Congregation of Jehovah's Witnesses","Kingdom Hall of Jehovah's Witnesses - Somerset Rd","78211"
"6189","Creekside Congregation of Jehovah's Witnesses","Kingdom Hall of Jehovah's Witnesses - Tezel Rd","78250"
"10055","La Cantera Spanish Congregation of Jehovah's Witnesses","Kingdom Hall of Jehovah's Witnesses - Tezel Rd","78250"
"6188","Northwest Crossing Congregation of Jehovah's Witnesses","Kingdom Hall of Jehovah's Witnesses - Tezel Rd","78250"
"6190","Tezel Oaks Congregation of Jehovah's Witnesses","Kingdom Hall of Jehovah's Witnesses - Tezel Rd","78250"
"4219","Central Park Congregation of Jehovah's Witness","Kingdom Hall of Jehovah's Witnesses - W Lawndale Dr","78209"
"6227","Villa Hermosa Congregation of Jehovah's Witnesses","Kingdom Hall of Jehovah's Witnesses - W Lawndale Dr","78209"
"6207","Alta Vista Spanish Congregation of Jehovah's Witnesses","Kingdom Hall of Jehovah's Witnesses - W Mistletoe Ave","78201"
"6209","Delgado Spanish Congregation of Jehovah's Witnesses","Kingdom Hall of Jehovah's Witnesses - W Mistletoe Ave","78201"
"6208","Fresno Spanish Congregation of Jehovah's Witnesses","Kingdom Hall of Jehovah's Witnesses - W Mistletoe Ave","78201"
"6172","Lullwood Congregation of Jehovah's Witnesses","Kingdom Hall of Jehovah's Witnesses - W Mistletoe Ave","78201"
"6178","Highland Park Congregation of Jehovah's Witnesses","Kingdom Hall of Jehovah's Witnesses - Wade St","78210"
"6177","Pecan Valley Congregation of Jehovah's Witnesses","Kingdom Hall of Jehovah's Witnesses - Wade St","78210"
"6214","Sierra Alta Spanish Congregation of Jehovah's Witnesses","Kingdom Hall of Jehovah's Witnesses - Wade St","78210"
"4811","Riverside Congregation of Jehovah's Witnesses","Kingdom Hall of Jehovah's Witnesses - Ware Blvd","78221"
"6223","South Spanish Congregation of Jehovah's Witnesses","Kingdom Hall of Jehovah's Witnesses - Ware Blvd","78221"
"6222","Villa Coronado Spanish Congregation of Jehovah's Witnesses","Kingdom Hall of Jehovah's Witnesses - Ware Blvd","78221"
"6183","Acme Park Congregation of Jehovah's Witnesses","Kingdom Hall of Jehovah's Witnesses - Weir Ave","78226"
"6216","Colima Spanish Congregation of Jehovah's Witnesses","Kingdom Hall of Jehovah's Witnesses - Weir Ave","78226"
"6184","Las Palmas English Congregation of Jehovah's Witnesses","Kingdom Hall of Jehovah's Witnesses - Weir Ave","78226"
"6215","Las Palmas Spanish Congregation of Jehovah's Witnesses","Kingdom Hall of Jehovah's Witnesses - Weir Ave","78226"
"6218","Los Jardines Spanish Spanish Congregation of Jehovah's Witnesses","Kingdom Hall of Jehovah's Witnesses - Weir Ave","78226"
"6217","Spring Spanish Congregation of Jehovah's Witnesses","Kingdom Hall of Jehovah's Witnesses - Weir Ave","78226"
"18931","Programs","Kingdom Kids","78639"
"6780","Spiritual Services","Kingdom Life Christian Ministries","78233"
"6309","Spiritual Services","Kingsborough Ridge Baptist Church","78221"
"18929","Programs","Kingsland Learning Center LLC","78639"
"6533","Fellowship Meal","Kirby Baptist Church","78219"
"6532","Spritual Services","Kirby Baptist Church","78219"
"10652","Kirby Senior Center Transportation Program","Kirby Senior Center","78219"
"11611","Montage Apartments","Kittle Property Group","78244"
"16019","Counseling Services","KM Counseling Services, PLLC","78154"
"16016","Survivors of Suicide Loss Group","KM Counseling Services, PLLC","78154"
"7492","Canyon Springs Ward","Knights Cross Meetinghouse of The Church of Jesus Christ of Latter-Day Saints","78258"
"13121","Disaster Response","Knights Cross Meetinghouse of The Church of Jesus Christ of Latter-Day Saints","78258"
"7429","Las Lomas Ward","Knights Cross Meetinghouse of The Church of Jesus Christ of Latter-Day Saints","78258"
"7493","Stone Oak Ward","Knights Cross Meetinghouse of The Church of Jesus Christ of Latter-Day Saints","78258"
"19704","Knopp Healthcare Assisted Living","Knopp Healthcare Services Inc.","78624"
"19705","Knopp Healthcare Long-Term Care","Knopp Healthcare Services Inc.","78624"
"19706","Knopp Healthcare Memory Care","Knopp Healthcare Services Inc.","78624"
"6847","Spiritual Services","Korean Grace Baptist Church","78238"
"6690","Spiritual Services","Korean Han-Ma-Eum Baptist Church","78251"
"6050","Spiritual Services","Korean Martyrs Catholic Church","78015"
"15646","Spiritual Services","Korean Sda Church","78217"
"4225","Spiritual Services","Korean United Methodist Church","78216"
"12640","Counseling Services","Kristi M. Kirk, LPC","76712"
"7927","Kyo Autism Therapy","Kyo Care","78213"
"6604","Spiritual Services","La Capilla del Pueblo","78204"
"6320","Spiritual Services","La Casa De La Palabra Church","78221"
"19812","Adult Day Care and Activity Center","La Estrella ADC South Flores","78214"
"18773","Addiction Treatment","La Hacienda Treatment Center","78024"
"10767","Adult Chemical Dependency Recovery Program","La Hacienda Treatment Center","78024"
"10772","Christian Focus Group","La Hacienda Treatment Center","78024"
"10770","Co-occurring Disorders","La Hacienda Treatment Center","78024"
"10774","Family Support Groups","La Hacienda Treatment Center","78216"
"10766","Medical and Detoxification Services","La Hacienda Treatment Center","78024"
"10769","Recovering Professionals Program","La Hacienda Treatment Center","78024"
"10771","Relapse Program","La Hacienda Treatment Center","78024"
"10773","Therapeutic Activities","La Hacienda Treatment Center","78024"
"6322","Spiritual Services","La Hermosa Christian Church","78221"
"20479","Get Involved","La La Land Foundation",
"20477","La La Land Foundation Scholarship","La La Land Foundation",
"20478","La La Workforce Development","La La Land Foundation",
"19267","How We Can Help - Central Texas","La Leche League",
"19266","How We Can Help - West Texas","La Leche League",
"2850","La Mision Child Care & Kid Kamp","La Mision Child Care & Kid Kamp","78210"
"6863","Spiritual Services","La Nueva Jerusalem","78211"
"10964","Spiritual Services","La Trinidad United Methodist Church","78207"
"1219","Wesley Nurse","La Trinidad United Methodist Church","78207"
"13927","Spiritual Services","La Vernia United Methodist Church","78121"
"17648","Free WI-FI Hotspot","La Vida Coffee","78205"
"20187","Employer Drug Screening at Labcorp, Barlite Blvd","Labcorp","78224"
"20189","Employer Drug Screening at Labcorp, Boerne","Labcorp","78006"
"20190","Employer Drug Screening at Labcorp, Brooklyn Ave","Labcorp","78212"
"20182","Employer Drug Screening at Labcorp, Huebner Rd","Labcorp","78240"
"20185","Employer Drug Screening at Labcorp, Live Oak","Labcorp","78233"
"20181","Employer Drug Screening at Labcorp, Medical Dr","Labcorp","78229"
"20188","Employer Drug Screening at Labcorp, New Braunfels","Labcorp","78130"
"20186","Employer Drug Screening at Labcorp, SE Military Dr","Labcorp","78223"
"20183","Employer Drug Screening at Labcorp, Stone Oak","Labcorp","78258"
"20184","Employer Drug Screening at Labcorp, Village Square Medical Building","Labcorp","78217"
"20180","Employer Drug Screening at Labcorp, Wurzbach Rd","Labcorp","78229"
"6638","Spiritual Services","Lackland Baptist Church","78227"
"6941","Spiritual Services","Lackland Terrace Church of Christ","78227"
"16006","Applied Behavior Analysis (ABA)","Lacuna Autism Services","78232"
"17484","Lacuna Autism Services - San Antonio Med Center","Lacuna Autism Services","78249"
"15295","Lakehills Area Library","Lakehills Library and Community Association","78063"
"11322","Sulphur Springs Apartments","Lakewood Property Management","78210"
"15346","Individual and Couples Counseling","LaMonica Armond, LPC",
"6466","Arts & Culture","Landa Gardens Conservancy","78212"
"18021","Volunteer & Support Opportunities","Landa Gardens Conservancy","78212"
"10986","Candleridge Apartments","Landa Property Management","78227"
"6864","Spiritual Services","Landmark Baptist Church","78201"
"14677","Avalon Place","Landmark Properties","78249"
"17925","Cottages","Landon Ridge Alamo Ranch Independent Living","78253"
"17926","Independent Living","Landon Ridge Alamo Ranch Independent Living","78253"
"19753","Memory Care","Landon Ridge Alamo Ranch Independent Living","78253"
"6566","Spiritual Services","Larkspur Christian Fellowship","78213"
"18180","Back To School Giveaway","Last Chance Ministries","78207"
"1166","Bread of Life","Last Chance Ministries","78207"
"2653","Crown of Life Boy's Ministry","Last Chance Ministries","78207"
"1349","God's Girls","Last Chance Ministries","78207"
"2657","Men's Bible Study","Last Chance Ministries","78207"
"6855","Spiritual Services","Last Chance Ministries","78207"
"16304","Carseat Safety","Latched Support","78239"
"8916","Latched Northeast","Latched Support","78239"
"8917","Latched Southside","Latched Support","78224"
"16305","Latched Support Breastfeeding Support Group","Latched Support","78239"
"16306","Material Assistance Program","Latched Support","78239"
"16307","Parenting Program","Latched Support","78239"
"16308","Pregnancy Program","Latched Support","78239"
"12708","LatinX Task Force","LatinX Voces, LLC",
"2145","Food Pantry","Laurel Heights Seventh-day Adventist Church","78212"
"2149","God's Closet","Laurel Heights Seventh-day Adventist Church","78212"
"4125","Spiritual Services","Laurel Heights Seventh-day Adventist Church","78212"
"6241","Spiritual Services","Laurel Heights United Methodist Church","78212"
"2480","Super Adults","Laurel Heights United Methodist Church","78212"
"1227","Wesley Nurse","Laurel Heights United Methodist Church","78212"
"5871","Adult Services at Laurel Ridge","Laurel Ridge Treatment Center","78259"
"5872","Child and Adolescent Program","Laurel Ridge Treatment Center","78259"
"5873","Patriot Support Program - Military, Veterans and Family Services","Laurel Ridge Treatment Center","78259"
"1930","Food Pantry","Laurel Street Church of Christ","78201"
"4148","Spiritual Services","Laurel Street Church of Christ","78201"
"20346","Estate Administration, Trust and Estate Law Services","Law Offices of Thomas G Bassler, P.C.","78209"
"17690","General Addictions","LDS San Antonio Texas East Stake","78239"
"17695","Spouse and Family Support - General Addictions","LDS San Antonio Texas East Stake","78239"
"17697","Porn Addiction","LDS San Antonio Texas Hill Country Stake","78247"
"17698","Spouse Support - Porn Addiction","LDS San Antonio Texas Hill Country Stake","78247"
"17675","General Addictions","LDS San Antonio Texas West Stake","78249"
"9604","Empowering Voters Project","League of Women Voters of the San Antonio Area","78205"
"18928","Daycare Program","LeAnn Dominguez Daycare","76849"
"15010","Learn How to Use the Internet","Learn My Way",
"16303","Learn4Life Edgewood of San Antonio","Learn4Life Schools","78226"
"15777","Resources for Adults","Learning Disabilities Association of America (Texas)",
"15776","Resources for Educators","Learning Disabilities Association of America (Texas)",
"15775","Resources for Parents","Learning Disabilities Association of America (Texas)",
"15778","Resources for Professionals","Learning Disabilities Association of America (Texas)",
"15779","Resources for Students","Learning Disabilities Association of America (Texas)",
"15725","BrainStrong for Seniors","LearningRx","78249"
"20496","BrainStrong for Seniors - Northeast Location","LearningRx","78258"
"20495","Concussion and TBI Program for Adults","LearningRx","78249"
"20497","Concussion and TBI Program for Adults - Northeast Location","LearningRx","78258"
"15726","Concussion and TBI Program for Kids","LearningRx","78249"
"20498","Concussion and TBI Program for Kids - Northeast Location","LearningRx","78258"
"15734","Learning Differences Adults","LearningRx","78249"
"20499","Learning Differences Adults - Northeast Location","LearningRx","78258"
"15730","Learning Differences Kids & Teens","LearningRx","78249"
"20500","Learning Differences Kids & Teens - Northeast Location","LearningRx","78258"
"12024","Tutoring Underserved Students","Leaven Kids","78223"
"13772","Free Immigration Legal Services for Afghan Arrivals","Legal Services for Afghan Arrivals (ILSAA)",
"19666","Assisted Living at Arbor House Fredericksburg","Legend Senior Living","78624"
"19675","Assisted Living at Arbor House Horseshoe Bay","Legend Senior Living","78657"
"19682","Assisted Living at Arbor House Llano","Legend Senior Living","78643"
"19673","Life in Motion at Arbor House Fredericksburg","Legend Senior Living","78624"
"19678","Life in Motion at Arbor House Horseshoe Bay","Legend Senior Living","78657"
"19686","Life in Motion at Arbor House Llano","Legend Senior Living","78643"
"19672","Memory Care at Arbor House Fredericksburg","Legend Senior Living","78624"
"19677","Memory Care at Arbor House Horseshoe Bay","Legend Senior Living","78657"
"19684","Memory Care at Arbor House Llano","Legend Senior Living","78643"
"17176","LEGOLAND Discovery Centers Accessibility Guide","LEGO Group","78205"
"19957","LEGO® Braille Bricks Sets and Toys","LEGO Group",
"17193","Universal Design Homes","Lennar Corporation","78209"
"17195","Universal Design Homes","Lennar Corporation","78218"
"18053","Awana Club For Kids","Leon Springs Baptist Church","78255"
"6451","Freedom Biblical Counseling","Leon Springs Baptist Church","78255"
"10662","Hebrew Language Class","Leon Springs Baptist Church","78255"
"10663","Mother's Day Out","Leon Springs Baptist Church","78255"
"6450","Spiritual Services","Leon Springs Baptist Church","78255"
"14343","Spiritual Services","Leon Springs Presbyterian Church","78257"
"6512","Leon Valley Christian Academy","Leon Valley Baptist Church","78251"
"6511","Mother's Day Out","Leon Valley Baptist Church","78251"
"6510","Spiritual Servicess","Leon Valley Baptist Church","78251"
"8575","Individual, Couples and Family Therapy","Leonard R. Kajs, LCSW, LPC","78229"
"15516","Individual Therapy","Leslie Casiano, LPC",
"10290","Individual Counseling","Let It Bee Counseling","78801"
"10291","Relationship Counseling","Let It Bee Counseling","78801"
"18170","Patient and Caregiver Support","Leukemia and Lymphoma Society",
"18172","Resources for You and Your Adolescent","Leukemia and Lymphoma Society",
"18171","The Dare to Dream Project","Leukemia and Lymphoma Society",
"6480","Spritual Services","Liberty Baptist Church","78227"
"19921","In-home ABA Therapy and Parent Training","Liberty Behavioral Consulting",
"6519","Spiritual Services","Liberty Grace Community Church","78109"
"19871","Liberty Rehabilitation Specialists - Military Dr","Liberty Rehabilitation Specialists","78223"
"19872","Liberty Rehabilitation Specialists - San Pedro","Liberty Rehabilitation Specialists","78232"
"8335","Volunteer Opportunities","Libraries Without Borders",
"12585","Confirmation Ultrasounds","Life Choices Care","78238"
"12587","Education","Life Choices Care","78238"
"12588","Material Assistance","Life Choices Care","78207"
"12590","Medicaid Application and Other Assistance","Life Choices Care","78238"
"12586","Options Counseling and Mentoring","Life Choices Care","78238"
"12584","Pregnancy Tests","Life Choices Care","78238"
"12589","Professional Counseling","Life Choices Care","78238"
"12591","Reproductive Grief Care","Life Choices Care","78238"
"12594","Volunteer and Support Opportunities","Life Choices Care","78238"
"19870","Abortion Pill Reversal","Life Choices Medical Clinic","78238"
"16359","Options Counseling & Mentoring","Life Choices Medical Clinic","78238"
"16357","Pregnancy Tests","Life Choices Medical Clinic","78238"
"12583","Prenatal Care","Life Choices Medical Clinic","78238"
"16362","Professional Counseling","Life Choices Medical Clinic","78238"
"6702","STI/STD Testing & Treatment","Life Choices Medical Clinic","78238"
"16358","Ultrasounds","Life Choices Medical Clinic","78238"
"12600","Women's Healthcare and Post Abortion Care","Life Choices Medical Clinic","78238"
"2425","Food Pantry","Life Church of San Antonio","78211"
"6242","Spiritual Services","Life Church of San Antonio","78211"
"2422","Life Church Learning Center - West Campus","Life Church of the Assemblies of God","78245"
"2423","Life Church Learning Center, Southwest Campus","Life Church of the Assemblies of God","78227"
"2421","Spiritual Services - Southwest Campus","Life Church of the Assemblies of God","78227"
"2420","Spiritual Services - West Campus","Life Church of the Assemblies of God","78251"
"19188","Free Breakfast","Life Restored Church","78207"
"19189","Free Dinners","Life Restored Church","78207"
"723","Inclement Weather Shelter","Life Restored Church","78207"
"9625","Spiritual Services","Life Restored Church","78207"
"9276","LRSA Learning Center","Life Restored SA",
"9299","Restoration","Life Restored SA","78232"
"19654","Volunteer","Life Restored SA",
"102","Anger Management","Life Skills for Living","78233"
"104","Conflict Resolution","Life Skills for Living","78233"
"7444","Family Financial Life Skills - Basic Financial Planning","Life Skills for Living","78233"
"105","Relationship Enrichment","Life Skills for Living","78233"
"103","Stress Management","Life Skills for Living","78233"
"16427","Ways to Give","Life Skills for Living",
"12094","Financial Peace University","Lifehouse Church","78258"
"12095","Financial Peace University - En Espanol","Lifehouse Church","78258"
"18195","LH Kids","Lifehouse Church","78258"
"18196","LH Youth","Lifehouse Church","78258"
"6836","Spiritual Services","Lifehouse Church","78258"
"15211","Twenty-Somethings","Lifehouse Church","78258"
"17899","Fall 2025 Classes","Lifelong Learning with Friends",
"17900","Virtual Day Programs","Lifelong Learning with Friends",
"16494","Child And Adolescent Therapy","LifeStance Health","78258"
"16495","Child-Parent Relationship Therapy","LifeStance Health","78258"
"16496","Group Therapy","LifeStance Health","78258"
"16492","LifeStance Health (Oak Center location)","LifeStance Health","78258"
"16498","Medication Management","LifeStance Health","78258"
"8277","Psychological Assessments","LifeStance Health","78229"
"8278","Therapists and Psychiatrists in Alamo Heights","LifeStance Health","78209"
"5884","Therapists and Psychiatrists in Medical Dr","LifeStance Health","78229"
"19930","LifeStation Medical Alert - Sidekick Home","LifeStation Medical Alert",
"19932","LifeStation Medical Alert - Sidekick Mobile","LifeStation Medical Alert",
"19933","LifeStation Medical Alert - Sidekick Smart Watch","LifeStation Medical Alert",
"16275","General Revenue Program","Lifetime Living, Inc","78247"
"16278","Home and Community Based Services - New Braunfels","Lifetime Living, Inc","78130"
"16272","Home and Community Based Services - San Antonio","Lifetime Living, Inc","78240"
"16281","Home and Community Based Services - Uvalde","Lifetime Living, Inc","78801"
"16279","Texas Home Living Program - New Braunfels","Lifetime Living, Inc","78130"
"16273","Texas Home Living Program - San Antonio","Lifetime Living, Inc","78240"
"16282","Texas Home Living Program - Uvalde","Lifetime Living, Inc","78801"
"802","Outpatient Counseling Services","Lifetime Recovery","78201"
"804","Recovery Coaching","Lifetime Recovery","78201"
"803","Recovery Links Support Services","Lifetime Recovery","78201"
"801","Residential Treatment Services","Lifetime Recovery","78201"
"16546","Ways to Give","Lifetime Recovery","78223"
"12067","SBA 504 Loans","LiftFund","78207"
"12060","SBA 7A Community Advantage","LiftFund","78210"
"4042","Small Business Disaster Relief Programs","LiftFund","78207"
"12058","Small Business Loan","LiftFund","78210"
"12059","Special Programs","LiftFund","78210"
"18607","Facilities and Lodging","Light on the Hill at Mt Wesley","78028"
"18572","Hub of Hope","Light on the Hill at Mt Wesley","78028"
"18562","Mustard Seed Food Pantry","Light on the Hill at Mt Wesley","78028"
"18565","San Antonio Food Bank Mega Pantry","Light on the Hill at Mt Wesley","78028"
"18586","Spiritual Retreats & Events","Light on the Hill at Mt Wesley","78028"
"18587","Spiritual Retreats & Events","Light on the Hill at Mt Wesley","78028"
"18569","The Table","Light on the Hill at Mt Wesley","78028"
"18616","Volunteer and Support Opportunities","Light on the Hill at Mt Wesley","78028"
"6865","Spiritual Services","Lighthouse Baptist Church","78217"
"14631","Multitude Ministry","Lighthouse Christian Temple","78252"
"14630","Spiritual Services","Lighthouse Christian Temple","78252"
"6490","Spiritual Services","Lighthouse Community Bible Church","78233"
"12740","Disability Reports and Forms","Lighthouse Mental Health Group","78229"
"12741","Letters","Lighthouse Mental Health Group","78229"
"12739","Medication Management","Lighthouse Mental Health Group","78229"
"12737","Psychotherapy for Adults","Lighthouse Mental Health Group","78229"
"6933","Summer Programs/Field Trips","Lil Growers","78152"
"19288","Patient Assistance Program - Free Medications","Lilly Cares Foundation",
"6714","Spiritual Services","Lily of the Valley Missionary Baptist Church","78220"
"13731","IOP(Intensive Outpatient Program) and Outpatient Services for Adults","Limestone Medical Center Behavioral Health Program","76642"
"14895","Spiritual Services","Limitless Church","78227"
"9586","Spiritual Services","Lion Of Judah Christian Church","78211"
"19687","Lionheart Walks","Lionheart Walks","78130"
"14931","ADU Guidebook","LISC San Antonio",
"7356","Community Conversations","LISC San Antonio","78212"
"18937","Little Acorns Academy","Little Acorn Academy","78606"
"12191","Beauty Unmasked","Little Black Dress Society","78006"
"12192","Dreams Unmasked","Little Black Dress Society","78006"
"12190","Restoration Unmasked","Little Black Dress Society","78006"
"16297","Food Pantry","Little Church of La Villita","78205"
"710","Sunday Worship Service","Little Church of La Villita","78205"
"17583","Dental Care for Children with Autism","Little Dental Pediatric Dentistry San Antonio","78232"
"17582","Special Needs Dentistry","Little Dental Pediatric Dentistry San Antonio","78232"
"18926","Daycare Program","Little Eagles Early Learning Center","78023"
"19605","In-Home Adult Care","Little Engine Homecare, Inc.","78230"
"19606","In-Home Pediatric Care","Little Engine Homecare, Inc.","78230"
"15236","Impact Library Program","Little Free Library",
"15237","Indigenous Library Program","Little Free Library",
"9696","Little Free Library #100006","Little Free Library","78025"
"9757","Little Free Library #100916","Little Free Library","78666"
"9708","Little Free Library #101567","Little Free Library","78209"
"9898","Little Free Library #101752","Little Free Library","78218"
"9731","Little Free Library #101792","Little Free Library","78130"
"9798","Little Free Library #102387","Little Free Library","78255"
"9903","Little Free Library #102789","Little Free Library","78209"
"9680","Little Free Library #104432","Little Free Library","78606"
"9714","Little Free Library #105026","Little Free Library","78006"
"9664","Little Free Library #105492","Little Free Library","78666"
"9723","Little Free Library #106186","Little Free Library","78130"
"9841","Little Free Library #106823","Little Free Library","78247"
"9847","Little Free Library #107594","Little Free Library","78247"
"9721","Little Free Library #110146","Little Free Library","78130"
"9879","Little Free Library #110449","Little Free Library","78210"
"9915","Little Free Library #111361","Little Free Library","78240"
"9804","Little Free Library #112917","Little Free Library","78254"
"9756","Little Free Library #113219","Little Free Library","78666"
"9843","Little Free Library #114096","Little Free Library","78232"
"9820","Little Free Library #115096","Little Free Library","78219"
"9687","Little Free Library #115656","Little Free Library","78624"
"9893","Little Free Library #11643","Little Free Library","78215"
"9901","Little Free Library #11647","Little Free Library","78209"
"9640","Little Free Library #117701","Little Free Library","78237"
"9919","Little Free Library #117702","Little Free Library","78224"
"9796","Little Free Library #119114","Little Free Library","78015"
"9632","Little Free Library #121994","Little Free Library","78207"
"9834","Little Free Library #123254","Little Free Library","78233"
"9628","Little Free Library #12443","Little Free Library","78210"
"9773","Little Free Library #126253","Little Free Library","78063"
"9734","Little Free Library #126465","Little Free Library","78130"
"9736","Little Free Library #127503","Little Free Library","78132"
"9835","Little Free Library #128375","Little Free Library","78217"
"9849","Little Free Library #128430","Little Free Library","78230"
"9675","Little Free Library #129034","Little Free Library","78606"
"9780","Little Free Library #130018","Little Free Library","78108"
"9639","Little Free Library #131818","Little Free Library","78227"
"9637","Little Free Library #131819","Little Free Library","78228"
"9724","Little Free Library #132401","Little Free Library","78130"
"9668","Little Free Library #133873","Little Free Library","78666"
"9732","Little Free Library #134124","Little Free Library","78130"
"9800","Little Free Library #134291","Little Free Library","78255"
"9642","Little Free Library #134827","Little Free Library","78228"
"9797","Little Free Library #13533","Little Free Library","78006"
"9738","Little Free Library #135768","Little Free Library","78648"
"9793","Little Free Library #136233","Little Free Library","78260"
"9860","Little Free Library #137497","Little Free Library","78231"
"9861","Little Free Library #137498","Little Free Library","78231"
"9703","Little Free Library #138468","Little Free Library","78028"
"9744","Little Free Library #139337","Little Free Library","78666"
"9737","Little Free Library #139940","Little Free Library","78130"
"9839","Little Free Library #141742","Little Free Library","78247"
"9679","Little Free Library #142032","Little Free Library","78216"
"9868","Little Free Library #142432","Little Free Library","78249"
"9785","Little Free Library #142892","Little Free Library","78154"
"9775","Little Free Library #143429","Little Free Library","78063"
"9695","Little Free Library #144922","Little Free Library","78028"
"9913","Little Free Library #14876","Little Free Library","78238"
"9656","Little Free Library #15599","Little Free Library","78212"
"9771","Little Free Library #17177","Little Free Library","78063"
"9661","Little Free Library #18220","Little Free Library","78250"
"9688","Little Free Library #18926","Little Free Library","78624"
"9645","Little Free Library #19183","Little Free Library","78201"
"9707","Little Free Library #20880","Little Free Library","78212"
"9669","Little Free Library #21631","Little Free Library","78676"
"9782","Little Free Library #21738","Little Free Library","78148"
"9697","Little Free Library #23076","Little Free Library","78028"
"9877","Little Free Library #23755","Little Free Library","78242"
"9653","Little Free Library #27363","Little Free Library","78201"
"9681","Little Free Library #29201","Little Free Library","78606"
"9760","Little Free Library #29478","Little Free Library","78132"
"9802","Little Free Library #29666","Little Free Library","78023"
"9751","Little Free Library #30490","Little Free Library","78666"
"9909","Little Free Library #32505","Little Free Library","78209"
"9866","Little Free Library #34154","Little Free Library","78240"
"9686","Little Free Library #34485","Little Free Library","78624"
"9754","Little Free Library #35473","Little Free Library","78666"
"9715","Little Free Library #35889","Little Free Library","78006"
"9691","Little Free Library #36102","Little Free Library","78624"
"9886","Little Free Library #36347","Little Free Library","78210"
"9900","Little Free Library #36348","Little Free Library","78209"
"9739","Little Free Library #36860","Little Free Library","78644"
"9895","Little Free Library #36980","Little Free Library","78209"
"9722","Little Free Library #37028","Little Free Library","78130"
"9759","Little Free Library #38128","Little Free Library","78666"
"9853","Little Free Library #38300","Little Free Library","78232"
"9694","Little Free Library #38326","Little Free Library","78028"
"9755","Little Free Library #42029","Little Free Library","78666"
"9746","Little Free Library #42030","Little Free Library","78666"
"9750","Little Free Library #42034","Little Free Library","78666"
"9758","Little Free Library #42043","Little Free Library","78666"
"9747","Little Free Library #42057","Little Free Library","78666"
"9743","Little Free Library #42058","Little Free Library","78666"
"9742","Little Free Library #42070","Little Free Library","78666"
"9720","Little Free Library #42083","Little Free Library","78130"
"9741","Little Free Library #42152","Little Free Library","78666"
"10053","Little Free Library #42499","Little Free Library","78108"
"9749","Little Free Library #43575","Little Free Library","78666"
"9795","Little Free Library #43609","Little Free Library","78260"
"9819","Little Free Library #43818","Little Free Library","78069"
"9902","Little Free Library #47031","Little Free Library","78209"
"9784","Little Free Library #47141","Little Free Library","78154"
"9709","Little Free Library #47193","Little Free Library","78006"
"9818","Little Free Library #47723","Little Free Library","78009"
"9812","Little Free Library #49390","Little Free Library","78254"
"9894","Little Free Library #49752","Little Free Library","78209"
"9791","Little Free Library #52609","Little Free Library","78163"
"9803","Little Free Library #52623","Little Free Library","78023"
"9646","Little Free Library #53618","Little Free Library","78228"
"9693","Little Free Library #53620","Little Free Library","78028"
"9852","Little Free Library #55353","Little Free Library","78213"
"9779","Little Free Library #57614","Little Free Library","78108"
"9857","Little Free Library #57940","Little Free Library","78231"
"9762","Little Free Library #58265","Little Free Library","78132"
"9842","Little Free Library #5880","Little Free Library","78232"
"9701","Little Free Library #59182","Little Free Library","78028"
"9844","Little Free Library #60753","Little Free Library","78247"
"9683","Little Free Library #60894","Little Free Library","78606"
"9700","Little Free Library #61684","Little Free Library","78028"
"9799","Little Free Library #62413","Little Free Library","78255"
"9794","Little Free Library #62628","Little Free Library","78260"
"9658","Little Free Library #63282","Little Free Library","78212"
"9838","Little Free Library #64562","Little Free Library","78247"
"9856","Little Free Library #64565","Little Free Library","78231"
"9837","Little Free Library #64569","Little Free Library","78217"
"9740","Little Free Library #65203","Little Free Library","78622"
"10052","Little Free Library #65723","Little Free Library","78247"
"9873","Little Free Library #65860","Little Free Library","78238"
"9774","Little Free Library #67098","Little Free Library","78003"
"9848","Little Free Library #68630","Little Free Library","78230"
"9840","Little Free Library #69340","Little Free Library","78216"
"9918","Little Free Library #69415","Little Free Library","78224"
"9854","Little Free Library #71125","Little Free Library","78232"
"9885","Little Free Library #71505","Little Free Library","78223"
"9677","Little Free Library #71554","Little Free Library","78216"
"9727","Little Free Library #72521","Little Free Library","78130"
"9881","Little Free Library #72632","Little Free Library","78214"
"9630","Little Free Library #7265","Little Free Library","78207"
"9858","Little Free Library #72690","Little Free Library","78249"
"9889","Little Free Library #72691","Little Free Library","78220"
"9792","Little Free Library #72696","Little Free Library","78260"
"9676","Little Free Library #72698","Little Free Library","78213"
"9890","Little Free Library #72714","Little Free Library","78202"
"9864","Little Free Library #72799","Little Free Library","78216"
"9776","Little Free Library #72800","Little Free Library","78264"
"9907","Little Free Library #72848","Little Free Library","78209"
"9869","Little Free Library #72858","Little Free Library","78249"
"9788","Little Free Library #72876","Little Free Library","78266"
"9883","Little Free Library #72911","Little Free Library","78214"
"9786","Little Free Library #73118","Little Free Library","78154"
"9641","Little Free Library #74121","Little Free Library","78237"
"9763","Little Free Library #74509","Little Free Library","78133"
"9888","Little Free Library #75270","Little Free Library","78210"
"9896","Little Free Library #77964","Little Free Library","78234"
"9764","Little Free Library #78696","Little Free Library","78133"
"9717","Little Free Library #79263","Little Free Library","78152"
"9733","Little Free Library #79486","Little Free Library","78130"
"9855","Little Free Library #80155","Little Free Library","78249"
"9801","Little Free Library #8047","Little Free Library","78023"
"9728","Little Free Library #81264","Little Free Library","78130"
"9769","Little Free Library #81934","Little Free Library","78133"
"9768","Little Free Library #82730","Little Free Library","78133"
"9767","Little Free Library #82731","Little Free Library","78133"
"9766","Little Free Library #82732","Little Free Library","78133"
"9765","Little Free Library #82733","Little Free Library","78133"
"9787","Little Free Library #82987","Little Free Library","78247"
"9822","Little Free Library #83445","Little Free Library","78244"
"9660","Little Free Library #84192","Little Free Library","78212"
"9827","Little Free Library #87142","Little Free Library","78239"
"9690","Little Free Library #88179","Little Free Library","78624"
"9670","Little Free Library #88927","Little Free Library","78676"
"9899","Little Free Library #89618","Little Free Library","78218"
"9906","Little Free Library #90095","Little Free Library","78209"
"9851","Little Free Library #91193","Little Free Library","78213"
"9830","Little Free Library #91635","Little Free Library","78109"
"9778","Little Free Library #91718","Little Free Library","78108"
"9865","Little Free Library #9214","Little Free Library","78230"
"9652","Little Free Library #92170","Little Free Library","78228"
"6664","Little Free Library #92170","Little Free Library","78228"
"9674","Little Free Library #92920","Little Free Library","78133"
"9692","Little Free Library #94002","Little Free Library","78624"
"9718","Little Free Library #95659","Little Free Library","78121"
"9678","Little Free Library #95832","Little Free Library","78216"
"9726","Little Free Library #96571","Little Free Library","78130"
"9761","Little Free Library #97064","Little Free Library","78132"
"9672","Little Free Library #98122","Little Free Library","78676"
"9673","Little Free Library #99268","Little Free Library","78676"
"9729","Little Free Library #99581","Little Free Library","78130"
"9910","Little Free Library #99696","Little Free Library","78240"
"9725","Little Free Library #99773","Little Free Library","78130"
"15238","Read in Color","Little Free Library",
"9452","Efraim Martinez","Little Free Pantry","78211"
"19504","Infant Program","Little Oaks Discovery School","78023"
"19506","Preschool Program","Little Oaks Discovery School","78023"
"19507","School Age Daycare","Little Oaks Discovery School","78023"
"19508","Summer Camp","Little Oaks Discovery School","78023"
"19505","Toddler Program","Little Oaks Discovery School","78023"
"18886","Programs","Little Peaches Learning Center","78624"
"18848","Child Care","Little Safari Learning Center","78028"
"17641","Applied Behavior Analysis (ABA) Therapy","Little Spurs Autism Center","78257"
"17642","ARD/IEP Assistance","Little Spurs Autism Center","78257"
"17640","Family Based Therapy","Little Spurs Autism Center","78257"
"17645","Little Spurs Autism Center (Westover Hills location)","Little Spurs Autism Center","78251"
"17643","Ongoing Services","Little Spurs Autism Center","78257"
"17644","School Consultation","Little Spurs Autism Center","78257"
"17670","ADD/ADHD Evaluation","Little Spurs Developmental & Behavioral Pediatrics","78257"
"17669","Autism Evaluation Services","Little Spurs Developmental & Behavioral Pediatrics","78257"
"17671","Developmental Delays Services","Little Spurs Developmental & Behavioral Pediatrics","78257"
"17672","Preschool Readiness","Little Spurs Developmental & Behavioral Pediatrics","78257"
"17409","Special Needs Dentistry","Little Steps Pediatric Dentistry","78254"
"19075","Little Treehouse Early Learning Center - Babcock","Little Treehouse Early Learning Center","78240"
"19076","Little Treehouse Early Learning Center - Culebra","Little Treehouse Early Learning Center","78251"
"20476","Little Treehouse Early Learning Center - El Sendero","Little Treehouse Early Learning Center","78233"
"20475","Little Treehouse Early Learning Center - South","Little Treehouse Early Learning Center","78211"
"18893","Tailored Learning Experiences","Littlehearts Child Development Center","78624"
"18892","Volunteer","Littlehearts Child Development Center","78624"
"17299","Day Program for Adults with Special Needs","Live Laugh Love Club","78212"
"17306","Get Involved","Live Laugh Love Club","78212"
"495","Live More Recovery","Live More Recovery Services, Inc","78230"
"14155","Recovery Hub (Day Center)","Live More Recovery Services, Inc","78230"
"18981","Sober Living Home for Women","Live More Recovery Services, Inc","78230"
"6486","Spiritual Services","Live Oak First Baptist Church","78233"
"13764","Spiritual Services","Live The Life Church","78222"
"6293","Spiritual Services","Lively Stone International Christian Church","78202"
"18162","Hearts United Pantry","Living Faith Church","78227"
"6877","Living Faith Closet","Living Faith Church","78227"
"6875","Spiritual Services","Living Faith Church","78227"
"18161","Tuesdays Women's Prayer Night","Living Faith Church","78227"
"598","Living Stones Homeless Shelter","Living Stones","78202"
"20443","Assessments, Evaluations, & Growth Tools","Living Tree New Braunfels Counseling Center PLLC","78130"
"20445","Assessments, Evaluations, & Growth Tools","Living Tree New Braunfels Counseling Center PLLC","78130"
"20447","Assessments, Evaluations, & Growth Tools","Living Tree New Braunfels Counseling Center PLLC","78130"
"20442","Counseling Services","Living Tree New Braunfels Counseling Center PLLC","78130"
"20444","Counseling Services","Living Tree New Braunfels Counseling Center PLLC","78130"
"20446","Counseling Services","Living Tree New Braunfels Counseling Center PLLC","78130"
"13946","Spiritual Services","Living Water Community Church SA","78238"
"13947","Spiritual Services","Livingway Christian Church","78233"
"18647","Counseling","Llano Alliance for Drug Intervention","78643"
"18648","Love Your Child: In-Home Drug Alchol Test Kit Program","Llano Alliance for Drug Intervention","78643"
"18985","Pre-Kindergarten at Llano Christian Academy","Llano Christian Academy","78643"
"18778","Llano County Indigent Health Care Program (CIHCP)","Llano County","78643"
"18877","Llano Food Pantry","Llano Food Pantry","78643"
"18988","Packsaddle Elementary School","Llano Independent School District","78643"
"18984","Pre-K at Llano Elementary School","Llano Independent School District","78643"
"19049","Diamond Youth Baseball and Softball","Llano Youth Baseball & Softball- Teampass","78643"
"19048","Spring Baseball and Softball","Llano Youth Baseball & Softball- Teampass","78643"
"6459","BMX Track","Lone Star BMX","78218"
"19780","Disaster Cleanup Services","Lone Star Hoarding Cleanup","78731"
"19779","Estate Cleanout Services","Lone Star Hoarding Cleanup","78731"
"19778","Extreme Cleaning Services","Lone Star Hoarding Cleanup","78731"
"19781","Foreclosure Cleanout Services","Lone Star Hoarding Cleanup","78731"
"19777","Hoarding Cleanup Services","Lone Star Hoarding Cleanup","78731"
"7118","Volunteer Opportunities","Lone Star Play Ball",
"11220","Aurora Apartments","Loopy Limited","78212"
"2650","Advocacy Support","Lorene Dillard Advocacy and Consulting","78240"
"4206","Spiritual Services","Los Angeles Heights Presbyterian Church","78201"
"17966","Life Transition Support","Loss of Life Advocates","78230"
"19376","Care Teams and Support","Lotsa Helping Hands",
"15621","Spiritual Services","Love Gospel Church","78218"
"10743","love is respect","love is respect",
"10746","Youth Council","love is respect",
"10745","Youth Helpline","love is respect",
"9250","Beds 4 Kids","Love Kendall County Kids","78006"
"5660","Beyond School 4 Kids","Love Kendall County Kids","78006"
"3632","Food 4 Kids","Love Kendall County Kids","78006"
"20335","Refer a Child in Need","Love Kendall County Kids","78006"
"5667","Safe Homes 4 Kids","Love Kendall County Kids","78006"
"20333","School Supplies 4 Kids","Love Kendall County Kids","78006"
"20332","Shoes 4 Kids","Love Kendall County Kids","78006"
"20334","Volunteer and Support Opportunities","Love Kendall County Kids","78006"
"4205","Spiritual Services","Lovera Baptist Church","78212"
"17977","Group Home Placement","Loving Hands Senior Services","78260"
"17979","Home Based Services","Loving Hands Senior Services","78260"
"17978","Long Term Care, Assisted Living and Skilled Nursing Facility","Loving Hands Senior Services","78260"
"17980","Mobile Notary Services","Loving Hands Senior Services","78260"
"16319","Prescription Savings Program","LowerMyRx",
"10588","Individual Counseling for Children & Adolescents","Lucine Center for Trauma & Grief",
"10589","Resources for Parents, Caregivers, & Concerned Adults","Lucine Center for Trauma & Grief",
"11780","Entrepreneur/Financial Literacy","Luminary Ministries","78239"
"11779","On-Site Job Training","Luminary Ministries","78239"
"11782","Parenthood / Case Management","Luminary Ministries","78239"
"11781","Skills for Employment Training (S.E.T.)","Luminary Ministries","78239"
"20355","Counseling & Therapy Services","Luna Evolution Counseling","78229"
"20354","Pro Bono Counseling from Cat Reyes","Luna Evolution Counseling","78229"
"18907","Lutie’s Kids Club Daycare","Lutie Watkins Memorial Methodist Church","78643"
"11236","Auburn Creek Apartments","LYND Living","78240"
"11665","Covina Plaza","LYND Living","78233"
"13424","Culebra Commons","LYND Living","78250"
"13918","Liberty Ridge","LYND Living","78238"
"11090","Marigold Apartments","LYND Living","78223"
"18211","Backpack Ministry","Lytle United Methodist Church","78052"
"8770","Methodist Food Pantry","Lytle United Methodist Church","78052"
"8771","Spiritual Services","Lytle United Methodist Church","78052"
"14603","Counseling","M.B.S Whole Health",
"14604","Life Coaching","M.B.S Whole Health",
"771","Care Cottage","MacArthur Park Church of Christ","78217"
"15789","Celebrate Recovery","MacArthur Park Church of Christ","78217"
"773","GriefShare","MacArthur Park Church of Christ","78217"
"775","Ladies","MacArthur Park Church of Christ","78217"
"772","MacFamily Ministry","MacArthur Park Church of Christ","78217"
"774","MACMEN Ministry","MacArthur Park Church of Christ","78217"
"776","Senior Adult Ministry","MacArthur Park Church of Christ","78217"
"9257","Spiritual Services","MacArthur Park Church of Christ","78217"
"2330","Good Samaritan Ministry","Macedonia Missionary Baptist Church","78237"
"2337","Project Angel Tree","Macedonia Missionary Baptist Church","78237"
"9199","Spiritual Services","Macedonia Missionary Baptist Church","78237"
"14845","Madera Student Living","Madera Apartments","78249"
"9643","Food Pantry","Madison Hills Baptist Church","78247"
"9644","Mother's Day Out","Madison Hills Baptist Church","78247"
"3993","Spiritual Services","Madison Hills Baptist Church","78247"
"4112","Spiritual Services","Madison Square Presbyterian Church","78215"
"531","After School","Madonna Center","78237"
"530","Child Care Staffing Solutions (CCSS)","Madonna Center","78237"
"12936","Dual Generation","Madonna Center","78237"
"528","Early Child Care Education","Madonna Center","78237"
"17350","Employment Opportunities","Madonna Center","78237"
"529","Home Instruction for Parents of Preschool Youngsters (HIPPY)","Madonna Center","78237"
"533","Senior Services","Madonna Center","78237"
"532","Summer Camp","Madonna Center","78237"
"8336","Volunteer and Support Opportunities","Madonna Center","78237"
"785","Be a Maestro","Maestro Entrepreneur Center (MEC)","78207"
"779","Maestro’s Entrepreneurship","Maestro Entrepreneur Center (MEC)","78207"
"8338","Program Support & Sponsorship","Magdalena House","78269"
"2372","Transitional Shelter and Education","Magdalena House","78269"
"7529","Volunteer and Support Opportunities with Magdalena House","Magdalena House","78269"
"17177","Sensory-Friendly Experiences","Magik Theatre","78205"
"17402","Hospice Services","Magnolia Hospice Company","78229"
"17389","Living with Grief Loss Support Group","Magnolia Hospice Company","78229"
"18351","Special Needs Accommodations","Majestic and Empire Theaters","78205"
"13252","Life Events and Experiences","Make the Connection",
"13254","Mental Health Conditions","Make the Connection",
"13256","Resources","Make the Connection",
"13253","Signs and Symptoms","Make the Connection",
"13251","Stories of Connection","Make the Connection",
"13255","Treatment and Support","Make the Connection",
"13696","The Estates of Northwoods","Management Support","78232"
"19591","Bible Study and Discipleship","Many Waters One King Ministry",
"19592","Community Outreach and Acts of Service","Many Waters One King Ministry","78240"
"19589","Family Programs","Many Waters One King Ministry",
"19588","Join the Many Waters Prayer Network","Many Waters One King Ministry",
"19590","Safe Parent Program (Hands Only CPR)","Many Waters One King Ministry","78240"
"19593","Summer Bread of Life","Many Waters One King Ministry","78240"
"18165","Children's Ministry","Maranatha Baptist Church","78109"
"6878","Spiritual Services","Maranatha Baptist Church","78109"
"12099","Tutorial Ministry","Maranatha Baptist Church","78109"
"12100","Vacation Bible School","Maranatha Baptist Church","78109"
"18163","Women's and Men's  Ministry","Maranatha Baptist Church","78109"
"18164","Youth Ministry","Maranatha Baptist Church","78109"
"14910","Health and Fitness Activities at Marathon Health Center","Marathon Health Center","79842"
"13566","TeleMed—Marathon Health Center","Marathon Health Center","79842"
"15413","Zoom Room","Marathon Health Center","79842"
"14718","Children and Teen Programs—Marathon Public Library","Marathon Public Library","79842"
"14719","Marathon Public Library Books, Audiobooks, and DVD Collection","Marathon Public Library","79842"
"13565","Technology Services—Marathon Public Library","Marathon Public Library","79842"
"7439","Spiritual Services","Marbach Christian Church","78227"
"15592","Just About Marbridge (JAM) Sessions","Marbridge Foundation","78652"
"15593","Volunteer Opportunities","Marbridge Foundation","78652"
"4785","Spiritual Services","March Avenue Baptist Church","78214"
"13633","Community Garden—Marfa Food Pantry","Marfa Food Pantry","79843"
"14773","Marfa Food Pantry","Marfa Food Pantry","79843"
"13377","Free Classes","Marfa Public Library","79843"
"14693","Marfa Public Library Books, Audiobooks, and DVD Collection","Marfa Public Library","79843"
"14694","Programs at Marfa Public Library","Marfa Public Library","79843"
"14695","Services at Marfa Public Library","Marfa Public Library","79843"
"14654","Cancer Survivor Support","Maribo Cares",
"13537","Get Involved","Marrow Match","78229"
"17345","Counseling Services - Northwest Location","Martin V. Bendernagel, LPC, LCDC","78228"
"8586","Individual Therapy for Children, Adolescents, and Adults","Martin V. Bendernagel, LPC, LCDC","78217"
"8585","Marriage and Couples Therapy","Martin V. Bendernagel, LPC, LCDC","78217"
"15018","Psychiatry, Counseling, and Case Management Services","Marvelous Counseling and Therapy, PLLC","78228"
"6039","Spiritual Services","Mary Mother of the Church San Antonio","78251"
"7591","Spiritual Services","Masjed Beil El-Magdes","78251"
"7581","Spiritual Services","Masjid Bilal Ibn Ra'bah of San Antonio","78220"
"18780","Mason County Indigent Health Care Program (CIHCP)","Mason County","76856"
"19184","Homeownership","Mason County Habitat For Humanity","76856"
"19141","Volunteer and Support Opportunities","Mason County Habitat For Humanity","76856"
"18982","Pre-K at Mason Elementary School","Mason Independent School District","76856"
"18675","Blessing Box","Mason Ministerial Alliance","76856"
"18708","Blessing House of Mason County","Mason Ministerial Alliance","76856"
"18672","Mason County Food Pantry","Mason Ministerial Alliance","76856"
"18679","MMA Benevolence Fund","Mason Ministerial Alliance","76856"
"18690","SAFB Mobile Market","Mason Ministerial Alliance","76856"
"18711","Support Our Mission","Mason Ministerial Alliance","76856"
"18709","VFW Meeting","Mason Ministerial Alliance","76856"
"19033","Mason Aftershock","Mason Youth Baseball","76856"
"19037","Mason Challenger","Mason Youth Baseball","76856"
"19021","Mason Little League","Mason Youth Baseball","45040"
"19029","Mason Youth Softball","Mason Youth Baseball","45040"
"19038","Rainout and Safety Info","Mason Youth Baseball",
"19039","Volunteer and Support","Mason Youth Baseball","76856"
"17003","Elementary, Middle, and High School Program","Mater Academy San Antonio",
"17002","Mater Virtual Academy (MVA)","Mater Academy San Antonio",
"19495","Mathnasium San Antonio (Alamo Ranch location)","Mathnasium San Antonio","78253"
"19491","Mathnasium San Antonio (Basse Rd location)","Mathnasium San Antonio","78209"
"19492","Mathnasium San Antonio (Blanco Rd location)","Mathnasium San Antonio","78216"
"19490","Mathnasium San Antonio (Bulverde Rd location)","Mathnasium San Antonio","78259"
"19493","Mathnasium San Antonio (Converse location)","Mathnasium San Antonio","78109"
"19489","Mathnasium San Antonio (Dominion location)","Mathnasium San Antonio","78257"
"19496","Mathnasium San Antonio (Potranco Rd location)","Mathnasium San Antonio","78253"
"19494","Mathnasium San Antonio (Stone Oak Pkwy location)","Mathnasium San Antonio","78258"
"19223","Military and Federal Families","Maxim Healthcare","78229"
"19221","Personal Care Services","Maxim Healthcare","78229"
"19220","Private Duty Nursing","Maxim Healthcare","78229"
"18030","Product Catalog","MaxWell Medical Services","78216"
"11310","Cheyenne Village Apartments","Mayfair Management Group","78207"
"11334","Chisolm Trace Apartments","Mayfair Management Group","78240"
"2453","Celebrate Recovery","Mayfield Park Baptist Church","78221"
"2439","Helping Hands Food Pantry","Mayfield Park Baptist Church","78221"
"9189","Spiritual Services","Mayfield Park Baptist Church","78221"
"16137","Spiritual Services","Mbir of San Antonio","78220"
"17808","Care Cottage","McArthur Park Church of Christ","78217"
"17812","Celebrate Recovery","McArthur Park Church of Christ","78217"
"17811","GriefShare","McArthur Park Church of Christ","78217"
"17809","Mental Wellness and Health","McArthur Park Church of Christ","78217"
"13821","Spiritual Services","McArthur Park Church of Christ","78217"
"7804","Spiritual Services","McArthur Park Lutheran Church","78217"
"10068","AWANA Kidz Club","McCauley Baptist Church","78221"
"10069","McCauley Christian Academy","McCauley Baptist Church","78221"
"6305","Spiritual Services","McCauley Baptist Church","78221"
"10067","Sunday Morning Fellowship","McCauley Baptist Church","78221"
"11152","East Meadows Apartments","McCormack Baron Management, Inc.","78202"
"13784","Cardiology Satellite Clinic—Big Bend Regional Alpine","MCH ProCare","79830"
"19046","Special Needs and Sensory Friendly Events","McKenna Children’s Museum","78130"
"18419","Free Adaptive Bikes","McLindon Family Foundation",
"20415","Health Insurance Services","McManus Insurance Agency","78228"
"1868","Free College Admission at the McNay","McNay Art Museum","78209"
"1867","Museums for All","McNay Art Museum","78209"
"8339","Volunteer Opportunities","McNay Art Museum","78209"
"11242","Regal Village Apartments","MDP Management","78238"
"11306","Viceroy Apartments","MDP Management","78223"
"9292","Funeral Services","ME Rodriguez Funeral Home","78207"
"19030","Trauma and Grief Coalition Directory","Meadows Mental Health Policy Institute",
"19032","Trauma and Grief Screening Tools","Meadows Mental Health Policy Institute",
"19031","Virtual Learning Library - Trauma and Grief","Meadows Mental Health Policy Institute",
"11179","South Point Apartments","Meadows Property Management","78223"
"12110","Meals for Veterans Program","Meals for Vets","78624"
"18583","Volunteer and Support Opportunities","Meals for Vets","78624"
"716","AniMeals","Meals on Wheels San Antonio (MOWSATX)","78217"
"721","Caregiver Resources—Grace Place","Meals on Wheels San Antonio (MOWSATX)",
"19900","Caregiver Support Groups","Meals on Wheels San Antonio (MOWSATX)","78217"
"718","Comfy Casas","Meals on Wheels San Antonio (MOWSATX)","78217"
"717","Friendly Visitor","Meals on Wheels San Antonio (MOWSATX)","78217"
"10671","Grace Notes Community Choir","Meals on Wheels San Antonio (MOWSATX)","78217"
"719","Grace Place Alzheimer's Center","Meals on Wheels San Antonio (MOWSATX)","78217"
"711","Home-Delivered Meals","Meals on Wheels San Antonio (MOWSATX)","78217"
"15034","Meal Referral","Meals on Wheels San Antonio (MOWSATX)","78217"
"715","Senior Center Meals—Greater Randolph Area Senior Center (GRASP)","Meals on Wheels San Antonio (MOWSATX)","78109"
"714","Senior Center Meals—Kirby Senior Center","Meals on Wheels San Antonio (MOWSATX)","78219"
"712","Shelf-Stable Emergency Meals","Meals on Wheels San Antonio (MOWSATX)","78217"
"3611","Volunteer with Meals on Wheels","Meals on Wheels San Antonio (MOWSATX)","78217"
"6583","Volunteers","Meating the Need","78261"
"11202","Oaks of Westlakes","MEB Management Group","78245"
"12701","Hospice Care","MED TEAM, INC","78216"
"12700","Medicare Certified Home Health Services","MED TEAM, INC","78216"
"12699","Personal Assistance Services – PAS","MED TEAM, INC","78216"
"6669","Spiritual Services","Medical Center Baptist Church","78240"
"17588","Special Needs Care","Medical Center Children's Dentistry","78240"
"19887","Medical Guardian - At Home Systems","Medical Guardian",
"19904","Medical Guardian - On The Go Systems","Medical Guardian",
"17343","Adult Program","Medina Community Library","78055"
"15296","Programs for Children","Medina Community Library","78055"
"20463","Summer Reading Program","Medina Community Library","78055"
"18637","Bandera WIC Clinic","Medina County","78003"
"18638","Medina WIC Clinic","Medina County","78861"
"5612","MedMark San Antonio Military","MedMark Treatment Centers","78227"
"5613","San Antonio Quincy","MedMark Treatment Centers","78239"
"19429","Individual, Couples, and Family Therapy Services","Meliora Pathway Therapy, PLLC","78247"
"4160","Spiritual Services","Memorial Missionary Baptist Church","78207"
"13785","Local Resource Guide for Substance Use & Mental Health","Mental Advocacy Partners-Comal County",
"13782","Mobile Crisis Outreach Team of Comal County","Mental Advocacy Partners-Comal County",
"17579","Warming Centers","Mental Advocacy Partners-Comal County",
"20383","Mental Health Resources","Mental Health America (MHA)",
"14943","Become an Instructor","Mental Health First Aid",
"14936","Get Trained","Mental Health First Aid",
"11162","Artisan at Willow Springs","Merced Housing Texas","78219"
"10992","Casitas de Merced","Merced Housing Texas","78069"
"11042","Casitas de Villa Corona","Merced Housing Texas","78237"
"15008","Eleanor Place Apartments","Merced Housing Texas","78209"
"15007","Elmhurst Place Apartments","Merced Housing Texas","78209"
"15011","Kings Court Apartments","Merced Housing Texas","78212"
"11233","Oscar Eason Senior Apartments","Merced Housing Texas","78205"
"11731","Owner-Occupied Repair Program","Merced Housing Texas","78212"
"14997","Resident Services","Merced Housing Texas","78212"
"15009","Stablewood Farms Apartment Homes","Merced Housing Texas","78227"
"2477","HOME Ministry Food Pantry","Mercy Church SA","78224"
"9582","Spiritual Services","Mercy Church SA","78224"
"18653","Advocacy Resource Center (ARC)","Mercy Gate Ministries","78028"
"18468","The Journey","Mercy Gate Ministries","78028"
"14904","Assisted Living and Memory Care","Mercy House","78130"
"17843","Primary Care & Family Medicine (Boerne location)","Mercy Wellness Clinic","78006"
"17842","Primary Care & Family Medicine (Spring Branch location)","Mercy Wellness Clinic","78070"
"13981","Merritt Lakeside Senior Village","Merritt Communities","78154"
"14646","Memory Care Services","Mesa Vista Health Center","78240"
"1122","Stephen Ministry","Messiah Lutheran Church","78015"
"20464","AI Glasses for Blind or Low Vision","Meta",
"12918","Children & Adolescent Therapy","Metanoia Professional Counseling Services, PLLC",
"12917","Couples Therapy","Metanoia Professional Counseling Services, PLLC",
"12920","EMDR & LENS Therapy","Metanoia Professional Counseling Services, PLLC",
"12916","Family Therapy","Metanoia Professional Counseling Services, PLLC",
"12919","Group Therapy","Metanoia Professional Counseling Services, PLLC",
"12915","Individual Therapy","Metanoia Professional Counseling Services, PLLC",
"12647","Family Counseling","Methodist Children's Home","76701"
"12643","Family Solutions","Methodist Children's Home","76701"
"12644","GAP Program: Grandparent and Relative Caregivers of Children","Methodist Children's Home","76701"
"12648","Individual Counseling","Methodist Children's Home","76701"
"14567","MCH Family Outreach in San Antonio","Methodist Children's Home","78228"
"12645","Parent Education","Methodist Children's Home","76701"
"7064","Behavioral Health","Methodist Healthcare","78229"
"1425","Charity Care at Methodist Ambulatory Surgery Hospital","Methodist Healthcare","78240"
"1419","Charity Care at Methodist Children's Hospital","Methodist Healthcare","78229"
"1426","Charity Care at Methodist Hospital South","Methodist Healthcare","78026"
"1418","Charity Care at Methodist Hospital, Medical Center","Methodist Healthcare","78229"
"1420","Charity Care at Methodist Specialty & Transplant Hospital","Methodist Healthcare","78229"
"1424","Charity Care at Methodist Stone Oak Hospital","Methodist Healthcare","78258"
"1422","Charity Care at Methodist Texsan Hospital","Methodist Healthcare","78201"
"1421","Charity Care at Metropolitan Methodist Hospital","Methodist Healthcare","78212"
"1423","Charity Care at Northeast Methodist Hospital","Methodist Healthcare","78233"
"18627","Community Classes","Methodist Healthcare",
"7065","HealthMatters","Methodist Healthcare",
"1456","Community Counseling","Methodist Healthcare Ministries of South Texas","78222"
"1472","Community Counseling","Methodist Healthcare Ministries of South Texas","78211"
"1578","Community Health Workers","Methodist Healthcare Ministries of South Texas","78222"
"1575","Community Health Workers at Wesley Health and Wellness Center","Methodist Healthcare Ministries of South Texas","78211"
"614","Dixon Health and Wellness Center","Methodist Healthcare Ministries of South Texas","78222"
"9078","George Ricks School Based Health Center","Methodist Healthcare Ministries of South Texas","78154"
"9077","Krueger Elementary School Based Health Center","Methodist Healthcare Ministries of South Texas","78124"
"7063","Meld Parent Support Groups","Methodist Healthcare Ministries of South Texas","78229"
"9185","Parents as Teachers","Methodist Healthcare Ministries of South Texas","78211"
"9186","Parents as Teachers","Methodist Healthcare Ministries of South Texas","78222"
"9187","Parents as Teachers at George Ricks School Based Health Center","Methodist Healthcare Ministries of South Texas","78154"
"1163","Wesley Health and Wellness Center","Methodist Healthcare Ministries of South Texas","78211"
"1218","Wesley Nurse","Methodist Healthcare Ministries of South Texas","78217"
"18624","Cardiac Support Group - Hill Country","Methodist Hospital Hill Country","78624"
"18615","Care at Methodist Hospital Hill Country","Methodist Hospital Hill Country","78624"
"18626","Financial Assistance - Hill Country","Methodist Hospital Hill Country","78624"
"19060","HealthMatters at Methodist Hospital Hill Country","Methodist Hospital Hill Country",
"18673","Immediate Care","Methodist Hospital Hill Country","78624"
"18680","Methodist Hospital Hill Country Doctors","Methodist Hospital Hill Country",
"18623","Prepared Childbirth and Newborn Care Class and Tours - Hill Country","Methodist Hospital Hill Country","78624"
"18625","TeleHealth - Hill Country","Methodist Hospital Hill Country",
"8340","Volunteer Opportunities","Methodist Hospital Hill Country","78249"
"18686","Methodist Physicians Hill Country Immediate Care","Methodist Physicians Hill Country Medical Group","78624"
"18685","Methodist Physicians Hill Country Medical Group at Perry-Feller Professional Building","Methodist Physicians Hill Country Medical Group","78624"
"48","MCCSA Food Pantry","Metropolitan Community Church of San Antonio","78212"
"4113","Spiritual Services","Metropolitan Community Church of San Antonio","78212"
"17351","Access to Justice","Mexican American Legal Defense and Educational Fund (MALDEF)","78205"
"14781","Benefit Navigators","Mexican American Unity Council - MAUC","78207"
"13270","Housing Center","Mexican American Unity Council - MAUC","78207"
"14782","Palacio Del Sol Apartments","Mexican American Unity Council - MAUC","78207"
"14779","Social Services Programs","Mexican American Unity Council - MAUC","78207"
"14783","Stonehouse Apartments","Mexican American Unity Council - MAUC","78230"
"19301","Community Living Assistance and Support Services (CLASS)","MHMR Concho Valley","76901"
"6256","After School Program - Bandera","Mi Casa Child Centers","78250"
"3063","After School Program - Medical Center","Mi Casa Child Centers","78240"
"3064","After School Program - Near Clark High School","Mi Casa Child Centers","78249"
"3065","After School Program - Timber Path","Mi Casa Child Centers","78250"
"6257","Infant Care - Bandera","Mi Casa Child Centers","78250"
"3013","Infant Care - Medical Center","Mi Casa Child Centers","78240"
"3014","Infant Care - Near Clark High School","Mi Casa Child Centers","78249"
"3027","Infant Care - Timber Path","Mi Casa Child Centers","78250"
"6259","Preschool - Bandera","Mi Casa Child Centers","78250"
"3057","Preschool - Medical Center","Mi Casa Child Centers","78240"
"3058","Preschool - Near Clark High School","Mi Casa Child Centers","78249"
"3062","Preschool Program - Timber Path","Mi Casa Child Centers","78250"
"6260","Summer Camp - Bandera","Mi Casa Child Centers","78250"
"3066","Summer Camp - Medical Center","Mi Casa Child Centers","78229"
"3067","Summer Camp - Near Clark High School","Mi Casa Child Centers","78249"
"3068","Summer Camp - Timber Path","Mi Casa Child Centers","78250"
"6261","Toddler Care - Bandera","Mi Casa Child Centers","78250"
"3028","Toddler Care - Medical Center","Mi Casa Child Centers","78229"
"3030","Toddler Care - Timber Path","Mi Casa Child Centers","78250"
"3029","Toddler Child Care - Near Clark High School","Mi Casa Child Centers","78249"
"11001","Casa Pointe Villas","Michaels Organization","78219"
"11022","Villas at Costa Brava","Michaels Organization","78251"
"20342","Therapy & Counseling Services","Michelle R. Holcomb, PhD, CAI, LPC-S/Hill Country Intervention & Counseling, LLC","78006"
"18784","Accessibility in Microsoft Products and Apps","Microsoft Corporation",
"18783","Accessible Gaming on Xbox and Windows","Microsoft Corporation",
"18817","Digital Accessibility for the Modern Workplace - CEU's Authorized","Microsoft Corporation",
"18785","Resources and Training","Microsoft Corporation",
"18669","Services","Mid-Texas Health Care","78624"
"12655","Converse Ward","Midcrown Meetinghouse of The Church of Jesus Christ of Latter-day Saints","78239"
"13122","Disaster Response","Midcrown Meetinghouse of The Church of Jesus Christ of Latter-day Saints","78239"
"7547","Valencia Ward","Midcrown Meetinghouse of The Church of Jesus Christ of Latter-day Saints","78239"
"7545","Windcrest Ward","Midcrown Meetinghouse of The Church of Jesus Christ of Latter-day Saints","78239"
"7546","Woodlake Ward","Midcrown Meetinghouse of The Church of Jesus Christ of Latter-day Saints","78239"
"6687","Spiritual Services","Mighty Fortress Baptist Church","78227"
"5878","Employment Assistance","Military and Family Readiness Center","78234"
"5879","Suicide Prevention","Military and Family Readiness Center",
"20452","Domestic Abuse Victim Advocate Locator","Military OneSource",
"20451","Education Directory for Children With Special Needs","Military OneSource",
"20454","Elder Care Specialty Consultation","Military OneSource",
"20466","Free Tax Filing for the Military","Military OneSource",
"20450","Military and Family Life Counselor Locator","Military OneSource",
"20453","Military Funeral Honors Directory","Military OneSource",
"6589","Homes 4 Wounded Warriors and Homes 4 Golden Stars","Military Warriors Support Foundation","78232"
"6587","Leadership 4 Life","Military Warriors Support Foundation","78232"
"6590","Skills 4 Life","Military Warriors Support Foundation","78232"
"6588","Transportation 4 Heroes","Military Warriors Support Foundation","78232"
"18023","Ways to Support","Military Warriors Support Foundation","78232"
"17421","Individual Therapy","Mind Aid Virtual Therapy PLLC",
"8234","Assessments","Mind Works","78230"
"8383","Assessments - New Braunfels Branch","Mind Works","78130"
"8382","Assessments - Schertz Branch","Mind Works","78154"
"8381","Assessments - Westover Hills Branch","Mind Works","78251"
"8235","Child & Teen Counseling","Mind Works","78230"
"8386","Child & Teen Counseling - New Braunfels Branch","Mind Works","78130"
"8385","Child & Teen Counseling - Schertz Branch","Mind Works","78154"
"8384","Child & Teen Counseling - Westover Hills Branch","Mind Works","78251"
"8389","Family Counseling - New Braunfels Branch","Mind Works","78130"
"8387","Family Counseling - Westover Hills Branch","Mind Works","78251"
"16406","Medication Management for Kids and Teens","Mind Works","78230"
"8236","Parent Support Services","Mind Works","78230"
"8388","Parent Support Services - Schertz Branch","Mind Works","78154"
"14973","Immigration Evaluations","Mind Your Self",
"14971","Medical Assessments","Mind Your Self",
"14970","Online Therapy and Counseling Services","Mind Your Self",
"14974","Professional Development","Mind Your Self",
"14969","Psychotherapy - Individuals","Mind Your Self",
"14972","Specializations","Mind Your Self",
"16493","Counseling Services","Mind Your Way Counseling Center","78207"
"10933","Autism Resources","Mindcolor Autism",
"10906","Caregiver Involvement","Mindcolor Autism","78251"
"10913","Diagnostic Evaluations","Mindcolor Autism","78251"
"10904","Social Skills Program","Mindcolor Autism","78251"
"18702","Group Therapy","Mindful Innovation Counseling Services, PLLC","78209"
"18699","Mental Health Services","Mindful Innovation Counseling Services, PLLC","78209"
"18701","Psychiatry","Mindful Innovation Counseling Services, PLLC","78209"
"18374","Applied Behavior Analysis","Mindscapes Behavioral Health","78006"
"18373","Clinical Behavior Analysis/Counseling","Mindscapes Behavioral Health","78006"
"15321","Academy of Powerful Parents","MindshiftED Parent Institute",
"15322","Volunteer and Support Opportunities - Join the Movement","MindshiftED Parent Institute",
"15619","Spititual Services","Ministerios Rios De Vida","78247"
"15345","9 Month Discipleship Program - Sober Living","Ministry House of Restoration San Antonio Church","78202"
"10441","Spiritual Services","Ministry House of Restoration San Antonio Church","78202"
"6291","Miracle League","Miracle League of San Antonio Inc","78227"
"17401","Volunteer & Support Opportunities","Miracle League of San Antonio Inc","78216"
"19186","The Miracle-Ear Foundation - The Gift of Sound","Miracle-Ear",
"7159","Spiritual Services","Mision Elim San Antonio","78218"
"13971","Spiritual Services","Mission Church","78201"
"18104","Mission City Preschool","Mission City Church","78006"
"6633","Spiritual Services - Central Campus","Mission City Church","78213"
"12046","Spiritual Services - Northwest Campus","Mission City Church","78006"
"4809","Spiritual Services","Mission Concepción - San Antonio","78210"
"17275","Universal Changing Places","Mission Concepción Sports Park","78210"
"19313","Marriage Matters","Mission El Jordan Assembly of God Church","78214"
"4754","Spiritual Services","Mission El Jordan Assembly of God Church","78214"
"19309","Women of Destiny","Mission El Jordan Assembly of God Church","78214"
"19314","Youth Ministry","Mission El Jordan Assembly of God Church","78214"
"6314","Volunteers-In-Parks (VIP) Program","Mission Heritage Partners","78214"
"16148","Adult Services","Mission Possible 360","78207"
"8068","Volunteer Opportunities","Mission Possible 360","78207"
"4623","Youth Services","Mission Possible 360","78207"
"806","Disaster Preparedness, Response, & Recovery","Mission Presbytery","78209"
"8217","Adolescent and Child Therapy","Mission Psychology","78232"
"8216","Individual Therapy","Mission Psychology","78232"
"8215","Psychological and Neuropsychological Assessments","Mission Psychology","78232"
"2581","Adult Residential Services","Mission Road","78214"
"284","Boarding School","Mission Road","78214"
"15354","Community Employment and Job Coaching","Mission Road","78229"
"15414","Deaf/Blind/Multiple Disabilities Residences (DBMD)","Mission Road","78214"
"15415","Deaf/Blind/Multiple Disabilities Residences (DBMD) Bellamy House","Mission Road","78214"
"15416","Deaf/Blind/Multiple Disabilities Residences (DBMD) Center Spring","Mission Road","78249"
"15417","Deaf/Blind/Multiple Disabilities Residences (DBMD) Treewell Glen","Mission Road","78249"
"2582","Hamilton Wolfe","Mission Road","78229"
"297","HandsOn","Mission Road","78214"
"15405","Home and Community-Based Services Residences (HCS) at Bradley Creek Circle","Mission Road","78230"
"15395","Home and Community-Based Services Residences (HCS) at Coy Home","Mission Road","78217"
"15406","Home and Community-Based Services Residences (HCS) at Cozy Trail","Mission Road","78240"
"15399","Home and Community-Based Services Residences (HCS) at Larkspur","Mission Road","78229"
"15400","Home and Community-Based Services Residences (HCS) at Los Indios","Mission Road","78233"
"15397","Home and Community-Based Services Residences (HCS) at Morning Trail","Mission Road","78247"
"15394","Home and Community-Based Services Residences (HCS) at Pryor","Mission Road","78217"
"15403","Home and Community-Based Services Residences (HCS) at Rambling Trail","Mission Road","78340"
"15398","Home and Community-Based Services Residences (HCS) at Sandpiper","Mission Road","78229"
"15401","Home and Community-Based Services Residences (HCS) at Sugarhill","Mission Road","78230"
"15393","Home and Community-Based Services Residences (HCS) at Vail Crest","Mission Road","78217"
"15402","Home and Community-Based Services Residences (HCS) at Windgap","Mission Road","78230"
"298","Host Companion Care","Mission Road","78214"
"292","Independence Square","Mission Road","78214"
"15407","Intermediate Care Facility Residences (ICF)","Mission Road","78214"
"15411","Intermediate Care Facility Residences (ICF) at Covenant Home","Mission Road","78209"
"15410","Intermediate Care Facility Residences (ICF) at Kopplow Home","Mission Road","78221"
"15408","Intermediate Care Facility Residences (ICF) at Mabee Home","Mission Road","78216"
"15412","Intermediate Care Facility Residences (ICF) at Mockingbird Home","Mission Road","78229"
"15348","ISS Day Activity Program","Mission Road","78229"
"291","ISS Free to Be Day Activity Program at MRDC Southside Campus","Mission Road","78214"
"296","Meadow Brook, Inc.","Mission Road","78214"
"289","Mission Road Community Homes (Residential Services)","Mission Road","78214"
"293","Murray Manor, Inc","Mission Road","78216"
"290","Non-Residential Service","Mission Road","78214"
"15420","Semi-independent-living Apartment Communities","Mission Road","78213"
"285","Summer Outreach and Recreation (S.O.A.R.) and MORE","Mission Road","78214"
"8407","Volunteer Opportunities","Mission Road","78214"
"4800","Spiritual Services","Mission Road Iglesia De Cristo","78214"
"4753","Spiritual Services","Mission San Jose Catholic Church","78214"
"18182","Support for Veterans in Transition","Mission Transition","78229"
"18183","Support Opportunities","Mission Transition","78229"
"7016","Spiritual Services","Missionary Servants Of St Anthony","78209"
"18885","Child Care","Missy's Child Care Daycare","78624"
"11547","Bulverde Oaks","MMA Communities","78259"
"19077","Affordable Wireless Internet","Mobile Citizen",
"15171","Mobile Hotspot Devices","Mobile Citizen",
"13627","Mobile Comunidad Van","Mobile Comunidad","79734"
"18393","Art Lessons","Mobile Education Center for All (MECA)",
"18536","Get Involved","Mobile Education Center for All (MECA)",
"18533","Our Programs","Mobile Education Center for All (MECA)",
"18395","Tutoring","Mobile Education Center for All (MECA)",
"17594","How to Start a Village","Mobile Loaves and Fishes","78724"
"17593","Volunteer and Support Opportunities","Mobile Loaves and Fishes",
"15536","Mobility Works (San Antonio)","Mobility Works","78249"
"15537","Mobility Works (Selma)","Mobility Works","78154"
"18323","Inclusive Employment - Alamo Ranch","MOD Pizza","78253"
"18321","Inclusive Employment - Bandera and 1604","MOD Pizza","78250"
"18325","Inclusive Employment - Cibolo","MOD Pizza","78108"
"18320","Inclusive Employment - Dove Creek","MOD Pizza","78245"
"18318","Inclusive Employment - Fiesta Trails","MOD Pizza","78249"
"18324","Inclusive Employment - Stone Oak","MOD Pizza","78258"
"18322","Inclusive Employment - The Forum, Live Oak","MOD Pizza","78154"
"18319","Inclusive Employment - Vineyard","MOD Pizza","78258"
"18317","Inclusive Employment - Westover Marketplace","MOD Pizza","78245"
"9951","Free Resources for You and Your Relationship","Modern Wellness Counseling",
"9950","Online Couples Counseling","Modern Wellness Counseling",
"9949","Online Individual Counseling","Modern Wellness Counseling",
"16792","Advanced Manual Therapy","Momentum Physical Therapy","78023"
"16787","Balance Rehabilitation","Momentum Physical Therapy","78023"
"16786","Certified Hand Therapy","Momentum Physical Therapy","78023"
"16788","Dry needling","Momentum Physical Therapy","78023"
"16714","Momentum Physical Therapy (281 and Evans Location)","Momentum Physical Therapy","78258"
"16715","Momentum Physical Therapy (Bandera Location)","Momentum Physical Therapy","78003"
"16716","Momentum Physical Therapy (Boerne Location)","Momentum Physical Therapy","78006"
"16718","Momentum Physical Therapy (Castroville location)","Momentum Physical Therapy","78009"
"16719","Momentum Physical Therapy (City Base West location)","Momentum Physical Therapy","78223"
"16720","Momentum Physical Therapy (Dominion Crossing)","Momentum Physical Therapy","78257"
"16722","Momentum Physical Therapy (Floresville location)","Momentum Physical Therapy","78114"
"16774","Momentum Physical Therapy (Kerrville location)","Momentum Physical Therapy","78028"
"16775","Momentum Physical Therapy (La Vernia location)","Momentum Physical Therapy","78121"
"16777","Momentum Physical Therapy (Live Oak location)","Momentum Physical Therapy","78233"
"16779","Momentum Physical Therapy (Medical Center location)","Momentum Physical Therapy","78240"
"16781","Momentum Physical Therapy (Westcreek location)","Momentum Physical Therapy","78253"
"16782","Momentum Physical Therapy (Westover Hills/Alamo Ranch location)","Momentum Physical Therapy","78251"
"16796","Orthopedic Rehabilitation","Momentum Physical Therapy","78023"
"16784","Sports Rehabilitation","Momentum Physical Therapy","78023"
"16798","Suspension Training with Primal 7","Momentum Physical Therapy","78023"
"16802","Workplace Health Programs","Momentum Physical Therapy","78023"
"8241","Child and Teen Therapy","Monarch Behavioral Health","78258"
"8242","Counseling","Monarch Behavioral Health","78258"
"8238","Psychological Assessment","Monarch Behavioral Health","78258"
"14388","Foreclosure and Eviction Counseling","Money Management International",
"14390","Homebuyer Counseling","Money Management International",
"14391","Reverse Mortgage Counseling","Money Management International",
"11415","Pan American Homes","Monroe Group","78237"
"12566","Programs","Monster Moms Inc","78218"
"18537","Adult Therapy","Mopani Mental Health Services","78229"
"18539","Couples Therapy","Mopani Mental Health Services","78229"
"18545","Family Therapy","Mopani Mental Health Services","78229"
"18538","Teen Therapy","Mopani Mental Health Services","78229"
"18299","Accessible Accommodations at Partner Hotels","Morgan’s Wonderland Inclusion Foundation (MWIF)","78233"
"16452","Ambulatory Surgical Center (ASC) at Morgan’s","Morgan’s Wonderland Inclusion Foundation (MWIF)","78233"
"12694","Club Morgan","Morgan’s Wonderland Inclusion Foundation (MWIF)","78233"
"12691","Employment Opportunities","Morgan’s Wonderland Inclusion Foundation (MWIF)","78233"
"7130","Inclusive Sports","Morgan’s Wonderland Inclusion Foundation (MWIF)","78233"
"12690","Morgan's MAC (Multi-Assistance Center)","Morgan’s Wonderland Inclusion Foundation (MWIF)","78233"
"16455","Morgan's Salon","Morgan’s Wonderland Inclusion Foundation (MWIF)","78233"
"16454","Morgan's Studio","Morgan’s Wonderland Inclusion Foundation (MWIF)","78233"
"12692","Morgan’s Camp","Morgan’s Wonderland Inclusion Foundation (MWIF)","78261"
"20468","Morgan’s Wonder Care a (PPEC) Center","Morgan’s Wonderland Inclusion Foundation (MWIF)","78233"
"7968","STRAPS - South Texas Regional Adaptive and Para Sports","Morgan’s Wonderland Inclusion Foundation (MWIF)","78233"
"16555","Universal Changing Places at Morgan's Multi-Assistance Center","Morgan’s Wonderland Inclusion Foundation (MWIF)","78233"
"13589","Universal Changing Places at Morgan’s Wonderland","Morgan’s Wonderland Inclusion Foundation (MWIF)","78233"
"7969","Volunteer Opportunities (Ambassador Volunteer Program)","Morgan’s Wonderland Inclusion Foundation (MWIF)","78233"
"12698","Ways to Support","Morgan’s Wonderland Inclusion Foundation (MWIF)","78233"
"16456","Workforce Inclusion Network","Morgan’s Wonderland Inclusion Foundation (MWIF)","78233"
"18796","Projects","Morning Hope Ministries","76856"
"18797","Resources","Morning Hope Ministries","76856"
"19722","Assisted Living for Persons With Alzheimer's, Dementia, and Memory Loss","Morning Star Memory Care Fredericksburg LLC","78624"
"10966","Assisted Living at Menger Springs","Morningside Ministries","78006"
"10970","Long Term Care at Menger Springs","Morningside Ministries","78006"
"10969","Long Term Care at Morningside Manor","Morningside Ministries","78228"
"14417","Morningside Ministries at The Chandler Estate","Morningside Ministries","78212"
"10965","Morningside Ministries at The Meadows","Morningside Ministries","78201"
"10967","Transitional Care at Menger Springs","Morningside Ministries","78006"
"10968","Transitional Care at Morningside Manor","Morningside Ministries","78212"
"2583","Adult Day Care","Mother Earth Adult Day Care Health Center","78240"
"4153","Spiritual Services","Mount Ararat Baptist Church","78207"
"13900","Spiritual Services","Mount Calvary Evangelical Lutheran Church","78209"
"13780","Spiritual Services","Mount Schoenstatt","78023"
"19725","Mountain Villa Assisted Living- Kerrville","Mountain Villa","78028"
"9600","Leadership Development Program","MOVE Texas","78231"
"9598","Voter Engagement","MOVE Texas","78231"
"6666","Spiritual Services","Mt Gilead Baptist Church","78202"
"4456","Spiritual Services","Mt Moriah Christian Fellowship Baptist Church","78210"
"9450","Spiritual Services","Mt Olive Lutheran Church","78245"
"80","The Learning Bench - Lutheran Literacy Project","Mt Olive Lutheran Church","78245"
"2345","Food Bank","Mt Zion First Baptist Church","78203"
"10443","Mental and Behavioral Health Support","Mt Zion First Baptist Church","78203"
"6262","Spiritual Services","Mt Zion First Baptist Church","78203"
"6421","Spritual Services","Mt. Calvary Baptist Church","78202"
"6513","Spiritual Services","Mt. Sinai Baptist Church","78202"
"19648","Adulty Day Care Services","Mundo de Amor Adult Day Care","78222"
"15857","MDA Care Center at Children's Hospital of San Antonio - Goldsbury Center for Children and Families","Muscular Dystrophy Association (MDA)","78207"
"15911","MDA Care Center at UT Health Science Center","Muscular Dystrophy Association (MDA)","78229"
"17007","MDA Community Support Groups","Muscular Dystrophy Association (MDA)",
"15859","MDA Resource Center","Muscular Dystrophy Association (MDA)",
"15858","MDA Summer Camp","Muscular Dystrophy Association (MDA)",
"13504","Adult Music Classes","Music on Magnolia","78212"
"13502","Classical Path","Music on Magnolia","78212"
"17151","Mini Maestro","Music on Magnolia","78212"
"13501","Performance Path","Music on Magnolia","78212"
"5594","Golden Age","Musical Bridges Around the World (MBAW)","78257"
"1865","MBAW Art Gallery","Musical Bridges Around the World (MBAW)","78257"
"1864","Musical Evenings at San Fernando Cathedral","Musical Bridges Around the World (MBAW)","78257"
"1866","Musical Sprouts","Musical Bridges Around the World (MBAW)","78257"
"10724","The Colburn-Pledge Music Scholarship","Musical Bridges Around the World (MBAW)","78257"
"5593","The Gurwitz International Piano Competition","Musical Bridges Around the World (MBAW)","78257"
"10725","UNITYFest","Musical Bridges Around the World (MBAW)","78257"
"8408","Volunteer Opportunities","Musical Bridges Around the World (MBAW)","78257"
"6497","Funeral Services","Muslim Children Education and Civic Center (MCECC)","78249"
"15244","Primary Care for Adults","Muslim Children Education and Civic Center (MCECC)","78249"
"16689","Ways to Give","Muslim Children Education and Civic Center (MCECC)","78249"
"6496","Zakat Assistance","Muslim Children Education and Civic Center (MCECC)","78249"
"18329","El Bari Healthcare Clinic","Muslim Children Education and Civic Center (MCECC) and Al Madinah Masjid","78249"
"13882","Spiritual Services","Muslim Children Education and Civic Center (MCECC) and Al Madinah Masjid","78249"
"11993","Counseling for Trauma","MW Psychotherapy","78230"
"11994","EMDR and Accelerated Resolution Therapy","MW Psychotherapy","78230"
"11990","Grief and Bereavement Counseling","MW Psychotherapy","78229"
"11992","Individual Therapy","MW Psychotherapy","78229"
"11991","Telehealth","MW Psychotherapy",
"1151","Free Property Tax Protest Support","My City Is My Home","78204"
"1152","Home Choice Support","My City Is My Home","78204"
"1153","Realtor Volunteer Programs","My City Is My Home","78204"
"8337","Psychiatry Treatments - Northside","My Doctor Sam","78229"
"8406","Psychiatry Treatments - Southside","My Doctor Sam","78224"
"8405","Psychiatry Treatments - Westside","My Doctor Sam","78229"
"2490","MFBF Food Pantry","My Father's Business Fellowship Church","78233"
"9010","Spiritual Services","My Father's Business Fellowship Church","78233"
"17877","Child Therapy","My Guiding Light Counseling","78217"
"17875","Couples Therapy","My Guiding Light Counseling","78217"
"17873","Individual Therapy","My Guiding Light Counseling","78217"
"17482","Dental Services","My Kid's Dentist and Orthodontics","78249"
"19446","Resources for Vaping and Tobacco","My Life, My Quit",
"19447","Tobacco and Teens","My Life, My Quit",
"9015","Spiritual Services","My Redeemer Lives Baptist Church","78242"
"6508","Scholarships","MZ Foundation","78259"
"18022","Ways to Support","MZ Foundation","78259"
"15982","Therapy Services","N. Alexandra Van, Ph.D.","78257"
"8087","Be a NAMI Member","NAMI Greater San Antonio",
"11794","Black, Indigenous, and People of Color (BIPOC) Support Group","NAMI Greater San Antonio",
"7166","Bridges to Care San Antonio (BTCSA)","NAMI Greater San Antonio",
"16717","Family Support Group for Parents/Caregivers","NAMI Greater San Antonio",
"8088","Get Involved","NAMI Greater San Antonio","78213"
"87","NAMI Basics","NAMI Greater San Antonio","78213"
"9315","NAMI Bexar Warm Line","NAMI Greater San Antonio",
"94","NAMI Connection","NAMI Greater San Antonio","78213"
"8066","NAMI Connection 40+","NAMI Greater San Antonio",
"8085","NAMI Connections at SA Clubhouse","NAMI Greater San Antonio",
"91","NAMI Ending the Silence","NAMI Greater San Antonio",
"11791","NAMI Faith Based Family Support Group (In-Person)","NAMI Greater San Antonio","78209"
"8084","NAMI General Mental Health","NAMI Greater San Antonio","78230"
"8086","NAMI Greater San Antonio Monthly General Meeting","NAMI Greater San Antonio","78213"
"16613","NAMI HelpLine Resources","NAMI Greater San Antonio",
"89","NAMI Homefront","NAMI Greater San Antonio",
"90","NAMI In Our Own Voice","NAMI Greater San Antonio","78213"
"8081","NAMI on Campus","NAMI Greater San Antonio","78213"
"88","NAMI Peer-to-Peer","NAMI Greater San Antonio",
"11796","PTSD/Trauma","NAMI Greater San Antonio",
"12000","NAMI Connection Recovery Support Group","NAMI Guadalupe County","78155"
"12001","NAMI Family Support Group","NAMI Guadalupe County","78156"
"18640","Resources for People in Crisis","NAMI of Greater Fredericksburg",
"19216","Narcotics Anonymous (NA) Virtual Meeting Finder","Narcotics Anonymous World Services",
"15349","Virtual Counseling","Natalie Dunn, LPC",
"16314","Individual One-on-One Therapy","Natasha Villalobos Licensed Professional Counselor, MS, LPC","78229"
"19827","NAELA Attorney Alison Packard","National Academy of Elder Law Attorneys","78213"
"19832","NAELA Attorney Allyson Young","National Academy of Elder Law Attorneys","78217"
"19828","NAELA Attorney Amber N. Ramsey","National Academy of Elder Law Attorneys","78213"
"19837","NAELA Attorney Amy Elizabeth Bitter","National Academy of Elder Law Attorneys","78009"
"19835","NAELA Attorney Amy Volz Williams","National Academy of Elder Law Attorneys","78249"
"19831","NAELA Attorney Autumn Puckett","National Academy of Elder Law Attorneys","78217"
"19830","NAELA Attorney Brennen Boze","National Academy of Elder Law Attorneys","78217"
"19833","NAELA Attorney Carol Bertsch","National Academy of Elder Law Attorneys","78217"
"19824","NAELA Attorney Carol Whitis Saxon","National Academy of Elder Law Attorneys","78212"
"19838","NAELA Attorney Dominic Carvajal","National Academy of Elder Law Attorneys","78114"
"19826","NAELA Attorney Ellen Patterson","National Academy of Elder Law Attorneys","78209"
"19840","NAELA Attorney Francesca Scanio Stacey","National Academy of Elder Law Attorneys","78666"
"19820","NAELA Attorney Gilbert Vara Jr.","National Academy of Elder Law Attorneys","78216"
"19823","NAELA Attorney Jessica A Newill","National Academy of Elder Law Attorneys","78232"
"19822","NAELA Attorney Kristen Porter","National Academy of Elder Law Attorneys","22182"
"19825","NAELA Attorney Lynnelle Loke Moore","National Academy of Elder Law Attorneys","78209"
"19839","NAELA Attorney Morgan Brubaker Bakke","National Academy of Elder Law Attorneys","78130"
"19829","NAELA Attorney Paul Premack","National Academy of Elder Law Attorneys","78213"
"19836","NAELA Attorney Sharrissa Baeza","National Academy of Elder Law Attorneys","78258"
"19834","NAELA Attorney Shekinah Hammonds","National Academy of Elder Law Attorneys","78217"
"19805","NAELA Attorneys Ryan C. Moe","National Academy of Elder Law Attorneys","78216"
"19821","NAELA Todd A. Marquardt","National Academy of Elder Law Attorneys","78230"
"14885","Awareness","National Alliance for Children’s Grief",
"14884","Resources & Support","National Alliance for Children’s Grief",
"7901","NAMI HelpLine and Text","National Alliance on Mental Illness (NAMI)",
"6978","Adaptive and Combative Fight Training","National Amputee Boxing Association","78247"
"14945","Advocacy","National Asian American Pacific Islander Mental Health Association",
"14947","Resources","National Asian American Pacific Islander Mental Health Association",
"14944","Training & Webinars","National Asian American Pacific Islander Mental Health Association",
"14946","Vote for Wellness Initiative","National Asian American Pacific Islander Mental Health Association",
"6437","Small Business Development","National Association for Latino Community Asset Builders","78238"
"16419","Counselors","National Child Abuse Hotline",
"11046","Ashby Arbor (Catherine Booth Garden Apartments)","National Church Residences","78201"
"11249","Frio Crossing at Two Rivers Place","National Church Residences","78238"
"11247","Nueces Bend Senior Housing","National Church Residences","78238"
"19997","Westminster Square Apartments","National Church Residences","78213"
"9094","SHINE Girls Mentoring Program","National Coalition of 100 Black Women, San Antonio Chapter","78246"
"11356","La Posada Del Rey Apartments","National CORE","78214"
"17600","Aging Well","National Council on Aging",
"20039","Benefits 101","National Council on Aging",
"20037","BenefitsCheckUp®","National Council on Aging",
"20035","Center for Economic Well-Being","National Council on Aging",
"20046","Home Safety Checklist for Falls Prevention","National Council on Aging",
"20040","Jobs Skills Checkup","National Council on Aging",
"17601","Professional Resources","National Council on Aging",
"17602","Scam and Fraud Prevention","National Council on Aging",
"15642","Texas State Independent Living Council (SILC)","National Council on Independent Living (NCIL)",
"9255","Cremation Services","National Cremation Service","78232"
"9256","Virtual Resources","National Cremation Service","78232"
"15209","Love is Respect","National Domestic Violence Hotline",
"7902","National Domestic Violence Hotline","National Domestic Violence Hotline",
"15851","Advocacy and Policy Program","National Down Syndrome Society",
"15853","Education Program","National Down Syndrome Society",
"15854","Employment Program","National Down Syndrome Society",
"15855","Health and Wellness Program","National Down Syndrome Society",
"15852","Resources & Support","National Down Syndrome Society",
"15856","Scholarships and Awards","National Down Syndrome Society",
"20049","How to Protect Assets from Medicaid","National Family Caregivers Association (NFCA) dba Caregiver Action Network",
"20051","The Family Caregiver Toolbox","National Family Caregivers Association (NFCA) dba Caregiver Action Network",
"19633","Braille Certification","National Federation of the Blind (NFB)",
"19629","Early Childhood Initiatives","National Federation of the Blind (NFB)",
"19631","Education","National Federation of the Blind (NFB)",
"19628","Free White Cane Program","National Federation of the Blind (NFB)",
"19627","Independence Market","National Federation of the Blind (NFB)",
"19632","Scholarship Program","National Federation of the Blind (NFB)",
"11759","National Human Trafficking Hotline","National Human Trafficking Hotline",
"15976","Housing Center","National Indigenous Women’s Resource Center",
"15975","Policy Center","National Indigenous Women’s Resource Center",
"15973","StrongHearts Native Helpline","National Indigenous Women’s Resource Center",
"15967","Technical Assistance","National Indigenous Women’s Resource Center",
"17912","Caregiver Worksheets","National Institute on Aging",
"19803","NIA - Health Topics A-Z","National Institute on Aging",
"19808","NIA - Sexuality and Intimacy in Older Adults","National Institute on Aging",
"19582","Becoming Research Ready","National Organization for Rare Disorders (NORD)",
"19584","Find Clinical Trials & Research Studies","National Organization for Rare Disorders (NORD)",
"19583","Gene Therapy","National Organization for Rare Disorders (NORD)",
"19575","Help Understanding Rare Diseases","National Organization for Rare Disorders (NORD)",
"19585","IAMRARE® Program Powered by NORD","National Organization for Rare Disorders (NORD)",
"19576","Living with a Rare Disease","National Organization for Rare Disorders (NORD)",
"19586","Make a Donation","National Organization for Rare Disorders (NORD)",
"19581","NORD Patient Advocacy Organizations Network","National Organization for Rare Disorders (NORD)",
"19578","NORD Support Helpline","National Organization for Rare Disorders (NORD)",
"19577","NORD® Rare Disease Database","National Organization for Rare Disorders (NORD)",
"19579","Rare Diseases FAQs","National Organization for Rare Disorders (NORD)",
"19580","RareCare Patient Assistance Programs","National Organization for Rare Disorders (NORD)",
"7916","National Parent Helpline","National Parent Helpline",
"7917","National Runaway Safeline","National Runaway Safeline",
"9458","Safe Place at QuikTrip Store #4001","National Safe Place Network","78216"
"3736","Safe Place at QuikTrip Store #4003","National Safe Place Network","78240"
"8035","Safe Place at QuikTrip Store #4005","National Safe Place Network","78216"
"1690","Safe Place at QuikTrip Store #4006","National Safe Place Network","78251"
"8034","Safe Place at QuikTrip Store #4009","National Safe Place Network","78216"
"3738","Safe Place at QuikTrip Store #4012","National Safe Place Network","78250"
"20457","Safe Place at QuikTrip Store #4013","National Safe Place Network","78260"
"8033","Safe Place at QuikTrip Store #4017","National Safe Place Network","78229"
"8039","Safe Place at QuikTrip Store #4018","National Safe Place Network","78216"
"20458","Safe Place at QuikTrip Store #4020","National Safe Place Network","78240"
"12821","Safe Place at QuikTrip Store #4024","National Safe Place Network","78251"
"12822","Safe Place at QuikTrip Store #4030","National Safe Place Network","78217"
"8037","Safe Place at QuikTrip Store #4036","National Safe Place Network","78217"
"3737","Safe Place at QuikTrip Store #4048","National Safe Place Network","78218"
"8036","Safe Place at QuikTrip Store #4049","National Safe Place Network","78219"
"1687","Safe Place at QuikTrip Store #4051","National Safe Place Network","78222"
"13531","Safe Place at QuikTrip Store #4052","National Safe Place Network","78223"
"9456","Safe Place at QuikTrip Store #4053","National Safe Place Network","78223"
"8042","Safe Place at QuikTrip Store #4054","National Safe Place Network","78245"
"9457","Safe Place at QuikTrip Store #4055","National Safe Place Network","78221"
"3634","Safe Place at QuikTrip Store #4056","National Safe Place Network","78224"
"8044","Safe Place at QuikTrip Store #4058","National Safe Place Network","78264"
"8038","Safe Place at QuikTrip Store #4059","National Safe Place Network","78227"
"8041","Safe Place at QuikTrip Store #4062","National Safe Place Network","78251"
"8040","Safe Place at QuikTrip Store #4064","National Safe Place Network","78251"
"9459","Safe Place at QuikTrip Store #4065","National Safe Place Network","78242"
"3739","Safe Place at QuikTrip Store #4067","National Safe Place Network","78253"
"8046","Safe Place at QuikTrip Store #4068","National Safe Place Network","78253"
"20459","Safe Place at QuikTrip Store #4069","National Safe Place Network","78252"
"3633","Safe Place at QuikTrip Store #4070","National Safe Place Network","78242"
"16158","Safe Place at RMYA - Bridge Emergency Shelter","National Safe Place Network","78213"
"15928","Support Goups","National Scleroderma Foundation",
"15861","Texas/Oklahoma Chapter (Texoma)","National Scleroderma Foundation",
"7915","Get Help","National Suicide Prevention Lifeline",
"17140","Help Someone Else","National Suicide Prevention Lifeline",
"6858","Help Yourself Resources","National Suicide Prevention Lifeline",
"18024","Ways to Give","National Suicide Prevention Lifeline",
"15875","Empowerment Programs","National Urban League",
"15876","Volunteer and Support Opportunities","National Urban League",
"15326","First Footing","NB Housing Partners","78130"
"15328","HomeTeam","NB Housing Partners","78130"
"15327","Next Step Housing Forward","NB Housing Partners","78130"
"15347","Volunteer and Support Activity","NB Housing Partners","78130"
"16789","NBTX Young Life","NBTX Young Life","78131"
"7489","Spiritual Services","NE Bible Evangelical Free Church","78266"
"9411","NeedyMeds Drug Discount Card","NeedyMeds",
"2233","Home Purchase Program","Neighborhood Assistance Corporation of America (NACA)","78229"
"2234","Home Save","Neighborhood Assistance Corporation of America (NACA)","78229"
"16803","Volunteer & Support Opportunities","Neighborhood Assistance Corporation of America (NACA)","78229"
"14191","Down Payment Assistance Program","Neighborhood Housing Services of San Antonio","78210"
"14194","Homebuyer Counseling","Neighborhood Housing Services of San Antonio","78210"
"14193","Homeownership Classes","Neighborhood Housing Services of San Antonio","78210"
"14996","Mortgage Loans","Neighborhood Housing Services of San Antonio","78210"
"14995","NHS Credit Tips","Neighborhood Housing Services of San Antonio","78210"
"18568","Join Our Free Disability Justice Community","NeoBilities",
"18567","Private Practice Strategies for Inclusive Mental Health Care","NeoBilities",
"20483","Free Personal Finance Tools","NerdWallet",
"17169","Dance classes","Network For Young Artists","78201"
"17168","Guitar Classes","Network For Young Artists","78201"
"17188","Piano/Keyboard","Network For Young Artists","78201"
"17190","Vocal Technique class","Network For Young Artists","78201"
"16469","Autism Resources","Neurodivergent Therapist Directory",
"19498","Inclusive Hiring Programs","Neurodiversity in the Workplace",
"19497","NITW Neurodiversity Workplace Coaching For Employers","Neurodiversity in the Workplace",
"8244","Neuropsychological Evaluations","Neuropsychological Institute of San Antonio","78258"
"17443","Neuropsychological Evaluations - Westover Hills Location","Neuropsychological Institute of San Antonio","78251"
"15324","Children's Home","New Beginnings Childrens Home at Canaan Land Ranch Inc.","78253"
"13212","How to Help","New Beginnings Childrens Home at Canaan Land Ranch Inc.","78253"
"8702","Spiritual Services","New Beginnings Christian Community Church","78112"
"7047","Spiritual Services","New Beginnings International House of Worship","78233"
"6637","Spiritual Services","New Beginnings Ministries Church of God","78203"
"16809","Dare to Dream","New Braunfels Angels","78130"
"16808","Love Box Program","New Braunfels Angels","78130"
"17180","How to Give","New Braunfels Christian Academy (NBCA)","78132"
"17179","New Braunfels Christian Academy","New Braunfels Christian Academy (NBCA)","78132"
"9079","Kids Club","New Braunfels Christian Ministries","78130"
"9081","Volunteer Opportunities with New Braunfels Christian Ministries","New Braunfels Christian Ministries","78130"
"9080","Volunteers in Medicine","New Braunfels Christian Ministries","78130"
"17208","Scholarships","New Braunfels Community Foundation (NBCF)","78130"
"15013","National Night Out","New Braunfels Community Resources",
"15015","NBPD Citizens Police Academy","New Braunfels Community Resources","78130"
"15014","Project Lifesaver","New Braunfels Community Resources","78130"
"15012","Public Information Requests","New Braunfels Community Resources","78130"
"6266","Benefits Assistance","New Braunfels Food Bank","78130"
"5940","CHEF Summer Camp","New Braunfels Food Bank","78130"
"10727","Classes for Healthy Living","New Braunfels Food Bank",
"3378","Client-Choice Pantry","New Braunfels Food Bank","78130"
"10726","Commodity Supplemental Food Program (CSFP)","New Braunfels Food Bank","78130"
"20391","Drive-Through Food Distribution","New Braunfels Food Bank","78130"
"20395","Educational Opportunities","New Braunfels Food Bank","78130"
"10729","Exercise Classes","New Braunfels Food Bank","78130"
"6267","Farmers Market Nutrition Program (FMNP)","New Braunfels Food Bank","78310"
"20394","Home Food Delivery","New Braunfels Food Bank","78130"
"20482","Job Fair","New Braunfels Food Bank","78130"
"20396","Job Readiness","New Braunfels Food Bank","78130"
"10728","Kids Kitchen","New Braunfels Food Bank","78130"
"3409","NBU Utility Assistance at New Braunfels Food Bank","New Braunfels Food Bank","78130"
"10730","Nutrition Classes","New Braunfels Food Bank","78130"
"20397","Pet Food Program","New Braunfels Food Bank","78130"
"20392","Pop-Up Distribution at Tree of Life","New Braunfels Food Bank","78132"
"20390","Senior Farmers Market Nutrition Program (SFMNP)","New Braunfels Food Bank","78130"
"20393","Viva Bien! Live Well with Diabetes","New Braunfels Food Bank","78130"
"6268","Volunteer and Support Opportunities","New Braunfels Food Bank","78130"
"18871","Maria’s Closet","New Braunfels Independent School District (NBISD)","78130"
"20416","Pre-K, Kindergarten Enrollment and Immunizations Fair","New Braunfels Independent School District (NBISD)","78130"
"17209","NBISD Education Foundation","New Braunfels ISD Education Foundation","78130"
"17082","Vision Screening","New Braunfels Noon Lions Club","78130"
"16885","Fischer Park","New Braunfels Parks and Recreation","78130"
"16955","Jaws Skate Park","New Braunfels Parks and Recreation","78130"
"16839","Landa Park","New Braunfels Parks and Recreation","78130"
"1127","Stephen Ministry","New Braunfels Presbyterian","78130"
"17965","Education Opportunities at Westside Library and Community Center","New Braunfels Public Library","78130"
"17963","Friends of the New Braunfels Public Library (Bookstore)","New Braunfels Public Library","78130"
"18001","NBU Application Assistance","New Braunfels Public Library","78130"
"17959","New Braunfels Public Library (Main Branch)","New Braunfels Public Library","78130"
"17964","Recreational Activities at Westside Community Center","New Braunfels Public Library","78130"
"17962","Westside Library and Community Center","New Braunfels Public Library","78130"
"18219","Mill Street Gym","New Braunfels Youth Collaborative (NBYC)","78130"
"16801","Mill Street Youth Center","New Braunfels Youth Collaborative (NBYC)","78130"
"9610","Spiritual Services","New Center of Faith","78223"
"10764","Active in Recovery (AIR) Program","New Choices Treatment Center","78209"
"10761","Inpatient Drug Addiction Treatment (RTC)","New Choices Treatment Center","78209"
"10762","Intensive Outpatient Addiction Treatment (IOP)","New Choices Treatment Center","78209"
"10765","Recovery Resources","New Choices Treatment Center","78209"
"10763","Supportive Detox Program","New Choices Treatment Center","78209"
"20301","Detoxification Services","New Choices Treatment Centers","78209"
"20299","Inpatient Residential Treatment","New Choices Treatment Centers","78209"
"20300","Intensive Outpatient Programs","New Choices Treatment Centers","78209"
"20302","Partial Hospitalization Program (PHP)","New Choices Treatment Centers","78209"
"8918","Spiritual Services","New Covenant Christian Fellowship","78239"
"6766","Spritual Services","New Covenant Missionary Baptist Church","78220"
"18199","Daughters of Destiny","New Creation Christian Fellowship","78239"
"5800","Food Pantry and Clothes Closet","New Creation Christian Fellowship","78239"
"18198","Marriage Ministry","New Creation Christian Fellowship","78239"
"18200","Masters Men","New Creation Christian Fellowship","78239"
"18197","NCCF Kids","New Creation Christian Fellowship","78239"
"9973","Pastoral Care and Counseling","New Creation Christian Fellowship","78239"
"10445","Pastoral Care and Counseling","New Creation Christian Fellowship","78239"
"6809","Spiritual Services","New Creation Christian Fellowship","78239"
"16139","Spiritual Services","New Creation Church","78251"
"19601","Adult Day Programs","New Dawn Adult Day Care","78216"
"14673","New Day Recovery Outpatient Services","New Day Sober Living","78213"
"14681","Sober Living Homes- Anna's Grace","New Day Sober Living","78231"
"14679","Sober Living Homes- Arthur's Place","New Day Sober Living","78232"
"14675","Sober Living Homes- Briar Oak","New Day Sober Living","78216"
"14674","Sober Living Homes- Haltown House","New Day Sober Living","78213"
"14680","Sober Living Homes- Peggy's Promise","New Day Sober Living","78231"
"14682","Sober Living Homes- Spanish Oaks","New Day Sober Living","78213"
"14678","Sober Living Homes- Traditions","New Day Sober Living","78232"
"6998","Spiritual Services","New Dimensions Church","78109"
"7067","Mentorship Programs","New Evangelist Ministries International","78217"
"6294","Spiritual Care","New Evangelist Ministries International","78201"
"9596","New Eyes Glasses","New Eyes for the Needy",
"1018","Frank L. Madla Early College High School","New Frontiers Public Schools","78224"
"19646","New Haven Kerrville Dementia Care","New Haven Assisted Living & Memory Care","78028"
"6879","Spiritual Services","New Hope Baptist Church","78203"
"11875","Spiritual Services","New Hope Church of the Nazarene","78207"
"9082","Counseling Services","New Hope Counseling Center","78028"
"18655","Disaster Relief Counseling","New Hope Counseling Center","78028"
"10072","Celebrate Recovery","New Hope United Church","78217"
"6353","Spritual Services","New Hope United Church","78217"
"6531","Spritual Services","New Jerusalem Worship Center","78244"
"18396","Our Services - San Antonio","New Life Brace and Limb","78258"
"18397","Our Services - Victoria","New Life Brace and Limb","77904"
"1862","New Beginnings Children's Home","New Life Christian Center","78253"
"13993","Spiritual Services","New Life Christian Center","78227"
"4453","Spiritual Services","New Life Christian Fellowship of the Nazarene","78222"
"17793","Small Groups in session","New Life Fellowship","78148"
"6731","Spiritual Services","New Life Fellowship","78148"
"7501","Clothes Closet","New Light Baptist Church","78203"
"7499","Food Pantry","New Light Baptist Church","78203"
"6763","Spiritual Services","New Light Baptist Church","78203"
"6874","Spiritual Services","New Living Spiritual Center","78201"
"6558","Spiritual Services","New Mount Pleasant Baptist Church","78202"
"912","Opioid Addiction Treatment at New Season NW San Antonio Treatment Center","New Season Treatment Centers","78228"
"929","Opioid Addiction Treatment at New Season San Antonio Treatment Center","New Season Treatment Centers","78207"
"6319","Spiritual Services","New Song Ministries","78221"
"7036","Spiritual Services","New Spirit Baptist Church","78250"
"6493","Spiritual Services","New St. Mark Baptist Church","78228"
"4652","Spiritual Services","New Testament Christian Church","78223"
"6344","Spritual Services","New Testament Missionary Baptist Church","78202"
"6520","Spiritual Services","New Union Missionary Baptist Church","78202"
"7390","Spiritual Services","New Vision Church of God","78227"
"6299","Spiritual Services","New Wine Family Christian Center","78221"
"16601","Mobility Products and Solutions","Next Day Access","78247"
"20196","Next Level UC - Alamo Heights","Next Level Urgent Care","78209"
"20197","Next Level UC - Brooks City","Next Level Urgent Care","78235"
"20198","Next Level UC - Cibolo","Next Level Urgent Care","78108"
"20199","Next Level UC - Encino Park","Next Level Urgent Care","78259"
"20195","Next Level UC - Olmos Park","Next Level Urgent Care","78212"
"20201","Next Level UC - South Rim","Next Level Urgent Care","78249"
"20202","Next Level UC - Steven's Ranch","Next Level Urgent Care","78245"
"20203","Next Level UC - Vineyard","Next Level Urgent Care","78248"
"20200","Next Level UC -Grandview","Next Level Urgent Care","78251"
"17620","Donate","nextTalk",
"17619","Help When You Need It","nextTalk","78280"
"17618","Host a nextTalk Event","nextTalk",
"17375","Harbor Program","Nexus Health Systems","77056"
"17377","New Direction","Nexus Health Systems","77056"
"16286","Nexus Neurorecovery Center - San Antonio Campus","Nexus Health Systems","78212"
"17379","Rise Program","Nexus Health Systems","77056"
"17376","True North","Nexus Health Systems","77056"
"12543","Spiritual Services","nineteen:ten church","78006"
"15834","Individual Counseling","Nisa Helpline",
"14933","Support No Kid Hungry","No Kid Hungry",
"2519","Our Services","No Strings Attached","78240"
"16805","Volunteer & Support Opportunities","No Strings Attached","78240"
"17232","nP Online","nonPareil",
"11978","Online Tobacco Awareness Class","North American Learning Institute",
"3344","Adult Programs & Career Training","North East Independent School District (NEISD)","78216"
"3353","Career Training","North East Independent School District (NEISD)","78216"
"3349","College, Career, & Military Readiness (CCMR)","North East Independent School District (NEISD)","78217"
"20455","Community Center","North East Independent School District (NEISD)","78217"
"15276","Connected Classroom","North East Independent School District (NEISD)","78217"
"2894","KIN at Barbara Bush Middle School","North East Independent School District (NEISD)","78258"
"2891","KIN at Bradley Middle School","North East Independent School District (NEISD)","78232"
"2893","KIN at Bulverde Creek Elementary School","North East Independent School District (NEISD)","78259"
"16973","KIN at Camelot Elementary School","North East Independent School District (NEISD)","78218"
"2895","KIN at Canyon Ridge Elementary School","North East Independent School District (NEISD)","78258"
"2896","KIN at Castle Hills Elementary School","North East Independent School District (NEISD)","78213"
"2897","KIN at Cibolo Green Elementary School","North East Independent School District (NEISD)","78261"
"2898","KIN at Coker Elementary School","North East Independent School District (NEISD)","78232"
"16975","KIN at Colonial Hills Elementary School","North East Independent School District (NEISD)","78230"
"16976","KIN at Dellview Elementary School","North East Independent School District (NEISD)","78213"
"16984","KIN at Design and Tech (DATA) at White","North East Independent School District (NEISD)","78218"
"16977","KIN at East Terrell Hills Elementary School","North East Independent School District (NEISD)","78218"
"16985","KIN at Ed White Middle School","North East Independent School District (NEISD)","78218"
"2900","KIN at Eisenhower Middle School","North East Independent School District (NEISD)","78216"
"2901","KIN at El Dorado Elementary School","North East Independent School District (NEISD)","78233"
"2902","KIN at Encino Park Elementary School","North East Independent School District (NEISD)","78259"
"2903","KIN at Fox Run Elementary School","North East Independent School District (NEISD)","78247"
"16986","KIN at Garner Middle School","North East Independent School District (NEISD)","78209"
"2904","KIN at Hardy Oak Elementary School","North East Independent School District (NEISD)","78258"
"2905","KIN at Harmony Hills Elementary School","North East Independent School District (NEISD)","78216"
"2906","KIN at Harris Middle School","North East Independent School District (NEISD)","78247"
"2907","KIN at Hidden Forest Elementary School","North East Independent School District (NEISD)","78232"
"2908","KIN at Hill Middle School","North East Independent School District (NEISD)","78259"
"2909","KIN at Huebner Elementary School","North East Independent School District (NEISD)","78248"
"2910","KIN at Jackson Keller Elementary School","North East Independent School District (NEISD)","78213"
"16987","KIN at Jackson Middle School","North East Independent School District (NEISD)","78230"
"16988","KIN at Kruger Middle School","North East Independent School District (NEISD)","78218"
"16978","KIN at Larkspur Elementary School","North East Independent School District (NEISD)","78213"
"2911","KIN at Las Lomas Elementary School","North East Independent School District (NEISD)","78258"
"2912","KIN at Longs Creek Elementary School","North East Independent School District (NEISD)","78247"
"2913","KIN at Lopez Middle School","North East Independent School District (NEISD)","78258"
"2914","KIN at Montgomery Elementary School","North East Independent School District (NEISD)","78239"
"16989","KIN at Nimitz Middle School","North East Independent School District (NEISD)","78216"
"16990","KIN at North East Alternative Center","North East Independent School District (NEISD)","78216"
"2915","KIN at Northern Hills Elementary School","North East Independent School District (NEISD)","78217"
"2916","KIN at Northwood Elementary School","North East Independent School District (NEISD)","78209"
"2917","KIN at Oak Grove Elementary School","North East Independent School District (NEISD)","78217"
"2918","KIN at Oak Meadow Elementary School","North East Independent School District (NEISD)","78231"
"16979","KIN at Olmos Elementary School","North East Independent School District (NEISD)","78213"
"2919","KIN at Redland Oaks Elementary School","North East Independent School District (NEISD)","78247"
"16980","KIN at Regency Place Elementary School","North East Independent School District (NEISD)","78217"
"2920","KIN at Roan Forest Elementary School","North East Independent School District (NEISD)","78259"
"2921","KIN at Royal Ridge Elementary School","North East Independent School District (NEISD)","78239"
"16981","KIN at Serna Elementary School","North East Independent School District (NEISD)","78217"
"2922","KIN at Stahl Elementary School","North East Independent School District (NEISD)","78247"
"16992","KIN at STEM Academy (Middle School)","North East Independent School District (NEISD)","78216"
"2923","KIN at Stone Oak Elementary School","North East Independent School District (NEISD)","78258"
"2924","KIN at Stuebing Ranch Elementary School","North East Independent School District (NEISD)","78247"
"2925","KIN at Tejeda Middle School","North East Independent School District (NEISD)","78259"
"2926","KIN at Thousand Oaks Elementary School","North East Independent School District (NEISD)","78232"
"2927","KIN at Tuscany Heights Elementary School","North East Independent School District (NEISD)","78260"
"2928","KIN at Vineyard Ranch Elementary School","North East Independent School District (NEISD)","78258"
"16982","KIN at Walzem Elementary School","North East Independent School District (NEISD)","78218"
"2929","KIN at Wetmore Elementary School","North East Independent School District (NEISD)","78247"
"2930","KIN at Wilderness Oak Elementary School","North East Independent School District (NEISD)","78258"
"16983","KIN at Wilshire Elementary School","North East Independent School District (NEISD)","78218"
"2931","KIN at Windcrest Elementary School","North East Independent School District (NEISD)","78239"
"16993","KIN at Wood Middle School","North East Independent School District (NEISD)","78233"
"2932","KIN at Woodstone Elementary School","North East Independent School District (NEISD)","78233"
"3352","NEISD Adult Education Career Training Scholarships","North East Independent School District (NEISD)","78216"
"19094","NEISD Career and Technical Education Center (CTEC)","North East Independent School District (NEISD)","78217"
"16974","North East Alternative Center (NEAC)","North East Independent School District (NEISD)","78217"
"19008","North East Transition Services (NETS)","North East Independent School District (NEISD)","78216"
"15582","Special Teams Soccer Programs","North East Youth Soccer Organization (NEYSC)","78217"
"1132","Stephen Ministry","North Shore United Methodist Church","78133"
"6691","Spiritual Services","Northeast Baptist Church","78217"
"19150","Pediatric Special Needs Dentist - Dominion Crossing","Northeast Children’s Dentistry","78257"
"19147","Pediatric Special Needs Dentist - Downtown","Northeast Children’s Dentistry","78207"
"19148","Pediatric Special Needs Dentist - Downtown","Northeast Children’s Dentistry","78207"
"19146","Pediatric Special Needs Dentist - Northeast","Northeast Children’s Dentistry","78217"
"19151","Pediatric Special Needs Dentist - Northern Oaks","Northeast Children’s Dentistry","78217"
"19149","Pediatric Special Needs Dentist - Schertz","Northeast Children’s Dentistry","78154"
"19152","Pediatric Special Needs Dentist - Southcross","Northeast Children’s Dentistry","78222"
"7506","Spiritual Services","Northeast Christian Church","78217"
"351","Grocery Shopping and Delivery","Northeast Senior Assistance (NESA)","78217"
"352","Handy Helper","Northeast Senior Assistance (NESA)","78217"
"10732","Socialization at Special Events","Northeast Senior Assistance (NESA)","78217"
"353","Telephone Reassurance","Northeast Senior Assistance (NESA)","78217"
"350","Transportation for Seniors","Northeast Senior Assistance (NESA)","78217"
"8411","Volunteer Opportunities","Northeast Senior Assistance (NESA)","78217"
"1177","Boy Scout Troop 145","Northern Hills United Methodist Church","78247"
"10740","Caregiver Support Group","Northern Hills United Methodist Church",
"1169","Children’s Ministry","Northern Hills United Methodist Church","78247"
"1180","Citizenship","Northern Hills United Methodist Church",
"1168","Client Choice Food Pantry","Northern Hills United Methodist Church","78217"
"1179","English as a Second Language (ESL)","Northern Hills United Methodist Church","78217"
"1178","Ministry Center","Northern Hills United Methodist Church","78247"
"1174","Moving On","Northern Hills United Methodist Church","78247"
"3762","Northern Hills Day School","Northern Hills United Methodist Church","78247"
"1176","Quilters","Northern Hills United Methodist Church","78247"
"1175","Rambunctious Retirees","Northern Hills United Methodist Church","78247"
"1198","Reading Buddy Program","Northern Hills United Methodist Church","78217"
"1197","Service Opportunities","Northern Hills United Methodist Church","78217"
"9188","Spiritual Services","Northern Hills United Methodist Church","78247"
"1173","Walk to Emmaus","Northern Hills United Methodist Church","78247"
"1170","Youth Ministry","Northern Hills United Methodist Church","78247"
"12323","Fellowship Meal","Northern Oaks Church of Christ","78247"
"6989","Spiritual Services","Northern Oaks Church of Christ","78247"
"15651","Spirital Services","Northern Oaks Free Will Baptist Church","78247"
"14374","Spiritual Services","Northminster Presbyterian Church","78250"
"8300","Psychiatric Evaluations","Northridge Behavioral Health","78217"
"7602","Psychiatric Services","Northridge Behavioral Health","78217"
"14371","Spiritual Services","Northrock Church","78232"
"14372","Spiritual Services","Northrock Church","78212"
"14373","Spiritual Services","Northrock Church","78070"
"3752","Mobile Loaves and Fishes","Northside Church of Christ","78258"
"8017","Spiritual Services","Northside Church of Christ","78258"
"4207","Spiritual Services","Northside Community Church","78201"
"3350","Career & Technical Education","Northside Independent School District (NISD)","78238"
"5047","Community Education","Northside Independent School District (NISD)","78238"
"19246","CONNECTIONS Program","Northside Independent School District (NISD)","78238"
"3612","Counseling","Northside Independent School District (NISD)","78238"
"17607","Dyslexia Services","Northside Independent School District (NISD)","78238"
"19598","George Block Aquatics Center","Northside Independent School District (NISD)","78238"
"15636","Holmgreen Center","Northside Independent School District (NISD)","78229"
"15626","Mental Health Support at  Patrick Teicher Student Service","Northside Independent School District (NISD)","78238"
"5048","NISD Adult Education","Northside Independent School District (NISD)","78238"
"15637","Northside Alternative High School","Northside Independent School District (NISD)","78245"
"15638","Northside Alternative Middle School","Northside Independent School District (NISD)","78230"
"5052","Northside Family Engagement Center","Northside Independent School District (NISD)","78228"
"15639","Reddix Center","Northside Independent School District (NISD)","78229"
"15629","Special Education in Northside ISD","Northside Independent School District (NISD)","78238"
"15277","Student Technology Device Lending","Northside Independent School District (NISD)","78238"
"19647","Assisted Living at River Point of Kerville","NorthStar Senior Living","78028"
"19737","Memory Care at River Point of Kerrville","NorthStar Senior Living","78028"
"19739","Respite Care at River Point of Kerrville","NorthStar Senior Living","78028"
"14400","Villa De San Antonio","NorthStar Senior Living","78240"
"6385","Spiritual Services","Northwest Assembly of God Church","78231"
"6573","Spiritual Care","Northwest Calvary Chapel","78254"
"9184","Christ Life Recovery","NorthWest Church of Christ","78254"
"18105","Christian Village Senior Adults Ministry","NorthWest Church of Christ","78254"
"2493","Food Pantry","NorthWest Church of Christ","78254"
"18000","Hope Lives Ministry","NorthWest Church of Christ","78254"
"9183","Spiritual Services","NorthWest Church of Christ","78254"
"12122","Encuentro","Northwest Community Evangelical Free Church","78250"
"6934","Spiritual Services","Northwest Community Evangelical Free Church","78250"
"6409","Northwest Hills Christian School","Northwest Hills Baptist Church","78250"
"6408","Spiritual Services","Northwest Hills Baptist Church","78250"
"7505","Spiritual Services","Northwest Hills Christian Church","78251"
"3768","Mother's Day Out","Northwest Hills United Methodist Church","78250"
"9461","Spiritual Services","Northwest Hills United Methodist Church","78250"
"18159","Under The Bridge","Northwest Hills United Methodist Church","78250"
"6417","Spiritual Services","Northwest Park Baptist Church","78250"
"8703","Spiritual Services","Northwood Presbyterian Church","78209"
"9931","Notre Dame Catholic School","Notre Dame Catholic Church, Kerrville","78028"
"6037","Spiritual Services","Notre Dame Catholic Church, Kerrville","78028"
"10653","Services","Nourish Healing Collective","78216"
"20179","Drug and Alcohol Detox, San Antonio","Nova Recovery Center","78249"
"20178","Intensive Drug and Alcohol Outpatient Rehab, San Antonio","Nova Recovery Center","78249"
"20245","Men's Sober Living - Dwarf Palm","Nova Recovery Center","78218"
"20244","Men's Sober Living - Pine Street","Nova Recovery Center","78210"
"15612","MasterClass","Now Word Covenant Church","78217"
"15616","NWCC and Eixsys Healthcare System","Now Word Covenant Church","78217"
"15613","Serve & Grow","Now Word Covenant Church","78217"
"15611","Spiritual Services","Now Word Covenant Church","78217"
"13345","NPower Tech Fundamentals","NPower","78216"
"17150","Volunteer Opportunities","NPower","78216"
"6354","Spiritual Services","Nueva Vida Apostolic Church","78211"
"10410","Crisis Counseling - Downtown","Nueva Vida Behavioral Health Associates, Inc.","78205"
"10409","Crisis Counseling - Northwest","Nueva Vida Behavioral Health Associates, Inc.","78230"
"10412","Crisis Counseling - Southside","Nueva Vida Behavioral Health Associates, Inc.","78211"
"10408","Crisis Counseling - Uvalde","Nueva Vida Behavioral Health Associates, Inc.","78801"
"10411","Crisis Counseling - Westside","Nueva Vida Behavioral Health Associates, Inc.","78207"
"10415","Individual and Family Therapy - Downtown","Nueva Vida Behavioral Health Associates, Inc.","78205"
"10413","Individual and Family Therapy - Northwest","Nueva Vida Behavioral Health Associates, Inc.","78230"
"10417","Individual and Family Therapy - Southside","Nueva Vida Behavioral Health Associates, Inc.","78211"
"10414","Individual and Family Therapy - Uvalde","Nueva Vida Behavioral Health Associates, Inc.","78801"
"10416","Individual and Family Therapy - Westside","Nueva Vida Behavioral Health Associates, Inc.","78207"
"10418","Medication Management - Northwest","Nueva Vida Behavioral Health Associates, Inc.","78230"
"13685","Affordable Teletherapy","Numinous Psychotherapy",
"8549","Geriatric Care Management","Nurse Patient Advocates","78255"
"7488","Spiritual Services","NW Community Evangelical Free Church","78250"
"7009","Spiritual Services","O'Connor Road Church of Christ","78233"
"3508","Grieving With Hope","Oak Hills Church - Crownridge","78257"
"3573","Prayer Team","Oak Hills Church - Crownridge","78257"
"7933","Spiritual Services","Oak Hills Church - Crownridge","78257"
"7932","Spiritual Services","Oak Hills Church - Westside","78237"
"7929","Spiritual Services","Oak Hills Presbyterian Church","78229"
"1035","Kids Night Out","Oak Island United Methodist Chruch","78264"
"18715","Spiritual Services","Oak Island United Methodist Chruch","78240"
"7936","Spiritual Services","Oak Meadow United Methodist Church","78231"
"4924","Spiritual Services","Oak Ridge Baptist Church","78230"
"18752","Under the Bridge","Oak Ridge Baptist Church","78230"
"17138","Cancer Warriors Support Group","Oakwood Counseling Center","78130"
"17139","Premarital Counseling","Oakwood Counseling Center","78130"
"17125","Recovery Group for Men","Oakwood Counseling Center","78130"
"14013","Spiritual Services","Oasis Of Life Church","78237"
"4224","Forest Dwelling – Spirituality for Our Wisdom Years","Oblate School of Theology","78216"
"17349","How We Help","OCD Texas",
"13199","Training with CBT for Anxiety and OCD","OCD Texas","77008"
"18841","Replacing Durable Medical Equipment and Assistive Technology Lost in Disasters","Office of the Texas Governor - Greg Abbott",
"19256","Texas Driving with Disability","Office of the Texas Governor - Greg Abbott","78711"
"8303","Evaluation and Testing Services","Offices of Michael A. Roman, PhD","78229"
"8306","Forensic Services","Offices of Michael A. Roman, PhD","78229"
"8304","Individual and Family Therapy","Offices of Michael A. Roman, PhD","78229"
"16683","Get Involved—Connect, Volunteer, Support!","Older Adults Technology Services (OATS)",
"16685","In-Person Classes from Senior Planet in San Antonio","Older Adults Technology Services (OATS)",
"4030","Join Senior Planet in San Antonio","Older Adults Technology Services (OATS)",
"4031","Live Online Classes for Seniors","Older Adults Technology Services (OATS)",
"16684","Senior Planet Articles","Older Adults Technology Services (OATS)",
"16686","Senior Planet Local Help Hotline","Older Adults Technology Services (OATS)",
"11969","Senior Planet National Tech Hotline","Older Adults Technology Services (OATS)",
"16579","Olive Branch Counseling and Training (Boerne location)","Olive Branch Counseling and Training","78006"
"16582","Perinatal Mental Health","Olive Branch Counseling and Training","78023"
"16584","Perinatal Mental Health (Boerne location)","Olive Branch Counseling and Training","78006"
"16583","Prepare/Enrich Program for Couples","Olive Branch Counseling and Training","78023"
"16585","Prepare/Enrich Program for Couples (Boerne location)","Olive Branch Counseling and Training","78006"
"18887","Childcare","Olivia Rivera Daycare","78624"
"9587","Kings Kids Daycare","Omega Church","78214"
"4756","Spiritual Services","Omega Church","78214"
"8345","Counseling Services","OMNI Layne Counseling, PLLC","78230"
"18342","Food Pantry","On The Block Community Outreach","78108"
"18340","Housing","On The Block Community Outreach","78207"
"20338","Housing - Women & Children 3-Phase Residential Program","On The Block Community Outreach","78202"
"18341","Prison Ministry","On The Block Community Outreach","78108"
"10778","Connection Prayer Training","ONE","78212"
"16701","Hearing Gods Call","ONE","78212"
"16700","One Circle","ONE","78212"
"10777","ONE Journey","ONE","78212"
"10776","Prayer Appointments","ONE","78212"
"14042","Support Opportunities","ONE","78212"
"15589","ABA Summer Camps","One for Autism, Inc.","78201"
"7997","ABA Therapy","One for Autism, Inc.","78201"
"7999","One for Autism Academy","One for Autism, Inc.","78201"
"7998","Vocational Program","One for Autism, Inc.","78201"
"15759","Education on HB4374 - One Pill Kills Presentations in Schools on the dangers of Fentanyl","One Pill Kills Brooke Keith Commission",
"6844","Spiritual Services","One Voice Praise & Worship Center","78210"
"6286","One Way International Ministries","One Way International","78213"
"17398","Volunteer & Support Opportunities","One Way International","78213"
"15901","Group Therapy","OnHealing Therapy","78230"
"15900","Individual Counseling","OnHealing Therapy","78230"
"18016","Neurodivergence Counseling Services","OnHealing Therapy","78230"
"14967","Find a Therapist","Open Path Psychotherapy Collective",
"14968","For Therapists","Open Path Psychotherapy Collective",
"12288","Adaptive Riding","Open T.R.A.I.L. Ranch","78006"
"12289","Equine Assisted Learning","Open T.R.A.I.L. Ranch","78006"
"12290","Participants Scholarships","Open T.R.A.I.L. Ranch","78006"
"12292","Program Support & Sponsorship","Open T.R.A.I.L. Ranch","78006"
"12291","Volunteer Opportunities","Open T.R.A.I.L. Ranch","78006"
"12842","Connect with Care","Operation BRAVE",
"15703","Living with HIV","Operation BRAVE",
"15700","Peer Program","Operation BRAVE",
"15702","Stop the Stigma","Operation BRAVE",
"6959","Critical Financial Assistance","Operation Homefront","78232"
"6960","Permanent Homes for Veterans","Operation Homefront","78232"
"16615","Transitional Homes for Veterans","Operation Homefront","78232"
"16616","Transitional Housing (Apartments)","Operation Homefront","78232"
"16617","Transitional Housing (Villages)","Operation Homefront","78232"
"6961","Veteran Caregiver Support","Operation Homefront",
"16549","Volunteer & Support Opportunities","Operation Homefront","78232"
"11336","Alazan-Apache Courts","Opportunity Home San Antonio","78207"
"11009","Bella Claire Apartments","Opportunity Home San Antonio","78217"
"11343","Blanco Apartments","Opportunity Home San Antonio","78201"
"11337","Cassiano Homes","Opportunity Home San Antonio","78207"
"11408","Cheryl West Apartments","Opportunity Home San Antonio","78228"
"11407","Christ the King Apartments","Opportunity Home San Antonio","78237"
"11373","Col. J. George Cisneros Apartments","Opportunity Home San Antonio","78226"
"11374","College Park Apartments","Opportunity Home San Antonio","78212"
"8559","ConnectHomeSA","Opportunity Home San Antonio","78204"
"11375","Cross Creek Apartments","Opportunity Home San Antonio","78218"
"11364","Escondida Apartments","Opportunity Home San Antonio","78213"
"11361","Fair Avenue Apartments","Opportunity Home San Antonio","78223"
"8552","Family Self Sufficiency (FSS) Program","Opportunity Home San Antonio","78204"
"11358","Francis Furey Apartments","Opportunity Home San Antonio","78240"
"11406","Frank Hornsby Apartments","Opportunity Home San Antonio","78220"
"11377","Henry B Gonzalez Apartments","Opportunity Home San Antonio","78228"
"11347","Highview Apartments","Opportunity Home San Antonio","78210"
"947","Housing Choice Voucher Program","Opportunity Home San Antonio","78204"
"11345","Jewett Circle Apartments","Opportunity Home San Antonio","78237"
"8553","Jobs Plus Program","Opportunity Home San Antonio","78204"
"8557","Joshua Longoria ""Passion for Life"" Memorial Scholarship","Opportunity Home San Antonio","78204"
"11346","Kenwood North Apartments","Opportunity Home San Antonio","78212"
"11014","La Providencia","Opportunity Home San Antonio","78237"
"20005","Le Chalet Apartments","Opportunity Home San Antonio","78208"
"13893","Legacy at Crown Meadows","Opportunity Home San Antonio","78251"
"11412","Lewis Chatham Apartments","Opportunity Home San Antonio","78214"
"11348","Lila Cockrell Apartments","Opportunity Home San Antonio","78221"
"11363","Lincoln Heights Courts","Opportunity Home San Antonio","78207"
"11378","Linda Lou","Opportunity Home San Antonio","78223"
"11605","Lofts at Marie McGuire","Opportunity Home San Antonio","78205"
"11380","Madonna","Opportunity Home San Antonio","78216"
"14294","Mainstream Voucher Program","Opportunity Home San Antonio",
"11379","Marie McGuire Apartments","Opportunity Home San Antonio","78205"
"11381","Matt Garcia Apartments","Opportunity Home San Antonio","78223"
"11353","Mission Park","Opportunity Home San Antonio","78214"
"11385","Park Square","Opportunity Home San Antonio","78212"
"11359","Pin Oak Apartments","Opportunity Home San Antonio","78229"
"11618","Pin Oak II","Opportunity Home San Antonio","78229"
"11386","Raymundo Rangel Apartments","Opportunity Home San Antonio","78237"
"11231","Refugio Place Apartments","Opportunity Home San Antonio","78210"
"8555","Resident Opportunity Self-Sufficiency (ROSS) Program","Opportunity Home San Antonio","78204"
"8558","Rewarding Educational Achievement and Cultivating Hope (REACH) Awards","Opportunity Home San Antonio","78204"
"11354","Riverside Apartments","Opportunity Home San Antonio","78223"
"8556","SAHA Resident Scholarship","Opportunity Home San Antonio","78204"
"11355","Sahara Ramsey","Opportunity Home San Antonio","78216"
"11075","San Juan Square","Opportunity Home San Antonio","78207"
"11387","San Pedro Arms","Opportunity Home San Antonio","78212"
"8554","Section 3 Employment Referral Program","Opportunity Home San Antonio","78204"
"946","Set Aside Homeless Voucher (SHVP) Program","Opportunity Home San Antonio","78204"
"11391","Sun Park Apartments","Opportunity Home San Antonio","78220"
"11392","Tarry Towne Apartments","Opportunity Home San Antonio","78201"
"10985","The Alhambra Senior Apartments","Opportunity Home San Antonio","78211"
"19807","The Harrison Grant Apartments","Opportunity Home San Antonio","78201"
"945","The HUD-Veterans Affairs Supportive Housing (HUD-VASH) Program","Opportunity Home San Antonio","78204"
"11393","The Midway","Opportunity Home San Antonio","78210"
"11190","Towering Oaks","Opportunity Home San Antonio","78240"
"11340","Victoria Plaza","Opportunity Home San Antonio","78210"
"19995","Villa de San Alfonso Apartments","Opportunity Home San Antonio","78207"
"11108","Villa De Valencia","Opportunity Home San Antonio","78233"
"11341","Villa Hermosa","Opportunity Home San Antonio","78205"
"11366","Villa Tranchese","Opportunity Home San Antonio","78212"
"20003","Villas of Leon Valley","Opportunity Home San Antonio","78240"
"8560","Volunteer Opportunities","Opportunity Home San Antonio","78204"
"16403","Children and Adolescent Counseling","Optimal Counseling Services","78230"
"16401","Family Counseling","Optimal Counseling Services","78230"
"16404","Group Counseling","Optimal Counseling Services","78230"
"16402","Individual Counseling","Optimal Counseling Services","78230"
"15684","Common STD & STI Testing and Treatment","Options for Life","78130"
"15683","Meet with an Advocate","Options for Life","78130"
"15682","Pregnancy Testing and Ultrasound Services","Options for Life","78130"
"15685","Resource Center","Options for Life","78130"
"15686","Services for Men","Options for Life","78130"
"14572","Care Kits","Oracle Health Foundation",
"14571","Pediatric Grants","Oracle Health Foundation",
"20237","Drug Testing","Oracle Tech Diagnostic Labs","78240"
"20034","San Antonio Prime Timers","Original Prime Timers Worldwide",
"6439","Clinical Services","Orthopedic Kneed Foundation","78240"
"12039","Program Support & Sponsorship","Orthopedic Kneed Foundation","78240"
"18020","Volunteer & Support Opportunities","Orthopedic Kneed Foundation","78240"
"14432","Affordable Home Program","Our Casas Resident Council Inc","78207"
"14431","High Impact Housing Project","Our Casas Resident Council Inc","78207"
"14410","Homebuyer Education","Our Casas Resident Council Inc","78207"
"14427","Housing Counseling","Our Casas Resident Council Inc","78207"
"14387","Our Casas' Home Repair Program","Our Casas Resident Council Inc","78207"
"6038","Spiritual Services","Our Lady of Atonement Catholic Church","78255"
"9935","The Atonement Catholic Academy","Our Lady of Atonement Catholic Church","78255"
"6040","Spiritual Services","Our Lady of Good Counsel Catholic Church","78237"
"3582","Spiritual Services","Our Lady of Grace Catholic Church","78212"
"8775","Spiritual Services","Our Lady of Guadalupe Catholic Church - Del Rio","78840"
"10788","Military Family Ministry","Our Lady of Guadalupe Catholic Church - Helotes","78023"
"10795","Ministry to the Sick & Homebound","Our Lady of Guadalupe Catholic Church - Helotes","78023"
"10787","OLG M.o.M.s Group","Our Lady of Guadalupe Catholic Church - Helotes","78023"
"10794","Prison Correspondence Ministry","Our Lady of Guadalupe Catholic Church - Helotes","78023"
"10793","Professional Counseling Services","Our Lady of Guadalupe Catholic Church - Helotes","78023"
"6041","Spiritual Services","Our Lady of Guadalupe Catholic Church - Helotes","78023"
"10792","Stitching4Outreach Ministry","Our Lady of Guadalupe Catholic Church - Helotes","78023"
"10782","Take Heart - Grief Support Group","Our Lady of Guadalupe Catholic Church - Helotes","78023"
"9219","Food Pantry","Our Lady of Guadalupe Catholic Church - Seguin","78155"
"10796","Nazareth House","Our Lady of Guadalupe Catholic Church - Seguin","78155"
"6051","Spiritual Services","Our Lady of Guadalupe Catholic Church - Seguin","78155"
"6804","Sack Lunch","Our Lady of Guadalupe Shrine  (Downtown)","78207"
"6854","Social Services","Our Lady of Guadalupe Shrine  (Downtown)","78207"
"6027","Spiritual Services","Our Lady of Guadalupe Shrine  (Downtown)","78207"
"6042","Spiritual Services","Our Lady of Mount Carmel Catholic Church - Losoya","78221"
"6044","Spiritual Services","Our Lady of Perpetual Help Catholic Church","78203"
"9936","Our Lady of Perpetual Help Catholic School","Our Lady of Perpetual Help Catholic Church - Selma","78154"
"6043","Spiritual Services","Our Lady of Perpetual Help Catholic Church - Selma","78154"
"4118","Spiritual Services","Our Lady of Sorrows Catholic Church","78212"
"6028","Food Assistance","Our Lady of the Angels Catholic Church","78211"
"6029","Spiritual Services","Our Lady of the Angels Catholic Church","78211"
"12061","Center for Women in Church and Society","Our Lady of the Lake University (OLLU)","78207"
"12055","Community Counseling Service (CCS)","Our Lady of the Lake University (OLLU)","78228"
"12056","Harry Jersig Center","Our Lady of the Lake University (OLLU)","78207"
"9090","Spiritual Services","Our Lady Queen of Heaven Catholic Church","78002"
"8019","Jesus Cares","Our Savior Lutheran Church","78230"
"8018","Spiritual Services - Central Campus","Our Savior Lutheran Church","78230"
"10797","Spiritual Services - West Campus","Our Savior Lutheran Church","78253"
"19924","Dry Needling","Outcomes Therapy","78249"
"19925","In-Home Physical Therapy","Outcomes Therapy","78249"
"19929","Laser Therapy","Outcomes Therapy","78249"
"19927","Occupational Therapy","Outcomes Therapy","78249"
"19926","Physical Therapy","Outcomes Therapy","78249"
"19928","Speech-Language Pathology","Outcomes Therapy","78249"
"18131","Special Needs Ministry","Outer West Community Church","78253"
"7931","Spiritual Services","Outer West Community Church","78253"
"13839","Outreach Health—Alpine","Outreach Health",
"13840","Outreach Health—Marfa","Outreach Health",
"13841","Outreach Health—Presidio","Outreach Health",
"19079","Outreach Health Services -San Antonio","Outreach Health Services","78216"
"16451","Overeaters Anonymous - Abiding Presence Lutheran Church","Overeaters Anonymous","78201"
"10502","Overeaters Anonymous - Alamo Heights Baptist","Overeaters Anonymous","78209"
"10506","Overeaters Anonymous - Alamo Heights Baptist Virtual","Overeaters Anonymous",
"10501","Overeaters Anonymous - Church of Reconciliation Audio Hybrid","Overeaters Anonymous","78217"
"10503","Overeaters Anonymous - Church of Reconciliation Hybrid","Overeaters Anonymous","78217"
"10504","Overeaters Anonymous - Collins Garden Library","Overeaters Anonymous","78204"
"842","Overeaters Anonymous - De Zavala Hybrid","Overeaters Anonymous","78249"
"10507","Overeaters Anonymous - Northeast Christian Church","Overeaters Anonymous",
"10499","Overeaters Anonymous - Shearer Hills","Overeaters Anonymous",
"16450","Overeaters Anonymous - SPANISH","Overeaters Anonymous","78201"
"10500","Overeaters Anonymous - St. Andrew Episcopal","Overeaters Anonymous",
"10511","Overeaters Anonymous - Unity Church Hybrid","Overeaters Anonymous","78130"
"10509","Overeaters Anonymous - Virtual","Overeaters Anonymous",
"174","Oxford House Alamo City","Oxford House, Inc","20918"
"173","Oxford House Alliance","Oxford House, Inc","78201"
"175","Oxford House Amity","Oxford House, Inc","78247"
"7494","Oxford House Bangarang","Oxford House, Inc","78217"
"178","Oxford House Bashlow","Oxford House, Inc","78247"
"176","Oxford House Beacon Hill","Oxford House, Inc","78212"
"179","Oxford House Blanco","Oxford House, Inc","78240"
"181","Oxford House Brettonwood","Oxford House, Inc","78218"
"183","Oxford House Candor","Oxford House, Inc","78216"
"184","Oxford House Carson","Oxford House, Inc","78208"
"185","Oxford House Costigan","Oxford House, Inc","78216"
"187","Oxford House Davis","Oxford House, Inc","78210"
"10479","Oxford House Divergent","Oxford House, Inc","78230"
"190","Oxford House Emet","Oxford House, Inc","78216"
"191","Oxford House Excalibur","Oxford House, Inc","78230"
"192","Oxford House Excelsior","Oxford House, Inc","78216"
"193","Oxford House Falcone","Oxford House, Inc","78250"
"14183","Oxford House Gentry","Oxford House, Inc","78130"
"13527","Oxford House Grand Park","Oxford House, Inc","78239"
"198","Oxford House Green Meadow","Oxford House, Inc","78213"
"199","Oxford House Guilbeau","Oxford House, Inc","78250"
"200","Oxford House Invicta","Oxford House, Inc","78217"
"14186","Oxford House Jericho Ridge","Oxford House, Inc","78130"
"202","Oxford House Leon Valley","Oxford House, Inc","78238"
"205","Oxford House Marbach","Oxford House, Inc","78217"
"201","Oxford House Meadow Park","Oxford House, Inc","78244"
"207","Oxford House Mistletoe","Oxford House, Inc","78201"
"10480","Oxford House Montclair Street","Oxford House, Inc","78155"
"14217","Oxford House Morningside Park","Oxford House, Inc","78132"
"7495","Oxford House Ourson","Oxford House, Inc","78247"
"7496","Oxford House Redencion","Oxford House, Inc","78228"
"10477","Oxford House Revenant","Oxford House, Inc","78201"
"210","Oxford House Ridgeview","Oxford House, Inc","78216"
"16296","Oxford House River Blossom","Oxford House, Inc","78130"
"211","Oxford House Rolling Oaks","Oxford House, Inc","78247"
"212","Oxford House Rosewood","Oxford House, Inc","78212"
"213","Oxford House San Pedro","Oxford House, Inc","78216"
"214","Oxford House Spring Creek","Oxford House, Inc","78247"
"215","Oxford House Summertime","Oxford House, Inc","78216"
"14185","Oxford House Summit Oaks","Oxford House, Inc","78130"
"10478","Oxford House Sunflower","Oxford House, Inc","78250"
"216","Oxford House Sutters Rim","Oxford House, Inc","78258"
"14215","Oxford House Trouvaille","Oxford House, Inc","78130"
"217","Oxford House Valor","Oxford House, Inc","78212"
"13528","Oxford House Welles Manor","Oxford House, Inc","78239"
"14219","Oxford House Willow Leaf","Oxford House, Inc","78155"
"218","Oxford House Wood Oak","Oxford House, Inc","78233"
"12841","Vacancy Search","Oxford House, Inc",
"1133","Stephen Ministry","Oxford United Methodist Church","78240"
"10798","Advocacy and Coalition Building","P.E.A.C.E. Initiative","78212"
"1711","Project Advance","P.E.A.C.E. Initiative","78212"
"12755","Responsible Fatherhood Program","P.E.A.C.E. Initiative","78212"
"16793","Ways to Give","P.E.A.C.E. Initiative","78212"
"18592","Disability Advocacy Tips for Families - Special Education","PACER Center",
"18593","Life Planning Video Series","PACER Center",
"15325","Counseling and Psychotherapy for Healing and Wellness","PADMA Counseling, PLLC",
"4143","Spiritual Services","Palestine Baptist Church","78207"
"6636","Spiritual Services","Palm Heights Baptist Church","78225"
"19561","Therapy for Kids at Home","Palms Healthcare","78228"
"14703","PAM Health Warm Springs Rehabilitation Hospital of San Antonio","Pam Health","78233"
"18363","Student Veterans of America (ECPI University San Antonio)","Paralyzed Veterans of America","78229"
"18364","Student Veterans of America (Galen College of Nursing)","Paralyzed Veterans of America","78249"
"18365","Student Veterans of America (Hallmark University)","Paralyzed Veterans of America","78251"
"18366","Student Veterans of America (Northwest Vista College)","Paralyzed Veterans of America","78251"
"18367","Student Veterans of America (Our Lady of the Lake University)","Paralyzed Veterans of America","78207"
"18368","Student Veterans of America (Saint Mary's University)","Paralyzed Veterans of America","78228"
"18369","Student Veterans of America (San Antonio College)","Paralyzed Veterans of America","78212"
"18370","Student Veterans of America (Texas A&M University-San Antonio)","Paralyzed Veterans of America","78224"
"18371","Student Veterans of America (University of Texas San Antonio)","Paralyzed Veterans of America","78249"
"18372","Student Veterans of America (University of the Incarnate Word)","Paralyzed Veterans of America","78209"
"10873","Head Start/Early Head Start at Adelina Fritz Child Development Center","Parent/Child, Inc (PCI)","78238"
"10874","Head Start/Early Head Start at Clarice Roe Child Development Center","Parent/Child, Inc (PCI)","78054"
"10875","Head Start/Early Head Start at Culebra Early Learning Center","Parent/Child, Inc (PCI)","78251"
"10876","Head Start/Early Head Start at East Central Child Development Center","Parent/Child, Inc (PCI)","78223"
"10877","Head Start/Early Head Start at Evelyn L King Child Development Center","Parent/Child, Inc (PCI)","78219"
"10879","Head Start/Early Head Start at Imperial","Parent/Child, Inc (PCI)","78226"
"10880","Head Start/Early Head Start at Lost Creek","Parent/Child, Inc (PCI)","78247"
"10881","Head Start/Early Head Start at Meadowood Early Learning Center","Parent/Child, Inc (PCI)","78252"
"10871","Head Start/Early Head Start at PCI Early Learning Academy","Parent/Child, Inc (PCI)","78211"
"10872","Head Start/Early Head Start at PCI Midcrown HS/Early Learning Center","Parent/Child, Inc (PCI)","78218"
"10882","Head Start/Early Head Start at Pearsall","Parent/Child, Inc (PCI)","78242"
"10883","Head Start/Early Head Start at Place for Life","Parent/Child, Inc (PCI)","78238"
"10884","Head Start/Early Head Start at Southwest","Parent/Child, Inc (PCI)","78252"
"10885","Head Start/Early Head Start at Terry O'Connor","Parent/Child, Inc (PCI)","78221"
"10887","Head Start/Early Head Start at West Hutchins Learning Center","Parent/Child, Inc (PCI)","78221"
"17368","Volunteer & Support Opportunities","Parent/Child, Inc (PCI)","78250"
"16382","Parenting Support","Parents and Children Connecting Together",
"17595","Find a PAL Meeting","Parents of Addicted Loved Ones",
"12048","Parkhills Preschool","Parkhills Baptist Church","78232"
"6667","Spiritual Services","Parkhills Baptist Church","78232"
"18121","Young @ Hearts","Parkhills Baptist Church","78232"
"15001","Become a PIC Volunteer Coach","Partners in Change",
"15002","Donate to Partners in Change","Partners in Change",
"15000","Get a Coach","Partners in Change",
"17046","Partners Resource Network TEAM Project","Partners Resource Network","79423"
"17403","Partners Resource Network TEAM Project Region 20","Partners Resource Network","78759"
"17048","Special Education in Texas","Partners Resource Network",
"12318","Pass It On Resale Thrift Shop","Pass It On Resale","78013"
"16119","Mentor a Student (Virtual option)","Pathways Adult Learning Center",
"16118","Virtual Program","Pathways Adult Learning Center",
"13649","3H Youth Ranch","Pathways Youth & Family Services","78058"
"13651","Adoption Services","Pathways Youth & Family Services","78213"
"13650","Basic Family Foster Care","Pathways Youth & Family Services","78213"
"5905","Behavioral Health Services","Pathways Youth & Family Services","78213"
"13652","CANS 3.0","Pathways Youth & Family Services","78213"
"14262","DVA-Pathways’ Mosaic Behavioral Health Services","Pathways Youth & Family Services","78028"
"5906","Habilitative Homes","Pathways Youth & Family Services","78229"
"13653","Pathways Treatment Family Foster Care (PTFFC)","Pathways Youth & Family Services","78213"
"13648","Superior’s Behavioral Health Crisis Hotline","Pathways Youth & Family Services",
"14652","Caregiver Services","Patriot Vita Care","78216"
"9140","Prayer - Study - Action","Pax Christi San Antonio",
"5890","Pay It Forward Dorms Program","Pay It Forward San Antonio","78207"
"5889","The Bridge - Sober Living Community Placement Program","Pay It Forward San Antonio","78207"
"8412","Volunteer Opportunities","Pay It Forward San Antonio","78207"
"11864","Affordable Computer Access for All","PCs for People",
"11874","Low Cost Tech for Nonprofits","PCs for People",
"13517","Child and Adolescent Counseling","Peace For the Heart Counseling","78213"
"13515","Family Counseling","Peace For the Heart Counseling","78213"
"13514","Individual Counseling","Peace For the Heart Counseling","78213"
"15499","Couples and Families Services","Peace of Mind Mental Health & Wellness","78239"
"15498","Individual Services","Peace of Mind Mental Health & Wellness","78239"
"4110","Community Team","Pearl Street Church","78215"
"4111","Spiritual Services","Pearl Street Church","78215"
"6148","Family Law Services","Pearsall Law Firm, PC","78230"
"6713","Spiritual Services","Pearsall Road Baptist Church","78242"
"4647","Spiritual Services","Pecan Valley Church Of Christ","78223"
"11591","Canyon Pass Apartment Homes","PEDCOR Living","78260"
"11667","Culebra Creek Apartments","PEDCOR Living","78253"
"11609","Mesa West Apartments","PEDCOR Living","78245"
"11613","Northview Apartments","PEDCOR Living","78264"
"11102","Oak Valley Apartment Homes","PEDCOR Living","78233"
"11125","Trails at Leon Creek","PEDCOR Living","78238"
"17463","Pediatric Dentistry","Pediatric Dentistry of San Antonio","78238"
"17464","Restorative Dentistry","Pediatric Dentistry of San Antonio","78238"
"17465","Sedation Dentistry","Pediatric Dentistry of San Antonio","78238"
"19516","Bayley Infant Screening","Pediatric Therapy Associates","78209"
"19515","Special Programs","Pediatric Therapy Associates","78209"
"19514","Therapy","Pediatric Therapy Associates","78209"
"7907","Occupational Therapy at PTS San Antonio","Pediatric Therapy Specialists, LLC","78249"
"7908","Occupational Therapy at PTS Schertz","Pediatric Therapy Specialists, LLC","78154"
"7914","Online Services","Pediatric Therapy Specialists, LLC",
"7913","Pediatric-Adolescent Acquisition of Life Skills (PAALS)","Pediatric Therapy Specialists, LLC","78249"
"7912","Physical Therapy at San Antonio","Pediatric Therapy Specialists, LLC","78249"
"7911","Physical Therapy at Schertz","Pediatric Therapy Specialists, LLC","78154"
"7909","Speech Therapy at PTS San Antonio","Pediatric Therapy Specialists, LLC","78249"
"7910","Speech Therapy at Schertz","Pediatric Therapy Specialists, LLC","78154"
"18936","Preschool Program","Peggy's Playhouse Childcare Center","78606"
"14012","Spiritual Services","Pentecostals Of San Antonio","78218"
"19311","Community Living Assistance and Support Services (CLASS)","PepperTree Complete Care","77054"
"16142","Period Pantry","Periodpalooza","78207"
"13258","PermiaCare IDD and Early Childhood Intervention Services—Alpine","PermiaCare","79830"
"13260","PermiaCare IDD Services—Presidio","PermiaCare","79845"
"13257","PermiaCare Mental Health Services—Alpine","PermiaCare","79830"
"13259","PermiaCare Mental Health Services—Presidio","PermiaCare","79845"
"19273","Community Living Assistance and Support Services (CLASS)","PerryLee Home Health Care, Inc.","78230"
"18050","Ways to Give","Petco Love",
"18548","Acute Rehabilitation Unit","Peterson Health","78028"
"18549","Heart & Vascular Health","Peterson Health","78028"
"18550","Imaging & Radiology","Peterson Health","78028"
"18551","Laboratory Services at at Peterson Health Medical Plaza","Peterson Health","78028"
"18557","Laboratory Services at Pevehouse Ambulatory Care Center","Peterson Health","78028"
"18596","Orthopedics","Peterson Health","78028"
"18544","Outpatient Rehabilitation at Pevehouse Ambulatory Care Center in Kerrville","Peterson Health","78028"
"18540","Outpatient Rehabilitation – Comfort","Peterson Health","78013"
"18493","Peterson Community Care Clinic","Peterson Health","78028"
"18496","Peterson Home Care","Peterson Health","78028"
"18547","Peterson Hospice","Peterson Health","78028"
"18497","Peterson Medical Associates - Kerrville","Peterson Health","78028"
"18500","Peterson Medical Associates – Bandera","Peterson Health","78003"
"18501","Peterson Medical Associates – Comfort","Peterson Health","78013"
"18502","Peterson Medical Associates – Fredericksburg","Peterson Health","78624"
"18503","Peterson Urgent Care","Peterson Health","78028"
"18543","Physical Therapy at The Center for Fitness, Kerrville","Peterson Health","78028"
"18598","Sleep Lab","Peterson Health","78028"
"18600","Surgery","Peterson Health","78028"
"18605","Women’s Health","Peterson Health","78028"
"18602","Wound Care","Peterson Health","78028"
"9075","PFLAG Boerne","PFLAG","78006"
"9074","PFLAG San Antonio","PFLAG","78249"
"18407","Individual Counseling","Pflipsen Counseling and Consultation Services","78207"
"4468","Spiritual Services","Philadelphia Seventh-Day Adventist Church","78220"
"17655","Free WI-FI Hotspot","Philoçoffee","78212"
"16441","Deep Transcranial Magnetic Stimulation (TMS) Treatment (Medical Drive location)","Phoenix Mental Health- Ketamine, TMS, and ECT Treatment Center","78257"
"16438","ECT Treatment","Phoenix Mental Health- Ketamine, TMS, and ECT Treatment Center","78257"
"16439","ECT Treatment (Medical Drive location)","Phoenix Mental Health- Ketamine, TMS, and ECT Treatment Center","78229"
"16437","Ketamine Treatment","Phoenix Mental Health- Ketamine, TMS, and ECT Treatment Center","78257"
"16440","Ketamine Treatment (Medical Drive location)","Phoenix Mental Health- Ketamine, TMS, and ECT Treatment Center","78229"
"16435","Medication Management","Phoenix Mental Health- Ketamine, TMS, and ECT Treatment Center","78257"
"16442","Medication Management (Medical Drive location)","Phoenix Mental Health- Ketamine, TMS, and ECT Treatment Center","78229"
"16433","Phoenix Mental Health- Ketamine, TMS, and ECT Treatment Center (Medical Drive)","Phoenix Mental Health- Ketamine, TMS, and ECT Treatment Center","78229"
"14911","Physical Therapy at PhyTEx","PhyTEx","79830"
"14153","Sports Medicine at PhyTEx","PhyTEx","79830"
"17305","Pigtails & Crewcuts - San Antonio Lincoln Heights","Pigtails & Crewcuts: Haircuts for Kids","78209"
"16932","AnaOno x Pink Warrior Advocates Bra Assistance Program","Pink Warrior Advocates","78132"
"16931","Pink Warrior Advocates Care Kit Program","Pink Warrior Advocates","78132"
"17883","Free Screenings - North San Antonio","Pinnacle Clinical Research","78229"
"17884","Free Screenings - South San Antonio","Pinnacle Clinical Research","78222"
"18287","Elementary School","Pinnacle Montessori of Potranco","78253"
"18285","Pre-Primary School Program","Pinnacle Montessori of Potranco","78253"
"18286","Primary School","Pinnacle Montessori of Potranco","78253"
"18283","Program for Infants","Pinnacle Montessori of Potranco","78253"
"18288","Summer Camp","Pinnacle Montessori of Potranco","78253"
"18289","Toddler School","Pinnacle Montessori of Potranco","78253"
"7011","Spiritual Services","Place for Life","78238"
"6244","Spiritual Services","Place of Grace Fellowship","78217"
"15332","The '68","Placemakr","78205"
"8447","Get Involved & Support PP South Texas","Planned Parenthood South Texas","78229"
"8442","Programs for Patients at Babcock Health Center (Medical Center)","Planned Parenthood South Texas","78229"
"8444","Programs for Patients at Marbach Health Center","Planned Parenthood South Texas","78245"
"8445","Programs for Patients at Perrin Beitel Road Health Center","Planned Parenthood South Texas","78217"
"8446","Programs for Patients at San Pedro Health Center","Planned Parenthood South Texas","78212"
"8443","Programs for Patients at Southeast Health Center","Planned Parenthood South Texas","78223"
"13134","Disaster Response","Pleasanton Meetinghouse of The Church of Jesus Christ of Latter-day Saints","78064"
"12660","Pleasanton 1st Ward","Pleasanton Meetinghouse of The Church of Jesus Christ of Latter-day Saints","78064"
"10845","Family Program","Plum Creek Recovery Ranch","78644"
"10844","Inpatient Residential Treatment Program","Plum Creek Recovery Ranch","78644"
"10846","Medication Assisted Treatment","Plum Creek Recovery Ranch","78644"
"15390","Mental Health Services","Poderosa Rising",
"19842","Along the Journey","Poet's Walk","78249"
"19843","Short-Term Respite Care","Poet's Walk","78249"
"6851","Spiritual Services","Pollard Memorial UMC","78214"
"18578","Affordable Ultrasound Services","Polsono Mobile Ultrasound","78229"
"15972","24/7 High Quality Virtual Maternity Care","Pomelo Care",
"11580","1025 Sutton Dr","Ponce Property Management","78228"
"7585","Grief & Sympathy Resources","Porter Loring Mortuaries",
"20413","Support Line","Porter Loring Mortuaries",
"7437","Spiritual Services","Porter Memorial CME","78203"
"15427","Family & Couples Therapy","Positive Mindset Counseling Services, PLLC","78217"
"15423","Individual Therapy Services","Positive Mindset Counseling Services, PLLC","78217"
"19768","Aftercare Services","Positive Recovery","78216"
"19759","Drug and Alcohol Addiction Treatment Program","Positive Recovery","78216"
"9948","Intensive Outpatient Program - IOP","Positive Recovery","78216"
"19761","Medical Detoxification Program","Positive Recovery","78216"
"19767","Partial Hospitalization Program (PHP)","Positive Recovery","78216"
"19762","Residential Treatment for Addiction","Positive Recovery","78216"
"17523","Healthy Teen Dating Training","Positively Impacting Communities (PIC)",
"8842","PIE Club","Positively Impacting Communities (PIC)",
"12609","PSI Help Line","Postpartum Support International",
"7102","Spiritual Services","Poteet First United Methodist Church","78065"
"20339","Poteet Mental Health Center","Poteet Independent School District","78065"
"19390","Accessible Home Furniture","Pottery Barn",
"14011","Spiritual Services","Power Of Holiness Church","78218"
"18270","Outreach and Advocacy","Power to Marc","78205"
"18263","Practice Without Pressure (PWP) - Course","Power to Marc","78205"
"18264","Practice Without Pressure Family Caregiver Series","Power to Marc",
"18266","Series for Individuals with Disabilities - Introduction","Power to Marc",
"6782","Spiritual Services","Praise Cathedral Church of God In Christ","78244"
"6783","Storehouse Food Pantry","Praise Cathedral Church of God In Christ","78244"
"11252","Mt. Zion Sheltering Arms","Prak Property Management","78220"
"19996","Newell Retirement Apartments","Prak Property Management","78218"
"9925","Gardendale Early Learning Program","Pre-K 4 SA","78237"
"1124","Pre-K 4 SA—East Education Center","Pre-K 4 SA","78218"
"1123","Pre-K 4 SA—North Education Center","Pre-K 4 SA","78229"
"1125","Pre-K 4 SA—South Education Center","Pre-K 4 SA","78222"
"1126","Pre-K 4 SA—West Education Center","Pre-K 4 SA","78237"
"18890","Childcare / Preschool","Precious Moments Montessori","78624"
"299","Free, Confidential Pregnancy Services","Pregnancy Care Center","78229"
"17009","Bright Rewards Program","Premier Dental Center",
"17004","Dental Cleaning","Premier Dental Center","78070"
"17008","Premier Dental Center Boerne","Premier Dental Center","78006"
"17006","Premier Dental Center New Braunfels","Premier Dental Center","78130"
"17005","Premier Dental Center San Antonio","Premier Dental Center","78259"
"15658","Child and Family","Presbyterian Children’s Homes and Services","78240"
"15659","Counseling Centers","Presbyterian Children’s Homes and Services","78240"
"15664","Single Parent Family","Presbyterian Children’s Homes and Services","78240"
"15656","Transitional Living for Young Adults","Presbyterian Children’s Homes and Services","78240"
"13564","Immunizations—Prescription Shop","Prescription Shop","79830"
"13744","Prescription Shop Marfa","Prescription Shop","79843"
"15172","Childcare for Parents and Gaurdians","Presentation Ministry Center","78207"
"15173","English as a Second Language","Presentation Ministry Center","78207"
"11193","O'Connor Oaks","Preserve Partners","78233"
"9413","Healthy Eyes Eyeglass Program","Prevent Blindness Texas","78209"
"9414","Sight for Students Program","Prevent Blindness Texas","78209"
"13808","After Hours Clinic at Presidio County Medical Clinic","Preventative Care Health Services (PCHS)","79845"
"13292","Behavioral Health Care","Preventative Care Health Services (PCHS)","79830"
"13293","Behavioral Health Care","Preventative Care Health Services (PCHS)","79845"
"13290","Dental Care","Preventative Care Health Services (PCHS)","79845"
"13291","Dental Care","Preventative Care Health Services (PCHS)","79830"
"13280","Family Health Services of Alpine Dental Clinic","Preventative Care Health Services (PCHS)","79830"
"13271","Family Health Services of Alpine Medical and Behavioral Health Clinic","Preventative Care Health Services (PCHS)","79830"
"13286","Marfa Community Health Clinic","Preventative Care Health Services (PCHS)","79843"
"13294","Medical Care","Preventative Care Health Services (PCHS)","79830"
"13296","Medical Care","Preventative Care Health Services (PCHS)","79843"
"13297","Medical Care","Preventative Care Health Services (PCHS)","79845"
"13298","Obstetrics and Gynecology Care","Preventative Care Health Services (PCHS)","79830"
"13299","Obstetrics and Gynecology Care","Preventative Care Health Services (PCHS)","79843"
"13300","Obstetrics and Gynecology Care","Preventative Care Health Services (PCHS)","79845"
"13638","PCHS Pharmacy","Preventative Care Health Services (PCHS)","79845"
"13287","Presidio County Medical Clinic","Preventative Care Health Services (PCHS)","79845"
"9320","Binders for Brothers SA","Pride Center San Antonio (The Center)","78212"
"795","Diversity, Equity, and Inclusion Training","Pride Center San Antonio (The Center)","78212"
"786","Gender Affirmation Project","Pride Center San Antonio (The Center)","78212"
"792","Trans Allies","Pride Center San Antonio (The Center)","78212"
"789","Trans Masc Folks y Más","Pride Center San Antonio (The Center)","78212"
"9322","Women in Transition","Pride Center San Antonio (The Center)",
"18998","Adaptive Apparel","Primark",
"20337","Durable Medical Equipment (DME)","PrimeCare Pharmacy","78247"
"20336","Group Home Support - Medication Management","PrimeCare Pharmacy","78247"
"6275","Spiritual Services","Primera Iglesia Bautista Mexicana","78228"
"9449","Spiritual Services","Primera Iglesia Cristiana de San Antonio Un Nuevo Comienzo","78207"
"15783","Medical Equipment and Supplies","Primo Medical Supplies","78251"
"9938","KDO Summer with Jesus","Prince of Peace Catholic Church","78251"
"6052","Spiritual Services","Prince of Peace Catholic Church","78251"
"14879","Poet's Walk Memory Care Community","Priority Life Care","78249"
"12560","Volunteer and Support","Prison Fellowship Ministries",
"11540","Broadway Place","Private-Dement Management Co","78217"
"6635","Spiritual Services","Progressive Missionary Baptist Church","78202"
"20473","Senior Home Visit Program","Project 10:27","78070"
"14503","Volunteer and Support Opportunities","Project 10:27","78070"
"18888","Boardrooms for Non-Profit Organizations","Project MEND","78238"
"1037","Medical Equipment","Project MEND","78238"
"18889","Mend Days","Project MEND","78238"
"1039","Project MEND Kids","Project MEND","78238"
"1036","Project MEND Warehouse","Project MEND","78238"
"1038","Veterans Program","Project MEND","78238"
"16550","Volunteer & Support Opportunities","Project MEND","78238"
"16658","Formal Attire","Project Prom Dress San Antonio","78201"
"16659","Program Support","Project Prom Dress San Antonio","78201"
"17322","Business/Finance/Other Professional Services Career Path","Project QUEST, Inc.","78211"
"17323","Education Career Path","Project QUEST, Inc.","78211"
"10493","Healthcare Career Path","Project QUEST, Inc.","78211"
"10494","Information Technology Career Path","Project QUEST, Inc.","78211"
"10492","Trades and Advanced Manufacturing Career Path","Project QUEST, Inc.","78211"
"16797","Volunteer and Support Opportunities","Project QUEST, Inc.","78211"
"1843","After School Elementary Program","Project Transformation Rio Texas",
"1844","Become a Project Transformation Site","Project Transformation Rio Texas","78213"
"8441","Volunteer Opportunities","Project Transformation Rio Texas","78213"
"12762","Arden Courts of San Antonio","ProMedica Senior Care","78231"
"15196","Afterschool Care","Promesa Academy Charter School","78207"
"15198","Special Education Services","Promesa Academy Charter School","78207"
"16573","ABA Parent Training","Promise Center for Autism","78247"
"16578","ADOS-2 Testing","Promise Center for Autism","78247"
"16569","Community Outreach","Promise Center for Autism","78247"
"16574","Consultation","Promise Center for Autism","78247"
"16568","Extensive Therapy","Promise Center for Autism","78247"
"16577","Feeding Program","Promise Center for Autism","78247"
"16567","Intensive Therapy","Promise Center for Autism","78247"
"16575","Occupational Therapy","Promise Center for Autism","78247"
"16570","School Services","Promise Center for Autism","78247"
"16576","Speech Therapy","Promise Center for Autism","78247"
"17867","PERMA+","Proof Positive Autism Wellbeing Alliance",
"17869","Skills and Resources","Proof Positive Autism Wellbeing Alliance",
"7043","Westside Small Business Helpline","Prosper West San Antonio","78237"
"6732","Food Pantry","Prospera HCS @ Oak Manor Apartments","78218"
"16375","Support Opportunities","Prospera HCS @ Oak Manor Apartments","78217"
"11063","Arbor Place Apartments","PROSPERA Housing Community Services","78213"
"2801","Arbors at West Avenue Apartments","PROSPERA Housing Community Services","78213"
"2825","Bavarian Manor Apartments","PROSPERA Housing Community Services","78130"
"15215","Country Club Village Apartments","PROSPERA Housing Community Services","78229"
"14270","Frio Apartments","PROSPERA Housing Community Services","78061"
"2823","Guild Park Apartments","PROSPERA Housing Community Services","78211"
"2822","La Risa Apartments","PROSPERA Housing Community Services","78201"
"11002","Las Palmas Garden Apartments","PROSPERA Housing Community Services","78237"
"2821","Las Palmas Gardens","PROSPERA Housing Community Services","78237"
"15225","Montabella Pointe Apartments","PROSPERA Housing Community Services","78244"
"11338","Oak Manor Apartments","PROSPERA Housing Community Services","78218"
"8504","Program Support & Sponsorship","PROSPERA Housing Community Services","78217"
"2818","Renaissance Village Apartments","PROSPERA Housing Community Services","78218"
"11279","Robert E. Lee Apartments","PROSPERA Housing Community Services","78205"
"2817","Seguin Manor Apartments","PROSPERA Housing Community Services","78155"
"2816","Sutton Square Duplexes","PROSPERA Housing Community Services","78228"
"14508","Terraces at Haven for Hope Apartments","PROSPERA Housing Community Services","78207"
"2809","The Starling Apartments","PROSPERA Housing Community Services","78251"
"14268","Village at Nogalitos Apartments","PROSPERA Housing Community Services","78211"
"14269","Village at Roosevelt Apartments","PROSPERA Housing Community Services","78210"
"19555","Village at the Loop Apartments","PROSPERA Housing Community Services","78217"
"2807","Village Circle Apartments","PROSPERA Housing Community Services","78130"
"2804","Vista Verde Apartments","PROSPERA Housing Community Services","78207"
"2800","West Durango Apartments","PROSPERA Housing Community Services","78237"
"6619","Spiritual Services","Prosperity in Christ Church","78221"
"18297","Certification Training and CEU Credits for Peer Specialist and their Supervisors","Prosumers of San Antonio","78217"
"13956","Journaling Group","Prosumers of San Antonio",
"13957","Laughing Yoga","Prosumers of San Antonio",
"7461","Let's Talk","Prosumers of San Antonio",
"7462","Mindfulness Activities","Prosumers of San Antonio",
"1376","Prosumers Meeting (Peer Support)","Prosumers of San Antonio","78217"
"7466","Prosumers Social","Prosumers of San Antonio","78217"
"8070","Volunteer Opportunities","Prosumers of San Antonio","78217"
"7459","WOOP","Prosumers of San Antonio","78217"
"7455","Spiritual Services","Protestant Episcopal Church Dba Episcopal Diocese West","78209"
"10709","Spiritual Services","Providence Missionary Baptist Church","78227"
"2586","Day Habilitation Program","Providence Northeast","78217"
"9956","Foster Care & Private Adoptions","Providence Place","78232"
"9961","Mental Health Services","Providence Place","78232"
"9957","Parenting with a Purpose","Providence Place","78240"
"9962","Volunteer Opportunities","Providence Place","78240"
"18377","Adolescent Psychiatry","Psychiatric Care for Kids, Teens, and Adults","78006"
"18378","Adult Psychiatry","Psychiatric Care for Kids, Teens, and Adults","78006"
"18376","Child Psychiatry","Psychiatric Care for Kids, Teens, and Adults","78006"
"18375","Telemedicine","Psychiatric Care for Kids, Teens, and Adults",
"17856","Mental Health Therapy Programs","Psyhcosomatic Institute","78213"
"17857","Outpatient Mental Health Programs","Psyhcosomatic Institute","78213"
"8052","Combat Trauma Helpline","PTSD Foundation of America",
"20435","Combat Trauma Help Line","PTSD Foundation of America - San Antonio",
"20436","Donate to the San Antonio Chapter","PTSD Foundation of America - San Antonio",
"17629","Warrior Group","PTSD Foundation of America - San Antonio","78229"
"9267","Funeral Planning - Northeast","Puente & Sons Funeral Chapels","78233"
"9266","Funeral Planning - South","Puente & Sons Funeral Chapels","78204"
"9268","Grief Resources","Puente & Sons Funeral Chapels",
"8795","Spiritual Services","Puerta de Restauracion","78240"
"9417","Spiritual Services","Puerta La Hermosa Baptist Church","78221"
"17658","Free WI-FI Hotspot","Pullman Market","78215"
"17568","ABLE Accounts","purple",
"15910","Foster Care Counseling","Pursuit of Happiness",
"15909","Geriatric Counseling-Medicare Age 65+","Pursuit of Happiness",
"4791","Spiritual Services","Pyron Avenue Baptist Church","78214"
"20362","Suicide Prevention Training","QPR Institute",
"11533","Broadstone Colonnade","Quantum Leap Property Mangement","78230"
"11239","Lark Apartments","Quantum Leap Property Mangement","78213"
"11296","Silver Creek Apartments","Quantum Leap Property Mangement","78240"
"11551","The Benton Apartment Homes","Quantum Leap Property Mangement","78249"
"11655","The Colony Uptown","Quantum Leap Property Mangement","78216"
"20228","Employer Drug Screening at Quest Diagnostics - Creekside","Quest Diagnostics","78233"
"20231","Employer Drug Screening at Quest Diagnostics - Inside Oaklawn Road Walmart Store","Quest Diagnostics","78064"
"20230","Employer Drug Screening at Quest Diagnostics - Inside Singing Oaks Walmart Store","Quest Diagnostics","78070"
"20227","Employer Drug Screening at Quest Diagnostics, Bandera Road","Quest Diagnostics","78238"
"20225","Employer Drug Screening at Quest Diagnostics, Hardy Oak","Quest Diagnostics","78229"
"20226","Employer Drug Screening at Quest Diagnostics, Hardy Oak","Quest Diagnostics","78258"
"16865","Employer Drug Screening at Quest Diagnostics, Oak Hills PSC","Quest Diagnostics","78229"
"16870","Employer Drug Screening at Quest Diagnostics, Schertz","Quest Diagnostics","78154"
"20224","Employer Drug Screening at Quest Diagnostics, Walmart Supercenter","Quest Diagnostics","78211"
"18573","Incontinence Wrap for Men","QuickChange Incontinence Wrap",
"15528","Riding Camps","R.O.P.E.R (Riding Opportunities Promoting Exceptional Riders)","78223"
"6254","Antoinette's Closet","R3 Student Outreach","78237"
"6250","CSR Certification","R3 Student Outreach","78237"
"10953","Mentoring","R3 Student Outreach","78237"
"6249","R3 Excel","R3 Student Outreach","78237"
"6252","Student Food Pantry","R3 Student Outreach","78237"
"1938","Student Resources","R3 Student Outreach","78237"
"1932","Student Success Center","R3 Student Outreach","78237"
"6253","The Williams Family Initiative","R3 Student Outreach","78237"
"8505","Volunteer Opportunities","R3 Student Outreach","78237"
"9602","Organizing for Change","Radical Registrars",
"9601","Voter Support","Radical Registrars",
"1381","Little Medical School","Raeme's Transition Services","78212"
"1380","Transition Services","Raeme's Transition Services","78212"
"11764","Asylum Seekers","RAICES - Refugee and Immigrant Center for Education and Legal Services","78216"
"11772","Canopy Hotline","RAICES - Refugee and Immigrant Center for Education and Legal Services",
"11766","DACA Renewals","RAICES - Refugee and Immigrant Center for Education and Legal Services","78216"
"11768","Detention Bond Program","RAICES - Refugee and Immigrant Center for Education and Legal Services","78216"
"11767","Legal Representation for Families and Children","RAICES - Refugee and Immigrant Center for Education and Legal Services","78216"
"17352","Refugee Client Services","RAICES - Refugee and Immigrant Center for Education and Legal Services","78216"
"11765","Removal Defense","RAICES - Refugee and Immigrant Center for Education and Legal Services","78216"
"11763","Residency and Citizenship Services","RAICES - Refugee and Immigrant Center for Education and Legal Services","78216"
"17353","Rights Advocacy","RAICES - Refugee and Immigrant Center for Education and Legal Services","78216"
"16425","Support Opportunities","RAICES - Refugee and Immigrant Center for Education and Legal Services",
"5674","Interfaith and Intercultural Dialogue","Raindrop Foundation San Antonio","78230"
"7553","Raindrop Ensemble","Raindrop Foundation San Antonio","78230"
"17373","Volunteer & Support Opportunities","Raindrop Foundation San Antonio","78230"
"7554","Youth Development Center","Raindrop Foundation San Antonio","78230"
"7918","National Sexual Assault Hotline","RAINN - Rape, Abuse & Incest National Network",
"1009","Food Pantry","Randolph Area Christian Assistance Program (RACAP)","78154"
"8506","Program Support & Sponsorship","Randolph Area Christian Assistance Program (RACAP)","78154"
"1010","Rent Assistance","Randolph Area Christian Assistance Program (RACAP)","78154"
"1012","Utility Assistance","Randolph Area Christian Assistance Program (RACAP)","78154"
"13796","Spiritual Services","Randolph Church of Christ","78148"
"417","Counseling Services","Ransomed Life","78259"
"416","Prevention Education","Ransomed Life","78259"
"8507","Volunteer Opportunities","Ransomed Life","78259"
"9092","Raphael Community Free Clinic","Raphael Community Free Clinic","78028"
"1378","Low Cost Immigration Support Services","Rays of Freedom","78207"
"8508","Volunteer Opportunities","Rays of Freedom","78207"
"6668","Spiritual Services","Rays of Hope Community Church","78237"
"14452","Christian Village Apartments","RC Management","78238"
"18895","Ensemble Apartments","RC Management","78216"
"11033","O'Keefe Garden Brook Apartments","RC Management","78245"
"19998","Villa De Amistad Senior Homes","RC Management","78214"
"11598","Granada Senior Living","RC Management LLC","78205"
"19922","Counseling Services","Re-Start to Re-Adjust Counseling","78221"
"19394","Anxiety Support Groups Online","re:MIND",
"19393","Bipolar Support Groups Online","re:MIND",
"19392","Depression Support Groups Online","re:MIND",
"19401","How To Support Struggling Loved Ones","re:MIND",
"19395","Suicide Prevention Information","re:MIND",
"19399","Virtual Support Group Finder","re:MIND",
"17387","Client  Services","REACH Peer Support Services","78245"
"17386","Mental Health Peer Support","REACH Peer Support Services","78245"
"17388","Military Resources","REACH Peer Support Services","78245"
"2588","Home and Community Services (HCS)","Reaching Maximum Independence (RMI)","78218"
"2590","Host Home Companion (Foster Care)","Reaching Maximum Independence (RMI)","78218"
"2587","Intermediate Care Facility (ICF)","Reaching Maximum Independence (RMI)","78218"
"2592","Life Enrichment Day Program","Reaching Maximum Independence (RMI)","78218"
"2589","Semi-Independent Apartment Living","Reaching Maximum Independence (RMI)","78218"
"2591","Supported Employment","Reaching Maximum Independence (RMI)","78218"
"2851","Supported Home Living","Reaching Maximum Independence (RMI)","78218"
"6530","Helping Hands Food Pantry","Rebecca Creek Baptist Church","78070"
"6529","Spritual Services","Rebecca Creek Baptist Church","78070"
"18721","RTASA's Community Revitalization Partnerships (CRP)","Rebuilding Together Austin San Antonio","78745"
"18720","Safe and Healthy Housing Programs","Rebuilding Together Austin San Antonio","78745"
"15966","Affinity Group Meeting Finder","Recovery Dharma Online (RDO)",
"9443","Find a Virtual Meeting","Recovery International",
"8475","Family Member Meetings","RecoveryWerks!","78130"
"8476","Sibling Meeting","RecoveryWerks!","78130"
"8473","Teen Recovery Meetings","RecoveryWerks!","78130"
"8474","Young Adult Meetings","RecoveryWerks!","78130"
"13446","Spiritual Services","Red Roof Church - St. Paul Lutheran Church of Bulverde","78163"
"17657","ADA Amenities","Red Roof PLUS+","78205"
"17656","Free Wi-Fi Hotspot - Downtown Riverwalk Location","Red Roof PLUS+","78205"
"16138","Spiritual Services","Redeemed Christian Church of God Restoration Chapel San Antonio","78217"
"6281","Spiritual Services","Redeemed Christian Church Salvation Center","78238"
"13901","Spiritual Services","Redeemer Lutheran Church","78201"
"3581","Spiritual Services","Redeemer Presbyterian Church","78215"
"6282","Spiritual Services","Redeemer’s Praise Church","78203"
"9568","Spiritual Services","Redeeming Grace AME Zion Church","78210"
"6420","Spiritual Services","Redeeming Grace Church","78244"
"20223","Drug Testing","RediTesting","78230"
"15330","4000 Horizon Hill","REEP Equity","78229"
"13383","Castle Hills Townhomes","REEP Equity","78213"
"13779","Hillcreste At Thousand Oaks","REEP Equity","78232"
"11400","Knoll Crest Apartments","REEP Equity","78240"
"11091","Ridge at Southcross Apartments","REEP Equity","78223"
"14326","Seville Apartments","Reep Residential","78216"
"14342","Sky at Salado Creek","Reep Residential","78216"
"13376","The Camaron Townhomes & Flats","Reep Residential","78240"
"14459","The Summit Of Thousand Oaks","Reep Residential","78232"
"5673","ID Recovery","Reflection International Ministries","78130"
"15622","Spiritual Services","Refuge Church Of Our Lord Jesus Christ","78210"
"17231","Captioning and Descriptive Video - Regal Alamo Quarry","Regal Theatres","78209"
"17234","Captioning and Descriptive Video - Regal Cielo Vista","Regal Theatres","78238"
"17233","Captioning and Descriptive Video - Regal Huebner Oaks","Regal Theatres","78230"
"17235","Captioning and Descriptive Video - Regal Live Oak","Regal Theatres","78233"
"17229","Captioning and Descriptive Video - Regal Northwoods","Regal Theatres","78232"
"17225","My Way Matinee - Sensory Friendly Movies","Regal Theatres","78209"
"17237","Wheelchair Accessible - Regal Alamo Quarry","Regal Theatres","78209"
"17239","Wheelchair Accessible - Regal Cielo Vista","Regal Theatres","78238"
"17238","Wheelchair Accessible - Regal Huebner Oaks","Regal Theatres","78230"
"17240","Wheelchair Accessible - Regal Live Oak","Regal Theatres","78233"
"17230","Wheelchair Accessible - Regal Northwoods","Regal Theatres","78232"
"13349","Avita Alamo Heights Apartments","Regency Property Management","78209"
"13990","Spiritual Services","Regeneration Ministries","78227"
"11697","Brain Injury Rehabilitation at Outpatient Neuro Therapy Center","Rehab Without Walls","78216"
"11696","Brain Injury Rehabilitation at SA Home and Community Rehab","Rehab Without Walls","78216"
"11702","Neuro Rehabilitation at Outpatient Neuro Therapy Center","Rehab Without Walls","78216"
"11703","Neuro Rehabilitation at SA Home & Community Rehab","Rehab Without Walls","78216"
"11695","Outpatient Neuro Therapy Center - San Antonio","Rehab Without Walls","78216"
"11705","Post Intensive Care Syndrome (PICS) at Outpatient Neuro Therapy Center","Rehab Without Walls","78216"
"11704","Post Intensive Care Syndrome (PICS) at SA Home and Community Rehab","Rehab Without Walls","78216"
"11694","San Antonio Home and Community Rehab Services","Rehab Without Walls","78216"
"11698","Spinal Cord Injury Rehabilitation at Outpatient Neuro Therapy Center","Rehab Without Walls","78216"
"11699","Spinal Cord Injury Rehabilitation at SA Home and Community Rehab","Rehab Without Walls","78216"
"11701","Stroke Rehabilitation at Outpatient Neuro Therapy Center","Rehab Without Walls","78216"
"11700","Stroke Rehabilitation at SA Home and Community Rehab","Rehab Without Walls","78216"
"9942","Blog","Rehabs.org",
"9941","Paying for Rehab","Rehabs.org",
"9940","Rehab & Treatment","Rehabs.org",
"17221","Adventure Into Wellness","RelateAbility, PLLC","78232"
"11349","Oaks on Clark","Related Companies","78223"
"11372","River Trails Apartments","Related Companies","78214"
"17321","Reliable Staffing New Braunfels","Reliable Staffing","78130"
"13560","Reliance Medical, Inc. Alpine","Reliance Medical, Inc.","79830"
"13561","Reliance Medical, Inc. Presidio","Reliance Medical, Inc.","79845"
"12997","Couples Therapy","Remuda Ranch Counseling Services, PLLC","78250"
"12999","Group Counseling","Remuda Ranch Counseling Services, PLLC","78250"
"12996","Individual Counseling","Remuda Ranch Counseling Services, PLLC","78250"
"18330","Home Repair and Rehabilitation","ReNew San Antonio","78269"
"19346","Spiritual Services","Renewed Families","78207"
"15971","Dog Rescue","Rescue Pets Serving San Antonio","78154"
"19993","Emerald Oaks Retirement Resort","Resort Lifestyle Communities","78259"
"311","Developmental Childcare Programs","Respite Care of San Antonio","78212"
"18421","IDD Champions Community Study","Respite Care of San Antonio",
"15609","Residential Children's Homes","Respite Care of San Antonio","78212"
"8053","Respite Care of San Antonio Day Out","Respite Care of San Antonio","78212"
"10971","Respite Care of San Antonio Night Out","Respite Care of San Antonio","78212"
"8054","Respite Care of San Antonio Weekend Out","Respite Care of San Antonio","78212"
"15527","School Break Camp","Respite Care of San Antonio","78212"
"10972","Virtual and Family Support Services","Respite Care of San Antonio",
"16532","Volunteer and Support Oppotunities","Respite Care of San Antonio","78212"
"15318","120 Ninth Street","ResPROP Management","78215"
"13480","Edge Studio Apartments","ResPROP Management","78240"
"14003","Mission Villas","ResPROP Management","78214"
"11557","The Blair At Bitters","ResPROP Management","78216"
"13769","The Henry B","ResPROP Management","78230"
"11290","The Jackson Apartment Homes","ResPROP Management","78230"
"8840","Spiritual Services","Restoration Christian Church","78225"
"19230","Geriatric Home Health Services","Restorative Health Care","78240"
"19229","Pediatric Services and Specialty Services","Restorative Health Care","78240"
"19231","Private Assisted Services","Restorative Health Care","78240"
"8249","Adult Psychotherapy","Restore Behavioral Health, PLLC","78258"
"8247","Child and Adolescent Therapy","Restore Behavioral Health, PLLC","78258"
"8248","Family Systems Therapy","Restore Behavioral Health, PLLC","78258"
"8250","Group Therapy","Restore Behavioral Health, PLLC","78258"
"8246","Psychological and Neuropsychological Testing","Restore Behavioral Health, PLLC","78258"
"12693","Veterans Service Program","Restore Behavioral Health, PLLC","78258"
"1871","Career Readiness and Training","Restore Education","78212"
"1870","College Readiness and Support","Restore Education","78212"
"20349","Eastside Center for Excellence","Restore Education","78220"
"3340","English Language Classes","Restore Education","78212"
"3346","High School Equivalency (GED) Preparation","Restore Education","78212"
"8509","Volunteer and Support Opportunities","Restore Education","78212"
"15714","Adoption Referrals","Restore Reproductive Health","78861"
"15712","Material Assistance","Restore Reproductive Health","78861"
"16643","Mobile Medical Clinic","Restore Reproductive Health","78861"
"16642","Padre Program","Restore Reproductive Health",
"15715","Parental Training","Restore Reproductive Health","78861"
"15713","Pregnancy Counseling","Restore Reproductive Health","78861"
"15716","Pregnancy Loss Support","Restore Reproductive Health","78861"
"15710","Pregnancy Testing","Restore Reproductive Health","78861"
"15717","Recovery from Sexual Assault / Abuse Trauma","Restore Reproductive Health","78861"
"15711","Ultrasound Services","Restore Reproductive Health","78861"
"10835","Adoption Angels","Resurrection Baptist Church",
"10832","Fishing Life Group","Resurrection Baptist Church","78154"
"10834","God's Hands","Resurrection Baptist Church",
"9279","GriefShare","Resurrection Baptist Church","78154"
"10836","Military Women Life Group","Resurrection Baptist Church","78154"
"10837","Resurrection Riders","Resurrection Baptist Church","78154"
"6697","Spiritual Services - Redland Oaks Campus","Resurrection Baptist Church","78247"
"6625","Spiritual Services - Schertz Campus","Resurrection Baptist Church","78154"
"6031","Spiritual Services","Resurrection of the Lord Catholic Church","78227"
"2508","Food Pantry","Resurrection UMC","78263"
"15618","Spiritual Services","Resurrection UMC","78263"
"7097","Food Bank Ministry","Resurrection United Methodist Church","78263"
"7106","Spiritual Services","Resurrection United Methodist Church","78263"
"18693","Austin Retina Specialists","Retina Consultants of Texas","78705"
"18762","Brown Retina Institute","Retina Consultants of Texas","78251"
"18763","Retina Consultants of Texas (Kerrville location)","Retina Consultants of Texas","78028"
"18692","Retina Specialists of Texas (Fredericksburg location)","Retina Consultants of Texas","78624"
"11813","Medication Assisted Treatment (MAT)","Retreat4Kids","78006"
"11814","Residential Detox and Rehabilitation Program","Retreat4Kids","78006"
"16170","Residential Program and Services (RTC)","Retreat4Kids","78006"
"13934","Christian-Based Counseling","Revelation Counseling Services","78207"
"13949","Counseling Services","Revelation Counseling Services","78207"
"13931","Immigration Evaluations","Revelation Counseling Services","78207"
"11024","Bexton Place","RHF Property Management","78226"
"11232","Darson Marie Terrace","RHF Property Management","78226"
"18927","Daycare Program","Rhonda Lou Rotge Home Daycare","76849"
"13562","Prepaid Office Visits","Richard Gluck, D.O.","79830"
"19073","ADA-Accessible Rides","Ride Connect Texas","78228"
"61","Volunteer Assisted Rides","Ride Connect Texas","78228"
"6521","Spiritual Services","Right Way Baptist Church","78203"
"13570","Care Coordination—Rio Grande Area Agency on Aging","Rio Grande Area Agency on Aging","79843"
"13906","Resources for Resilience, Growth, and Service","Rio Texas Conference of The United Methodist Church",
"13659","Dual Diagnosis","Ripple Ranch Recovery Center","78070"
"13662","Medication-Assisted Treatment (MAT)","Ripple Ranch Recovery Center","78070"
"13658","Mental Health Treatment","Ripple Ranch Recovery Center","78070"
"13657","Substance Use Disorder Treatment","Ripple Ranch Recovery Center","78070"
"18043","Couples Group","Rise Church",
"18044","Ladies Crocheting","Rise Church","78023"
"10843","New Family Dinner","Rise Church","78023"
"6506","Spiritual Services","Rise Church","78023"
"16369","Counseling Services","Rise Counseling and Coaching LLC",
"16370","Disability Advocacy and Coaching","Rise Counseling and Coaching LLC",
"1357","Individual and Family Recovery","Rise Recovery","78230"
"7128","Recovery Helpline","Rise Recovery",
"1356","Recovery Training and Education","Rise Recovery","78230"
"9331","Rise Inspire Academy","Rise Recovery","78230"
"10712","Rise Recovery Telehealth","Rise Recovery",
"1358","Stipulated Program","Rise Recovery","78230"
"1352","The Charlie Naylor Campus","Rise Recovery","78230"
"16790","Volunteer and Support Opportunities","Rise Recovery","78230"
"15535","Admission and Financial Aid","Rise School of San Antonio","78207"
"15341","Family Resources","Rise School of San Antonio",
"19650","Rise School - Early Education Program","Rise School of San Antonio","78207"
"15534","Volunteer","Rise School of San Antonio","78207"
"10184","Spiritual Services","Risen Community Church of Uvalde","78801"
"6426","Spiritual Services","Rising Star Missionary Baptist Church","78202"
"15654","Spiritual Services","Rissho Kosei-Kai Buddhist Center of San Antonio","78240"
"12140","Kodo Practice","Rissho Kosei-Kai Buddhist Church of San Antonio","78240"
"12144","Native American Drum Circle","Rissho Kosei-Kai Buddhist Church of San Antonio","78240"
"12142","Recovery Meeting","Rissho Kosei-Kai Buddhist Church of San Antonio","78240"
"12139","Saturday Meditation","Rissho Kosei-Kai Buddhist Church of San Antonio","78240"
"6970","Sunday Services","Rissho Kosei-Kai Buddhist Church of San Antonio","78240"
"12141","Veteran's Group","Rissho Kosei-Kai Buddhist Church of San Antonio","78240"
"19384","Pharmacy and Medical Supplies - Castroville Rd","Rite Away Pharmacy","78207"
"19381","Pharmacy and Medical Supplies - Military Dr","Rite Away Pharmacy","78224"
"19382","Pharmacy and Medical Supplies - Thousand Oaks Dr","Rite Away Pharmacy","78232"
"19383","Specialty Pharmacy and Medical Supplies - Thousand Oaks Dr","Rite Away Pharmacy","78232"
"20270","Volunteer & Support Opportunities","River Aid San Antonio",
"8503","Art and Creative Expression","River City Advocacy & Counseling Center","78130"
"8496","Counseling for Veterans","River City Advocacy & Counseling Center","78130"
"8495","Counseling Services - Individual, Couples, Family","River City Advocacy & Counseling Center","78130"
"8500","General Support Group","River City Advocacy & Counseling Center","78130"
"8501","Life Skills Group","River City Advocacy & Counseling Center","78130"
"8499","Veteran's Support Group","River City Advocacy & Counseling Center","78130"
"8497","Women's Support Group","River City Advocacy & Counseling Center","78130"
"6680","Mother's Day Out","River City Community Church","78154"
"2514","Real Life Community Outreach","River City Community Church","78154"
"6681","River City Believers Academy","River City Community Church","78154"
"6677","Spritual Services","River City Community Church","78154"
"6678","Volunteer Opportunities","River City Community Church","78154"
"12811","Caring Companionship","River City Home Care","78216"
"12810","Errand and Homemaker Services","River City Home Care","78216"
"12812","Medical Alert System","River City Home Care","78216"
"12809","Personal Care and Activities of Daily Living","River City Home Care","78216"
"14897","Resources","River City Hospice",
"5584","Methadone Maintenance Treatment","River City Rehabilitation Center","78214"
"4656","Spiritual Services","River of Life Church","78223"
"13197","Anger Management Classes","Riverbend Counseling","78130"
"13196","Anxiety Management","Riverbend Counseling","78130"
"13195","Family Counseling","Riverbend Counseling","78130"
"13198","Group Therapy","Riverbend Counseling","78130"
"19238","Pediatric Home Health Services","RiverKids Pediatric Home Health",
"14994","Volunteer and Support Opportunities","Rivers of Hope Ministries","78240"
"6318","Spiritual Services","Riverside Baptist Church","78210"
"8472","Spiritual Services","Riverside Community Church","78163"
"17174","Youth Force","Riverside Pride",
"8416","Individual Therapy","Robert Zachary, PhD","78218"
"8415","Psychological Testing","Robert Zachary, PhD","78218"
"16737","Art Empowerment","Rock Haus Foundation","78130"
"16738","Dance and Movement","Rock Haus Foundation","78130"
"16736","Music Enrichment Program","Rock Haus Foundation","78130"
"16733","Parent Advocacy Group","Rock Haus Foundation","78130"
"16739","Zumba - Chair Based","Rock Haus Foundation","78130"
"6456","Spiritual Services","Rock of Faith Missionary Baptist Church","78109"
"1264","Rolling Inspiration—Encompass Health","Rolling Inspiration","78240"
"1265","Rolling Inspiration—Warm Springs","Rolling Inspiration","78240"
"16691","Ways to Give","Rolling Inspiration","78240"
"10856","Disabled Veterans of America","Rolling Oaks Baptist Church","78233"
"6554","Fifth Wednesday Church-wide Fellowship Meal","Rolling Oaks Baptist Church","78233"
"6555","Food Bank Distribution Ministry","Rolling Oaks Baptist Church","78233"
"10857","Men Breakfast & Bacon Bible Study","Rolling Oaks Baptist Church","78233"
"6553","Spiritual Services","Rolling Oaks Baptist Church","78233"
"6556","Sports Ministry - Bowling & Softball","Rolling Oaks Baptist Church","78233"
"15273","Charles Katz Location","Ronald MacDonald House Charities of San Antonio","78229"
"15274","Children's Hospital San Antonio Location","Ronald MacDonald House Charities of San Antonio","78207"
"15275","Sid Katz Location","Ronald MacDonald House Charities of San Antonio","78229"
"15206","Refer a Candidate","Room Redux","78132"
"15227","Volunteer and Support","Room Redux","78132"
"19869","Senior Roommate Finder","Roommates.com",
"14009","Mental Health Assessment and  Therapy","Rose A McDonald, PsyD","78209"
"4478","Spiritual Services","Rose of Sharon Ministries","78220"
"19994","Roseville Apartments","Roseville Housing Trust of San Antonio","78220"
"15353","Virtual Counseling","Rosine Atidepe MA LPC",
"18184","Flexible, Affordable Housing","Roundtable Living LLC",
"12378","Round Table","Roundtable Living LLC","78218"
"15267","Bridge Emergency Shelter","Roy Maas Youth Alternatives","78213"
"621","RMYA Family Counseling and Resource Center","Roy Maas Youth Alternatives","78213"
"619","RMYA Meadowland Campus - Long-Term Residential Care","Roy Maas Youth Alternatives","78006"
"620","TurningPoint Transitional Living Program","Roy Maas Youth Alternatives","78213"
"16543","Volunteer & Support Opportunities","Roy Maas Youth Alternatives","78213"
"14168","Park Greene Townhomes","RPM Living","78217"
"11553","The Beverly","RPM Living","78209"
"11081","Thompson Place Apartments","RPM Living","78226"
"13987","Mission Ranch","S&H Realty Management","78240"
"10513","S-Anon Meeting Finder","S-Anon International Family Groups",
"843","San Antonio Monday Night","S-Anon International Family Groups","78249"
"4170","Spiritual Services","SA Central Church of the Nazarene","78201"
"9335","Adult Education (Restore Education) at SA Hope Center Main Campus","SA Hope Center","78237"
"9334","Career Readiness","SA Hope Center","78237"
"958","Financial Literacy","SA Hope Center","78237"
"9339","ID Recovery Assistance at KRL","SA Hope Center","78205"
"9181","ID Recovery Assistance at SA Hope Center Main Campus","SA Hope Center","78237"
"9341","Mentoring at Restore Education","SA Hope Center","78212"
"956","Mentoring at SA Hope Center Main Campus","SA Hope Center","78237"
"9344","Mentoring at the Kingdom Restoration Lab","SA Hope Center","78205"
"962","Positive Parenting","SA Hope Center","78237"
"9328","Texas Benefits Assistance","SA Hope Center","78237"
"9179","Volunteer and Support Opportunities","SA Hope Center","78237"
"2594","ISS Day Activity Program (Mt. Calvary Drive)","SA Life Academy","78209"
"19657","Rising Star Coffee - Career Development Program","SA Life Academy","78209"
"19656","Volunteer Opportunities","SA Life Academy","78209"
"18153","Community Resources","SA MedMatch",
"18152","Find Medical Care","SA MedMatch",
"18410","SOAR Program","SA Youth","78207"
"3296","SOAR!","SA Youth","78207"
"18409","The CALM Clinic","SA Youth","78207"
"19438","The Calm Clinic","SA Youth","78207"
"19437","Therapeutic Services","SA Youth","78207"
"8537","Volunteer and Support Opportunities","SA Youth","78207"
"13371","Broadway Heights","SACRD Housing Finder","78209"
"11280","Cameo Apartments","SACRD Housing Finder","78228"
"13805","Hill Country Place","SACRD Housing Finder","78249"
"14398","Lark San Antonio (Formerly known as Sterling Heights)","SACRD Housing Finder","78256"
"11414","Maverick Apartments","SACRD Housing Finder","78205"
"13985","Mission Hills","SACRD Housing Finder","78258"
"11246","Olivares Senior Community / Ernest M. Olivares Senior Community Residences","SACRD Housing Finder","78207"
"11297","Timber Creek Apartments","SACRD Housing Finder","78227"
"6056","Spiritual Services","Sacred Heart Catholic Church - Comfort","78013"
"6055","Spiritual Services","Sacred Heart Catholic Church - Del Rio","78840"
"3449","Cursillo Movement","Sacred Heart Catholic Church - Floresville","78204"
"3451","Spiritual Direction Ministry","Sacred Heart Catholic Church - Floresville","78114"
"3450","Spiritual Services","Sacred Heart Catholic Church - Floresville","78114"
"6053","Spiritual Services","Sacred Heart Catholic Church - San Antonio","78207"
"6057","Spiritual Services","Sacred Heart Catholic Church - Uvalde","78801"
"6054","Spiritual Services","Sacred Heart of Jesus Catholic Church - Von Ormy","78073"
"17569","Companion Care","Sacred Hearts Assisted Living, LLC",
"17572","Personal Care","Sacred Hearts Assisted Living, LLC",
"17586","Respite Care","Sacred Hearts Assisted Living, LLC",
"17587","Specialized Home Care","Sacred Hearts Assisted Living, LLC",
"17456","Pediatric Dentistry","Safari Children's Dentistry & Braces","78217"
"17454","Special Needs Dentistry","Safari Children's Dentistry & Braces","78217"
"19344","Remote Support for Individuals with Disabilities and Older Adults","SafeinHome",
"19852","Remote Support for Older Adults","SafeinHome",
"19853","Remote Support Services for Adults with IDD","SafeinHome",
"8606","24-Hour Hotline and Safe Shelter","Safer Path Family Violence Shelter","78064"
"12838","Battering Intervention and Prevention Program (BIPP)","Safer Path Family Violence Shelter","78064"
"8608","Begin Again Thrift Store","Safer Path Family Violence Shelter","78064"
"8607","Community Education","Safer Path Family Violence Shelter","78064"
"8609","Volunteer Service Programs","Safer Path Family Violence Shelter","78064"
"2593","Day Habilitation Program","SAFIRE (San Antonio Fitness, Independent and Recreational Environment)","78217"
"20090","Advocacy and Partnerships","SAGE - Advocacy and Services for LGBTQ+",
"20088","SAGE Resource Library","SAGE - Advocacy and Services for LGBTQ+",
"20087","SAGEVentor","SAGE - Advocacy and Services for LGBTQ+",
"20075","SAGEYou","SAGE - Advocacy and Services for LGBTQ+",
"20351","Aging Life Care Management","Sage Care Management","78217"
"20352","Aging Life Care Management - Kerrville","Sage Care Management",
"14520","Adante Assisted Living","Sagora Senior Living","78230"
"19754","Adante Cottages","Sagora Senior Living","78230"
"17236","Adante Independent Living","Sagora Senior Living","78230"
"14379","Adante Memory Care","Sagora Senior Living","78230"
"14886","Assisted Living at Landon Ridge Alamo Ranch","Sagora Senior Living","78253"
"14888","Lynridge of San Antonio Assisted Living & Memory Care","Sagora Senior Living","78248"
"19763","Rio Terra Assisted Living","Sagora Senior Living","78130"
"19757","Rio Terra Cottages","Sagora Senior Living","78130"
"19760","Rio Terra Independent Living","Sagora Senior Living","78130"
"19771","Rio Terra Memory Care","Sagora Senior Living","78130"
"10012","Bereavement Ministry","Saints Peter & Paul Catholic Church - New Braunfels","78130"
"10010","God's Healing Love","Saints Peter & Paul Catholic Church - New Braunfels","78130"
"10011","Life After Loss Grief Support Group","Saints Peter & Paul Catholic Church - New Braunfels","78130"
"10014","Prison Ministry","Saints Peter & Paul Catholic Church - New Braunfels","78130"
"10013","Saints Peter and Paul Thrift Store","Saints Peter & Paul Catholic Church - New Braunfels","78130"
"10015","SOS Food Bank","Saints Peter & Paul Catholic Church - New Braunfels","78130"
"6113","Spiritual Services","Saints Peter & Paul Catholic Church - New Braunfels","78130"
"17170","The Gabriel Project","Saints Peter & Paul Catholic Church - New Braunfels","78130"
"16315","Our Services","Salient Clinical Services","78229"
"4923","Healthy Families and Schools","Salud America!","78229"
"8538","Program Support & Sponsorship","Salud America!","78229"
"9216","Spiritual Services","Salvation & Deliverance Church","78154"
"17337","Spiritual Services","Salvation Army Citadel Corps","78201"
"17336","Spiritual Services","Salvation Army Mission Corps","78211"
"17339","Spiritual Services","Salvation Army San Antonio Center of Hope","78212"
"162","Homelessness Prevention Services","SAMMinistries, Inc.","78216"
"14070","Homelink Access Point at YASS Center","SAMMinistries, Inc.","78213"
"161","Permanent Supportive Housing","SAMMinistries, Inc.","78213"
"163","Rapid Re-Housing","SAMMinistries, Inc.","78212"
"7959","SAMMExpress Donation Center","SAMMinistries, Inc.","78216"
"13827","The Hudson Apartments","SAMMinistries, Inc.","78216"
"160","Transitional Housing","SAMMinistries, Inc.","78216"
"7958","Veterans' Housing Stability Program","SAMMinistries, Inc.","78213"
"7963","Volunteer Opportunities with SAMMinistries","SAMMinistries, Inc.","78213"
"9259","Young Adult Stability and Support (YASS) Center","SAMMinistries, Inc.","78213"
"11833","After School Arts Program","San Anto Cultural Arts","78207"
"11832","Community Mural Program","San Anto Cultural Arts","78207"
"11831","El Placazo Community Newspaper","San Anto Cultural Arts","78207"
"17278","Therapy Sessions","San Antonio Adventure Therapy, PLLC","78232"
"9165","Little Lending Library","San Antonio African American Community Archive and Museum (SAAACAM)","78205"
"9166","SAAACAM Exhibit Space @ La Villita","San Antonio African American Community Archive and Museum (SAAACAM)","78205"
"9167","Volunteer Opportunities","San Antonio African American Community Archive and Museum (SAAACAM)","78205"
"19459","HIV Awareness Classes","San Antonio AIDS Foundation","78208"
"695","HIV/AIDS Prevention and Care Services","San Antonio AIDS Foundation","78208"
"8542","HIV/STD Testing & Outreach","San Antonio AIDS Foundation","78208"
"8539","Meal Cards","San Antonio AIDS Foundation","78208"
"8541","Teen Talk","San Antonio AIDS Foundation","78208"
"19460","The Care Clinic and Pharmacy","San Antonio AIDS Foundation","78208"
"19461","Volunteer Opportunities","San Antonio AIDS Foundation","78208"
"8543","Volunteer Opportunities","San Antonio AIDS Foundation","78208"
"19457","Wrap-Around Services for Individuals Living with HIV","San Antonio AIDS Foundation","78208"
"8540","You're the Cure","San Antonio AIDS Foundation","78208"
"11053","Gillette Square Apartments","San Antonio Alternative Housing Corporation","78221"
"16912","Ways to Give","San Antonio Alternative Housing Corporation","78207"
"12375","Amputee Support Groups","San Antonio Amputee Foundation","78259"
"12374","Amputee Support Services","San Antonio Amputee Foundation","78259"
"16300","Career Resources","San Antonio Apartment Association (SAAA)",
"14444","Nonprofit and Business Support","San Antonio Area African American Community Fund (SAAAACF)","78216"
"14669","Free Will Preparation","San Antonio Area Foundation",
"20019","Generations Over Dinner Initiative","San Antonio Area Foundation","78216"
"8611","Grants","San Antonio Area Foundation","78216"
"8610","Scholarships","San Antonio Area Foundation","78216"
"8604","Successfully Aging and Living in San Antonio (SALSA)","San Antonio Area Foundation","78216"
"8605","Support a Community Initiative","San Antonio Area Foundation","78216"
"17422","Disaster Preparedness Information Sheets","San Antonio Aware and Prepared",
"14589","Disaster-Related Debris Clearing","San Antonio Aware and Prepared","78238"
"17423","Online Emergency Preparedness Training","San Antonio Aware and Prepared",
"6454","Raising Highly Capable Kids","San Antonio Baptist Association (SABA)","78201"
"2484","Adult Inpatient Psychiatric Treatment Programs","San Antonio Behavioral Healthcare Hospital","78240"
"2498","Adult Intensive Outpatient Treatment Programs","San Antonio Behavioral Healthcare Hospital","78240"
"2497","Adult Partial Hospitalization Program","San Antonio Behavioral Healthcare Hospital","78240"
"15580","Child and Adolescent Inpatient Care","San Antonio Behavioral Healthcare Hospital","78240"
"2485","Children and Adolescent Outpatient Mental Health Care and Partial Hospitalization","San Antonio Behavioral Healthcare Hospital","78240"
"2500","Military Services for Active Duty and Veterans","San Antonio Behavioral Healthcare Hospital","78240"
"2486","Substance Abuse and Chemical Dependency Treatment for Adults and Adolescents (9 and older)","San Antonio Behavioral Healthcare Hospital","78240"
"2499","Transcranial Magnetic Stimulation","San Antonio Behavioral Healthcare Hospital","78240"
"12633","Find a Black Doula","San Antonio Black Doula Collective",
"12634","Volunteer","San Antonio Black Doula Collective","78148"
"19462","Animal Botanical Special Needs Summer Camp","San Antonio Botanical Garden","78209"
"19558","Nature Navigator Access Program","San Antonio Botanical Garden","78209"
"6316","Breastfeeding Support","San Antonio Breastfeeding Coalition","78228"
"7973","Assessment","San Antonio Busy Bodies, Inc.","78247"
"599","Day Center and Courtyard","San Antonio Catholic Worker","78219"
"17902","Free Meals","San Antonio Catholic Worker","78219"
"17901","Hospice and Medical Respite Program","San Antonio Catholic Worker","78219"
"8127","Volunteer Opportunities","San Antonio Catholic Worker","78219"
"15784","Charter School Resources","San Antonio Charter Moms","78212"
"8798","Spiritual Services","San Antonio Christian Church","78247"
"232","Dental Care Program","San Antonio Christian Dental Clinic","78207"
"8544","Volunteer Opportunities","San Antonio Christian Dental Clinic","78207"
"19388","Services to the Homeless Community","San Antonio Church of Hope","78207"
"15653","Volunteer & Support Opportunities","San Antonio Church of Hope","78207"
"11804","1 On 1 Veterans Assistance Program","San Antonio Coalition for Veterans and Families","78223"
"11805","Awareness Through Education","San Antonio Coalition for Veterans and Families","78223"
"11806","Ways to Give Back","San Antonio Coalition for Veterans and Families","78223"
"9133","Food Assistance and Volunteer Opportunities","San Antonio Community Resource Directory (SACRD.org)",
"9120","IDD and Disability Support Portal","San Antonio Community Resource Directory (SACRD.org)",
"12745","Love Should Not Hurt","San Antonio Community Resource Directory (SACRD.org)",
"15286","Older Adult Living Options Made Simple","San Antonio Community Resource Directory (SACRD.org)",
"14149","Request SACRD Pocket Cards","San Antonio Community Resource Directory (SACRD.org)",
"9117","SACRD Housing Services Portal","San Antonio Community Resource Directory (SACRD.org)",
"8200","SACRD Mental Healthcare Portal","San Antonio Community Resource Directory (SACRD.org)",
"13545","SACRD Training Sessions","San Antonio Community Resource Directory (SACRD.org)",
"12011","Adult Intervention: Strong Families P.A.D.R.E Program/Pregnant Parenting Intervention P.P.I. Program","San Antonio Council on Alcohol & Drug Awareness (SACADA)","78227"
"12016","Alcohol Awareness Class (MIP)","San Antonio Council on Alcohol & Drug Awareness (SACADA)","78227"
"16374","Drug Offender Education Program","San Antonio Council on Alcohol & Drug Awareness (SACADA)","78227"
"12017","DWI Education (1st Offense)","San Antonio Council on Alcohol & Drug Awareness (SACADA)","78227"
"20309","DWI Intervention (Multiple Offenses)","San Antonio Council on Alcohol & Drug Awareness (SACADA)","78227"
"12010","HYPE (Helping Youth through Prevention Education)","San Antonio Council on Alcohol & Drug Awareness (SACADA)","78227"
"12019","Marijuana Awareness Education Course (MAEC)","San Antonio Council on Alcohol & Drug Awareness (SACADA)",
"796","Recovery Coaching and Support Services","San Antonio Council on Alcohol & Drug Awareness (SACADA)","78227"
"12009","Request a Presentation","San Antonio Council on Alcohol & Drug Awareness (SACADA)","78227"
"12015","SACADA Resource Center","San Antonio Council on Alcohol & Drug Awareness (SACADA)","78227"
"16373","Victim Impact Panel (VIP)","San Antonio Council on Alcohol & Drug Awareness (SACADA)","78227"
"8072","Volunteer & Support Opportunities","San Antonio Council on Alcohol & Drug Awareness (SACADA)","78227"
"12008","Youth Prevention - High School Age","San Antonio Council on Alcohol & Drug Awareness (SACADA)",
"8349","Child and Teen Counseling - Alamo Ranch Branch","San Antonio Counseling and Behavioral Center","78253"
"8348","Child and Teen Counseling - Stone Oak Branch","San Antonio Counseling and Behavioral Center","78232"
"8352","Evaluations - Alamo Ranch Branch","San Antonio Counseling and Behavioral Center","78253"
"8351","Evaluations - Stone Oak Branch","San Antonio Counseling and Behavioral Center","78232"
"8355","Family Counseling - Alamo Ranch Branch","San Antonio Counseling and Behavioral Center","78253"
"8354","Family Counseling - Stone Oak Branch","San Antonio Counseling and Behavioral Center","78232"
"8359","Individual Counseling - Alamo Ranch Branch","San Antonio Counseling and Behavioral Center","78253"
"8358","Individual Counseling - Stone Oak Branch","San Antonio Counseling and Behavioral Center","78232"
"8362","Relationship Counseling - Alamo Ranch Branch","San Antonio Counseling and Behavioral Center","78253"
"8361","Relationship Counseling - Stone Oak Branch","San Antonio Counseling and Behavioral Center","78232"
"10473","Mental and Behavioral Health Support","San Antonio District AMEC",
"6675","Food Pantry","San Antonio Durango Iglesia Adventista del Séptimo Día","78207"
"6676","Spiritual Services","San Antonio Durango Iglesia Adventista del Séptimo Día","78207"
"11721","@TheIntersection","San Antonio Faith-Based Initiative",
"16036","Compassionate USA Mayors' Guide","San Antonio Faith-Based Initiative",
"11719","Urgent Action Alert System","San Antonio Faith-Based Initiative",
"16400","Fatherhood Hotline","San Antonio Fatherhood Campaign","78228"
"746","Programs and Activities","San Antonio Fatherhood Campaign","78205"
"8550","Sacred Beginnings Birth Services","San Antonio Fatherhood Campaign","78228"
"13020","Fire Safety Training","San Antonio Fire Department (SAFD)",
"16712","Hero Like Her","San Antonio Fire Department (SAFD)","78207"
"13019","Home Safety and Smoke Alarms","San Antonio Fire Department (SAFD)",
"6574","Arts & Culture","San Antonio Fire Museum Society","78205"
"6811","Spiritual Services","San Antonio First Church of the Nazarene","78213"
"5887","Benefits Assistance","San Antonio Food Bank (SAFB)","78227"
"10731","CHEF","San Antonio Food Bank (SAFB)",
"20385","Commodity Supplemental Food Program (CSFP)","San Antonio Food Bank (SAFB)","78227"
"5939","Community Wellness Education","San Antonio Food Bank (SAFB)",
"20348","Farmers' Markets","San Antonio Food Bank (SAFB)",
"728","Food Assistance","San Antonio Food Bank (SAFB)",
"17360","Frio County Food Bank","San Antonio Food Bank (SAFB)","78061"
"5936","Hunters for the Hungry","San Antonio Food Bank (SAFB)","78227"
"2243","Job Training","San Antonio Food Bank (SAFB)","78227"
"20389","Partner with the San Antonio Food Bank","San Antonio Food Bank (SAFB)","78227"
"20386","Pet Food Program","San Antonio Food Bank (SAFB)","78227"
"20341","Project HOPE","San Antonio Food Bank (SAFB)",
"6018","Senior Farmers Market Nutrition Program (SFMNP)","San Antonio Food Bank (SAFB)",
"5941","Tools for Healthy Living","San Antonio Food Bank (SAFB)",
"6269","Volunteer and Support Opportunities","San Antonio Food Bank (SAFB)","78227"
"19218","Drug and Alcohol Rehab","San Antonio for Christ","78211"
"19217","Food Pantry","San Antonio for Christ","78211"
"9614","Spiritual Services","San Antonio for Christ","78211"
"19219","Volunteer Opportunities","San Antonio for Christ","78211"
"12276","Digital Ready Program","San Antonio for Growth on the Eastside (SAGE)","78202"
"12275","SAGE Back Office Program (SBOP)","San Antonio for Growth on the Eastside (SAGE)","78202"
"12279","SAGE Store Front Grant","San Antonio for Growth on the Eastside (SAGE)","78202"
"12278","Small Business Support","San Antonio for Growth on the Eastside (SAGE)","78202"
"20006","Sunshine Plaza","San Antonio Housing Development Corporation","78228"
"8754","Work with Us","San Antonio Housing Trust","78230"
"923","Accessible Computer Lab","San Antonio Independent Living Services (SAILS)","78216"
"918","Advocacy","San Antonio Independent Living Services (SAILS)","78216"
"927","Benefits Assistance","San Antonio Independent Living Services (SAILS)","78216"
"2766","Educational Advocacy","San Antonio Independent Living Services (SAILS)","78216"
"920","Independent Living Skills","San Antonio Independent Living Services (SAILS)","78216"
"919","Information and Referrals","San Antonio Independent Living Services (SAILS)","78216"
"921","Peer Support","San Antonio Independent Living Services (SAILS)","78216"
"924","Recreational and Social Events","San Antonio Independent Living Services (SAILS)","78216"
"926","Services for the Community at Large","San Antonio Independent Living Services (SAILS)","78216"
"925","Services for the Deaf or Deaf and Blind","San Antonio Independent Living Services (SAILS)","78216"
"922","Transitional Services","San Antonio Independent Living Services (SAILS)","78216"
"8561","Volunteer Opportunities","San Antonio Independent Living Services (SAILS)","78216"
"20428","Certified Nursing Assistant (CNA)","San Antonio Independent School District (SAISD)","78207"
"20425","Citizenship Classes","San Antonio Independent School District (SAISD)","78207"
"20426","College Preparation Services","San Antonio Independent School District (SAISD)","78207"
"20430","CompTIA A+","San Antonio Independent School District (SAISD)","78207"
"20429","CompTIA IT Fundamentals+","San Antonio Independent School District (SAISD)","78207"
"20427","Customer Service Specialist (CSS) Certification","San Antonio Independent School District (SAISD)","78207"
"2934","Education Leadership Development","San Antonio Independent School District (SAISD)","78212"
"20424","ESL Classes (English as a Second Language)","San Antonio Independent School District (SAISD)","78207"
"20423","GED Classes","San Antonio Independent School District (SAISD)","78207"
"17786","Get Connected","San Antonio Independent School District (SAISD)","78212"
"20431","Medical Billing and Coding Technician","San Antonio Independent School District (SAISD)","78207"
"10590","Transition Services (Special Education)","San Antonio Independent School District (SAISD)",
"15204","Challah Program","San Antonio Jewish Senior Services","78231"
"15222","G'MACH","San Antonio Jewish Senior Services","78231"
"15203","Transportation Program","San Antonio Jewish Senior Services","78231"
"15205","Volunteer and Support Opportunities with SAJSS","San Antonio Jewish Senior Services","78231"
"6557","Spiritual Services","San Antonio Korean Baptist Church","78217"
"8274","Attorney Volunteer Opportunities","San Antonio Legal Services Association (SALSA)","78212"
"14435","Deed Help Desk","San Antonio Legal Services Association (SALSA)","78205"
"13607","Eviction Appeal Assistance","San Antonio Legal Services Association (SALSA)","78221"
"9923","Free Veterans' Legal Advice Clinic","San Antonio Legal Services Association (SALSA)","78203"
"14471","Haven for Hope Legal Assistance Clinic","San Antonio Legal Services Association (SALSA)","78207"
"9922","Legal Assistance for Small Estates","San Antonio Legal Services Association (SALSA)","78205"
"8275","Non-attorney Volunteer Opportunities","San Antonio Legal Services Association (SALSA)","78212"
"16172","SALSA Eviction Appeal Resource Website","San Antonio Legal Services Association (SALSA)",
"19472","The MAC Advice Clinic","San Antonio Legal Services Association (SALSA)","78233"
"18445","San Antonio Autism Lions Club","San Antonio Lions Club",
"17259","Adult Low Vision Support Group","San Antonio Low Vision Club","78209"
"17262","Bowling","San Antonio Low Vision Club","78209"
"17265","Game Day","San Antonio Low Vision Club","78212"
"17255","Low Vision Club Meetings","San Antonio Low Vision Club","78229"
"6434","Concerts and Collaborations","San Antonio Mastersingers","78269"
"12023","Program Support & Sponsorship","San Antonio Mastersingers","78269"
"4168","Meditation Services","San Antonio Meditation Group of Self-Realization Fellowship","78212"
"3437","Spiritual Services","San Antonio Mennonite Church","78210"
"6339","Scholarships","San Antonio Mexican American Bar Foundation","78283"
"8299","Psychiatric Evaluations","San Antonio Mood Disorder","78205"
"12035","Family Art Time","San Antonio Museum of Art (SAMA)",
"12038","Program Support & Sponsorship","San Antonio Museum of Art (SAMA)","78215"
"12037","Resources & Programs for Adults","San Antonio Museum of Art (SAMA)",
"12036","Resources & Programs for Educators","San Antonio Museum of Art (SAMA)",
"6545","Visit SAMA","San Antonio Museum of Art (SAMA)","78215"
"17178","Wheelchair - Friendly Access","San Antonio Museum of Art (SAMA)","78215"
"10613","21DISCOVERY","San Antonio Museum of Science and Technology (SAMSAT)","78226"
"10612","AREA 21","San Antonio Museum of Science and Technology (SAMSAT)","78226"
"10614","ESports","San Antonio Museum of Science and Technology (SAMSAT)","78226"
"17673","Free Wi-Fi Hotspot","San Antonio Museum of Science and Technology (SAMSAT)","78226"
"6983","SAMSAT Academy","San Antonio Museum of Science and Technology (SAMSAT)",
"6981","SAMSAT Online","San Antonio Museum of Science and Technology (SAMSAT)",
"6982","SAMSAT Spark","San Antonio Museum of Science and Technology (SAMSAT)",
"6979","T.J. Natarajan STEM Summer Camps","San Antonio Museum of Science and Technology (SAMSAT)","78226"
"18049","Ways to Give","San Antonio Museum of Science and Technology (SAMSAT)","78226"
"20192","Street Outreach","San Antonio Nexus Connection (SANC)","78217"
"12636","Annual/Well Person Exams","San Antonio Nurse Midwife","78266"
"12638","Birth, Postpartum and Newborn Care","San Antonio Nurse Midwife","78266"
"12637","Prenatal Care","San Antonio Nurse Midwife","78266"
"1184","Oasis Classes at Bob Ross Senior Center","San Antonio Oasis","78229"
"1186","Oasis Classes at District 2 Senior Center","San Antonio Oasis","78220"
"1185","Oasis Classes at District 5 Multi-Service Senior Center","San Antonio Oasis","78210"
"1188","Oasis Classes at Northeast Senior Center","San Antonio Oasis","78217"
"1193","Oasis Classes at Overlook at Menger Springs","San Antonio Oasis","78006"
"1191","Oasis Classes at Southside Lions Senior Center","San Antonio Oasis","78210"
"11866","Oasis Classes at Walker Ranch Senior Center","San Antonio Oasis","78216"
"11847","Oasis Everywhere","San Antonio Oasis",
"1182","Oasis Intergenerational Tutoring","San Antonio Oasis",
"7588","Silver Connect","San Antonio Oasis","78201"
"9326","Volunteer with San Antonio Oasis","San Antonio Oasis","78201"
"17550","Dentistry Services","San Antonio Pediatric Dentistry & Orthodontics","78247"
"17551","Orthodontic Treatment","San Antonio Pediatric Dentistry & Orthodontics","78247"
"15623","Spiritual Services","San Antonio Pentecostal Church Trust","78227"
"17043","Perinatal Professionals Membership","San Antonio Perinatal Professionals Network",
"17044","Resources","San Antonio Perinatal Professionals Network",
"13277","Disposal of Ammunition and Firearms - Central Substation","San Antonio Police Department (SAPD)","78207"
"13272","Disposal of Ammunition and Firearms - East Side Substation","San Antonio Police Department (SAPD)","78219"
"16366","Disposal of Ammunition and Firearms - N St Mary's Substation","San Antonio Police Department (SAPD)","78212"
"13275","Disposal of Ammunition and Firearms - North Side Substation","San Antonio Police Department (SAPD)","78247"
"13276","Disposal of Ammunition and Firearms - Northwest / Prue Substation","San Antonio Police Department (SAPD)","78240"
"13274","Disposal of Ammunition and Firearms - South Side Substation","San Antonio Police Department (SAPD)","78211"
"13273","Disposal of Ammunition and Firearms - West Side Substation","San Antonio Police Department (SAPD)","78238"
"20","ID Recovery","San Antonio Police Department (SAPD)","78207"
"10528","Northwest / Prue Substation & SAFFE Unit","San Antonio Police Department (SAPD)","78240"
"10525","SAFFE at Central Substation","San Antonio Police Department (SAPD)","78207"
"10526","SAFFE at East Substation","San Antonio Police Department (SAPD)","78219"
"16364","SAFFE at N. St. Mary's Substation","San Antonio Police Department (SAPD)","78212"
"10527","SAFFE at North Substation","San Antonio Police Department (SAPD)","78247"
"10529","SAFFE at South Substation","San Antonio Police Department (SAPD)","78211"
"10530","SAFFE at West Substation","San Antonio Police Department (SAPD)","78238"
"12789","Victim Advocacy at SAPD South Substation","San Antonio Police Department (SAPD)","78211"
"16365","Victims Advocacy at SAPD - N St Mary's Substation","San Antonio Police Department (SAPD)","78212"
"12734","Victims Advocacy at SAPD Central Substation","San Antonio Police Department (SAPD)","78207"
"12819","Victims Advocacy at SAPD East Substation","San Antonio Police Department (SAPD)","78219"
"12820","Victims Advocacy at SAPD North Substation","San Antonio Police Department (SAPD)","78247"
"12788","Victims Advocacy at SAPD Northwest/Prue Substation","San Antonio Police Department (SAPD)","78240"
"12787","Victims Advocacy at SAPD West Substation","San Antonio Police Department (SAPD)","78238"
"13738","Polo Lessons and Community Outreach","San Antonio Polo Club","78260"
"17329","Support the San Antonio Polo Club","San Antonio Polo Club","78260"
"631","Bazan Library","San Antonio Public Library","78207"
"632","Brook Hollow Library","San Antonio Public Library","78232"
"641","Carver Library","San Antonio Public Library","78220"
"633","Central Library","San Antonio Public Library","78205"
"634","Cody Library","San Antonio Public Library","78230"
"635","Collins Garden Library","San Antonio Public Library","78204"
"636","Cortez Library","San Antonio Public Library","78224"
"8161","Device Lending Program for Older Adults at District 2 Senior Center","San Antonio Public Library","78220"
"8163","Device Lending Program for Older Adults at District 5 Senior Center","San Antonio Public Library","78210"
"637","Encino Library","San Antonio Public Library","78259"
"16742","Enhanced Library Card at Bazan Branch Library","San Antonio Public Library","78207"
"16745","Enhanced Library Card at Brook Hollow Branch Library","San Antonio Public Library","78232"
"16746","Enhanced Library Card at Carver Branch Library","San Antonio Public Library","78220"
"16757","Enhanced Library Card at Central Library","San Antonio Public Library","78205"
"16770","Enhanced Library Card at Cody Branch Library","San Antonio Public Library","78230"
"16759","Enhanced Library Card at Collins Garden Branch Library","San Antonio Public Library","78204"
"16747","Enhanced Library Card at Cortez Branch Library","San Antonio Public Library","78224"
"16771","Enhanced Library Card at Encino Branch Library","San Antonio Public Library","78259"
"16760","Enhanced Library Card at Forest Hills Branch Library","San Antonio Public Library","78228"
"16748","Enhanced Library Card at Great Northwest Branch Library","San Antonio Public Library","78250"
"16763","Enhanced Library Card at Guerra Branch Library","San Antonio Public Library","78227"
"16764","Enhanced Library Card at Igo Branch Library","San Antonio Public Library","78249"
"16762","Enhanced Library Card at Johnston Branch Library","San Antonio Public Library","78227"
"16749","Enhanced Library Card at Landa Branch Library","San Antonio Public Library","78212"
"16765","Enhanced Library Card at Maverick Branch Library","San Antonio Public Library","78254"
"16761","Enhanced Library Card at McCreless Branch Library","San Antonio Public Library","78223"
"16751","Enhanced Library Card at Memorial Branch Library","San Antonio Public Library","78228"
"16768","Enhanced Library Card at Mission Branch Library","San Antonio Public Library","78214"
"16753","Enhanced Library Card at Pan American Branch Library","San Antonio Public Library","78221"
"16769","Enhanced Library Card at Parman Branch Library","San Antonio Public Library","78258"
"16773","Enhanced Library Card at Potranco Branch Library","San Antonio Public Library","78245"
"16766","Enhanced Library Card at Pruitt Branch Library","San Antonio Public Library","78218"
"16754","Enhanced Library Card at San Pedro Branch Library","San Antonio Public Library","78212"
"16772","Enhanced Library Card at Schaefer Branch Library","San Antonio Public Library","78222"
"16767","Enhanced Library Card at Semmes Branch Library","San Antonio Public Library","78247"
"16755","Enhanced Library Card at Thousand Oaks Branch Library","San Antonio Public Library","78233"
"16752","Enhanced Library Card at Tobin Branch Library","San Antonio Public Library","78209"
"16756","Enhanced Library Card at Westfall Branch Library","San Antonio Public Library","78201"
"638","Forest Hills Branch Library","San Antonio Public Library","78228"
"639","Great Northwest Library","San Antonio Public Library","78250"
"640","Guerra Library","San Antonio Public Library","78227"
"642","Igo Branch  Library","San Antonio Public Library","78249"
"643","Johnston Branch Library","San Antonio Public Library","78227"
"5644","Kampmann Library","San Antonio Public Library","78205"
"644","Landa Library","San Antonio Public Library","78212"
"20407","Las Palmas Branch Library","San Antonio Public Library","78237"
"11840","Learn at SAPL at Bazan Branch Library","San Antonio Public Library","78207"
"11841","Learn at SAPL at Carver Branch Library","San Antonio Public Library","78220"
"15313","Learn at SAPL at Central Library","San Antonio Public Library","78205"
"11844","Learn at SAPL at Johnston Branch Library","San Antonio Public Library","78227"
"11843","Learn at SAPL at McCreless Branch Library","San Antonio Public Library","78223"
"15312","Learn at SAPL at Memorial Branch Library","San Antonio Public Library","78228"
"11842","Learn at SAPL at Westfall Branch Library","San Antonio Public Library","78201"
"646","Maverick Library","San Antonio Public Library","78254"
"647","McCreless Library","San Antonio Public Library","78223"
"648","Memorial Library","San Antonio Public Library","78228"
"649","Mission Library","San Antonio Public Library","78214"
"650","Pan American Branch Library","San Antonio Public Library","78221"
"651","Parman Library","San Antonio Public Library","78258"
"5645","Potranco Library","San Antonio Public Library","78245"
"5643","Pruitt Library","San Antonio Public Library","78218"
"652","San Pedro Library","San Antonio Public Library","78212"
"653","Schaefer Library","San Antonio Public Library","78222"
"654","Semmes Library","San Antonio Public Library","78247"
"5928","Snack Paks 4 Kids at Bazan Branch Library","San Antonio Public Library","78207"
"5930","Snack Paks 4 Kids at Carver Branch Library","San Antonio Public Library","78220"
"5929","Snack Paks 4 Kids at Memorial Branch Library","San Antonio Public Library","78228"
"5642","Texana/Genealogy","San Antonio Public Library","78205"
"655","Thousand Oaks Library","San Antonio Public Library","78233"
"656","Tobin Library","San Antonio Public Library","78209"
"16517","Universal Changing Places at the Central Library","San Antonio Public Library","78205"
"657","Westfall Library","San Antonio Public Library","78201"
"10658","Intensive Outpatient Program - IOP -San Pedro","San Antonio Recovery Center","78216"
"20289","Medical Detox Program - Cagnon Center","San Antonio Recovery Center","78252"
"10655","Medical Detox Program - Culebra Center","San Antonio Recovery Center","78228"
"10657","Residential Treatment - Cagnon Center","San Antonio Recovery Center","78252"
"10656","Residential Treatment - Culebra Rd","San Antonio Recovery Center","78228"
"10659","SARC Alumni Center","San Antonio Recovery Center","78216"
"2272","Clothing","San Antonio Rescue Mission","78215"
"2274","Food","San Antonio Rescue Mission","78215"
"2273","Good News","San Antonio Rescue Mission","78215"
"250","Men's Shelter","San Antonio Rescue Mission","78215"
"8568","Program Support & Sponsorship","San Antonio Rescue Mission","78215"
"13609","Universal Changing Places at San Pedro Creek Culture Park","San Antonio River Authority","78204"
"7079","Art Along the River","San Antonio River Foundation","78212"
"7078","North American Friendship Garden at Confluence Park","San Antonio River Foundation","78204"
"7080","Volunteer Opportunities","San Antonio River Foundation","78212"
"8696","Spiritual Services","San Antonio Spanish Bynum SDA Church","78211"
"17356","Activate","San Antonio Sports","78203"
"6326","i play! Afterschool","San Antonio Sports",
"10066","Volunteer Opportunities","San Antonio Sports","78203"
"19864","Emotional and Spiritual Support","San Antonio Supportive Care Services","78217"
"19863","Pain and Symptom Management","San Antonio Supportive Care Services","78217"
"19862","Palliative Care Team","San Antonio Supportive Care Services","78217"
"19865","Remote Patient Monitoring","San Antonio Supportive Care Services","78217"
"7048","55+ Senior Tennis Clinics","San Antonio Tennis Association (SATA)","78212"
"7052","Fitness in the Park","San Antonio Tennis Association (SATA)","78212"
"7049","Homeschool Tennis Program","San Antonio Tennis Association (SATA)","78212"
"7050","Junior Team Tennis (JTT)","San Antonio Tennis Association (SATA)","78212"
"6893","Spiritual Services","San Antonio Theo Avenue Baptist Church Sbc","78214"
"10623","Be a Part of San Antonio Threads","San Antonio Threads","78217"
"10622","Emergency Threads","San Antonio Threads","78217"
"10621","Job Readiness Program","San Antonio Threads","78217"
"9332","Shop San Antonio Threads","San Antonio Threads","78217"
"2258","After School Math Tutoring","San Antonio Time Dollar Community Connections","78207"
"14889","Community Table","San Antonio Time Dollar Community Connections","78207"
"8588","Gardening Classes","San Antonio Time Dollar Community Connections","78207"
"2259","Los Vecinos","San Antonio Time Dollar Community Connections","78207"
"2257","Parent-Teacher Math","San Antonio Time Dollar Community Connections","78207"
"2249","Time Dollar Community Food Pantry","San Antonio Time Dollar Community Connections","78207"
"8587","Volunteer and Support Opportunities","San Antonio Time Dollar Community Connections","78207"
"13991","Spiritual Services","San Antonio Unamended Christadelphian Ecclesia","78213"
"763","Agency Referrals","San Antonio Water System (SAWS)","78212"
"6278","Community Pipe Repair Assistance","San Antonio Water System (SAWS)","78212"
"759","Courtesy Hold","San Antonio Water System (SAWS)","78212"
"15031","Courtesy Notice","San Antonio Water System (SAWS)","78212"
"770","Disability Billing/Disabled Veterans Initiative","San Antonio Water System (SAWS)","78212"
"766","Domestic Violence Deposit Waiver","San Antonio Water System (SAWS)","78212"
"769","Laterals to People","San Antonio Water System (SAWS)","78212"
"764","Leak Adjustments","San Antonio Water System (SAWS)","78212"
"768","Plumbers to People","San Antonio Water System (SAWS)","78212"
"762","Reduced Deposit","San Antonio Water System (SAWS)","78212"
"760","Reduced Meter Service Fee","San Antonio Water System (SAWS)","78212"
"761","SAWS Payment Arrangements","San Antonio Water System (SAWS)","78212"
"765","Senior Citizen Billing","San Antonio Water System (SAWS)","78212"
"757","Uplift","San Antonio Water System (SAWS)","78212"
"758","WaterSmart","San Antonio Water System (SAWS)","78212"
"6919","Concert Performances & Ensemble Membership","San Antonio Wind Symphony","78249"
"8712","Program Support & Sponsorship","San Antonio Young Lives","78248"
"425","Young Lives San Antonio","San Antonio Young Lives","78248"
"13232","How to Give","San Antonio Young Womens Leadership Academy Foundation",
"3456","2nd Grade Reading Buddy Program","San Antonio Youth Literacy","78232"
"3457","Corporate Reading Buddy Partnership","San Antonio Youth Literacy","78232"
"8589","Volunteer Opportunities","San Antonio Youth Literacy","78232"
"4132","Beginner’s Instruction in Zen Buddhism","San Antonio Zen Center","78212"
"4131","Dharma Talk","San Antonio Zen Center","78212"
"4133","Half Day Sitting","San Antonio Zen Center","78212"
"4130","Meditation","San Antonio Zen Center","78212"
"18039","Meditation and Recovery","San Antonio Zen Center","78212"
"17263","Sensory Friendly Experience","San Antonio Zoo","78212"
"17264","Universal Changing Places","San Antonio Zoo","78212"
"17266","Wheelchair-Friendly","San Antonio Zoo","78212"
"6058","Spiritual Services","San Fernando Cathedral","78205"
"4099","Spiritual Services","San Francesco di Paola Catholic Church","78207"
"4778","Spiritual Services","San Francisco de la Espada Mission Catholic Church","78214"
"4663","Spiritual Services","San Juan Capistrano Mission","78214"
"4813","Spiritual Services","San Juan de los Lagos Parish & Shrine","78207"
"19345","Dances for Adults with Disabilities","San Marcos Parks and Recreation","78666"
"6059","Spiritual Services","San Martin de Porres Catholic Church","78237"
"4211","Spiritual Services","San Pedro Church of Christ","78216"
"11333","Monticello Manor Apartments","Sandalwood Management, INC","78228"
"14134","Oaks Of Northgate","Sandalwood Management, INC","78240"
"18403","Spiritual Services","Sanford Chapel United Methodist Church","78207"
"6645","Food Bank Distribution and Affordable Clothing Sale","Santa Fe Episcopal  Church","78211"
"6643","Spiritual Services","Santa Fe Episcopal  Church","78211"
"6060","Spiritual Services","Santa Francisca X Cabrini Catholic Church","78214"
"17088","Accessible Moviegoing at Santikos Casa Blanca","Santikos Entertainment","78253"
"13590","Accessible Moviegoing at Santikos Cibilo","Santikos Entertainment","78108"
"17087","Accessible Moviegoing at Santikos Embassy","Santikos Entertainment","78216"
"17086","Accessible Moviegoing at Santikos Galaxy","Santikos Entertainment","78218"
"17085","Accessible Moviegoing at Santikos Mayan Palace","Santikos Entertainment","78221"
"17093","Accessible Moviegoing at Santikos New Braunfels","Santikos Entertainment","78130"
"15544","Accessible Moviegoing at Santikos Northwest","Santikos Entertainment","78230"
"13591","Accessible Moviegoing at Santikos Palladium","Santikos Entertainment","78257"
"17084","Accessible Moviegoing at Santikos Silverado","Santikos Entertainment","78254"
"17083","Accessible Moviegoing at Santikos Westlakes","Santikos Entertainment","78227"
"17092","Sensory-Friendly Movies at Santikos Embassy","Santikos Entertainment","78216"
"17091","Sensory-Friendly Movies at Santikos Galaxy","Santikos Entertainment","78218"
"17094","Sensory-Friendly Movies at Santikos Silverado","Santikos Entertainment","78249"
"17090","Sensory-Friendly Movies Santikos at Mayan Palace","Santikos Entertainment","78221"
"10869","Spiritual Services","Santo Nino Catholic Church","78222"
"17271","Blind and Low-Vision Assistance","SAT - San Antonio International Airport","78216"
"17274","Hidden Disabilities Sunflower Program","SAT - San Antonio International Airport","78216"
"17268","Universal Changing Places","SAT - San Antonio International Airport","78216"
"17270","Wheelchair Assistance","SAT - San Antonio International Airport","78216"
"4812","Spiritual Services","Saved By Grace Gospel Church","78214"
"3310","ALAS (Activating Leadership, Art & Service)","SAY Sí","78207"
"3311","HIVE (Home for Innovation and Video Ecology)","SAY Sí","78207"
"3309","MAS (Media Arts Studio)","SAY Sí","78207"
"3308","Visual Arts","SAY Sí","78207"
"3312","WAM (Working Artists & Mentors)","SAY Sí","78207"
"11291","Horizon Apartments","SBK Asset Management Group, LLC","78218"
"19202","Medicare Advantage Plan","SCAN Health Plan",
"14524","Spiritual Services","Scenic Hills Seventh-day Adventist Church","78250"
"13837","Spiritual Services","Schertz Church of Christ","78154"
"18123","Awana","Schertz First Baptist Church","78154"
"6415","FBS Preschool","Schertz First Baptist Church","78154"
"6414","Spiritual Services","Schertz First Baptist Church","78154"
"9924","Spiritual Services","Schertz United Methodist Church","78154"
"1807","United Methodist Men","Schertz United Methodist Church","78154"
"1808","United Women in Faith","Schertz United Methodist Church","78154"
"12625","Join Our Village","School Connect",
"4159","Join the Village","School Connect SA","78230"
"8230","Counseling Services","Schuenemeyer & Associates","78240"
"8593","SCORE Business Learning Center","SCORE San Antonio","78205"
"520","SCORE for All","SCORE San Antonio","78205"
"8592","Small Business Resilience Hub","SCORE San Antonio",
"8591","The Startup Roadmap","SCORE San Antonio","78205"
"10868","Virtual Conference","SCORE San Antonio",
"8594","Volunteer with SCORE","SCORE San Antonio","78205"
"17414","Oral Sedation & Anesthesia","Scuba Smiles for Kids","78230"
"19607","Sensory Friendly Mornings","Sea Life San Antonio","78205"
"14583","Search and Support Services","Search & Support San Antonio",
"14584","Volunteer and Support Opportunities","Search & Support San Antonio",
"14575","Individual Counseling for Women","Seasons of Life Counseling Center","78232"
"14585","Professional Development for Clinicians","Seasons of Life Counseling Center","78232"
"18124","Community Resources","Second Baptist Church","78220"
"6284","Spiritual Services","Second Baptist Church","78220"
"13123","Disaster Response","Seguin Meetinghouse of The Church of Jesus Christ of Latter-day Saints","78155"
"12554","Seguin Ward","Seguin Meetinghouse of The Church of Jesus Christ of Latter-day Saints","78155"
"19986","Mesquite Trails at Brooks","Seldin Company","78235"
"6285","Spiritual Services","Sendero Assembly of God Church","78238"
"2595","Adult Day Care","Seniors 2000","78228"
"19848","Care Services","Seniors Helping Seniors","78229"
"18253","Sensory Toys, Autism Tools and Therapy Products","Sensory University",
"20052","In-Home Services","Serenity Hospice and Palliative Care",
"19057","Medically Supervised Detox","Serenity House","78624"
"11732","Residential Treatment at Fredericksburg","Serenity House","78624"
"19058","Serenity House Impact Youth Prevention (Impact Program)","Serenity House","78624"
"16429","ADHD Testing and Management","Serenity Mental Health Centers","78258"
"16421","Ketamine Therapy","Serenity Mental Health Centers","78258"
"16422","Medication Management","Serenity Mental Health Centers","78258"
"16431","Structured Graditude","Serenity Mental Health Centers","78258"
"16420","Transcranial Magnetic Stimulation (TMS) Therapy","Serenity Mental Health Centers","78258"
"12373","Clinical Mental Health Counseling","Serenity Place at Texas LLC","78209"
"18232","Comfort Cafe - Leon Valley","SerenityStar Recovery","78238"
"18231","Comfort Cafe - Smithville","SerenityStar Recovery","78957"
"18228","Namaste Recovery","SerenityStar Recovery","78957"
"18225","Peer-to-Peer Program","SerenityStar Recovery","78957"
"18229","Rainbows for Recovery - San Antonio","SerenityStar Recovery","78238"
"18226","Serenity Werks - San Antonio","SerenityStar Recovery","78217"
"18227","Serenity Werks - Smithville","SerenityStar Recovery","78957"
"17067","Dermatology Treatment (Leon Valley, TX)","Sesame Care",
"17068","Doctor Prescriptions/Refills (Leon Valley, TX)","Sesame Care",
"17071","Erectile Dysfunction Treatment (Leon Valley, TX)","Sesame Care",
"17070","Telehealth Visits (Leon Valley, TX)","Sesame Care",
"17065","Urgent Care (Leon Valley, TX)","Sesame Care",
"17069","UTI Treatment (Leon Valley, TX)","Sesame Care",
"17066","Weight Loss Program (Leon Valley, TX)","Sesame Care",
"15607","Counseling Program","Seton Home of San Antonio","78210"
"10888","Education Program","Seton Home of San Antonio","78210"
"586","Pregnant-2-Parenting Outreach Program","Seton Home of San Antonio","78210"
"15608","Spirituality Program","Seton Home of San Antonio","78210"
"10889","Volunteer & Support Opportunities","Seton Home of San Antonio","78210"
"19486","D&S Community Services San Antonio - Residential, In Home Services & ISS","Sevita Health","78217"
"19488","NeuroRestorative San Antonio Brain Injury Rehab & Healthcare","Sevita Health",
"19487","NeuroRestorative San Antonio Brain Injury Rehab & Healthcare - Hardy Oak","Sevita Health","78258"
"19485","NeuroRestorative San Antonio Brain Injury Rehab & Healthcare - West Ave","Sevita Health","55435"
"17458","Preventative Dentistry","Shaenfield Pediatric Dentistry and Orthodontics","78254"
"17459","Restorative Dentistry","Shaenfield Pediatric Dentistry and Orthodontics","78254"
"17457","Special Needs Services","Shaenfield Pediatric Dentistry and Orthodontics","78254"
"18768","Food Pantry","Sharing the Harvest Kingsland","78639"
"18769","Volunteer and Support Opportunities","Sharing the Harvest Kingsland","78639"
"6412","Spiritual Services","Shavano Baptist Church","78249"
"10095","Ties That Bind Quilt Ministry","Shavano Baptist Church","78249"
"15350","Virtual Counseling","Shayla Escobar LPC, NCC",
"18056","Reaching Hands","Shearer Hills Baptist Church","78216"
"6903","Shearer Hills Early Learning Center","Shearer Hills Baptist Church","78216"
"6743","Spiritual Services","Shearer Hills Baptist Church","78216"
"14305","Individualized Behavior Plans","Shelby May Behavior Consulting",
"14304","Parent/Caregiver Training","Shelby May Behavior Consulting",
"14307","Professional Team Consultations","Shelby May Behavior Consulting",
"14306","School Consultations","Shelby May Behavior Consulting",
"11539","Austin Pointe","Shelter Corporation","78213"
"13470","Doral Club Apartments","Shelter Corporation","78251"
"14150","Palisades Park","Shelter Corporation","78148"
"6929","Community Computer Lab","Shenandoah Community of Christ","78230"
"6928","Spiritual Services","Shenandoah Community of Christ","78230"
"4236","Quilters","Shepherd King Lutheran Church","78216"
"4235","Spiritual Services","Shepherd King Lutheran Church","78216"
"7389","Spiritual Services","Shepherd of the Hills Church of God","78218"
"6975","Spiritual Services","Shepherd of the Hills Lutheran Church","78240"
"18217","SHLC Elementary","Shepherd of the Hills Lutheran Church School and Childcare","78240"
"18218","SHLC Junior High","Shepherd of the Hills Lutheran Church School and Childcare","78240"
"8023","SHLS Child Care","Shepherd of the Hills Lutheran Church School and Childcare","78240"
"6345","Spiritual Services","Sherman AME Church","78237"
"13351","Axis Hamilton","Sherman Residential","78229"
"14384","The Standard At Legacy","Sherman Residential","78232"
"6407","Spiritual Services","Shiloh Missionary Baptist Church","78203"
"20418","Get Involved","Shoot To Walk  (Heal-sci)","78254"
"20417","Grants","Shoot To Walk  (Heal-sci)","78254"
"6061","Spiritual Services","Shrine of St Padre Pio of Pietrelcina Catholic Church","78259"
"19334","Light a Candle","SibsForever",
"6343","Sidewalk Repair","Sidewalks Inc.","78207"
"20350","Market Days at Lake Medina Shores","Silver Sage","78003"
"8461","Market Days at Lakehills Community Center","Silver Sage","78063"
"8459","Meals on Wheels in Bandera County","Silver Sage","78003"
"8460","Silver Sage Community Center","Silver Sage","78003"
"19816","Silver Sage Home Goods Thrift Store","Silver Sage","78003"
"8464","Silver Sage Thrift Store & Boutique","Silver Sage","78003"
"13200","Veterans’ Financial Assistance Program","Silver Sage","78003"
"8462","Volunteer and Support Silver Sage","Silver Sage","78003"
"10984","Casa De Amistad Senior Apartments","Silver Tree Residential","78201"
"11320","Casa de Esperanza","Silver Tree Residential","78240"
"20004","Villa Alegre Apartments","Silver Tree Residential","78227"
"19659","Windchime Amenities","Silvercare Living Communities","78639"
"19740","Windchime at the Village Assisted Living- Kingsland, TX","Silvercare Living Communities","78639"
"19749","Windchime at the Village Short-term day care/Respite care- Kingsland, TX","Silvercare Living Communities","78639"
"19665","Windchime Services","Silvercare Living Communities","78639"
"12579","Senior Golf","Silverhorn Golf Club of Texas","78216"
"11069","Panorama Apartments","Silverstone Properties","78228"
"18676","Adaptive Clothing and Footwear","Silvert's Universal Dressing Solutions Inc",
"6672","Spiritual Services","Sion Romanian Baptist Church","78249"
"9978","D and S Community Services","Siveta","78217"
"910","Day Habilitation","Siveta","78217"
"909","Health Services","Siveta","78217"
"907","Host Home","Siveta","78217"
"9976","NeuroRestorative San Antonio Brain Injury Rehab and Healthcare","Siveta","78213"
"911","Specialized Therapies","Siveta","78217"
"906","Supported Home Living Services","Siveta","78217"
"8635","Belong","SJRC Texas I Belong","78163"
"17396","Caregiver Support Groups","SJRC Texas I Belong","78132"
"17397","Counseling Services","SJRC Texas I Belong","78132"
"8637","Fatherhood Services","SJRC Texas I Belong",
"682","Foster Care and Adoption","SJRC Texas I Belong","78130"
"8638","Get Involved with SJRC Texas","SJRC Texas I Belong","78163"
"17420","Group Parenting Classes","SJRC Texas I Belong","78132"
"8633","Parents as Teachers Program","SJRC Texas I Belong","78132"
"17394","Touchstone Program","SJRC Texas I Belong","78163"
"17393","UT Health and Wellness Clinic","SJRC Texas I Belong","78132"
"18007","After School Program at Compass Rose","Skyhawks","78239"
"18009","After School Program at Compass Rose Legacy","Skyhawks","78235"
"18010","After School Program at Sts Peter and Paul Catholic School","Skyhawks","78130"
"7617","Spiritual Services","Skyridge Community Church","78218"
"13732","Low Income Housing at Skyway Gardens","Skyway Gardens Apartments","79830"
"8639","Program Support and Sponsorship","SLEW Cancer Wellness Center","78217"
"1351","Survivorship and Aftercare Services","SLEW Cancer Wellness Center","78217"
"18996","Adaptive Women's Apparel","Slick Chicks",
"15540","Pediatric Therapy (San Antonio location)","Small Hands, Big Hearts Pediatric Therapy Management, LLC",
"5730","SMART In-Person Meetings","SMART Recovery","78217"
"5729","SMART Recovery Virtual Meetings","SMART Recovery",
"17374","Volunteer & Support Opportunities","SMART Recovery",
"17204","Special Needs Dentistry","Smiles of Bulverde","78259"
"19099","Drug and Alcohol Abuse","Smithson Valley Counseling Center, Inc.","78163"
"19096","Family Therapy","Smithson Valley Counseling Center, Inc.","78163"
"19100","Other Specialty areas","Smithson Valley Counseling Center, Inc.","78163"
"19105","Veterans Support Services","Smithson Valley Counseling Center, Inc.","78163"
"11961","Challenges When Quitting","Smokefree.gov",
"11963","Help Others Quit","Smokefree.gov",
"11960","Quit Smoking","Smokefree.gov",
"11967","Smokefree60+","Smokefree.gov",
"11966","SmokefreeTEEN","Smokefree.gov",
"11964","SmokefreeVET","Smokefree.gov",
"11965","SmokefreeWOMEN","Smokefree.gov",
"11962","Stay Smokefree for Good","Smokefree.gov",
"11959","Tools & Tips","Smokefree.gov",
"10753","San Antonio Detoxification Treatment","SOBA Texas","78253"
"10749","San Antonio Inpatient Rehab","SOBA Texas","78253"
"10751","San Antonio Intensive Outpatient Program (IOP)","SOBA Texas","78253"
"10752","San Antonio Outpatient Treatment","SOBA Texas","78253"
"10750","San Antonio Partial Hospitalization Program","SOBA Texas","78253"
"10754","San Antonio Sober Living","SOBA Texas","78253"
"16938","BieneStar Adult Healthy Lifestyle Program (BAHLP)","Social and Health Research Center Inc",
"16928","Bienestar/NEEMA Health Program","Social and Health Research Center Inc","78210"
"16929","National Diabetes Prevention Program (DPP)","Social and Health Research Center Inc","78210"
"13608","Educational Advocacy","Social Butterfly Educational Advocacy","78163"
"19166","Social Security Disability Insurance (SSDI)","Social Security Administration (SSA)","21235"
"19171","Social Security Family Benefits","Social Security Administration (SSA)",
"19162","Social Security FAQs","Social Security Administration (SSA)",
"19175","Social Security Information in Languages Other than English and Spanish","Social Security Administration (SSA)",
"19164","Social Security Retirement Benefits","Social Security Administration (SSA)",
"19172","Social Security Survivor Benefits","Social Security Administration (SSA)",
"19174","Supplemental Security Income (SSI)","Social Security Administration (SSA)",
"8756","Get Help from Skilled Volunteers","Social Venture Partners San Antonio","78258"
"8787","Volunteer with Cathchafire","Social Venture Partners San Antonio","78258"
"9209","Prescription Assistance","Society of St Vincent de Paul North Texas Council",
"705","Family and Community Assistance  Program","Society of St Vincent de Paul Southwest Texas Council","78207"
"16067","Project Cool at Good Shepherd","Society of St Vincent de Paul Southwest Texas Council","78154"
"16058","Project Cool at Our Lady at Perpetual Help, Selma","Society of St Vincent de Paul Southwest Texas Council","78154"
"16065","Project Cool at Our Lady of Guadalupe, Helotes","Society of St Vincent de Paul Southwest Texas Council","78023"
"16060","Project Cool at Our Lady of Mt. Carmel","Society of St Vincent de Paul Southwest Texas Council","78221"
"16063","Project Cool at Prince of Peace","Society of St Vincent de Paul Southwest Texas Council","78251"
"16061","Project Cool at St. Andrew","Society of St Vincent de Paul Southwest Texas Council","78064"
"16066","Project Cool at St. Dominic","Society of St Vincent de Paul Southwest Texas Council","78228"
"16059","Project Cool at St. John Neumann","Society of St Vincent de Paul Southwest Texas Council","78239"
"16062","Project Cool at St. Rosa of Lima","Society of St Vincent de Paul Southwest Texas Council","78254"
"114","Society of St. Vincent de Paul Our Lady of Guadalupe Conference - Helotes (SVDP)","Society of St Vincent de Paul Southwest Texas Council","78023"
"17159","St Vincent de Paul Pharmacy","Society of St Vincent de Paul Southwest Texas Council","75220"
"16930","St. Vincent de Paul Thrift Store - Kerrville","Society of St Vincent de Paul Southwest Texas Council","78028"
"123","SVDP at Basilica of the National Shrine of the Little Flower","Society of St Vincent de Paul Southwest Texas Council","78201"
"117","SVDP at Christ the King Catholic Church","Society of St Vincent de Paul Southwest Texas Council","78207"
"2525","SVDP at Church of the Good Shepherd","Society of St Vincent de Paul Southwest Texas Council","78154"
"119","SVDP at Holy Family Catholic Church","Society of St Vincent de Paul Southwest Texas Council","78228"
"120","SVDP at Holy Rosary Catholic Church","Society of St Vincent de Paul Southwest Texas Council","78228"
"121","SVDP at Holy Spirit Catholic Church","Society of St Vincent de Paul Southwest Texas Council","78216"
"8774","SVDP at Immaculate Conception Mission Catholic Church","Society of St Vincent de Paul Southwest Texas Council","78124"
"3588","SVDP at Notre Dame Catholic Church","Society of St Vincent de Paul Southwest Texas Council","78028"
"8776","SVDP at Our Lady of Guadalupe","Society of St Vincent de Paul Southwest Texas Council","78840"
"17096","SVDP at Our Lady of Guadalupe","Society of St Vincent de Paul Southwest Texas Council","78840"
"126","SVDP at Our Lady of Mt. Carmel Catholic Church","Society of St Vincent de Paul Southwest Texas Council","78221"
"170","SVDP at Our Lady of Perpetual Help Catholic Church, Selma","Society of St Vincent de Paul Southwest Texas Council","78154"
"127","SVDP at Our Lady of the Atonement Catholic Church","Society of St Vincent de Paul Southwest Texas Council","78255"
"112","SVDP at Our Lady Queen of Heaven Catholic Church","Society of St Vincent de Paul Southwest Texas Council","78002"
"62","SVDP at Prince of Peace Catholic Church","Society of St Vincent de Paul Southwest Texas Council","78251"
"128","SVDP at Resurrection of the Lord Catholic Church","Society of St Vincent de Paul Southwest Texas Council","78227"
"3587","SVDP at Sacred Heart Catholic Church","Society of St Vincent de Paul Southwest Texas Council","78114"
"3589","SVDP at Sacred Heart Catholic Church","Society of St Vincent de Paul Southwest Texas Council","78840"
"17097","SVDP at Sacred Heart Del Rio","Society of St Vincent de Paul Southwest Texas Council","78441"
"130","SVDP at St Alphonsus Catholic Church","Society of St Vincent de Paul Southwest Texas Council","78207"
"131","SVDP at St Ann Catholic Church","Society of St Vincent de Paul Southwest Texas Council","78201"
"133","SVDP at St Benedict Catholic Church","Society of St Vincent de Paul Southwest Texas Council","78220"
"134","SVDP at St Brigid Catholic Church","Society of St Vincent de Paul Southwest Texas Council","78240"
"136","SVDP at St Dominic Catholic Church","Society of St Vincent de Paul Southwest Texas Council","78228"
"115","SVDP at St Elizabeth Ann Seton Catholic Church","Society of St Vincent de Paul Southwest Texas Council","78255"
"137","SVDP at St Francis of Assisi Catholic Church","Society of St Vincent de Paul Southwest Texas Council","78249"
"138","SVDP at St Gregory the Great Church","Society of St Vincent de Paul Southwest Texas Council","78213"
"145","SVDP at St Helena Catholic Church","Society of St Vincent de Paul Southwest Texas Council","78247"
"146","SVDP at St Henry Catholic Church","Society of St Vincent de Paul Southwest Texas Council","78204"
"8772","SVDP at St John Bosco Catholic Church","Society of St Vincent de Paul Southwest Texas Council","78059"
"147","SVDP at St John Neumann Catholic Church","Society of St Vincent de Paul Southwest Texas Council","78239"
"5808","SVDP at St Joseph Catholic Church","Society of St Vincent de Paul Southwest Texas Council","78840"
"150","SVDP at St Leo the Great Catholic Church","Society of St Vincent de Paul Southwest Texas Council","78214"
"8782","SVDP at St Louis of Castroville Catholic Church","Society of St Vincent de Paul Southwest Texas Council","78009"
"151","SVDP at St Luke Catholic Church","Society of St Vincent de Paul Southwest Texas Council","78228"
"152","SVDP at St Mark the Evangelist Catholic Church","Society of St Vincent de Paul Southwest Texas Council","78232"
"154","SVDP at St Matthew Catholic Church","Society of St Vincent de Paul Southwest Texas Council","78230"
"113","SVDP at St Monica Catholic Church","Society of St Vincent de Paul Southwest Texas Council","78109"
"164","SVDP at St Paul Catholic Church","Society of St Vincent de Paul Southwest Texas Council","78228"
"165","SVDP at St Peter Prince of the Apostles Catholic Church","Society of St Vincent de Paul Southwest Texas Council","78209"
"3590","SVDP at St Peter the Apostle Catholic Church","Society of St Vincent de Paul Southwest Texas Council","78006"
"9067","SVDP at St Philip of Jesus Catholic Church","Society of St Vincent de Paul Southwest Texas Council","78204"
"167","SVDP at St Pius Catholic Church","Society of St Vincent de Paul Southwest Texas Council","78209"
"168","SVDP at St Rose of Lima Catholic Church","Society of St Vincent de Paul Southwest Texas Council","78245"
"169","SVDP at St Timothy Catholic Church","Society of St Vincent de Paul Southwest Texas Council","78207"
"12624","SVDP at St. Andrew Catholic Church","Society of St Vincent de Paul Southwest Texas Council","78064"
"12623","SVDP at St. John the Evangelist Catholic Church, Hondo","Society of St Vincent de Paul Southwest Texas Council","78861"
"17098","SVDP at St. Joseph","Society of St Vincent de Paul Southwest Texas Council","78841"
"8783","SVDP Conference at St Mary's Fredericksburg","Society of St Vincent de Paul Southwest Texas Council","78624"
"129","SVDP St Agnes Catholic Church","Society of St Vincent de Paul Southwest Texas Council","78207"
"149","SVDP St Jude Catholic Church","Society of St Vincent de Paul Southwest Texas Council","78237"
"16508","SVDP Thrift Store at St Mary's Fredericksburg","Society of St Vincent de Paul Southwest Texas Council","78624"
"8682","Volunteer Opportunities","Society of St Vincent de Paul Southwest Texas Council","78203"
"14375","Madison Estates","Sodalis Senior Living","78240"
"14887","Sodalis Assisted and Memory Care - Stone Oak","Sodalis Senior Living","78261"
"14521","Sodalis Windcrest of San Antonio","Sodalis Senior Living","78239"
"6814","Spiritual Services","Soka Gakkai International (SGI-USA)","78230"
"18208","Deborah House","Sold Out Believers Christian Fellowship","78219"
"6735","Drop-In Connect Center","Sold Out Believers Christian Fellowship","78219"
"6734","Food Bank","Sold Out Believers Christian Fellowship","78219"
"6738","Heaven Sent Productions Recording Studio","Sold Out Believers Christian Fellowship","78219"
"18209","Joshua House","Sold Out Believers Christian Fellowship","78219"
"6733","Spiritual Services","Sold Out Believers Christian Fellowship","78219"
"4119","Spiritual Services","Soldiers of Christ Church","78207"
"10890","Cards Plus Team","Soldiers' Angels","78218"
"7170","Deployed Support","Soldiers' Angels","78218"
"7176","Holiday Adopt-A-Family","Soldiers' Angels","78218"
"10891","Sewing & Crafting Team","Soldiers' Angels","78218"
"7169","Veteran Food Distributions","Soldiers' Angels","78218"
"7173","Virtual Baby Showers","Soldiers' Angels","78218"
"6435","Volunteer with Soldiers' Angels","Soldiers' Angels","78218"
"7175","Women of Valor","Soldiers' Angels","78218"
"11298","Copper Pointe Apartments","Solidago Residential Services","78223"
"11276","Park At Presa Apartments","Solomon Abdo","78223"
"15092","Special Education","Somerset Academy","78230"
"6897","Spiritual Services","Somerset Baptist Church","78069"
"6333","Scholarships","Somerset Education Foundation","78069"
"17436","Ways to Give","Somerset Education Foundation","78069"
"16098","After School Program","Somerset Independent School District","78069"
"2516","SMC Food Pantry","Somerset UMC","78069"
"9066","Spiritual Services","Somerset UMC","78069"
"14644","Independent Living at The Waterford at Thousand Oaks","Sonida Senior Living","78217"
"14643","The Waterford on Huebner","Sonida Senior Living","78240"
"18856","Accessible Gaming on PlayStation","Sony Interactive Entertainment",
"14557","Horses for Peace","Sophia's Grove","78070"
"14559","Sophia Wisdom Circles","Sophia's Grove","78070"
"8137","CaptionCall","Sorenson",
"16740","Emergency Food Assistance","SOS Food Bank","78130"
"16741","Monthly Food Allotment Program","SOS Food Bank","78130"
"6502","Spiritual Care","Soul Harvest Church","78228"
"10706","Spiritual Services","Souled Out Christian Ministries","78234"
"17032","AbilityOne Job Finder","Source America",
"17039","Nonprofit Locator","Source America",
"4798","Spiritual Services","South Memorial Christian Church","78221"
"19153","Special Needs Dentist","South Park Family Dental","78224"
"19154","Special Needs Dentist","South Park Family Dental","78224"
"13577","Alpine Women, Infants, and Children Program—WIC","South Plains Community Action Association, Inc","79830"
"20512","Community Services","South Plains Community Action Association, Inc","79336"
"20511","Housing Program","South Plains Community Action Association, Inc","79336"
"18636","Junction WIC Clinic","South Plains Community Action Association, Inc","76849"
"18634","Llano WIC Clinic","South Plains Community Action Association, Inc","78643"
"13578","Marfa WIC Clinic","South Plains Community Action Association, Inc","79843"
"13579","Presidio WIC Clinic","South Plains Community Action Association, Inc","79845"
"20510","Transportation Services","South Plains Community Action Association, Inc","79336"
"4046","Care Zone","South San Antonio Independent School District (SSAISD)","78211"
"4765","Head Start at Benavidez Elementary School","South San Antonio Independent School District (SSAISD)","78224"
"4767","Head Start at Five Palms Elementary School","South San Antonio Independent School District (SSAISD)","78242"
"4768","Head Start at Frank Madia Elementary School","South San Antonio Independent School District (SSAISD)","78242"
"4769","Head Start at Hutchins Elementary School","South San Antonio Independent School District (SSAISD)","78224"
"4763","Head Start at Neil Armstrong Elementary School","South San Antonio Independent School District (SSAISD)","78242"
"4771","Head Start at Palo Alto Elementary School","South San Antonio Independent School District (SSAISD)","78211"
"4772","Head Start at Price Elementary School","South San Antonio Independent School District (SSAISD)","78211"
"2503","Join the Alliance","South Texas Alliance for Orphans","78006"
"8648","Program Support & Sponsorship","South Texas Alliance for Orphans","78006"
"8647","Support Groups for Foster, Adoptive, and Kinship Families","South Texas Alliance for Orphans","78006"
"2504","Support the Alliance","South Texas Alliance for Orphans","78006"
"8646","Trauma Training","South Texas Alliance for Orphans","78006"
"19333","ABA Therapy For Autism","South Texas Behavioral Institute","78216"
"8312","ADHD Assessments","South Texas Behavioral Medicine","78230"
"16506","Integrative Breathwork","South Texas Behavioral Medicine","78230"
"14890","Home and Community-Based Services","South Texas Community Living","78217"
"14901","Integrated Community Services","South Texas Community Living","78217"
"14892","South Texas Community Living Corporation","South Texas Community Living","78217"
"8307","Neuropsychological Evaluations","South Texas Neuropsychology","78249"
"10314","Adult Outpatient Services - Cotulla","South Texas Rural Health Services","78014"
"10318","Adult Outpatient Services - Devine","South Texas Rural Health Services","78016"
"10317","Adult Outpatient Services - Dilley","South Texas Rural Health Services","78017"
"10319","Adult Outpatient Services - Eagle Pass","South Texas Rural Health Services","78852"
"19624","Alfredo Zamora Jr. Wellness Center","South Texas Rural Health Services","78014"
"19623","Alma H. Salinas Medical/Dental Center","South Texas Rural Health Services","78061"
"10341","Big Wells Clinic","South Texas Rural Health Services","78830"
"10316","Carrizo Springs Clinic","South Texas Rural Health Services","78834"
"19622","Cotulla Medical/Dental/Behavioral Health","South Texas Rural Health Services","78014"
"10343","Devine Clinic","South Texas Rural Health Services","78016"
"10344","Encinal Medical","South Texas Rural Health Services","78019"
"10338","Hondo Medical","South Texas Rural Health Services","78861"
"10333","Medication Assisted Treatment (MAT) - Cotulla","South Texas Rural Health Services","78014"
"10335","Medication Assisted Treatment (MAT) - Devine","South Texas Rural Health Services","78016"
"10336","Medication Assisted Treatment (MAT) - Dilley","South Texas Rural Health Services","78017"
"10334","Medication Assisted Treatment (MAT) - Pearsall","South Texas Rural Health Services","78061"
"10315","Pearsall Behavioral Health","South Texas Rural Health Services","78061"
"10313","Uvalde Behavioral Health","South Texas Rural Health Services","78801"
"10322","Youth Outpatient Services - Carrizo Springs","South Texas Rural Health Services","78834"
"10320","Youth Outpatient Services - Cotulla","South Texas Rural Health Services","78014"
"10324","Youth Outpatient Services - Devine","South Texas Rural Health Services","78016"
"10323","Youth Outpatient Services - Dilley","South Texas Rural Health Services","78017"
"10325","Youth Outpatient Services - Eagle Pass","South Texas Rural Health Services","78852"
"10321","Youth Outpatient Services - Pearsall","South Texas Rural Health Services","78061"
"5828","Audie L Murphy Memorial VA Hospital (ALMMVAH)","South Texas Veterans Health Care System (STVHCS)","78229"
"502","Balcones Heights VA Clinic","South Texas Veterans Health Care System (STVHCS)","78201"
"503","Data Point VA Clinic","South Texas Veterans Health Care System (STVHCS)","78229"
"10955","Kerrville VA Medical Center","South Texas Veterans Health Care System (STVHCS)","78028"
"11754","National Call Center for Homeless Veterans","South Texas Veterans Health Care System (STVHCS)",
"10956","New Braunfels VA Clinic","South Texas Veterans Health Care System (STVHCS)","78130"
"506","North Central Federal VA Clinic","South Texas Veterans Health Care System (STVHCS)","78232"
"505","North East Bexar VA Clinic","South Texas Veterans Health Care System (STVHCS)","78217"
"504","North West San Antonio Veterans Clinic","South Texas Veterans Health Care System (STVHCS)","78251"
"501","San Antonio Northeast Vet Center","South Texas Veterans Health Care System (STVHCS)","78233"
"7587","San Antonio Northwest Vet Center","South Texas Veterans Health Care System (STVHCS)","78251"
"507","San Antonio Pecan Valley VA Clinic","South Texas Veterans Health Care System (STVHCS)","78223"
"509","San Antonio VA Clinic","South Texas Veterans Health Care System (STVHCS)","78229"
"510","Shavano Park VA Clinic","South Texas Veterans Health Care System (STVHCS)","78249"
"511","South Bexar County VA Clinic","South Texas Veterans Health Care System (STVHCS)","78222"
"508","Southwest VA Clinic","South Texas Veterans Health Care System (STVHCS)","78224"
"914","Villa Serena","South Texas Veterans Health Care System (STVHCS)","78229"
"439","Campus Life at Alamo Heights High School","South Texas Youth for Christ","78209"
"444","Campus Life, Connally Middle School","South Texas Youth for Christ","78250"
"446","Campus Life, Marshall High School","South Texas Youth for Christ","78240"
"442","Campus Life, Neff Middle School","South Texas Youth for Christ","78238"
"440","City Life","South Texas Youth for Christ","78207"
"448","Parent Life","South Texas Youth for Christ","78207"
"8716","Volunteer and Support Opportunities","South Texas Youth for Christ","78230"
"9571","Spiritual Services","Southeast Assembly of God Church","78223"
"7069","Community Clothes Closet","Southeast Baptist Church","78222"
"7068","Spiritual Services","Southeast Baptist Church","78222"
"13822","Spiritual Services","Southeast Church of Christ","78222"
"10093","No Cost Meal & Bible Study for All","Southside Baptist Church","78264"
"6403","Spiritual Services","Southside Baptist Church","78264"
"4806","Spiritual Services","Southside Church","78214"
"17194","Advising and Training","Southside First Economic Development Council","78224"
"11850","Resources","Southside First Economic Development Council",
"11849","Workshops","Southside First Economic Development Council","78224"
"6597","Southwest Sports","Southwest Baptist Church","78252"
"6594","Spiritual Services","Southwest Baptist Church","78252"
"16522","Appointments For After Hours","Southwest Children's Center","78229"
"16525","Asthma and Allergy Management Program","Southwest Children's Center","78229"
"16526","Behavioral Evaluations","Southwest Children's Center","78229"
"16536","Ear Piercing","Southwest Children's Center","78229"
"16521","Fast Pass Visits","Southwest Children's Center","78229"
"16528","Physical Exams","Southwest Children's Center","78229"
"16523","Seasonal Immunization Clinics","Southwest Children's Center","78229"
"16520","Sick Child Visits","Southwest Children's Center","78229"
"16519","Well Child Visits","Southwest Children's Center","78229"
"10897","English as a Second Language (ESL)","Southwest Independent School District (SWISD)","78252"
"10898","ESL and Citizenship Information","Southwest Independent School District (SWISD)","78252"
"10899","GED Classes in English","Southwest Independent School District (SWISD)","78252"
"10900","GED Classes in Spanish","Southwest Independent School District (SWISD)","78252"
"10894","PLAY After School Program at Big Country Elementary","Southwest Independent School District (SWISD)","78245"
"10896","PLAY After School Program at Elm Creek Elementary","Southwest Independent School District (SWISD)","78002"
"10895","PLAY After School Program at Kriewald Road Elementary","Southwest Independent School District (SWISD)","78245"
"19142","Southwest C.A.R.E.S Mental Health Center","Southwest Independent School District (SWISD)","78252"
"747","Tattoo Removal","SouthWest Tattoo Removal and Professional Skin Care","78211"
"3341","English as a Second Language (ESL) at Southwest Texas Junior College - Adult Education","Southwest Texas Junior College (SWTJC)","78801"
"3347","High School Equivalency(GED®) Preparation","Southwest Texas Junior College (SWTJC)","78801"
"7153","Local Mentors","Southwind Fields","78230"
"7151","Southwind City Locals","Southwind Fields","78230"
"7155","Southwind Fields Tiny House Community","Southwind Fields","78230"
"7152","Southwind Local Society","Southwind Fields","78230"
"10902","SWF - Independence Pursuit","Southwind Fields","78230"
"10903","SWF Podcast","Southwind Fields",
"4199","Marriage Encounter","Spanish Christian Church","78212"
"4200","Spiritual Services","Spanish Christian Church","78212"
"13615","Friends of Spare Parts","Spare Parts","78247"
"17664","Reuse Art Pantry","Spare Parts","78247"
"17663","Spare Parts Connect","Spare Parts","78247"
"14353","Sola","Sparrow Living","78218"
"19987","Solea Alamo Ranch","Sparrow Living","78253"
"6608","In-Office Surgeries","Spay Neuter Inject Protect San Antonio (SNIPSA)","78212"
"6609","The Big Fix","Spay Neuter Inject Protect San Antonio (SNIPSA)","78212"
"6507","Volunteer with SNIPSA","Spay Neuter Inject Protect San Antonio (SNIPSA)","78212"
"6898","Spiritual Services","Special Forces Ministries","78249"
"18522","Pediatric Home Health Care","Special Kids Care","78230"
"20449","Article: What Happens To My Child’s Social Security Benefit Upon Marriage?","Special Needs Alliance",
"19594","Find Special Needs Law Attorneys","Special Needs Alliance",
"19595","Special Needs 101","Special Needs Alliance",
"7137","Athlete Leadership Programs (ALPs)","Special Olympics Texas, San Antonio Area","78217"
"7134","FUNdamental Sports (formerly MATP)","Special Olympics Texas, San Antonio Area","78217"
"7138","Healthy Athletes","Special Olympics Texas, San Antonio Area","78217"
"7142","Healthy LEAP","Special Olympics Texas, San Antonio Area","78217"
"7135","Infinitus Games (formally Challenge Day)","Special Olympics Texas, San Antonio Area","78217"
"7133","Special Olympics","Special Olympics Texas, San Antonio Area","78217"
"7141","Texercise","Special Olympics Texas, San Antonio Area","78217"
"7139","Unified Champion Schools","Special Olympics Texas, San Antonio Area","78217"
"7136","Young Athletes","Special Olympics Texas, San Antonio Area","78216"
"15541","Alumni Program","Special Reach Inc","78249"
"7955","Party Nights","Special Reach Inc","78249"
"10905","Program Support & Sponsorship","Special Reach Inc","78249"
"7956","San Antonio Adventure Program","Special Reach Inc","78249"
"7163","Summer Program","Special Reach Inc","78249"
"7957","Volunteer Opportunities","Special Reach Inc","78249"
"18475","Adaptive Fitness","Special Strong San Antonio",
"7983","Special Teams Soccer Program","Special Teams Soccer","78247"
"18853","Adaptive Clothing and Accessories for Children and Adults","SpecialKids Company",
"19655","Events and Speaking Engagements","Specialsterne",
"15860","Resources & Education","Spina Bifida Association",
"18452","Programs and Services","Spina Bifida Texas","78209"
"7943","Individual, Group, and Telehealth Counseling","Spirit Wolf Intervention","78247"
"7941","Intervention","Spirit Wolf Intervention","78247"
"15058","ASL Wednesdays","Spirit's Heart","78109"
"1203","Safety Campaign","Spirit's Heart","78109"
"15057","Spirits Heart Schertz Location","Spirit's Heart","78154"
"4805","Spiritual Services","Spiritual Church of the Open Doors","78214"
"12615","Sporti Soccer Academy","Sporti","78242"
"15739","Aging-In-Place/Rightsizing","Sprightly, LLC","78247"
"18516","Cosmetic Dentistry","Spring Branch Dental Care Cosmetic and Implant Center","78070"
"18510","Dental Emergencies","Spring Branch Dental Care Cosmetic and Implant Center","78070"
"18513","Dental Implants","Spring Branch Dental Care Cosmetic and Implant Center","78070"
"18521","Implant-Supported Dentures","Spring Branch Dental Care Cosmetic and Implant Center","78070"
"18519","Invisalign Teeth Straightening","Spring Branch Dental Care Cosmetic and Implant Center","78070"
"18517","One-Visit Crowns and Bridges","Spring Branch Dental Care Cosmetic and Implant Center","78070"
"18518","Porcelain Veneers","Spring Branch Dental Care Cosmetic and Implant Center","78070"
"1060","Days for Girls Ministry","Spring Creek United Methodist Church","78015"
"12567","Spiritual Services","Spring Creek United Methodist Church","78015"
"1015","Spring Creek CARES","Spring Creek United Methodist Church","78015"
"1135","Stephen Ministry","Spring Creek United Methodist Church","78015"
"13883","Spiritual Services","Sri Shirdi Sai Baba Temple of San Antonio (Hindu/Islam/Christian)","78249"
"18555","Free Resources","SRT Services",
"18556","Give","SRT Services",
"18553","Miscarriage/Stillbirth Recovery Services (MiSAnon)","SRT Services",
"18554","Past Abortion Recovery Services (AbAnon)","SRT Services",
"18552","Sexual Abuse/Assault Recovery Services (SAVAnon)","SRT Services",
"6062","Spiritual Services","St Agnes Catholic Church","78207"
"6063","Spiritual Services","St Alphonsus Catholic Church","78207"
"6064","Spiritual Services","St Andrew Catholic Church - Lytle","78052"
"4784","Spiritual Services","St Andrew Catholic Church - Pleasanton","78064"
"1202","Adopt-a-Family","St Andrew Presbyterian Church of San Antonio","78230"
"8650","Spiritual Services","St Andrew's Episcopal Church","78238"
"2434","St Andrew's Food Pantry","St Andrew's Episcopal Church","78238"
"7447","Spiritual Services","St Andrew's Episcopal Church - Seguin","78155"
"13907","Spiritual Services","St Andrews Lutheran Church / Canyon Lake","78133"
"4146","Adult Bible Study","St Ann Catholic Church","78201"
"9980","Bereavement Committee","St Ann Catholic Church","78201"
"6065","Spiritual Services","St Ann Catholic Church","78201"
"18125","Food Pantry","St Ann Catholic Church - La Vernia","78121"
"6066","Spiritual Services","St Ann Catholic Church - La Vernia","78121"
"10908","Volunteer with Nursing Home Ministry","St Ann Catholic Church - La Vernia","78121"
"15652","Spiritual Services","St Ann's Catholic Church","78160"
"6069","Spiritual Services","St Anthony Catholic Church - Elmendorf","78112"
"10910","Church Library","St Anthony de Padua Catholic Church","78209"
"10911","Couples Retreat","St Anthony de Padua Catholic Church","78209"
"10001","Homebound Ministry","St Anthony de Padua Catholic Church","78209"
"10002","Hospital/Nursing Home Ministry","St Anthony de Padua Catholic Church","78209"
"6068","Spiritual Services","St Anthony de Padua Catholic Church","78209"
"9100","Spiritual Services","St Anthony the Great Coptic Church","78260"
"3438","Spiritual Services","St Anthony the Great Orthodox Church","78210"
"6070","Spiritual Services","St Benedict Catholic Church","78220"
"7058","Food Pantry","St Bonaventure Catholic Church","78211"
"6071","Spiritual Services","St Bonaventure Catholic Church","78211"
"10916","Family-to-Family Educational Program","St Brigid Catholic Church","78240"
"6831","Kid's Day Out","St Brigid Catholic Church","78240"
"6072","Spiritual Services","St Brigid Catholic Church","78240"
"2457","Young at Heart","St Brigid Catholic Church","78240"
"4810","Spiritual Services","St Cecilia Catholic Church","78210"
"6074","Spiritual Services","St Clare Catholic Church","78211"
"7542","Balcones Heights Ward","St Cloud Meetinghouse of The Church of Jesus Christ of Latter-day Saints","78228"
"7543","Castle Hills Ward","St Cloud Meetinghouse of The Church of Jesus Christ of Latter-day Saints","78228"
"13124","Disaster Response","St Cloud Meetinghouse of The Church of Jesus Christ of Latter-day Saints","78228"
"7544","Monte Vista Ward","St Cloud Meetinghouse of The Church of Jesus Christ of Latter-day Saints","78228"
"7452","Spiritual Services","St David's Espiscopal Church","78209"
"18688","St Davids Heart & Vascular PLLC","St David's HealthCare","78624"
"18687","St. David's Ortho Neuro and Rehab PLLC","St David's HealthCare","78624"
"10119","Mental Health Ministry","St Dominic Catholic Church","78228"
"6075","Spiritual Services","St Dominic Catholic Church","78228"
"7017","Spiritual Services","St Edward the Confessor Holy Catholic Church Western Rite","78217"
"18060",""" We Care "" Cancer Support Group","St Elizabeth Ann Seton Catholic Church","78255"
"10918","Beyond Cana Couples Retreat","St Elizabeth Ann Seton Catholic Church","78255"
"18059","Catholic Youth Organization","St Elizabeth Ann Seton Catholic Church","78255"
"9159","Counseling Ministry","St Elizabeth Ann Seton Catholic Church","78255"
"18058","Healing Hearts Bereavement Group","St Elizabeth Ann Seton Catholic Church","78255"
"6076","Spiritual Services","St Elizabeth Ann Seton Catholic Church","78255"
"10917","Young at Heart 55+","St Elizabeth Ann Seton Catholic Church","78255"
"4233","Spiritual Services","St Ephraim Antiochian Orthodox Church","78212"
"110","Community Garden","St Francis Episcopal Church","78240"
"9055","Spiritual Services","St Francis Episcopal Church","78240"
"109","St Francis Food Pantry","St Francis Episcopal Church","78240"
"10925","Kid's Day Out (KDO)","St Francis of Assisi Catholic Church","78249"
"9024","Mobile Loaves & Fishes -  St Francis of Assisi","St Francis of Assisi Catholic Church","78249"
"10926","Parish Library","St Francis of Assisi Catholic Church","78249"
"6077","Spiritual Services","St Francis of Assisi Catholic Church","78249"
"6078","Spiritual Services","St Gabriel Catholic Church","78237"
"6079","Spiritual Services","St George Maronite Catholic Church","78240"
"6080","Spiritual Services","St Gerard Catholic Church","78203"
"9986","Hospital & Homebound Ministry","St Gregory the Great Church","78213"
"6081","Spiritual Services","St Gregory the Great Church","78213"
"9987","St Gregory the Great Catholic School","St Gregory the Great Church","78213"
"9089","50 Plus Club","St Helena Catholic Church","78247"
"6082","Spiritual Services","St Helena Catholic Church","78247"
"3439","Spiritual Services","St Henry Catholic Church","78204"
"10456","Mental and Behavioral Health Support","St James AME Church","78207"
"5875","Spiritual Services","St James AME Church","78207"
"10929","Criminal Justice Ministry","St James Catholic Church - Seguin","78155"
"6083","Spiritual Services","St James Catholic Church - Seguin","78155"
"9989","St. James Catholic School","St James Catholic Church - Seguin","78155"
"10018","St. James Food Pantry","St James Catholic Church - Seguin","78155"
"6084","Spiritual Services","St James the Apostle Catholic Church","78225"
"10930","St James the Apostle Catholic School","St James the Apostle Catholic Church","78225"
"9993","Senior Gathering","St Jerome Catholic Church","78263"
"6085","Spiritual Services","St Jerome Catholic Church","78263"
"9991","St. Jerome Food Pantry","St Jerome Catholic Church","78263"
"6086","Spiritual Services","St Joan of Arc Catholic Church","78219"
"18138","Backpack Drive","St John Baptist Church","78240"
"6632","Monthly Food Pantry","St John Baptist Church","78240"
"6631","Spiritual Services","St John Baptist Church","78240"
"6976","Grief Support Counseling","St John Berchmans Catholic Church","78226"
"6087","Spiritual Service","St John Berchmans Catholic Church","78226"
"9999","St John Berchmans Catholic School","St John Berchmans Catholic Church","78226"
"8768","Spiritual Services","St John Bosco Catholic Church","78059"
"17532","Crisis Care","St John Lutheran Church, Boerne","78006"
"6956","GriefShare at St John Lutheran Church, Boerne","St John Lutheran Church, Boerne","78006"
"9261","Spiritual Services","St John Lutheran Church, Boerne","78006"
"6088","Spiritual Services","St John Neumann Catholic Church","78239"
"4145","Spiritual Services","St John the Evangelist Catholic Church","78212"
"6089","Spiritual Services","St John the Evangelist Catholic Church - Hondo","78861"
"6090","Spiritual Services","St John Vianney Catholic Church","78252"
"3440","Spiritual Services","St John's Lutheran Church","78205"
"8780","Spiritual Services","St Joseph Catholic Church - Dilley","78017"
"3441","Spiritual Services","St Joseph Catholic Church - Downtown","78205"
"20492","Society of St. Vincent de Paul at St. Joseph Honey Creek","St Joseph Catholic Church - Honey Creek","78070"
"8481","Spiritual Services","St Joseph Catholic Church - Honey Creek","78070"
"13452","Stephen Ministry","St Joseph Catholic Church - Honey Creek","78070"
"6093","Spiritual Services","St Joseph Catholic Church - South San","78211"
"5809","Spiritual Services","St Joseph Catholic Church, Del Rio","78840"
"4228","Spiritual Services","St Joseph's Roman Catholic Chapel","78213"
"6094","Spiritual Services","St Jude Catholic Church","78237"
"4817","Spiritual Services","St Lawrence Catholic Church","78221"
"6095","Spiritual Services","St Leo the Great Catholic Church","78214"
"4779","Spiritual Services","St Leonard Catholic Church","78224"
"6096","Spiritual Services","St Louis Catholic Church - Castroville","78009"
"4134","Spiritual Services","St Luke Baptist Church","78207"
"10940","Prayer Blanket Ministry","St Luke Catholic Church","78228"
"10939","Senior Adult Ministry - “Oldies But Goodies”","St Luke Catholic Church","78228"
"6097","Spiritual Services","St Luke Catholic Church","78228"
"9158","St Luke Catholic School","St Luke Catholic Church","78228"
"7446","Spiritual Services","St Lukes Episcopal Church","78209"
"4659","Spiritual Services","St Margaret Mary Catholic Church","78223"
"7451","Spiritual Services","St Margaret's Episcopal Church","78247"
"9019","Criminal Justice Ministry","St Mark the Evangelist Catholic Church","78232"
"10944","Library","St Mark the Evangelist Catholic Church","78232"
"9020","Quilters","St Mark the Evangelist Catholic Church","78232"
"9021","Retrouvaille","St Mark the Evangelist Catholic Church","78232"
"6098","Spiritual Services","St Mark the Evangelist Catholic Church","78232"
"9018","St Mark Catholic Preschool","St Mark the Evangelist Catholic Church","78232"
"9022","Wheelchair Ministry","St Mark the Evangelist Catholic Church","78232"
"9023","Young at Heart","St Mark the Evangelist Catholic Church","78232"
"3453","Spiritual Services","St Mark's Episcopal Church","78205"
"1918","Food Pantry","St Mark's United Methodist Church","78213"
"4222","Spiritual Services","St Mark's United Methodist Church","78213"
"1224","Wesley Nurse","St Mark's United Methodist Church","78213"
"6971","Spiritual Services","St Martin and St Rose Catholic Church","78225"
"3443","Spiritual Services","St Mary Catholic Church - Downtown","78205"
"6100","Spiritual Services","St Mary Catholic Church - Somerset","78069"
"2236","Dual Language Program and FAQs","St Mary Magdalen Catholic Church","78201"
"2235","Graduate Support Program","St Mary Magdalen Catholic Church","78201"
"10021","Silver and Gold Senior Group","St Mary Magdalen Catholic Church","78201"
"6099","Spiritual Services","St Mary Magdalen Catholic Church","78201"
"10020","The Gabriel Project","St Mary Magdalen Catholic Church","78201"
"18978","After-School Care at St. Mary's Catholic School","St Mary's Catholic Church","78624"
"10946","Marriage Encounter","St Mary's Catholic Church - Fredericksburg","78624"
"10947","Mary Magdalene Prison Ministry","St Mary's Catholic Church - Fredericksburg","78624"
"8781","Spiritual Services","St Mary's Catholic Church - Fredericksburg","78624"
"7041","Counseling Services","St Mary's University","78228"
"2280","Summer Camps","St Mary's University","78228"
"18052","Children's Liturgy","St Matthew Catholic Church","78230"
"159","Counseling Center","St Matthew Catholic Church","78230"
"10950","Jail Ministry","St Matthew Catholic Church","78230"
"6101","Spiritual Services","St Matthew Catholic Church","78230"
"2432","St Matthew Senior Center","St Matthew Catholic Church","78230"
"158","Widows and Widowers: Coping With Loss","St Matthew Catholic Church","78230"
"6102","Spiritual Services","St Matthew Catholic Church - Jourdanton","78026"
"7454","Spiritual Services","St Matthews Episcopal Church","78148"
"6103","Spiritual Services","St Michael Catholic Church","78210"
"10025","Bereavement Support Ministry","St Monica Catholic Church","78109"
"6104","Spiritual Services","St Monica Catholic Church","78109"
"10028","St Monica Catholic School","St Monica Catholic Church","78109"
"10027","St Monica Military Ministry","St Monica Catholic Church","78109"
"6105","Spiritual Services","St Patrick Catholic Church","78208"
"6106","Spiritual Services","St Paul Catholic Church","78228"
"6839","St Paul Catholic Learning Center","St Paul Catholic Church","78228"
"14473","Care Program","St Paul Lutheran Church","78210"
"6807","Food Pantry","St Paul Lutheran Church","78210"
"15342","GriefShare","St Paul Lutheran Church","78210"
"14472","Laundry Love","St Paul Lutheran Church","78210"
"12083","Spiritual Services","St Paul Lutheran Church","78210"
"12085","St Paul Child Development Center","St Paul Lutheran Church","78210"
"12084","Thrift Store","St Paul Lutheran Church","78210"
"2661","Food Pantry","St Paul United Methodist Church","78202"
"6787","Spiritual Services","St Paul United Methodist Church","78202"
"42","Our Lord's Table Food Ministry","St Paul’s Episcopal Church","78208"
"8651","Spiritual Services","St Paul’s Episcopal Church","78208"
"2399","St Paul's Episcopal Montessori School","St Paul’s Episcopal Church","78208"
"2400","Volunteer with Our Lord's Table Food Ministry","St Paul’s Episcopal Church","78208"
"11761","Food Pantry","St Peter Prince of the Apostles Catholic Church","78209"
"6107","Spiritual Services","St Peter Prince of the Apostles Catholic Church","78209"
"10954","Rebuilding After Divorce","St Peter the Apostle Catholic Church","78006"
"6108","Spiritual Services","St Peter the Apostle Catholic Church","78006"
"1137","Stephen Ministry","St Peter the Apostle Catholic Church","78006"
"6109","Spiritual Services","St Peter the Fisherman - Von Ormy","78073"
"18836","St Peter's Episcopal School","St Peter's Episcopal Church","78028"
"18837","The Cottage Shop","St Peter's Episcopal Church","78028"
"588","Domestic Shelter","St Peter-St Joseph Children's Home (St PJ's)","78210"
"589","Family First Parenting Program","St Peter-St Joseph Children's Home (St PJ's)","78210"
"8654","Get Involved","St Peter-St Joseph Children's Home (St PJ's)","78210"
"591","International Program","St Peter-St Joseph Children's Home (St PJ's)","78210"
"587","St. PJ’s Children’s Home Counseling Program","St Peter-St Joseph Children's Home (St PJ's)","78210"
"6110","Spiritual Services","St Philip Benizi Catholic Church - Poteet","78065"
"6111","Spiritual Services","St Philip of Jesus Catholic Church","78204"
"4455","Spiritual Services","St Philip's Episcopal Church","78210"
"4454","St Philip's Thrift Shop","St Philip's Episcopal Church","78210"
"8778","Philip's Closet","St Philips Episcopal Church - Uvalde","78801"
"8779","Spiritual Services","St Philips Episcopal Church - Uvalde","78801"
"8777","Uvalde Food Pantry","St Philips Episcopal Church - Uvalde","78801"
"4470","Spiritual Services","St Phillip Baptist Church","78210"
"9563","Spiritual Services","St Pius X Catholic Church","78209"
"9564","St. Pius X Catholic School","St Pius X Catholic Church","78209"
"1138","Stephen Ministry","St Pius X Catholic Church","78209"
"6112","Spiritual Services","St Rose of Lima Catholic Church","78245"
"4116","Hospital, Hospice and Nursing/Retirement Home Visitation","St Sophia Greek Orthodox Church","78212"
"4115","Spiritual Services","St Sophia Greek Orthodox Church","78212"
"10008","Prayer Blanket Ministry","St Stanislaus Catholic Church - Bandera","78003"
"6114","Spiritual Services","St Stanislaus Catholic Church - Bandera","78003"
"4644","Spiritual Services","St Stephen's Episcopal Church","78223"
"11689","Spiritual Services","St Stephens Baptist Church","78208"
"2658","SSBC Food Pantry","St Stephens Baptist Church","78208"
"7445","Spiritual Services","St Thomas Episcopal Church","78232"
"6115","Spiritual Services","St Thomas More Catholic Church","78218"
"10860","Spiritual Services","St Thomas Syro Malabar Catholic Church","78254"
"9149","Senior Nutrition Center","St Timothy Catholic Church","78207"
"6116","Spiritual Services","St Timothy Catholic Church","78207"
"139","Friendship House at St Vincent De Paul Catholic Church","St Vincent de Paul Catholic Church","78227"
"140","Senior Center","St Vincent de Paul Catholic Church","78227"
"6117","Spiritual Services","St Vincent de Paul Catholic Church","78227"
"13992","Spiritual Services","St. Andrews United Methodist Church","78209"
"11692","Line Dancing","St. Anthony Mary Claret Catholic Church","78253"
"18101","Marriage Ministry","St. Anthony Mary Claret Catholic Church","78253"
"11693","Silver Seniors","St. Anthony Mary Claret Catholic Church","78253"
"11690","Spiritual Services","St. Anthony Mary Claret Catholic Church","78253"
"1746","The Gabriel Project of San Antonio","St. Anthony Mary Claret Catholic Church","78253"
"7441","Spiritual Services","St. Boniface Episcopal Church","78013"
"6351","Spritual Services","St. Chad's Anglican Church","78230"
"12115","Coffee & Conversation","St. George Episcopal Church","78213"
"12116","Men's Breakfast","St. George Episcopal Church","78213"
"6904","Spiritual Services","St. George Episcopal Church","78213"
"7448","Spiritual Services","St. Helena's Episcopal Church","78006"
"17153","Admissions","St. John Bosco Elementary School","78237"
"17152","Child development","St. John Bosco Elementary School","78237"
"14505","Spiritual Services","St. Mark Presbyterian Church","78006"
"9616","Spiritual Services","St. Martin & St. Rose Polish National Catholic Church","78225"
"14488","Spiritual Services","St. Mary's Catholic Church","78069"
"14486","Spiritual Services","St. Mary's Indian Orthodox Church","78228"
"13994","Spiritual Services","St. Matthew's United Methodist Church","78217"
"11710","Bridge Building Ministry","St. Paul's Baptist Church","78237"
"6569","Spiritual Services","St. Paul's Baptist Church","78237"
"18141","The Grief Share Ministry","St. Paul's Baptist Church","78237"
"16287","Drug and Alcohol Rehab - Waco","Stages of Recovery, Inc.","76706"
"16288","The Door Sober Living Community","Stages of Recovery, Inc.","76706"
"12550","Bella Vista Branch","Stahl Meetinghouse of The Church of Jesus Christ of Latter-day Saints","78163"
"7514","Bulverde Ward","Stahl Meetinghouse of The Church of Jesus Christ of Latter-day Saints","78163"
"13125","Disaster Response","Stahl Meetinghouse of The Church of Jesus Christ of Latter-day Saints","78163"
"7512","Smithson Valley Ward","Stahl Meetinghouse of The Church of Jesus Christ of Latter-day Saints","78163"
"12549","Spring Branch Ward","Stahl Meetinghouse of The Church of Jesus Christ of Latter-day Saints","78163"
"19185","Hear Now Program, Hearing Exams and Aids","Starkey Hearing Foundation",
"19006","Therapy Services","Starlight Path Counseling","78216"
"8528","Adult Intensive Outpatient Program (IOP)","Starlite Recovery Center","78010"
"18525","Adult Medication-Assisted Treatment (MAT) Program","Starlite Recovery Center","78010"
"18526","Dual Recovery Program","Starlite Recovery Center","78010"
"13193","Family Program","Starlite Recovery Center","78010"
"13194","First Responder Program","Starlite Recovery Center","78010"
"5650","Freedom Program (LGBTQ+)","Starlite Recovery Center","78010"
"8527","Journey Program (Christian)","Starlite Recovery Center","78010"
"5652","Operation Liberty Program (Veterans)","Starlite Recovery Center","78010"
"18524","Partial Hospitalization Treatment Program","Starlite Recovery Center","78010"
"5651","Residential Program","Starlite Recovery Center","78010"
"11995","Crisis Hotline","Starry Counseling",
"12184","Fatherhood Program","Starry Counseling","76701"
"12182","Group Counseling","Starry Counseling","76701"
"12183","Parenting Classes","Starry Counseling","76701"
"11996","Professional Counseling & Family Support (FAYS Program)","Starry Counseling","76701"
"8752","Educational Resources to Start Your Recovery","Start Your Recovery, LLC",
"1520","Community Counseling","State of Texas Kidney Foundation","78258"
"10973","Early Detection - Health Screenings","State of Texas Kidney Foundation","78258"
"10974","Education & Resources","State of Texas Kidney Foundation",
"10975","Volunteer Opportunities","State of Texas Kidney Foundation","78258"
"10459","Mental and Behavioral Health Support","State Senator Jose Menéndez's Office","78201"
"4921","Faith and Finances","STCH Ministries","78232"
"16998","Faith and Finances Facilitator Training","STCH Ministries","78104"
"4920","Faith and Work","STCH Ministries","78232"
"4919","Family Counseling at First Baptist Schertz","STCH Ministries","78154"
"16994","Family Counseling at First Presbyterian Church","STCH Ministries","78205"
"4916","Family Counseling at Shearer Hills Baptist","STCH Ministries","78216"
"4915","Family Counseling at STCH San Antonio","STCH Ministries","78232"
"16996","Family Support","STCH Ministries","78104"
"16970","Homes for Children - Boothe Campus","STCH Ministries","78146"
"16971","Homes for Families - Bluebonnet Campus","STCH Ministries","77995"
"16972","Homes for Families - Marshall Campus","STCH Ministries","77963"
"16997","Ministry Consulting","STCH Ministries","78104"
"16995","Pastor Care","STCH Ministries","78104"
"16999","Volunteer and Support Opportunities","STCH Ministries","78104"
"6362","Community Outreach Program - Food & Clothing Drive","Steadfast Apostolic Church","78220"
"6364","School Readiness Saturday","Steadfast Apostolic Church","78220"
"6365","Spiritual Services","Steadfast Apostolic Church","78220"
"20234","Residences at Salado (Formerly Artisan at Salado Falls)","Steadfast Companies","78219"
"15738","Adult Education and Employment","Steadfast Sparrows Corporation","78214"
"17625","Housley Leadership Program","Stelos Alliance","78741"
"12859","Scholarships","Stelos Alliance",
"17626","Stelos Fellows","Stelos Alliance","78741"
"17848","ABA Behavior Intervention","Step Forward ABA","78229"
"17847","ABA Parent Training and Parent Education","Step Forward ABA","78229"
"17844","In-Home ABA Therapy","Step Forward ABA","78229"
"17845","In-School ABA Therapy","Step Forward ABA","78229"
"17846","Safe and Fun In Center ABA Therapy for Your Child","Step Forward ABA","78229"
"8021","Recreational User Group","Step Up Counseling",
"8022","Relapse Prevention Group","Step Up Counseling","78006"
"16743","Leading Educational Advances to Prepare Students (LEAPS)","STEPS for Life","78130"
"16744","Life Skills University","STEPS for Life","78130"
"19758","Hoarding Cleanup Services","Steri - Clean, Inc","76501"
"2599","Adult Day Care—Devine","Sterling Adult Day Services","78016"
"2598","Adult Day Care—Pinn Rd","Sterling Adult Day Services","78227"
"17574","Special Needs Dentistry","Stone Oak Children's Dentistry and Orthodontics","78258"
"6749","Spiritual Services","Stone Oak Presbyterian","78258"
"8000","Therapy Services","Stone Oak Therapy Services","78232"
"16341","Addiction Treatment","Stone River Recovery Center","78245"
"16342","Intensive Outpatient Program (IOP)","Stone River Recovery Center","78247"
"16344","Mental Health Care","Stone River Recovery Center","78245"
"16343","Tactical Recovery Program","Stone River Recovery Center","78245"
"6907","Spiritual Services","Stonebridge Baptist Church","78253"
"8227","Psychological Assessment","Stonebridge Behavioral Health, P. A.","78232"
"7575","Boerne Ward","Stonegate Meetinghouse of The Church of Jesus Christ of Latter-day Saints","78006"
"13126","Disaster Response","Stonegate Meetinghouse of The Church of Jesus Christ of Latter-day Saints","78006"
"7576","Fair Oaks Ward","Stonegate Meetinghouse of The Church of Jesus Christ of Latter-day Saints","78006"
"7577","Scenic Oaks Ward","Stonegate Meetinghouse of The Church of Jesus Christ of Latter-day Saints","78006"
"18959","Fredericksburg Community Preschool","Stonewall Head Start, Inc","78624"
"18961","Harper Community Preschool","Stonewall Head Start, Inc","78631"
"18939","Johnson City Community Preschool","Stonewall Head Start, Inc","78636"
"13849","Kelly Apartments","Stonewall Property Group","78225"
"1405","Addiction Counseling Services","Stop the Cycle Education","78228"
"1406","Court Mandated DWI and Drug Offender Education","Stop the Cycle Education","78228"
"1407","Court Mandated Theft Prevention Education","Stop the Cycle Education","78228"
"1408","Victim Impact Panel Live","Stop the Cycle Education","78250"
"1370","Street2Feet Volunteer Opportunities","Street2Feet","78207"
"7087","KidzTime","Strong Foundation Ministries","78202"
"629","Strong Foundation Family Shelter","Strong Foundation Ministries","78202"
"2373","Volunteer/ Support Opportunities at Strong Foundation Mission Center","Strong Foundation Ministries","78202"
"15957","Native Helpline","StrongHearts Native Helpline",
"18424","Driver Rehabilitation - Physically Challenged","Strowmatt Rehabilitation Services","77043"
"18425","Driver Rehabilitation - Seniors","Strowmatt Rehabilitation Services","77043"
"17327","SOS Clubs","Students of Service (SOS)",
"17328","Support Students of Service","Students of Service (SOS)","78278"
"3080","After School Program","Study Hall Learning Center","78229"
"3077","Babies","Study Hall Learning Center","78229"
"11713","Baby Signs","Study Hall Learning Center","78229"
"11711","Dance","Study Hall Learning Center","78229"
"11712","Gymnastics Bus","Study Hall Learning Center","78229"
"3078","Toddlers","Study Hall Learning Center","78229"
"10277","988 Suicide & Crisis Lifeline","Substance Abuse and Mental Health Services Administration (SAMHSA)",
"16100","Drug-Free Workplace Programs","Substance Abuse and Mental Health Services Administration (SAMHSA)",
"19354","Drug-Free Workplaces","Substance Abuse and Mental Health Services Administration (SAMHSA)",
"16101","Early Childhood Mental Health Programs","Substance Abuse and Mental Health Services Administration (SAMHSA)",
"7921","Early Serious Mental Illness Treatment Locator","Substance Abuse and Mental Health Services Administration (SAMHSA)",
"9391","Find Substance Use Disorder (SUD) Treatment","Substance Abuse and Mental Health Services Administration (SAMHSA)",
"12574","Hope and Help","Substance Abuse and Mental Health Services Administration (SAMHSA)",
"16102","Project Linking Actions for Unmet Needs in Children's Health (Project LAUNCH)","Substance Abuse and Mental Health Services Administration (SAMHSA)",
"16103","Protection and Advocacy for Individuals with Mental Illness (PAIMI) Program","Substance Abuse and Mental Health Services Administration (SAMHSA)",
"7920","SAMHSA Disaster Distress Helpline","Substance Abuse and Mental Health Services Administration (SAMHSA)",
"7919","SAMHSA National Helpline","Substance Abuse and Mental Health Services Administration (SAMHSA)",
"19362","What Is Mental Health?","Substance Abuse and Mental Health Services Administration (SAMHSA)",
"13610","Suburban School","Suburban School","78240"
"17830","ABA Therapy","Success On The Spectrum","78238"
"17829","Get an Autism Diagnosis","Success On The Spectrum","78238"
"17832","Occupational therapy (OT)","Success On The Spectrum","78238"
"17833","Social Skills Group Classes","Success On The Spectrum","78238"
"17831","Speech Therapy","Success On The Spectrum","78238"
"17213","Birth Justice Program","Suenos Sin Fronteras",
"20382","Effective Suicide Prevention","Suicide Prevention Resource Center",
"20381","Suicide Prevention Dos and Don’ts","Suicide Prevention Resource Center",
"20380","Suicide Prevention Online Classes","Suicide Prevention Resource Center",
"8013","Before Saying I Do","Summit Christian Center","78259"
"8093","Counseling Services","Summit Christian Center","78259"
"8007","Spiritual Services","Summit Christian Center","78259"
"2510","Summit Food Pantry","Summit Christian Center","78259"
"19917","At-Home Therapy Services","Summit Home Health and Hospice","78216"
"19919","Comprehensive Home Nurse Services","Summit Home Health and Hospice","78216"
"19920","Comprehensive Home Nurse Services","Summit Home Health and Hospice","78216"
"19918","Hospice Care","Summit Home Health and Hospice","78216"
"19916","In-Home Wound Care Services","Summit Home Health and Hospice","78216"
"13820","Spiritual Services","Sunset Ridge Church of Christ","78209"
"6606","Day School","Sunshine Cottage School for Deaf Children","78212"
"6607","Hearing Evaluation Center","Sunshine Cottage School for Deaf Children","78212"
"6605","Parent-Infant Program","Sunshine Cottage School for Deaf Children","78212"
"13237","Meals on Wheels","Sunshine House","79830"
"13637","Senior Services at Sunshine House","Sunshine House","79830"
"19112","Sunshine Montessori Academy - Eckhert location","Sunshine Montessori Academy Helotes","78240"
"17481","General and Preventive Dentistry","Sunshine Pediatric Dentistry and Orthodontics","78209"
"17479","Pediatric Orthodontist","Sunshine Pediatric Dentistry and Orthodontics","78209"
"17480","Restorative Dentistry","Sunshine Pediatric Dentistry and Orthodontics","78209"
"17478","Sedation Dentistry","Sunshine Pediatric Dentistry and Orthodontics","78209"
"17477","Special Needs Dentistry","Sunshine Pediatric Dentistry and Orthodontics","78209"
"20412","Accessibility & Home Modifications","Superior Access & Home Mods","77903"
"9234","Resources","Survivors of Loved Ones' Suicide - SOLOS",
"9235","SOLOS Support Group","Survivors of Loved Ones' Suicide - SOLOS","78229"
"18713","Evaluation and Treatment Services","Susan Wynne, MD","78249"
"18714","Evaluation and Treatment Services  - Fredericksburg Clinic","Susan Wynne, MD","78624"
"9385","Funeral Services","Sutton-Sutton & Woodard's Mortuary","78219"
"9386","Grief Support Resources","Sutton-Sutton & Woodard's Mortuary","78219"
"17597","Sensory-Friendly Services","Sweet and Sassy","78154"
"11573","City Base Vista Apartments","T-4 Housing Interests Management, LLC","78223"
"17617","Free and Low-Cost Cellphones/Tablets","T-Mobile",
"17616","Project 10Million","T-Mobile",
"8157","Project 10Million","T-Mobile",
"8655","Above Not Beneath Conference & Retreat","Tabernacle Generation Ministries","78251"
"1857","Blossom","Tabernacle Generation Ministries","78251"
"1856","MADE Boy's Program","Tabernacle Generation Ministries","78251"
"1854","MODE Girl's Program","Tabernacle Generation Ministries","78251"
"3592","Downtown Dinners","Taking It to the Streets","78202"
"11717","Volunteer and Support Opportunities","Taking It to the Streets","78202"
"12763","Treatment","Talkiatry",
"15889","Psychiatry & Medication Services","Talkspace",
"15887","Therapy Services","Talkspace",
"12117","Bus Ministry","Talley Road Baptist Church","78253"
"6908","Spiritual Services","Talley Road Baptist Church","78253"
"7569","Alamo Ranch Ward","Talley Road Meetinghouse of The Church of Jesus Christ of Latter-day Saints","78253"
"13127","Disaster Response","Talley Road Meetinghouse of The Church of Jesus Christ of Latter-day Saints","78253"
"7568","Talley Ward","Talley Road Meetinghouse of The Church of Jesus Christ of Latter-day Saints","78253"
"7570","Valley Ranch Ward","Talley Road Meetinghouse of The Church of Jesus Christ of Latter-day Saints","78253"
"11215","Arroyo Seco Villas","TAM Residential","78253"
"19868","Mobile Beauty Care Services for Seniors","TapLook",
"11309","Star Club Apartments","Tarantino Properties","78217"
"11074","The Parker Apartment Homes","Tarantino Properties","78218"
"14538","Timberhill Commons","Tarantino Properties","78238"
"18755","Sensory-Friendly Items","Target Stores",
"18999","Wheelchair - Friendly Children's Items","Target Stores",
"12689","Couples Counseling","Taylor Counseling Group","78230"
"12695","Family Counseling","Taylor Counseling Group","78230"
"12686","Individual Adult Counseling","Taylor Counseling Group","78230"
"12687","Individual Child Counseling","Taylor Counseling Group","78230"
"18954","Disaster Relief Assistance for Persons with Disabilities","TBI Warrior Foundation",
"11808","Groups for Veterans with Traumatic Brain Injury and Family Caregivers","TBI Warrior Foundation",
"17036","Health and Wellbeing Support Program","TBI Warrior Foundation","78015"
"17038","Pediatric Access to Care","TBI Warrior Foundation","78015"
"11807","Rehabilitation and Vocational Counseling For Employment and Education","TBI Warrior Foundation","78015"
"11809","Volunteer Opportunities","TBI Warrior Foundation","78015"
"17037","Webinars","TBI Warrior Foundation",
"20489","Get Involved","Team Luke Hope For Minds",
"20490","TBI Resource Guide","Team Luke Hope For Minds",
"20488","TBI Support Services","Team Luke Hope For Minds",
"20487","Virtual TBI Support Groups","Team Luke Hope For Minds",
"16812","Assistive Technology","TEAMability","78233"
"1235","Caregiver Support","TEAMability","78233"
"1233","Cortical Visual Impairment (CVI)","TEAMability","78233"
"16817","Occupational Therapy","TEAMability","78233"
"16819","Physical Therapy","TEAMability","78233"
"16813","School Support","TEAMability","78233"
"16820","Speech Therapy","TEAMability","78233"
"8656","Volunteer Opportunities","TEAMability","78233"
"19157","Therapy Services","Teddy Bear Pedi-Care","78224"
"8231","Diagnostic Evaluations","TeleMind Clinic","78238"
"8232","Individual Counseling & Treatment","TeleMind Clinic","78238"
"7018","Scholarships from TASA","Telugu Association of San Antonio","78278"
"18284","Ways to Give","Telugu Association of San Antonio","78278"
"2666","Brotherhood","Temple Beth-El","78212"
"18040","Flowers Young Married Couples","Temple Beth-El","78212"
"2665","Food and Clothing Pantry","Temple Beth-El","78212"
"18041","Roots Ages 65+","Temple Beth-El","78212"
"2668","Shabbat Lunch Chavurah","Temple Beth-El","78212"
"2675","Shabbat Torah Study","Temple Beth-El","78212"
"2667","Sisterhood","Temple Beth-El","78212"
"9485","Spiritual Services","Temple Beth-El","78212"
"2678","Sunday FunDay","Temple Beth-El","78212"
"2670","TBE20s30s","Temple Beth-El","78212"
"2671","TBE30s40s50s","Temple Beth-El","78212"
"7595","Spiritual Services","Temple Chai","78230"
"4476","Spiritual Services","Temple Missionary Baptist Church","78220"
"4651","Spiritual Services","Temple Of God Full Gospel Church","78223"
"9617","Spiritual Services","Templo Amor Y Gracia","78211"
"6620","Spiritual Services","Templo Apostolico Shalom","78221"
"6398","Food Pantry","Templo Bethel Assembly of God Church","78207"
"6399","Spritual Services","Templo Bethel Assembly of God Church","78207"
"9618","Spiritual Services","Templo Bethel Church Cladic","78214"
"6373","Spiritual Services","Templo Elim Assemblies Of God","78225"
"9619","Spiritual Services","Templo Gethsemani","78211"
"9585","Spiritual Services","Templo Magdiel Full Gospel Church Inc.","78211"
"6327","Spiritual Services","Templo Maranatha","78221"
"6401","Spiritual Services","Templo Samaria Assemblies Of God","78237"
"9620","Spiritual Services","Templo Victoria En Cristo","78211"
"11554","Terra","Terra Realty & Management Group, Inc.","78222"
"15179","Student Living","Tetro Student Village","78249"
"19122","Homeless Veteran Housing","Texan Haven Residential Living",
"19120","Low-Income Housing","Texan Haven Residential Living",
"19081","Low-Income Senior Housing","Texan Haven Residential Living",
"19119","Sober Living","Texan Haven Residential Living",
"19118","Transitional Housing","Texan Haven Residential Living",
"18019","Flexible School Day Program","Texans Can Academy - San Antonio","78211"
"18018","Virtual Academy","Texans Can Academy - San Antonio",
"15199","Computer Basics Guide","Texas A&M University-San Antonio",
"15201","Computer Labs","Texas A&M University-San Antonio","78224"
"15200","Off-Campus Housing","Texas A&M University-San Antonio",
"6739","The General's Store Food Pantry","Texas A&M University-San Antonio","78224"
"12561","TU CASA","Texas A&M University-San Antonio","78224"
"16424","Volunteer & Support Opportunities","Texas A&M University-San Antonio","78224"
"20318","Blind Sports & Events","Texas Adaptive Play Initiative (TAPI)",
"16709","Assisted Pro Se (APS)","Texas Advocacy Project",
"16708","Personal Safety Plans","Texas Advocacy Project",
"16710","Youth Rights in Domestic Violence","Texas Advocacy Project",
"12118","Bus Ministry","Texas Baptist Church","78218"
"6912","Homeless Ministry","Texas Baptist Church","78218"
"6911","Spiritual Services","Texas Baptist Church","78218"
"17114","Brigade Camps","Texas Brigades","78132"
"17116","Experiences","Texas Brigades","78132"
"17117","Volunteer and Support Opportunities","Texas Brigades","78132"
"17115","W.I.L.D.","Texas Brigades","78132"
"19421","Mental, Emotional and Behavioral Tele-Health  Services - Pecan Valley","Texas Care","78222"
"19420","Mental, Emotional and Behavioral Tele-Health Services - Harlandale","Texas Care","78221"
"15289","Demonstration Centers - Morgan's MAC","Texas Center for Disability Studies","78233"
"19503","Recycle and Reuse/Demonstration Center - Project Mend Location","Texas Center for Disability Studies","78238"
"15288","Short-Term Device Loans","Texas Center for Disability Studies","78758-4445"
"12907","For Providers","Texas Child Mental Health Care Consortium",
"12908","For Schools","Texas Child Mental Health Care Consortium",
"12909","Resources for Parents","Texas Child Mental Health Care Consortium",
"17888","Texas ABLE: A Savings Account for Individuals with Disabilities","Texas Comptroller of Public Accounts",
"15552","DD 101","Texas Council for Developmental Disabilities",
"15556","Emergency Preparedness","Texas Council for Developmental Disabilities",
"15559","Employment","Texas Council for Developmental Disabilities",
"15565","Guardianship Alternatives","Texas Council for Developmental Disabilities",
"15555","Health and Wellness","Texas Council for Developmental Disabilities",
"15554","Inclusive Education","Texas Council for Developmental Disabilities",
"15561","Money Basics","Texas Council for Developmental Disabilities",
"15562","Peer Support","Texas Council for Developmental Disabilities",
"15563","Personal and Civil Rights Resources","Texas Council for Developmental Disabilities",
"15560","Reading Skills","Texas Council for Developmental Disabilities",
"16706","Resources for DV Professionals","Texas Council on Family Violence (TCFV)",
"16707","Resources for Systems and Program Collaboratives","Texas Council on Family Violence (TCFV)",
"16818","Adult Protective Services (APS) - Boerne","Texas Department of Family and Protective Services","78006"
"16822","Adult Protective Services (APS) - Del Rio","Texas Department of Family and Protective Services","78840"
"16840","Adult Protective Services (APS) - Floresville","Texas Department of Family and Protective Services","78114"
"16841","Adult Protective Services (APS) - Hondo","Texas Department of Family and Protective Services","78861"
"16842","Adult Protective Services (APS) - Jourdanton","Texas Department of Family and Protective Services","78026"
"16843","Adult Protective Services (APS) - Kerrville","Texas Department of Family and Protective Services","78028"
"16845","Adult Protective Services (APS) - New Braunfels I","Texas Department of Family and Protective Services","78130"
"16844","Adult Protective Services (APS) - New Braunfels II","Texas Department of Family and Protective Services","78130"
"8014","Adult Protective Services (APS) - San Antonio I","Texas Department of Family and Protective Services","78223"
"16816","Adult Protective Services (APS) - San Antonio V","Texas Department of Family and Protective Services","78217"
"16846","Adult Protective Services (APS) - Seguin","Texas Department of Family and Protective Services","78155"
"16848","Child Care Investigations (CCI)  - Boerne","Texas Department of Family and Protective Services","78006"
"20517","Child Care Investigations (CCI) - San Antonio I","Texas Department of Family and Protective Services","78223"
"20531","Child Care Licensing (CCL) - New Braunfels I","Texas Department of Family and Protective Services","78751"
"20532","Child Care Licensing (CCL) - Uvalde","Texas Department of Family and Protective Services","78801"
"20519","Child Protective Investigation (CPI)  - Floresville","Texas Department of Family and Protective Services","78751"
"20520","Child Protective Investigation (CPI)  - Hondo","Texas Department of Family and Protective Services","78861"
"20521","Child Protective Investigation (CPI)  - Jourdanton","Texas Department of Family and Protective Services","78026"
"20522","Child Protective Investigation (CPI)  - Kerrville","Texas Department of Family and Protective Services","78026"
"20523","Child Protective Investigation (CPI)  - New Braunfels I","Texas Department of Family and Protective Services","78130"
"20524","Child Protective Investigation (CPI)  - Pearsall","Texas Department of Family and Protective Services","78061"
"20525","Child Protective Investigation (CPI)  - San Antonio I","Texas Department of Family and Protective Services","78223"
"20526","Child Protective Investigation (CPI)  - San Antonio II","Texas Department of Family and Protective Services","78207"
"20528","Child Protective Investigation (CPI)  - San Antonio IV","Texas Department of Family and Protective Services","78214"
"20527","Child Protective Investigation (CPI)  - San Antonio V","Texas Department of Family and Protective Services","78217"
"20529","Child Protective Investigation (CPI)  - Seguin","Texas Department of Family and Protective Services","78155"
"20530","Child Protective Investigation (CPI)  - Uvalde","Texas Department of Family and Protective Services","78801"
"20518","Child Protective Investigation (CPI) - Del Rio","Texas Department of Family and Protective Services","78840"
"16851","Child Protective Investigation (CPI) - Gonzales","Texas Department of Family and Protective Services","78629"
"16849","Child Protective Services (CPS) - Del Rio","Texas Department of Family and Protective Services","78840"
"16850","Child Protective Services (CPS) - Floresville","Texas Department of Family and Protective Services","78114"
"16852","Child Protective Services (CPS) - Hondo","Texas Department of Family and Protective Services","78861"
"16854","Child Protective Services (CPS) - Jourdanton","Texas Department of Family and Protective Services","78026"
"16855","Child Protective Services (CPS) - Kerrville","Texas Department of Family and Protective Services","78028"
"16857","Child Protective Services (CPS) - New Braunfels I","Texas Department of Family and Protective Services","78130"
"16856","Child Protective Services (CPS) - New Braunfels II","Texas Department of Family and Protective Services","78130"
"16858","Child Protective Services (CPS) - Pearsall","Texas Department of Family and Protective Services","78061"
"34","Child Protective Services (CPS) - San Antonio I","Texas Department of Family and Protective Services","78223"
"16859","Child Protective Services (CPS) - San Antonio II","Texas Department of Family and Protective Services","78207"
"16860","Child Protective Services (CPS) - San Antonio III","Texas Department of Family and Protective Services","78237"
"20533","Child Protective Services (CPS) - San Antonio IV","Texas Department of Family and Protective Services","78214"
"16862","Child Protective Services (CPS) - San Antonio V","Texas Department of Family and Protective Services","78217"
"16863","Child Protective Services (CPS) - Seguin","Texas Department of Family and Protective Services","78155"
"16864","Child Protective Services (CPS) - Uvalde","Texas Department of Family and Protective Services","78801"
"14434","Kinship Care","Texas Department of Family and Protective Services",
"8015","Search Texas Child Care","Texas Department of Family and Protective Services",
"11755","Texas Abuse Hotline","Texas Department of Family and Protective Services",
"11758","Texas Youth Helpline","Texas Department of Family and Protective Services",
"18175","Help for Texans","Texas Department of Housing and Community Affairs (TDHCA)",
"18790","Health Plan Shopping Checklist","Texas Department of Insurance",
"18789","Texas Health Options","Texas Department of Insurance",
"19259","Offering the American Sign Language Driver Education Course","Texas Department of Licensing and Regulation",
"19445","Yes Quit","Texas Department of State Health Services (DSHS)",
"15647","Texas Public Health Region 8 - Bandera","Texas Department of State Health Services - Public Health Region 8","78229"
"15648","Texas Public Health Region 8 - Boerne","Texas Department of State Health Services - Public Health Region 8","78006"
"19351","Texas Public Health Region 8 - Floresville","Texas Department of State Health Services - Public Health Region 8","78114"
"19353","Texas Public Health Region 8 - Kerrville","Texas Department of State Health Services - Public Health Region 8","78028"
"19352","Texas Public Health Region 8 - Seguin","Texas Department of State Health Services - Public Health Region 8","78155"
"18326","Free Roadside Assisstance","Texas Department of Transportation (TxDOT)","78223"
"321","Calm Parent","Texas Diaper Bank","78238"
"320","Diaper Assistance","Texas Diaper Bank","78238"
"17446","Essential Collaborative Partners","Texas Diaper Bank","78238"
"13082","Flo With Dignity","Texas Diaper Bank","78238"
"17449","Parenting Essentials","Texas Diaper Bank","78238"
"17447","Resilient Texans","Texas Diaper Bank","78238"
"17448","Senior Care Essentials","Texas Diaper Bank","78238"
"17450","Support Opportunities","Texas Diaper Bank","78238"
"8657","Volunteer Opportunities","Texas Diaper Bank","78238"
"16868","Parent-Directed Special Education Services (PDSES)","Texas Education Agency","78701"
"19187","Special Education Information Center (SPEDTex) for Families","Texas Education Agency",
"15885","SPEDTex","Texas Education Agency",
"19610","Supplemental Special Education Services (SSES)","Texas Education Agency",
"19255","Texas Transition and Employment Guide for Students with Disabilities","Texas Education Agency",
"8001","Texas Elks Camp","Texas Elks Children's Services","78629"
"19613","Get Involved","Texas Faith and Disability Network",
"16611","Resources for Inclusive Faith Communities: Supporting the Full Inclusion of People with Disabilities","Texas Faith and Disability Network",
"7556","Advanced Manufacturing Technology (AMT)","Texas Federation for Advanced Manufacturing Education (FAME)","78130"
"2600","Day Hab and Work Program","Texas Foundation of Hope","78232"
"8658","Program Support & Sponsorship","Texas Foundation of Hope","78232"
"2601","Volunteer with Texas Foundation of Hope","Texas Foundation of Hope","78232"
"9310","Funeral Services","Texas Funeral Home","78237"
"6246","Support for Grandparents Raising Grandchildren","Texas Grandparents Raising Grandchildren (TXGRG)","78251"
"6247","Volunteer and Support TXGRG","Texas Grandparents Raising Grandchildren (TXGRG)","78251"
"18921","Guide By Your Side (GBYS)","Texas Hands and Voices",
"18922","Resources","Texas Hands and Voices",
"9539","Alamo Service Connection (ADRC)","Texas Health & Human Services (HHS)","78217"
"14815","Area Agencies on Aging (AAA)","Texas Health & Human Services (HHS)",
"9540","Area Agency on Aging of Bexar County (Bexar AAA)","Texas Health & Human Services (HHS)","78217"
"20508","Blind and Visually Impaired","Texas Health & Human Services (HHS)",
"19228","Community Living Assistance and Support Services (CLASS)","Texas Health & Human Services (HHS)",
"15961","Community Resource Coordination Groups (CRCG)","Texas Health & Human Services (HHS)","78711"
"9208","Disability Information and Services","Texas Health & Human Services (HHS)",
"15960","Mental Health Crisis Services","Texas Health & Human Services (HHS)","78751"
"7131","Navigate Life Texas","Texas Health & Human Services (HHS)",
"11776","Nonemergency Medical Transportation Program","Texas Health & Human Services (HHS)",
"1934","San Antonio State Hospital","Texas Health & Human Services (HHS)","78223"
"19040","San Antonio State Supported Living Center","Texas Health & Human Services (HHS)","78223"
"20373","Suicide Prevention Resources","Texas Health & Human Services (HHS)",
"16711","Supplemental Nutrition Assistance Program (SNAP)","Texas Health & Human Services (HHS)",
"15906","Support Navigation","Texas Health & Human Services (HHS)",
"19308","Take Time Texas - Respite Services Search Tool","Texas Health & Human Services (HHS)",
"16356","Texas Health Steps","Texas Health & Human Services (HHS)","78751"
"15950","Your Texas Benefits","Texas Health & Human Services (HHS)",
"9068","The Kind Clinic","Texas Health Action","78216"
"9069","Volunteer with Us","Texas Health Action","78216"
"17854","Waterloo Counseling Center","Texas Health Action",
"19512","Legal Help Directory","Texas Law Help",
"19513","Legal Self-Help","Texas Law Help",
"17611","Community-Based Legal Help","Texas Legal Services Center (TLSC)",
"17609","Discrimination and Social Justice","Texas Legal Services Center (TLSC)",
"17606","Eviction Helpline","Texas Legal Services Center (TLSC)",
"15232","Eviction Helpline","Texas Legal Services Center (TLSC)",
"15085","Family Helpline","Texas Legal Services Center (TLSC)",
"17603","Family Helpline","Texas Legal Services Center (TLSC)",
"15090","Kerr County Legal Aid Clinic","Texas Legal Services Center (TLSC)",
"17604","Legal Aid for Survivors of Sexual Assault (LASSA) Hotline/Crime Victims Legal Services","Texas Legal Services Center (TLSC)",
"15231","Legal Assistance","Texas Legal Services Center (TLSC)",
"20036","Legal Hotline for Texans","Texas Legal Services Center (TLSC)",
"17608","Texas Veterans Legal Assistance Program","Texas Legal Services Center (TLSC)",
"15233","TexasLawHelp.org","Texas Legal Services Center (TLSC)",
"17605","The Legal Hotline for Texans","Texas Legal Services Center (TLSC)",
"15091","Uvalde County Legal Aid Clinic","Texas Legal Services Center (TLSC)","78801"
"15234","Virtual Court Kiosk - Presidio","Texas Legal Services Center (TLSC)","79845"
"15242","Virtual Court Kiosk - San Antonio","Texas Legal Services Center (TLSC)","78229"
"15526","Children's Summer Camp","Texas Lions Camp",
"20144","Texas MedClinic - Bandera","Texas MedClinic","78249"
"20134","Texas MedClinic - Blanco","Texas MedClinic","78213"
"20133","Texas MedClinic - Broadway","Texas MedClinic","78209"
"20147","Texas MedClinic - Culebra","Texas MedClinic","78254"
"20148","Texas MedClinic - Dove Creek","Texas MedClinic","78245"
"20135","Texas MedClinic - Eisenhauer","Texas MedClinic","78218"
"20138","Texas MedClinic - Forum","Texas MedClinic","78154"
"20141","Texas MedClinic - Ingram","Texas MedClinic","78238"
"20146","Texas MedClinic - Leon Springs","Texas MedClinic","78257"
"20152","Texas MedClinic - New Braunfels","Texas MedClinic","78130"
"20151","Texas MedClinic - Oak Run","Texas MedClinic","78132"
"20150","Texas MedClinic - Potranco","Texas MedClinic","78245"
"20142","Texas MedClinic - SE Military","Texas MedClinic","78214"
"20149","Texas MedClinic - SpringBranch - Singing Hills","Texas MedClinic","78070"
"20137","Texas MedClinic - Stone Oak","Texas MedClinic","78232"
"20145","Texas MedClinic - Stotzer","Texas MedClinic","78245"
"20143","Texas MedClinic - SW Military","Texas MedClinic","78214"
"20153","Texas MedClinic - Virtual Visit","Texas MedClinic",
"20136","Texas MedClinic - Wurzbach","Texas MedClinic","78230"
"19287","Child Sup­port in Texas","Texas Office of the Attorney General",
"17951","What to Do if Your Iden­ti­ty Is Stolen","Texas Office of the Attorney General",
"18674","Services and Treatments","Texas Oncology - Fredericksburg","78624"
"1148","Organ Donation Assistance","Texas Organ Sharing Alliance","78229"
"8659","Volunteer Opportunities","Texas Organ Sharing Alliance","78229"
"13546","Take Action","Texas Organizing Project","78207"
"18942","Get Educated","Texas Overdose Prevention",
"18940","Our Services","Texas Overdose Prevention",
"18944","Resources","Texas Overdose Prevention",
"18476","UIL Adaptive Sports","Texas Parasport","78676"
"7132","Parent to Parent Support Network","Texas Parent to Parent",
"20248","Lung Disease Specialist -Satellite Clinic Location","Texas Pediatric Specialists and Family Sleep Center","78130"
"17696","Neurology (Pediatric Neurology) - Lockhill-Selma","Texas Pediatric Specialists and Family Sleep Center","78249"
"17704","Neurology (Pediatric Neurology) - Pond Hill","Texas Pediatric Specialists and Family Sleep Center","78231"
"17733","Pediatric Sleep Specialist","Texas Pediatric Specialists and Family Sleep Center","78231"
"17700","Pulmonary Care - Lockhill-Selma","Texas Pediatric Specialists and Family Sleep Center","78249"
"17778","Pulmonary Care - Pond Hill","Texas Pediatric Specialists and Family Sleep Center","78231"
"17741","Sleep Medicine - Lockhill-Selma","Texas Pediatric Specialists and Family Sleep Center","78249"
"17699","Sleep Medicine - Pond Hill","Texas Pediatric Specialists and Family Sleep Center","78231"
"1815","Home Access Ramps","Texas Ramp Project",
"8660","Volunteer Opportunities","Texas Ramp Project","75083"
"15059","Civil Rights Legal Aid","Texas RioGrande Legal Aid (TRLA) - San Antonio","78212"
"15060","Community Development Legal Aid","Texas RioGrande Legal Aid (TRLA) - San Antonio","78212"
"15061","Consumer Protection","Texas RioGrande Legal Aid (TRLA) - San Antonio","78212"
"15062","Disaster Benefits Legal Aid","Texas RioGrande Legal Aid (TRLA) - San Antonio","78212"
"15056","Domestic Violence and Sexual Assault Cross-Training","Texas RioGrande Legal Aid (TRLA) - San Antonio","78212"
"8661","Driver’s License Restoration Clinic","Texas RioGrande Legal Aid (TRLA) - San Antonio","78207"
"15063","Environmental Justice","Texas RioGrande Legal Aid (TRLA) - San Antonio","78212"
"15067","Fair Housing Legal Services","Texas RioGrande Legal Aid (TRLA) - San Antonio","78212"
"11774","Family Defense Project","Texas RioGrande Legal Aid (TRLA) - San Antonio","78212"
"15068","Federally Subsidized Housing Legal Services","Texas RioGrande Legal Aid (TRLA) - San Antonio","78212"
"15065","Guardianship Alternatives","Texas RioGrande Legal Aid (TRLA) - San Antonio","78212"
"15069","Homeless Prevention Legal Services","Texas RioGrande Legal Aid (TRLA) - San Antonio","78212"
"751","Legal Aid for Survivors of Sexual Assault (LASSA)","Texas RioGrande Legal Aid (TRLA) - San Antonio","78212"
"14351","Legal Aid for Veterans - Kerrville VA Medical Center","Texas RioGrande Legal Aid (TRLA) - San Antonio","78028"
"11773","LGBTQ+ Civil Rights Project","Texas RioGrande Legal Aid (TRLA) - San Antonio","78212"
"15070","Manufactured Housing Legal Services","Texas RioGrande Legal Aid (TRLA) - San Antonio","78212"
"752","Medical-Legal Partnership (MLP)","Texas RioGrande Legal Aid (TRLA) - San Antonio","78212"
"15071","Mental Health and Housing Legal Services","Texas RioGrande Legal Aid (TRLA) - San Antonio","78212"
"15054","Mental Health Legal Project (MHLP)","Texas RioGrande Legal Aid (TRLA) - San Antonio","78212"
"15072","Private Landlord-Tenant Legal Services","Texas RioGrande Legal Aid (TRLA) - San Antonio","78212"
"8663","Pro Bono Volunteer Network","Texas RioGrande Legal Aid (TRLA) - San Antonio","78212"
"15066","Real Property and Home Foreclosure Prevention","Texas RioGrande Legal Aid (TRLA) - San Antonio","78212"
"15064","Small Business Legal Aid","Texas RioGrande Legal Aid (TRLA) - San Antonio","78212"
"15154","Telephone Access to Justice (TAJ)","Texas RioGrande Legal Aid (TRLA) - San Antonio","78212"
"753","Texas Community Building with Attorney Resources (CBAR)","Texas RioGrande Legal Aid (TRLA) - San Antonio","78212"
"754","Texas Foster Youth Justice Project","Texas RioGrande Legal Aid (TRLA) - San Antonio","78212"
"8662","Veterans Ask-A-Lawyer Clinic - Audie L Murphy VA Medical Center","Texas RioGrande Legal Aid (TRLA) - San Antonio","78229"
"14352","Veterans Ask-A-Lawyer Clinic - VA Northwest Health Care Center","Texas RioGrande Legal Aid (TRLA) - San Antonio","78251"
"20093","Will and Estate Planning - Disabilities","Texas RioGrande Legal Aid (TRLA) - San Antonio","78230"
"20092","Wills and Estate Planning - Death","Texas RioGrande Legal Aid (TRLA) - San Antonio","78230"
"13626","Legal Services","Texas RioGrande Legal Aid - Alpine","79830"
"14767","Downpayment Assistance for Repeat and Existing Homeowners","Texas State Affordable Housing Corporation",
"14765","First Time Home Buyer Program","Texas State Affordable Housing Corporation",
"14769","Home Buyer Resources","Texas State Affordable Housing Corporation",
"14768","Home Sweet Texas Home Loan Program","Texas State Affordable Housing Corporation",
"14766","Homes for Texas Heroes Program","Texas State Affordable Housing Corporation",
"14772","Mortgage Credit Certificates (MCC)","Texas State Affordable Housing Corporation",
"1149","Whole Body Donations","Texas State Forensic Anthropology Center","78666"
"18925","The Talking Book Program (TBP)","Texas State Library and Archives Commission",
"20361","Postvention Resources","Texas Suicide Prevention Collaborative",
"20360","Suicide Prevention Resources","Texas Suicide Prevention Collaborative",
"20359","Suicide Prevention Training","Texas Suicide Prevention Collaborative",
"20253","STOP SA","Texas Treatment Services","78201"
"20057","Understanding Medicaid Asset Protection Trusts in Texas","Texas Trust Law",
"20534","Hill Country MHDD and Texas Veterans Commission","Texas Veterans Commission","78666"
"20535","Hill Country MHDD and Texas Veterans Commission","Texas Veterans Commission","78666"
"20507","Military Veteran Peer Network","Texas Veterans Commission",
"512","Networking Job Club","Texas Veterans Commission","78229"
"14982","Burial Benefits","Texas Veterans Land Board","78701"
"14979","Frank M. Tejeda Texas State Veterans Home","Texas Veterans Land Board","78114"
"14962","Home Improvement (VHIP)","Texas Veterans Land Board","78701"
"14960","Home Loans","Texas Veterans Land Board","78701"
"14959","Land Loans","Texas Veterans Land Board","78701"
"14963","Servicemembers Civil Relief Act (SCRA)","Texas Veterans Land Board","78701"
"18791","TVP Programs","Texas Veterans Portal",
"15279","Digital Skills","Texas Workforce Commission - Alamo",
"15649","Disability Employment Services","Texas Workforce Commission - Alamo",
"18100","Free Virtual Training","Texas Workforce Commission - Alamo",
"18129","Older Individuals Who are Blind Program - Datapoint","Texas Workforce Commission - Alamo","78229"
"18130","Older Individuals Who are Blind Program - San Marcus","Texas Workforce Commission - Alamo","78666"
"19532","Summer Earn & Learn (SEAL) - Datapoint","Texas Workforce Commission - Alamo","78229"
"19534","Summer Earn & Learn (SEAL) - O'Connor","Texas Workforce Commission - Alamo","78233"
"19531","Summer Earn & Learn (SEAL) - Woodcock","Texas Workforce Commission - Alamo","78228"
"19524","Summer Earn & Learn (SEAL)- E Houston","Texas Workforce Commission - Alamo","78220"
"19536","Summer Earn and Learn (SEAL) - New Braunfels","Texas Workforce Commission - Alamo","78130"
"12778","Summer Earn and Learn (SEAL) - S Flores","Texas Workforce Commission - Alamo","78221"
"10104","Unemployment Benefits Services","Texas Workforce Commission - Alamo",
"18115","Vocational Rehabilitation Adult Services - Beeville","Texas Workforce Commission - Alamo","78102"
"18116","Vocational Rehabilitation Adult Services - Capital Area North","Texas Workforce Commission - Alamo","78753"
"18117","Vocational Rehabilitation Adult Services - Capital Area South","Texas Workforce Commission - Alamo","78701"
"9345","Vocational Rehabilitation Adult Services - Datapoint","Texas Workforce Commission - Alamo","78229"
"9347","Vocational Rehabilitation Adult Services - E Houston","Texas Workforce Commission - Alamo","78220"
"9360","Vocational Rehabilitation Adult Services - Kerrville","Texas Workforce Commission - Alamo","78028"
"9350","Vocational Rehabilitation Adult Services - New Braunfels","Texas Workforce Commission - Alamo","78130"
"18113","Vocational Rehabilitation Adult Services - O'Connor","Texas Workforce Commission - Alamo","78233"
"9356","Vocational Rehabilitation Adult Services - Pearsall","Texas Workforce Commission - Alamo","78061"
"9348","Vocational Rehabilitation Adult Services - S Fores","Texas Workforce Commission - Alamo","78221"
"9351","Vocational Rehabilitation Adult Services - Seguin","Texas Workforce Commission - Alamo","78155"
"18114","Vocational Rehabilitation Adult Services - Woodcock","Texas Workforce Commission - Alamo","78228"
"9363","Vocational Rehabilitation Youth & Student Services - Datapoint","Texas Workforce Commission - Alamo","78229"
"9365","Vocational Rehabilitation Youth & Student Services - E Houston","Texas Workforce Commission - Alamo","78220"
"18127","Vocational Rehabilitation Youth and Student Services - Capital Area North","Texas Workforce Commission - Alamo","78753"
"18128","Vocational Rehabilitation Youth and Student Services - Capital Area South","Texas Workforce Commission - Alamo","78701"
"9368","Vocational Rehabilitation Youth and Student Services - New Braunfels","Texas Workforce Commission - Alamo","78130"
"18122","Vocational Rehabilitation Youth and Student Services - O'Connor","Texas Workforce Commission - Alamo","78233"
"9366","Vocational Rehabilitation Youth and Student Services - S Flores","Texas Workforce Commission - Alamo","78221"
"18126","Vocational Rehabilitation Youth and Student Services - Woodcock","Texas Workforce Commission - Alamo","78228"
"13034","WorkInTexas.com","Texas Workforce Commission - Alamo",
"6336","Sports- Texas Youth Cheerleading & Football Association","Texas Youth Cheerleading & Football Association","78209"
"16608","TexVet Veteran Services Directory","TexVet",
"1859","College and University Workshop and Symposium","The ""Exciting"" West End Baptist Church","78201"
"1860","I in Me Youth Development Symposium","The ""Exciting"" West End Baptist Church","78201"
"8074","Spiritual Services","The ""Exciting"" West End Baptist Church","78201"
"1858","West End Baptist Food Pantry","The ""Exciting"" West End Baptist Church","78201"
"20421","Ablegamers Player One","The AbleGamers Foundation Inc",
"20422","Ways to Give","The AbleGamers Foundation Inc","25430"
"13513","Spiritual Services","The Abundant Life Christian Fellowship","78220"
"16099","Biblical Professional Counseling","The Agape Counseling Center","78155"
"16105","Christian Marriage Counseling","The Agape Counseling Center","78155"
"19851","Christian Trauma Respite Care","The Agape Counseling Center","78155"
"20329","Court Ordered Education & Awareness Classes","The Agape Counseling Center","78155"
"16094","Intensive Outpatient Program (IOP)","The Agape Counseling Center","78155"
"14961","The Agape Ministry Inc","The Agape Ministry, Inc","78218"
"8664","Volunteer Opportunities","The Agape Ministry, Inc","78218"
"19042","Connect to Resources","The Alamo Area Community Network (AACN)","78205"
"15235","Outreach Saturdays","The Arbutus Place","78229"
"985","Adult Life Enrichment—West Ave Location","The Arc of San Antonio","78216"
"990","Adult Life Enrichment—Wurzbach Rd Location","The Arc of San Antonio","78240"
"986","Community Living Assistance & Support Services (CLASS)","The Arc of San Antonio","78216"
"987","Community Services Case Management","The Arc of San Antonio","78216"
"988","Family Support Services","The Arc of San Antonio","78216"
"18963","Texans with Intellectual and Developmental Disabilities","The Arc of San Antonio",
"19329","Community Living Assistance and Support Services (CLASS)","The Arc of the Capital Area","78723"
"5683","Life Groups Online","The Arsenal Church","78210"
"5680","Spiritual Services","The Arsenal Church","78210"
"17871","Hybrid Approach to ABA Therapy","The Autism Therapy Group (ATG)","78205"
"17868","In-Clinic ABA Therapy","The Autism Therapy Group (ATG)","78205"
"17870","In-Home ABA Therapy","The Autism Therapy Group (ATG)",
"17872","The Autism Therapy Group (ATG) Universal City location","The Autism Therapy Group (ATG)","78148"
"17885","Autistic Career Matching Tool","The Autistic Boss",
"17886","Free Resource Library","The Autistic Boss",
"2564","Day Center for Adults with Special Needs","The BackYard","78230"
"18591","Adoption Through Foster Care","The Bair Foundation Child and Family Ministries","78209"
"18588","Christian Foster Care","The Bair Foundation Child and Family Ministries","78209"
"18589","Structured Intervention Treatment Foster Care (SITFC®)","The Bair Foundation Child and Family Ministries","78209"
"9312","Coaching Clinics","The Basketball Embassy","78210"
"9313","Consulting and Hands-On Instruction","The Basketball Embassy","78210"
"9314","Global Exchange Programs","The Basketball Embassy","78210"
"7013","TBE Workshop Series","The Basketball Embassy","78210"
"7012","TBE Youth Ambassadors","The Basketball Embassy","78210"
"16553","Volunteer & Support Opportunities","The Basketball Embassy","78210"
"12929","Battering Intervention and Prevention Program (BIPP","The Best Option, LLC","78201"
"12931","Substance Abuse and Educational Opportunities","The Best Option, LLC","78201"
"7149","Spiritual Services","The Bridge Church of God/El Puente","78211"
"7148","The Bridge Pantry/Food Distribution","The Bridge Church of God/El Puente","78211"
"2303","Provisions—A 25:35 Outreach","The Bulverde Food Pantry","78163"
"8665","Volunteer, Program Support & Sponsorship Opportunities.","The Bulverde Food Pantry","78163"
"12104","Meals on Wheels Kendall County","The Center Boerne","78006"
"12107","Medical Loan Closet","The Center Boerne","78006"
"12108","Thrift Shop","The Center Boerne","78006"
"12106","Transportation Services","The Center Boerne","78006"
"12105","Volunteer Opportunities - Meals on Wheels Kendall County","The Center Boerne","78006"
"20277","Traumatic Brain Injury System of Support (TBI SOS 4 Kids)","The Center on Brain Injury Research and Training",
"14986","Independence • Freedom • Go!","The Center on Independent Living (COIL)","78109"
"1524","Community Counseling","The Children's Shelter","78228"
"274","Compadre Y Compadre","The Children's Shelter","78228"
"18003","Family Unit-versity","The Children's Shelter","78228"
"272","Foster Care","The Children's Shelter","78228"
"277","Harvey E Najim Hope Center","The Children's Shelter","78228"
"16675","iParent","The Children's Shelter","78228"
"275","Nurse-Family Partnership","The Children's Shelter","78228"
"8667","Volunteer Opportunities","The Children's Shelter","78228"
"3303","Chamber Performance Ensemble","The Children’s Chorus of San Antonio (CCSA)","78205"
"3302","Choristers Performance Ensemble","The Children’s Chorus of San Antonio (CCSA)","78209"
"3304","Encore Performance Ensemble","The Children’s Chorus of San Antonio (CCSA)","78205"
"3307","Neighborhood Choir at Calderon & Eastside Clubhouse","The Children’s Chorus of San Antonio (CCSA)","78205"
"3298","Prelude Ensemble","The Children’s Chorus of San Antonio (CCSA)","78209"
"3297","Preparatory Ensemble","The Children’s Chorus of San Antonio (CCSA)","78209"
"8668","Program Support & Sponsorship","The Children’s Chorus of San Antonio (CCSA)","78205"
"10756","Spiritual Services","The Church In San Antonio Inc","78240"
"12620","FamilySearch","The Church of Jesus Christ of Latter-day Saints in San Antonio",
"17646","Healing through the Savior: The Addiction Recovery Guide","The Church of Jesus Christ of Latter-day Saints in San Antonio",
"12619","JustServe","The Church of Jesus Christ of Latter-day Saints in San Antonio",
"12621","Meet with Missionaries","The Church of Jesus Christ of Latter-day Saints in San Antonio",
"14983","Sober Home for Men","The Clearview House",
"19367","Find Support","The Compassionate Friends, Inc.",
"19368","How You Can Help","The Compassionate Friends, Inc.",
"19370","Resources","The Compassionate Friends, Inc.",
"11668","Cypress At Stone Oak","The Connor Group","78258"
"9441","Spiritual Services","The Country Church","78124"
"17182","Special Needs Dentistry","The Dentists for Kids","78230"
"17612","National Elder Fraud Hotline","The Department of Justice's Office of Justice Programs",
"8183","Me & My Emotions","The Dibble Institute",
"10498","Golden Age Ministries","The Door Christian Fellowship","78227"
"6771","Spiritual Services","The Door Christian Fellowship","78227"
"14327","Spiritual Services","The Door Christian Fellowship (The Door CFM) - Church Castle Hills","78216"
"4801","Spiritual Services","The Door Christian Fellowship - Southcross Blvd","78214"
"15308","The Eastside Sprout Community Garden","The Eastside Sprout","78202"
"15309","Volunteer and Support Opportunities","The Eastside Sprout","78202"
"2604","Adolescent Counseling","The Ecumenical Center","78229"
"2605","Adult Counseling","The Ecumenical Center","78229"
"20434","Center for Young Minds","The Ecumenical Center","78229"
"2606","Child Counseling","The Ecumenical Center","78229"
"1525","Community Counseling","The Ecumenical Center","78229"
"8669","Donation/Volunteer Opportunities","The Ecumenical Center","78229"
"2617","Events and Workshops","The Ecumenical Center","78229"
"2608","Family Counseling","The Ecumenical Center","78229"
"2609","Geriatric Counseling","The Ecumenical Center","78229"
"2610","Group Counseling","The Ecumenical Center","78229"
"2611","Individual Counseling","The Ecumenical Center","78229"
"2626","Life After Loss","The Ecumenical Center","78229"
"2607","Marriage and Couple Counseling","The Ecumenical Center","78229"
"2616","Neurofeedback Testing","The Ecumenical Center","78229"
"2629","Open Art Studio","The Ecumenical Center","78229"
"2631","Poetry Writing Circle","The Ecumenical Center","78229"
"2613","Premarital Counseling","The Ecumenical Center","78229"
"2614","Relationship Counseling","The Ecumenical Center","78229"
"2615","Sexual Counseling","The Ecumenical Center","78229"
"2603","Support for Parents","The Ecumenical Center","78229"
"2630","The Center For Expressive Therapies","The Ecumenical Center","78229"
"17841","The Marla Rushing Center for Counseling - Downtown SA","The Ecumenical Center","78205"
"16554","EDS and HSD Helpline","The Ehlers-Danlos Society",
"16572","Healthcare Professionals Directory","The Ehlers-Danlos Society",
"16571","Support Group and Charity Directory","The Ehlers-Danlos Society",
"18345","Get Involved","The Empowering Parents and Teachers San Antonio (EPTSA)","78213"
"18344","Learning Disabilities Program for Parents and Caregivers","The Empowering Parents and Teachers San Antonio (EPTSA)","78213"
"18343","Mental Health Programs","The Empowering Parents and Teachers San Antonio (EPTSA)","78213"
"20010","The Ethel","The Ethel",
"13660","Paddling, Outdoor Education, and Team Outings","The Expedition School","78207"
"13661","Paddling, Outdoor Education, and Team Outings","The Expedition School","78201"
"13656","Safety Course Training","The Expedition School","78201"
"13664","Teambuilding","The Expedition School","78201"
"13665","Teambuilding","The Expedition School","78207"
"15372","Biblical Christian Lay Counseling","The Fellowship of San Antonio","78258"
"20347","KiDS Day Out Program","The Fellowship of San Antonio","78258"
"17297","Kids Fellowship","The Fellowship of San Antonio","78258"
"7100","Spiritual Services","The Fellowship of San Antonio","78258"
"17298","Young Professionals","The Fellowship of San Antonio","78258"
"8671","Program Support & Sponsorship","The Ferrari Kid","78232"
"535","The Riding Experience of a Lifetime","The Ferrari Kid","78232"
"18766","Recovery Services","The Fullbrook Center","78624"
"18681","Residential and Non-Residential Services","The Grace Center of Fredericksburg","78624"
"19123","Schatze Haus- Resale Boutique","The Grace Center of Fredericksburg","78624"
"19124","Schatze Haus- Resale Home Store","The Grace Center of Fredericksburg","78624"
"19036","The Grace Centers Teen Campaign","The Grace Center of Fredericksburg","78624"
"14977","Greencrest Sober Home for Men","The Greencrest House","78213"
"18873","24-Hour Domestic Violence and Sexual Assault Hotline","The Haven Family Shelter",
"18874","Services and Community Outreach","The Haven Family Shelter",
"18875","Volunteer Opportunities","The Haven Family Shelter",
"11751","Legacy Christian Academy","The Hills Church","78227"
"18173","Men's Breakfast","The Hills Church","78227"
"11750","My Heart to Yours","The Hills Church","78227"
"6896","Spiritual Services","The Hills Church","78227"
"8518","Financial Assistance","The Hope Center","78070"
"8516","Food Pantry","The Hope Center","78070"
"8517","Thrift Store","The Hope Center","78070"
"8519","Volunteer Opportunities","The Hope Center","78070"
"17161","Impact Guild Peer Groups","The Impact Guild","78212"
"16952","Diabetes Education","The Institute for Public Health and Education Research (TIPHER)","78130"
"20377","Youth Suicide Prevention Programs","The Jason Foundation, Inc",
"20378","Youth Suicide Professional Development Series","The Jason Foundation, Inc",
"20379","“A Friend Asks” App","The Jason Foundation, Inc",
"18065","Get Involved","The Kingdom Healthcare System",
"18063","Healthy Lifestyles","The Kingdom Healthcare System","78217"
"18062","Kidney Screening","The Kingdom Healthcare System","78217"
"18064","Medication Refills","The Kingdom Healthcare System","78217"
"18061","Physical Exam","The Kingdom Healthcare System","78217"
"6611","Spiritual Services","The Kings Mission Fellowship","78221"
"11657","Contessa Townhomes","The Leaf Group","78216"
"18834","Daycare/ Preschool","The Learning Stampede","78028"
"4774","Spiritual Services","The Life Change Church","78212"
"4121","Spiritual Services","The Light of the World Church - Kirby","78219"
"6848","Spiritual Services","The Light of the World Church San Antonio - Buena Vista St","78207"
"4120","Spiritual Services","The Light of the World Church San Antonio - Delgado St","78207"
"9588","Spiritual Services","The Lighthouse SA Apostolic Assembly Church","78225"
"18595","Need A Dress?","The Madrina Project","78205"
"14984","Sober Home for Men","The McCullough House",
"18166","Employment","The Mermaid Cafe","78216"
"18167","Support Our Campaign","The Mermaid Cafe",
"10799","Spiritual Services","The Message Church","78220"
"15878","Resources","The National Center for Learning Disabilities",
"15879","Scholarships and Awards","The National Center for Learning Disabilities",
"14764","Resources","The National Child Traumatic Stress Network (NCTSN)",
"14763","Trauma-Informed Care","The National Child Traumatic Stress Network (NCTSN)",
"14757","Treatments and Practices","The National Child Traumatic Stress Network (NCTSN)",
"18924","Services and Resources","The National Library Service for the Blind and Print Disabled (NLS), Library of Congress",
"20410","Elder Services","The Next Horizon",
"20411","Veteran/Spouse Benefits/Disability/Compensation Assistance","The Next Horizon",
"11511","Acero Southtown","The NRP Group","78204"
"11546","Balcones Lofts","The NRP Group","78201"
"11211","Costa Almadena","The NRP Group","78223"
"11140","Costa Mirada Apartment Homes","The NRP Group","78211"
"11579","ELEVATE at Kitty Hawk","The NRP Group","78109"
"15223","Esperanza at Palo Alto","The NRP Group","78224"
"11597","Frontera Crossing","The NRP Group","78073"
"11274","Juniper's Edge Apartments","The NRP Group","78254"
"11603","Legacy at Alazan","The NRP Group","78207"
"11146","Lucero Apartments","The NRP Group","78237"
"11080","Mirabella Senior Apartment Homes","The NRP Group","78228"
"11627","Scott at Medio Creek","The NRP Group","78252"
"11629","Seven07 Lofts","The NRP Group","78220"
"11584","The Arcadian","The NRP Group","78254"
"11332","The Baldwin At St Paul Square","The NRP Group","78202"
"11637","The Gardens at San Juan Square","The NRP Group","78207"
"11607","The Markson","The NRP Group","78212"
"11640","The Mirabella","The NRP Group","78228"
"11119","The Stella","The NRP Group","78220"
"15192","Tobin Lofts","The NRP Group","78212"
"14545","Spiritual Services","The Oasis at Faith Worship Center","78245"
"18380","CODE YOU","The Overflow Life",
"10475","Mental and Behavioral Health Support","The Overflow Life",
"10474","Spiritual Direction","The Overflow Life",
"12377","Spiritual Services","The Park Community Church","78213"
"12858","Alzheimer Caregiver's Guide","The Patient Institute",
"12857","Senior's Healthcare Guide","The Patient Institute",
"12856","Tips to Take Control of Your Health","The Patient Institute",
"6740","Spiritual Services","The People's House","78207"
"14656","Non-Basic, Non-Urgent Veterinary Care","The Pet Fund",
"14658","Support Opportunities","The Pet Fund",
"7938","The Catalyst","The Pink Berets","78006"
"8073","Volunteer Opportunities","The Pink Berets","78006"
"4230","Spiritual Services","The Potters House Christian Fellowship Church","78213"
"18453","Pregnancy Tests","The Pregnancy Resource Center of Kerrville","78028"
"18458","Services for Men","The Pregnancy Resource Center of Kerrville","78028"
"18455","STI Testing/Treatment","The Pregnancy Resource Center of Kerrville","78028"
"18457","Support Services","The Pregnancy Resource Center of Kerrville","78028"
"18454","Ultrasounds","The Pregnancy Resource Center of Kerrville","78028"
"15186","High View Student Living","The Preiss Company","78256"
"15178","The Oasis San Antonio (Formerly known as Luxx Student Living)","The Preiss Company","78249"
"6449","Spritual Services","The Promise Baptist Church","78228"
"8808","Spiritual Services","The Promised Land Church","78223"
"10062","Donate","The Prosthetic Foundation","78233"
"6289","Medical Supplies","The Prosthetic Foundation","78233"
"17628","Business Coaching","The Purple Couch Therapy","78210"
"17627","EDMR (Eye Movement Desensitization & Reprocessing)","The Purple Couch Therapy","78210"
"982","Client Advocacy","The Rape Crisis Center","78228"
"983","Counseling Services","The Rape Crisis Center","78228"
"981","Crisis Intervention","The Rape Crisis Center","78228"
"984","Education—Changing Outcomes Through Prevention","The Rape Crisis Center","78228"
"8678","Program Support & Sponsorship","The Rape Crisis Center","78228"
"5524","Sexual Assault Hotline","The Rape Crisis Center",
"14981","Sober Home for Men","The Redcliff House",
"14010","Spiritual Services","The Revelation San Antonio","78220"
"6913","Spiritual Services","The River Worship Center","78211"
"6868","Spiritual Services","The Rock","78218"
"4799","Spiritual Services","The Rock Of Revelation Church","78214"
"15529","Therapeutic Horseback Riding","The Saddle Light Center","78154"
"18851","Family Store","The Salvation Army Kroc Center Kerrville","78028"
"18850","Programs","The Salvation Army Kroc Center Kerrville","78028"
"18854","Volunteer Opportunities","The Salvation Army Kroc Center Kerrville","78028"
"16963","Home Sweet Home","The Salvation Army of New Braunfels","78130"
"335","Dave Coy Shelter for Men","The Salvation Army San Antonio Area Command","78202"
"336","Emergency Family Shelter","The Salvation Army San Antonio Area Command","78212"
"8804","Food Assistance at San Antonio Center of Hope Corps","The Salvation Army San Antonio Area Command","78212"
"3754","Homeless Meal Assistance","The Salvation Army San Antonio Area Command","78212"
"748","Homeless Veterans Service Program","The Salvation Army San Antonio Area Command","78212"
"15043","Online Thrift Store","The Salvation Army San Antonio Area Command",
"337","Rapid Rehousing Program","The Salvation Army San Antonio Area Command","78212"
"339","Salvation Army ARC (Adult Rehabilitation Center)","The Salvation Army San Antonio Area Command","78212"
"709","Senior Nutrition Program","The Salvation Army San Antonio Area Command","78212"
"338","The Peacock Red Shield Youth Center","The Salvation Army San Antonio Area Command","78201"
"8681","Volunteer Opportunities","The Salvation Army San Antonio Area Command","78212"
"6313","Arts & Culture","The San Antonio Chamber Choir","78205"
"14531","Donate","The San Antonio Mobile Mental Wellness Collaborative",
"14528","Education and Training","The San Antonio Mobile Mental Wellness Collaborative",
"7113","Annual Recovery Conference","The San Antonio Round-Up","78283"
"14985","Sober Home for Men","The Shadywood House",
"15708","Pregnancy and Pregnancy Classes","The Share Center","78070"
"15688","Pregnancy Options","The Share Center","78070"
"15687","STD/STI Testing","The Share Center","78070"
"15706","Unplanned Pregnancy Support for Men","The Share Center","78070"
"15707","Volunteer Opportunities","The Share Center","78070"
"6516","Spiritual Services","The Springs Baptist Church","78245"
"6914","Spiritual Services","The Springs Church","78245"
"14148","The Palazzo","The Tipton Group","78240"
"1340","The Tobit Ministry Garden","The Tobit Ministry","78253"
"8683","Volunteer Opportunities","The Tobit Ministry","78261"
"7395","Spiritual Services","The Transformation Place","78210"
"7922","Trevor Lifeline","The Trevor Project",
"7923","Trevor Support Center","The Trevor Project",
"15383","Our Services","The V.O.I.C.E.S. of Our Veterans","78238"
"14554","DeMatel House","The Village at Incarnate Word","78209"
"10858","Sisters Care In-Home Care","The Village at Incarnate Word","78209"
"14499","Adult and Juvenile Justice Systems","The Village Life Center, LLC","78228"
"14511","Crisis Line-TX","The Village Life Center, LLC",
"14497","Families","The Village Life Center, LLC","78228"
"14496","Foster Care","The Village Life Center, LLC","78228"
"14510","Primary Care Physicians","The Village Life Center, LLC","78228"
"14495","Schools","The Village Life Center, LLC","78228"
"14513","TVLC Services - Austin","The Village Life Center, LLC","78752"
"14514","TVLC Services - Houston","The Village Life Center, LLC","77002"
"20025","The Village: Autism Alliance","The Village NBTX",
"8583","Counseling Services - San Antonio Location","The Vine Wellness Group","78247"
"8599","Internships at The Vine Wellness Group","The Vine Wellness Group","78247"
"17991","Assisted Living","The Waterford at Westover Hills","78251"
"17990","Independent Living","The Waterford at Westover Hills","78251"
"17992","Memory Care","The Waterford at Westover Hills","78251"
"17994","Temporary Stay","The Waterford at Westover Hills","78251"
"17910","Spiritual Services","The Way Ministries","78207"
"4666","Spiritual Services","The Well Community Church","78209"
"19810","Sexual Health for Men","The Wellness and Aesthetics Medical Center","78258"
"19811","Sexual Health for Women","The Wellness and Aesthetics Medical Center","78258"
"16115","College and Career Preparation","The Winston School San Antonio","78229"
"16117","Evaluation Services","The Winston School San Antonio","78229"
"16116","The Center for Neurodiversity","The Winston School San Antonio","78229"
"18328","Serenity House IDD Crisis Respite of San Antonio","The Wood Group","78217"
"18327","Services and Support for IDD, Mental Illness, and Substance Use Disorders","The Wood Group","76310"
"18505","Adaptive Daily Living Aids","The Wright Stuff",
"13958","Volunteer and Support Opportunities","The Young Center",
"7026","Spiritual Services","Theos Hosanna Christian Church","78237"
"12668","Virtual Counseling","Therapist-Stephanie Classen, MS, LMFT",
"19326","Areas of Specialty Services","Therapy 2000",
"19327","Pediatric Therapy Services","Therapy 2000",
"15835","Find a Therapist","Therapy for Black Men",
"14883","Find a Therapist","Therapy for Latinx",
"14564","Project Research","Think Twice San Antonio",
"14565","Volunteer and Support Opportunities with Think Twice San Antonio","Think Twice San Antonio",
"13819","Spiritual Services","Third Church of Christ Scientist","78230"
"18006","Donate - Partner - Volunteer - Sponsor","This Is 4 My Girlz, Inc","78109"
"18005","Our Programs","This Is 4 My Girlz, Inc","78109"
"14785","Villa Navarone","Thompson Management, LLC","78217"
"12121","Mothers Day Out - MDO","Thousand Oaks Bible Church","78247"
"18193","Rooted Student Ministry","Thousand Oaks Bible Church","78247"
"6918","Spiritual Services","Thousand Oaks Bible Church","78247"
"7580","Spiritual Services","Thousand Oaks Christian Church","78247"
"8684","Program Support & Sponsorship","Threads of Love","78232"
"2458","Threads of Love Volunteer Opportunities","Threads of Love","78232"
"14908","Care Services","Three Oaks Hospice","78230"
"14909","Hospice Resources","Three Oaks Hospice","78230"
"9273","Spiritual Services","Three:16 Church","78249"
"8685","Program Support & Sponsorship","Thrive Youth Center","78207"
"686","Thrive Emergency Shelter","Thrive Youth Center","78207"
"9097","Diva","ThriveWell Cancer Foundation","78229"
"9098","Dude","ThriveWell Cancer Foundation","78229"
"9096","Patient Assistance","ThriveWell Cancer Foundation","78229"
"8614","Online Psychiatry for All Ages","ThriveWorks",
"18417","Thriveworks Counseling and Psychiatry (Dominion Crossing)","ThriveWorks","78257"
"8616","Thriveworks Counseling and Psychiatry - Broadway","ThriveWorks","78209"
"8615","Thriveworks Counseling and Psychiatry - Helotes","ThriveWorks","78023"
"16596","Child/Teen Therapy","Thriveworks Counseling & Psychiatry Helotes","78203"
"16595","Couples/Marriage Therapy","Thriveworks Counseling & Psychiatry Helotes","78203"
"16597","Family Therapy","Thriveworks Counseling & Psychiatry Helotes","78203"
"16593","Individual Therapy","Thriveworks Counseling & Psychiatry Helotes","78203"
"16598","Online Therapy","Thriveworks Counseling & Psychiatry Helotes",
"1832","24/7 Crisis Hotline","Thriving Hearts Crisis Center",
"1831","Emergency Shelter","Thriving Hearts Crisis Center","78155"
"10637","HEART - (Help End Abusive Relationship Tendencies)","Thriving Hearts Crisis Center","78155"
"10636","Legal & Victim Advocacy","Thriving Hearts Crisis Center","78155"
"10638","Parenting Support Group","Thriving Hearts Crisis Center","78155"
"8267","Volunteer Opportunities","Thriving Hearts Crisis Center","78155"
"16482","BreakTHRU - Counseling and Support Groups","THRU Project","78228"
"17282","Heart Gallery of South Central Texas","THRU Project","78228"
"10870","Pass to Success - Bus Pass Program","THRU Project","78228"
"279","THRU Project - Find a Mentor","THRU Project","78228"
"8688","THRU Project Life Skills Program","THRU Project","78228"
"16531","Volunteer & Support Opportunities","THRU Project","78228"
"16964","Hood to Holy House","Thuggin for Christ (TFC)",
"16965","Support Thuggin for Christ","Thuggin for Christ (TFC)",
"19755","Individual Sessions","Tierra Clara Therapy, PLLC",
"19756","Premarital Counseling: Prepare/Enrich Program","Tierra Clara Therapy, PLLC",
"18962","Basic Needs Support","TimelyCare",
"16113","Health Coaching","TimelyCare",
"16110","MedicalNow","TimelyCare",
"16130","Peer Community","TimelyCare",
"16129","Scheduled Counseling","TimelyCare",
"16112","TalkNow","TimelyCare",
"19190","Moran Camp Xtreme","TIRR Foundation","78261"
"8402","Couples & Family Therapy","Tisdale Counseling","78228"
"8212","Individual Therapy for Adults & Adolescents","Tisdale Counseling","78228"
"13090","ABA Therapy","TLC Kids Therapy","78216"
"13091","Occupational Therapy","TLC Kids Therapy","78216"
"13092","Physical Therapy","TLC Kids Therapy","78216"
"13138","Speech Therapy","TLC Kids Therapy","78216"
"18530","Assistive Communication Products","Tobii Dynavox",
"17181","Accessible and Sensory - Friendly Entertainment","Tobin Center for the Performing Arts","78205"
"18031","Arts for All","Tobin Center for the Performing Arts","78205"
"20419","Wellness at The Tobin Center","Tobin Center for the Performing Arts","78205"
"19125","Rent a Wheelchair or Scooter","Tom's Wheelchair Rentals","78205"
"6264","Spiritual Services","TOP Church SA","78227"
"15749","Couples Therapy","TorreAlta Behavioral Health, LLC","78023"
"15746","Family Therapy","TorreAlta Behavioral Health, LLC","78023"
"15756","Individual Therapy","TorreAlta Behavioral Health, LLC","78023"
"15757","Play Therapy","TorreAlta Behavioral Health, LLC","78023"
"15758","Therapy for Adolescents","TorreAlta Behavioral Health, LLC","78023"
"16827","Annual Wellness Exam","Total Men's Primary Care","78249"
"16824","Care for After Office Hours","Total Men's Primary Care","78249"
"16826","Erectile Dysfunction Treatment","Total Men's Primary Care","78249"
"16828","Total Men's Primary Care (New Braunfels location)","Total Men's Primary Care","78130"
"16830","Total Men's Primary Care (Potranco location)","Total Men's Primary Care","78249"
"16833","Total Men's Primary Care (Sonterra location)","Total Men's Primary Care","78232"
"16823","Weight Loss Program","Total Men's Primary Care","78249"
"17453","Special Needs Dentistry","Tots to Teens Pediatric Dentistry & Orthodontics","78251"
"19841","Special Needs Dentistry (Rittiman location)","Tots to Teens Pediatric Dentistry & Orthodontics","78244"
"17452","Tots to Teens Pediatric Dentistry & Orthodontics (Lytle location)","Tots to Teens Pediatric Dentistry & Orthodontics","78052"
"17445","Tots to Teens Pediatric Dentistry & Orthodontics (Rittiman location)","Tots to Teens Pediatric Dentistry & Orthodontics","78244"
"19278","Community Living Assistance and Support Services (CLASS)","Touch of Class","77095"
"19277","Touch of Class/Care Givers Home Health - San Antonio location","Touch of Class","78238"
"14934","Stone Oak Care Center","Touchstone Communities","78258"
"14706","The Heights at Medical Center","Touchstone Communities","78229"
"14685","The Heights on Huebner","Touchstone Communities","78240"
"12194","PFLAG - Boerne","Touchstone Community Church","78006"
"12193","Spiritual Services","Touchstone Community Church","78006"
"11982","Advocacy and Consulting","Tourette Syndrome Association - Texas",
"11987","Camp du Ballon Rouge","Tourette Syndrome Association - Texas","77406"
"11984","Education and In-Service","Tourette Syndrome Association - Texas","77406"
"11983","Medical Assistance Program","Tourette Syndrome Association - Texas","77406"
"16704","Online Support Group for Adults (26+)","Tourette Syndrome Association - Texas",
"16703","Online Support Groups for Parents and Guardians","Tourette Syndrome Association - Texas",
"16705","Online Support Groups for Young Adults","Tourette Syndrome Association - Texas",
"11981","San Antonio Support Group","Tourette Syndrome Association - Texas",
"11985","Scholarships and Direct Client Services","Tourette Syndrome Association - Texas","77406"
"11986","Youth Ambassador Program","Tourette Syndrome Association - Texas","77406"
"4477","Spiritual Services","Town East Baptist Church","78220"
"11687","Family & Friends Hotline","Trans Lifeline",
"11686","Trans Lifeline Hotline","Trans Lifeline",
"11688","Trans Lifeline Resources","Trans Lifeline",
"17381","Counseling Services","Transform and Renew PLLC","78230"
"17382","Counseling Services","Transform and Renew PLLC","78218"
"11803","Case Management","Transformation House","78006"
"16030","Prevention and Intervention","Transformation House","78006"
"11802","Transitional Housing","Transformation House","78006"
"11801","Trauma Informed Therapy","Transformation House","78006"
"8825","Fast Track to Life Outside Program","Transforming Lives Through Hope","78264"
"8841","Volunteer Opportunities","Transforming Lives Through Hope","78264"
"12926","Resources for Parents of Transgender Kids","Transgender Education Network of Texas",
"12930","Resources for Texas Trans Youth","Transgender Education Network of Texas",
"15379","Volunteer Services","Transgender Education Network of Texas","77477"
"17691","Counseling Services","Transitional Care Clinic (TCC)","78240"
"17692","Psychiatric Evaluation & Medication Management","Transitional Care Clinic (TCC)","78240"
"3593","Trusted Relationships","Traveling Loaves and Fishes","78232"
"8690","Volunteer Opportunities","Traveling Loaves and Fishes","78232"
"10462","Mental and Behavioral Health Support","Travis Early College High School","78212"
"10463","Mental and Behavioral Health Support","Travis Park Church","78205"
"3448","Spiritual Services","Travis Park Church","78205"
"4464","Spiritual Services","Tree Mount Temple Church","78244"
"4465","The TreeHouse Christian Learning Center","Tree Mount Temple Church","78219"
"7075","Atascosa Spay and Neuter Assistance Program","Tri City Animal Sanctuary","78069"
"11134","The Ivy Apartments","Tri Properties","78220"
"18700","Pain Management Services","Tricity Pain Associates - Fredericksburg Clinic","78624"
"6591","Spiritual Services","Tried Stone Baptist Church","78202"
"9462","Spiritual Services","Trinidad Baptist Church","78221"
"2476","Bountiful Blessings","Trinity Baptist Church","78212"
"11783","Parent's Day Out","Trinity Baptist Church","78212"
"17836","Ruble Center - Alpha Home","Trinity Baptist Church","78212"
"4126","Spiritual Services - Mulberry Campus","Trinity Baptist Church","78212"
"9040","Spiritual Services - TriPoint Campus","Trinity Baptist Church","78212"
"14024","Anxiety and Depression","Trinity Behavioral Health","78230"
"14023","Grief and Trauma Recovery","Trinity Behavioral Health","78230"
"14022","Women’s Issues","Trinity Behavioral Health","78230"
"14935","Caregiving","Trinity Hospice",
"14932","Hospice Care","Trinity Hospice","78240"
"4803","Spiritual Services","Trinity Lutheran Church","78214"
"12298","Dream Trips","Trinity Oaks","78130"
"12300","Give Back","Trinity Oaks","78130"
"12295","Heroes Celebrations","Trinity Oaks","78130"
"12297","StarKids","Trinity Oaks","78130"
"12299","Volunteer Opportunities","Trinity Oaks","78130"
"12296","Youth H2O Outdoor Adventures","Trinity Oaks","78130"
"6952","GriefShare","Trinity Presbyterian Church of Boerne","78015"
"6951","Spiritual Services","Trinity Presbyterian Church of Boerne","78015"
"10407","Spiritual Services","Trinity United Methodist Church","78240"
"18439","From Fear to Responsibility","Triple H Equitherapy","78063"
"18437","Hooves, Hearts and Heroes","Triple H Equitherapy","78063"
"18440","Horse Power for Heroes","Triple H Equitherapy","78063"
"18441","Prevention and Intervention","Triple H Equitherapy","78063"
"18438","Riding to Independence","Triple H Equitherapy","78063"
"18442","Volunteer Opportunities","Triple H Equitherapy","78063"
"8264","Triple P for Parents","Triple P International",
"8266","Triple P for Providers","Triple P International",
"7799","Spiritual Services","Triumphant Lutheran Church","78266"
"6315","Spiritual Care","Triumphant Word Christian Center","78251"
"20077","TruBlue of Hill Country","TruBlue Home Services",
"20078","TruBlue of Northwest San Antonio","TruBlue Home Services",
"13788","Spiritual Services","True Christian Unity Church","78101"
"10490","Certification Classes","True Connections Health Services","78213"
"10489","True Counseling Health Services","True Connections Health Services","78213"
"14469","Spiritual Services","True Gospel Fellowship CLGI","78251"
"9049","Spiritual Services","True Life Church","78148"
"2512","Tabitha's Food Pantry","True Life Church","78148"
"19227","Van Ministry","True Life Church","78148"
"4452","Spiritual Services","True Light Baptist Church","78222"
"7819","Case Management & Psychiatric Services","True Mental Health Services","78217"
"2410","Food Pantry","True Vine Baptist Church","78245"
"11785","Spiritual Services","True Vine Baptist Church","78245"
"10454","Mental and Behavioral Health Support","True Vine Church","78220"
"6786","Spiritual Services","True Vine Church","78220"
"12071","True Vine Elevation Academy","True Vine Church","78220"
"8846","Spiritual Services - Northeast Campus","True Vision Church","78219"
"8849","Spiritual Services - TVC Lackland Campus","True Vision Church","78227"
"2489","TVC Helping Hands Food Pantry","True Vision Church","78219"
"8850","TVC Veterans Helping Veterans","True Vision Church","78219"
"2529","Foster-Adopt","TruLight127 Ministries","78155"
"2530","Kinship","TruLight127 Ministries","78155"
"8691","Volunteer Opportunities","TruLight127 Ministries","78155"
"13436","Ambulatory Surgical Center","TSAOG Orthopaedics & Spine","78258"
"13437","Ambulatory Surgical Center","TSAOG Orthopaedics & Spine","78216"
"13442","Center for Bone Health","TSAOG Orthopaedics & Spine","78154"
"13444","Center for Bone Health","TSAOG Orthopaedics & Spine","78229"
"13448","Center for Bone Health","TSAOG Orthopaedics & Spine","78258"
"13449","Center for Bone Health","TSAOG Orthopaedics & Spine","78216"
"17519","HURT! App","TSAOG Orthopaedics & Spine",
"13433","Imaging Services","TSAOG Orthopaedics & Spine","78258"
"13434","Imaging Services","TSAOG Orthopaedics & Spine","78216"
"13488","Joint Preservation Center - Joint Injections","TSAOG Orthopaedics & Spine","78258"
"13439","Orthopedic Industrial Rehabilitation Center","TSAOG Orthopaedics & Spine","78208"
"13438","Orthopedic Urgent Care Clinic","TSAOG Orthopaedics & Spine","78216"
"8569","Counseling Services - Adults and Couples","Turner of Life Counseling","78228"
"8570","Counseling Services - Teens and Children","Turner of Life Counseling","78228"
"19018","ASD Care Services - Bandera Rd","Twinkle Autism Therapy","78238"
"19017","ASD Care Services - Classen Rd","Twinkle Autism Therapy","78247"
"19016","ASD Care Services - Network Blvd","Twinkle Autism Therapy","78249"
"19019","Mental Health Services -  Network Blvd","Twinkle Autism Therapy","78249"
"19020","Mental Health Services - Bandera Rd","Twinkle Autism Therapy","78238"
"19022","Mental Health Services - Classen Rd","Twinkle Autism Therapy","78247"
"16353","Collaborative Care","Twinkle Peds Psych","78238"
"16351","Medication Management","Twinkle Peds Psych","78238"
"16350","Psychiatric Evaluation and Assessments","Twinkle Peds Psych","78238"
"16354","Specialized Treatments","Twinkle Peds Psych","78238"
"16352","Therapeutic Interventions","Twinkle Peds Psych","78238"
"16471","ABA Therapy","Tx Behavioral Supports","78249"
"14843","Center for Minority Veterans (CMV)","U.S Department of Veterans Affairs",
"14840","Center for Women Veterans (CWV)","U.S Department of Veterans Affairs",
"14834","Landlord Incentives - Renting to Veterans","U.S Department of Veterans Affairs",
"14848","LGBTQ+ Veterans Support","U.S Department of Veterans Affairs","78233"
"14847","National Center for PTSD","U.S Department of Veterans Affairs","78233"
"14844","National Resource Directory","U.S Department of Veterans Affairs",
"14852","Office of Survivors Assistance","U.S Department of Veterans Affairs",
"14849","Outreach Events","U.S Department of Veterans Affairs",
"14836","Supportive Services for Veteran Families","U.S Department of Veterans Affairs",
"14850","VA Adaptive Sports and Arts","U.S Department of Veterans Affairs",
"20084","VA Caregiver Support Program","U.S Department of Veterans Affairs",
"14837","VA Homeless Programs","U.S Department of Veterans Affairs",
"14851","VA Mental Health Support","U.S Department of Veterans Affairs",
"14428","VA-Backed Veterans Home Loans","U.S Department of Veterans Affairs",
"14854","Veterans Housing Assistance Grants","U.S Department of Veterans Affairs",
"14855","Veterans Housing Assistance Grants","U.S Department of Veterans Affairs",
"10734","Child Welfare Information Gateway","U.S. Department of Health & Human Services",
"19880","Medicare.gov","U.S. Department of Health & Human Services",
"18727","Cosmetic Dermatology Services","U.S. Dermatology Partners Fredericksburg","78624"
"18725","General Dermatology Services","U.S. Dermatology Partners Fredericksburg","78624"
"18726","Skin Cancer Services","U.S. Dermatology Partners Fredericksburg","78624"
"16902","Household Medication Disposal","U.S. Environmental Protection Agency",
"16897","Safe Disposal of Medicines","U.S. Food & Drug Administration",
"20082","Usrc Atascosa County Dialysis","U.S. Renal Care","78064"
"20070","Usrc Bandera Road Dialysis","U.S. Renal Care","78240"
"20081","Usrc Boerne Dialysis","U.S. Renal Care","78006"
"20059","Usrc Central Sa (San Saba) Dialysis","U.S. Renal Care","78207"
"20068","Usrc Datapoint Dialysis","U.S. Renal Care","78229"
"20071","Usrc Dialysis at Home West Tcu","U.S. Renal Care","78251"
"20069","Usrc Gateway Dialysis","U.S. Renal Care","78227"
"20072","Usrc Hill Country Dialysis","U.S. Renal Care","78251"
"20061","Usrc Houston Street Dialysis","U.S. Renal Care","78202"
"20073","Usrc Live Oak Dialysis","U.S. Renal Care","78233"
"20066","Usrc Med Center Dialysis","U.S. Renal Care","75024"
"20067","Usrc Med Center Dialysis","U.S. Renal Care","75024"
"20083","Usrc Medina Dialysis","U.S. Renal Care","78861"
"20062","Usrc Pleasanton Road Dialysis","U.S. Renal Care","78221"
"20060","Usrc San Antonio Home Therapies - Dialysis","U.S. Renal Care","78207"
"20079","Usrc Schertz Dialysis","U.S. Renal Care","78154"
"20065","Usrc South San Antonio Dialysis","U.S. Renal Care","78211"
"20064","Usrc Southeast San Antonio Dialysis","U.S. Renal Care","78223"
"20080","Usrc Tri-County Dialysis","U.S. Renal Care","78052"
"16612","UCMH (Urgent Care Mental Health)","UCMH",
"12649","24/7 Trafficking Crisis Response and Referral Line","Unbound Now Waco",
"12650","Adult Survivor Advocacy","Unbound Now Waco","76710"
"12653","Human Trafficking: Prevention & Awareness Presentations","Unbound Now Waco","76710"
"12652","The Reagan Home","Unbound Now Waco","76710"
"12651","Youth Survivor Advocacy","Unbound Now Waco","76710"
"18433","Free Resources for Educators","Understood",
"18432","Free Resources for Parents","Understood",
"18434","Women with ADHD","Understood",
"13390","Cielo","United Apartment Group","78217"
"11139","Costa Cadiz","United Apartment Group","78222"
"11189","Fredericksburg Place","United Apartment Group","78201"
"11047","Lago Vista Village","United Apartment Group","78237"
"14046","Oak Creek","United Apartment Group","78230"
"11314","Songbird Apartment Homes","United Apartment Group","78229"
"11127","The Flats at 9338 (formerly Astoria Apartments)","United Apartment Group","78217"
"13745","The Haven at Westover Hills","United Apartment Group","78251"
"11137","The Villas at Costa Biscaya Apartments","United Apartment Group","78218"
"11177","Uptown Heights Apartments","United Apartment Group","78217"
"15881","Research Grant Program","United Cerebral Palsy (UCP)",
"15882","Resources","United Cerebral Palsy (UCP)",
"7021","Spiritual Services","United Christian Center","78218"
"18865","Advocacy","United Spinal Association",
"18864","Find Support","United Spinal Association",
"18867","Ready to Roll: Emergency Preparedness Guide","United Spinal Association",
"18859","Resources","United Spinal Association",
"18863","Self-help Videos","United Spinal Association",
"20315","Fentanyl Awareness","United States Drug Enforcement Administration (DEA)",
"917","211 United Way Help Line","United Way of San Antonio and Bexar County",
"10619","Child Care Scholarships","United Way of San Antonio and Bexar County","78205"
"11857","Dual Generation Initiative","United Way of San Antonio and Bexar County","78205"
"16145","Help Me Grow Bexar County","United Way of San Antonio and Bexar County",
"20091","Hopes","United Way of San Antonio and Bexar County","78205"
"14449","Join the United Way Eastside PAC","United Way of San Antonio and Bexar County","78219"
"8693","Mission United","United Way of San Antonio and Bexar County","78205"
"10620","ReadyKidSA","United Way of San Antonio and Bexar County","78205"
"14448","United Way Eastside Family Resource Center (FRC)","United Way of San Antonio and Bexar County","78219"
"8694","Volunteer United","United Way of San Antonio and Bexar County","78205"
"392","Spiritual Care","Unity of San Antonio","78209"
"393","Spiritual Education","Unity of San Antonio","78209"
"4218","Spiritual Services","Unity of San Antonio","78209"
"20298","Education & Training","Unity Recovery","78222"
"18786","Recovery Support Services","Unity Recovery","78222"
"6745","Unity House","Unity Sober Living","78216"
"7074","Kids' Day Out","Universal City United Methodist Church","78148"
"18187","Spiritual Services","Universal City United Methodist Church","78148"
"11851","Lifeline","Universal Service Administrative Company - USAC",
"9560","Spiritual Services","University Baptist Church","78249"
"9561","WEE School","University Baptist Church","78249"
"18398","Baby Bexar","University Health","78229"
"16242","Brain and Spine Care in San Antonio","University Health","78229"
"19285","Breastfeeding Consultation","University Health","78229"
"11775","Carelink North Office","University Health","78216"
"20165","Controlled Substance Disposal at Discharge Pharmacy - University Hospital","University Health","78229"
"20164","Controlled Substance Disposal at Pharmacy - University Health at Vida","University Health","78224"
"20085","Controlled Substance Disposal at Robert B Green Campus","University Health","78207"
"20127","Controlled Substance Disposal at Southeast Family Health Center","University Health","78223"
"20163","Controlled Substance Disposal at Southwest Family Health Center","University Health","78237"
"20126","Controlled Substance Disposal at Texas Diabetes Institute","University Health","78207"
"20166","Controlled Substance Disposal at University Health Pavilion Pharmacy","University Health","78229"
"13023","Fam210","University Health","78229"
"12146","Family-Focused AIDS Clinical Treatment Services (FFACTS)","University Health","78207"
"18239","healthyUexpress Bus - Mobile Clinics","University Health",
"18237","healthyUexpress Bus - Mobile Mammography","University Health",
"16259","Hearing & Balance Services","University Health","78207"
"16236","Heart & Vascular Care","University Health","78207"
"20266","Mommies Program","University Health","78229"
"16405","Mujeres con Confianza (MCC)-A Woman's Reproductive Health Program","University Health","78237"
"13004","New Start","University Health","78229"
"15699","Operation Brave at University Health","University Health",
"13014","Opioid Treatment and Recovery Services","University Health","78229"
"16237","Orthopedics & Sports Medicine","University Health","78207"
"19962","Outpatient Rehabilitation - Medical Center Pavilion","University Health","78229"
"16266","Pediatric Complex Care","University Health","78207"
"20448","Pediatric Complex Care","University Health","78229"
"16241","Pediatric Gastroenterology","University Health","78207"
"16244","Pediatric Infectious Diseases","University Health","78229"
"16267","Pediatric Lung & Breathing Care","University Health","78207"
"16243","Pediatric Nutrition Counseling","University Health","78207"
"16249","Pediatric Orthopedics","University Health","78207"
"16269","Pediatric Rehabilitation","University Health","78229"
"16258","Pediatric Urology Care","University Health","78207"
"16198","Pharmacy Services","University Health","78207"
"16263","Primary Care For All of Your Child's Health Needs","University Health","78207"
"16268","Primary Care Physicians","University Health","78207"
"16195","Rehabilitation Services at Robert B Green Campus","University Health","78207"
"16253","San Antonio Eye Doctors","University Health","78207"
"19963","San Antonio Rehabilitation Services","University Health","78229"
"13016","Substance Misuse Awareness and Sexual Health","University Health","78229"
"16270","Teen Health Services","University Health","78207"
"16248","Texas Liver Tumor Center","University Health","78229"
"13017","Texas Wears Condoms","University Health",
"5917","University Family Health Center - North","University Health","78216"
"5918","University Family Health Center - Southwest","University Health","78237"
"5916","University Health System Behavioral Health - Babcock","University Health","78229"
"19587","University Health Wheatley - East Side","University Health","78220"
"16199","Urology","University Health","78207"
"16252","Women's Health","University Health","78207"
"13013","Zero Suicide","University Health","78229"
"18038","ACA Support Group","University Methodist Church","78249"
"831","Al-Anon","University Methodist Church","78249"
"933","Counseling Ministry","University Methodist Church","78249"
"18035","Families Impacted by Disability Groups","University Methodist Church","78249"
"2579","Helping Hands Boerne Day Hab","University Methodist Church","78006"
"941","Mom Co.","University Methodist Church","78249"
"840","REBOOT Combat Recovery","University Methodist Church","78249"
"18054","Sensory-Motor Playroom","University Methodist Church","78249"
"844","SHARE","University Methodist Church","78249"
"815","Special Needs Ministry","University Methodist Church","78249"
"6842","Spiritual Services","University Methodist Church","78249"
"845","Stephen Ministry","University Methodist Church","78249"
"18034","Thursday Bingo","University Methodist Church","78249"
"814","University Methodist Primary School.","University Methodist Church","78249"
"7027","Spiritual Services","University Oaks Church Of Christ","78249"
"14759","STEP3 Smoking & Exercise Research Study","University of Texas at Austin",
"15508","Camp Durango","University of Texas at San Antonio (UTSA)","78207"
"19518","Lifelong Learning","University of Texas at San Antonio (UTSA)",
"20139","Mental Health Services","University of Texas at San Antonio (UTSA)","78249"
"16276","On-Corps","University of Texas at San Antonio (UTSA)","78249"
"15193","The UTSA Small Business Development Center","University of Texas at San Antonio (UTSA)","78207"
"17795","UTSA - Downtown Library","University of Texas at San Antonio (UTSA)","78207"
"17794","UTSA - John Peace Library","University of Texas at San Antonio (UTSA)","78249"
"1409","UTSA Westside Community Center - Office of University Relations","University of Texas at San Antonio (UTSA)","78207"
"1879","Cardinal's Cupboard","University of the Incarnate Word (UIW)","78212"
"2437","Nursing Cardinal Clinic","University of the Incarnate Word (UIW)","78203"
"6712","Service Opportunities","University of the Incarnate Word (UIW)","78209"
"18036","UIW Physical and Occupational Therapy Community Clinic","University of the Incarnate Word (UIW)","78250"
"12124","Fellowship Meal","University Park Baptist Church","78228"
"6938","Spiritual Services","University Park Baptist Church","78228"
"18214","Children Education","University Presbyterian Church","78212"
"4147","Spiritual Services","University Presbyterian Church","78212"
"18212","Youth Education","University Presbyterian Church","78212"
"14188","Plaza DeVille","Univesco","78240"
"13425","No Strings Attached","Untethered Ministries",
"5561","Data Resources","UP Partnership","78213"
"17273","Diplomás","UP Partnership",
"17272","Excel Beyond the Bell","UP Partnership",
"5560","Excel Beyond the Bell","UP Partnership","78213"
"17269","Learning Reources","UP Partnership",
"17283","My Brother's Keeper San Antonio","UP Partnership",
"10554","Join the Community!","UpTogether",
"18919","Family Caregiver Support","Upward Care",
"18920","Family Caregiver Training - Online","Upward Care",
"7161","MAX Program","Upward Transitions Therapeutic Horsemanship (UTTH)","78023"
"7160","Therapeutic Riding","Upward Transitions Therapeutic Horsemanship (UTTH)","78023"
"7162","Veteran Program","Upward Transitions Therapeutic Horsemanship (UTTH)","78023"
"5563","The Cultivation Project","URBAN-15","78210"
"12729","CareerOneStop","US Department of Labor Employment and Training Administration (ETA)",
"18426","Job Accommodation Network (JAN)","US Department of Labor Employment and Training Administration (ETA)",
"8525","Afghan Resource Center","USAHello",
"8526","FindHello","USAHello",
"17419","Adolescent Outpatient Behavioral Health","UT Health San Antonio","78229"
"19643","All for Them Bexar County","UT Health San Antonio","78229"
"20240","Be Well Texas Clinic","UT Health San Antonio","78229"
"11777","Caring for the Caregiver","UT Health San Antonio","78229"
"20020","Geriatrics and Supportive Care","UT Health San Antonio","78229"
"16091","Group Psychotherapy","UT Health San Antonio","78229"
"15243","Naloxone Texas","UT Health San Antonio",
"5814","NOW Clinic","UT Health San Antonio","78240"
"13622","NOW-Youth","UT Health San Antonio","78240"
"12874","Project ECHO","UT Health San Antonio",
"8535","Project YES (Youth Empowerment and Support)","UT Health San Antonio",
"9387","Recovery Texas","UT Health San Antonio",
"15285","San Antonio Refugee Health Clinic (SARHC)","UT Health San Antonio","78240"
"20441","Sedation Dentistry","UT Health San Antonio","78229"
"18293","Special Needs Dental Clinic","UT Health San Antonio","78229"
"20376","STRONG STAR Training Initiative","UT Health San Antonio",
"18028","Therapy for Trauma in Teens and Adolescents","UT Health San Antonio","78229"
"11970","Tobacco Cessation Program","UT Health San Antonio","78229"
"11971","Tobacco Cessation Program - QuitTxt","UT Health San Antonio",
"8581","UT Teen Health - Educational Resources","UT Health San Antonio","78229"
"8582","UT Teen Health - HHS/ACYF Sexual Risk Avoidance Program","UT Health San Antonio","78229"
"8579","UT Teen Health Clinic","UT Health San Antonio","78207"
"18826","Vestibular Therapy","UT Health San Antonio","78229"
"9404","Heroes Helpline","UTHealth Houston",
"9405","Substance Use Disorder in the First Responder Workforce","UTHealth Houston","77030"
"20328","Texas Integrated Community Opioid Network (ICON)","UTHealth Houston",
"8767","Utopia Food Pantry","Utopia Food Pantry","78884"
"7456","Alamo YSA Ward","UTSA Boulevard Meetinghouse of The Church of Jesus Christ of Latter-day Saints","78249"
"7457","Balcones Ward","UTSA Boulevard Meetinghouse of The Church of Jesus Christ of Latter-day Saints","78249"
"13128","Disaster Response","UTSA Boulevard Meetinghouse of The Church of Jesus Christ of Latter-day Saints","78249"
"7458","Leon Springs Ward","UTSA Boulevard Meetinghouse of The Church of Jesus Christ of Latter-day Saints","78249"
"7433","Parkwood Ward","UTSA Boulevard Meetinghouse of The Church of Jesus Christ of Latter-day Saints","78249"
"14999","Services","UTSA Sarabia Family Counseling Center","78207"
"14020","Spiritual Services","UTSA St. Anthony Catholic Newman Center","78249"
"1495","Community Counseling at Parents Helping Parents","Uvalde Consolidated Independent School District","78801"
"17331","Volunteer Opportunities","Uvalde Consolidated Independent School District","78801"
"13137","Disaster Response","Uvalde Meetinghouse of The Church of Jesus Christ of Latter-day Saints","78801"
"12667","Uvalde Branch","Uvalde Meetinghouse of The Church of Jesus Christ of Latter-day Saints","78801"
"16340","Healing and Support","Uvalde Together Resiliency Center","78801"
"6942","Spiritual Services","Valley-Hi Baptist Mission","78227"
"12127","Valley Hi FBC Academy","Valley-Hi Baptist Mission","78227"
"13491","Foster Families Resources","Vault Fostering Community","78249"
"13492","Get Involved","Vault Fostering Community","78249"
"4808","Spiritual Services","Ven a El Iglesia Bautista","78214"
"14018","Spiritual Services","Verse by Verse Ministry of San Antonio","78216"
"6779","Spiritual Services","Vertical Church","78217"
"16009","Vertical Kids Early Learning Academy","Vertical Church","78232"
"11133","Marshall Meadows Apartment Homes","Vesta Corporate","78214"
"11135","Palo Alto Apartment Homes","Vesta Corporate","78224"
"11619","Port Royal Homes Apartments","Vesta Corporate","78242"
"15538","Veteran Disability Services (San Antonio)","Veteran Disability Services LLC",
"19434","Pension with Aid and Attendance Benefit for Veterans and Surviving Spouse","Veterans Care Coordination (VCC)",
"7924","Veterans Crisis Line","Veterans Crisis Line",
"13751","Counseling for Veterans & Families","Veterans One Stop","76706"
"13752","Military Veteran Peer Network","Veterans One Stop","76706"
"18508","Grooming and Hygiene Solutions for Veterans","Veterans Troops and Families (VTF)","78227"
"18507","Grooming Services","Veterans Troops and Families (VTF)","78227"
"18509","Specialized Services","Veterans Troops and Families (VTF)","78227"
"15195","Blind Low Vision Riders Technology","VIA Metropolitan Transit","78207"
"15194","Ride & Read","VIA Metropolitan Transit","78207"
"4616","VIA Link","VIA Metropolitan Transit","78207"
"12045","VIA Metro Fare Assistance Partnership","VIA Metropolitan Transit",
"18379","VIA Reduced Bus Fares","VIA Metropolitan Transit",
"6946","VIAtrans Paratransit Service","VIA Metropolitan Transit","78207"
"8201","VIAWorks Vanpool Service","VIA Metropolitan Transit","78207"
"19688","Ride the Rio","Via Transportation",
"500","Adult and Senior Programs","Vibrant Works","78229"
"521","Children and Youth Program","Vibrant Works","78210"
"10859","Orientation and Mobility","Vibrant Works","78210"
"15278","Technology Evaluation and Training Program","Vibrant Works","78210"
"540","Transition to Work Program","Vibrant Works","78210"
"538","Vocational Rehabilitation Services","Vibrant Works","78210"
"8564","Volunteer Opportunities","Vibrant Works","78210"
"10711","Spiritual Services","Victorious Faith Baptist Church","78250"
"6390","Spiritual Services","Victory Assembly of God Church","78148"
"6391","Victory Fitness","Victory Assembly of God Church","78148"
"6392","Victory Softball","Victory Assembly of God Church","78148"
"6943","Spiritual Services","Victory Baptist Church","78073"
"6944","Spiritual Services","Victory Chapel","78237"
"32","Outcry in the Barrio","Victory Fellowship","78237"
"5619","Spiritual Growth Center","Victory Gospel Chapel","78203"
"9484","Spiritual Services","Victory Gospel Chapel","78203"
"4759","Victory Outreach Home","Victory Outreach Church","78210"
"6239","Spirtual Services","Victory Worship Center","78227"
"14347","The Reserve","Vie Management","78249"
"10713","Spiritual Services","Vietnamese Martyrs Catholic Church","78217"
"6945","Spiritual Services","Vietnamese-American Cultural Church","78220"
"11569","Champions Gate Apartments","Village Green Apartments","78249"
"17129","24/7 account access","Village Medical","78249"
"17119","Anywhere visits and same-day appointments","Village Medical","78249"
"17118","Care for Adults over 65","Village Medical","78249"
"17120","Chronic care management","Village Medical","78249"
"17121","Coordination for your specialty care","Village Medical","78249"
"17122","Illness and Injuries","Village Medical","78249"
"17127","The Annual Well Visit","Village Medical","78249"
"17124","The convenience of on-site labs","Village Medical","78249"
"17130","Village Medical (Helotes location)","Village Medical","78249"
"17123","Village Medical at Home","Village Medical","78249"
"2401","Food Pantry","Village Parkway Baptist Church","78251"
"8695","Spiritual Services","Village Parkway Baptist Church","78251"
"17319","Jobs in New Braunfels","VIP Staffing","78130"
"16367","Individual Therapy","Virtual Youth Therapy",
"10715","Spiritual Services","Vision & Restoration Church/Vision Y Restauracion","78228"
"19806","In-Home Mental Health Family Therapy","VisionQuest (VQ)",
"19470","Inclusive and Accessible Vacations in San Antonio","Visit San Antonio","78205"
"19469","San Antonio Visitor’s Guide","Visit San Antonio","78205"
"689","Housing and Education Program","Visitation House Ministries","78212"
"8698","Volunteer Opportunities","Visitation House Ministries","78212"
"20022","In-Home Services","Visiting Practitioners and Palliative Care",
"16580","Counseling Services","Vitality Life Counseling of San Antonio","78229"
"16586","Immigration Evaluations","Vitality Life Counseling of San Antonio","78229"
"16581","Therapy Services","Vitality Life Counseling of San Antonio","78229"
"19066","Home Care","VitaPlus Home Care","78227"
"15315","Care Services","VITAS Healthcare","78249"
"9286","Coping with Grief Articles","VITAS Healthcare",
"9288","Grief and Bereavement for Children","VITAS Healthcare",
"9284","Grieving Support Groups: Remote, Virtual, and Online","VITAS Healthcare",
"15314","Hospice and Palliative Care Basics","VITAS Healthcare","78249"
"7045","Voices de la Luna Monthly Literary Evening","Voices de la Luna","78209"
"15640","Take a Case Volunteer Opportunity","Volunteer Legal Services of Central Texas","78754"
"17173","Country Village Square","Volunteers of America Texas (VOA Texas)","78629"
"17175","Evergreen Villa","Volunteers of America Texas (VOA Texas)","78624"
"11207","Huebner Creek Villas I","Volunteers of America Texas (VOA Texas)","78240"
"11325","Huebner Creek Villas II","Volunteers of America Texas (VOA Texas)","78240"
"17172","Kerrville Oaks","Volunteers of America Texas (VOA Texas)","78028"
"11369","Oxford Trace Apartments","Volunteers of America Texas (VOA Texas)","78240"
"17903","Bridge to Brilliance","W.E. Bridge San Antonio Inc.","78203"
"17907","Bridge to Brilliance - Laredo St Location","W.E. Bridge San Antonio Inc.","78207"
"17905","Bridge to Wellness","W.E. Bridge San Antonio Inc.","78203"
"17908","Bridge to Wellness - Laredo St Location","W.E. Bridge San Antonio Inc.","78207"
"17906","PathWell to Resilience","W.E. Bridge San Antonio Inc.","78203"
"17909","PathWell to Resilience - Laredo St Location","W.E. Bridge San Antonio Inc.","78207"
"17904","Peaceful Streets Initiative","W.E. Bridge San Antonio Inc.","78203"
"17911","Peaceful Streets Initiative - Laredo St Location","W.E. Bridge San Antonio Inc.","78207"
"18576","Virtual Inclusive Fitness","W.O.W. Wonders On Wheels",
"12324","Waco Family Medicine - Counseling","Waco Family Medicine","76707"
"20170","Controlled Substance Disposal at Walgreens - Southwest Military","Walgreens Pharmacy","78221"
"20241","Controlled Substance Disposal at Walgreens Pharmacy - Bulverde","Walgreens Pharmacy","78259"
"20246","Controlled Substance Disposal at Walgreens Pharmacy - Business IH 35","Walgreens Pharmacy","78130"
"20229","Controlled Substance Disposal at Walgreens Pharmacy - Commce St","Walgreens Pharmacy","78237"
"20239","Controlled Substance Disposal at Walgreens Pharmacy - Farm to Market Road 1957","Walgreens Pharmacy","78253"
"20238","Controlled Substance Disposal at Walgreens Pharmacy - Farm to Market Road 1957R","Walgreens Pharmacy","78253"
"20242","Controlled Substance Disposal at Walgreens Pharmacy - Farm to Market Road 3009","Walgreens Pharmacy","78154"
"20247","Controlled Substance Disposal at Walgreens Pharmacy - Jefferson St, Kerrville, TX","Walgreens Pharmacy","78028"
"20243","Controlled Substance Disposal at Walgreens Pharmacy - Main St","Walgreens Pharmacy","78006"
"20236","Controlled Substance Disposal at Walgreens Pharmacy - Nacogdoches Rd","Walgreens Pharmacy","78247"
"20235","Controlled Substance Disposal at Walgreens Pharmacy - Wurzbach","Walgreens Pharmacy","78229"
"20233","Controlled Substance Disposal at Walgreens Pharmacy - Zarzamora St","Walgreens Pharmacy","78224"
"20232","Controlled Substance Disposal at Wlgreens Pharmacy - Rigsby Ave","Walgreens Pharmacy","78222"
"19798","Medication Disposal - Commerce","Walgreens Pharmacy","78237"
"19800","Medication Disposal - FM 1957","Walgreens Pharmacy","78253"
"19799","Medication Disposal - Nacogdoches","Walgreens Pharmacy","78247"
"19797","Medication Disposal - Wurzbach","Walgreens Pharmacy","78229"
"20292","Controlled Substance Disposal at CVS Pharmacy, Inc. - Cibolo Valley Dr","Walmart Stores","78108"
"20290","Controlled Substance Disposal at CVS Pharmacy, Inc. - Farm to Market Rd 1560","Walmart Stores","78254"
"20291","Controlled Substance Disposal at CVS Pharmacy, Inc. - Farm to Market Rd 3009","Walmart Stores","78154"
"20293","Controlled Substance Disposal at CVS Pharmacy, Inc. - IH - 35 South","Walmart Stores","78130"
"20294","Controlled Substance Disposal at CVS Pharmacy, Inc. - North Hwy 123 Bypass","Walmart Stores","78155"
"20288","Controlled Substance Disposal at CVS Pharmacy, Inc. - Potranco Rd","Walmart Stores","78253"
"18751","Sensory-Friendly Hours","Walmart Stores",
"20317","Veteran Security Services","WarEagle Enterprises","78250"
"17693","In-Person Training","Warrior Kid Medic",
"2540","Drug and Alcohol Detox Center-The Ranch","Warriors Heart","78003"
"2543","Intensive Outpatient Treatment Program","Warriors Heart","78003"
"16825","Magnetic e-Resonance Therapy (MERT) – Brain Therapy","Warriors Heart","78003"
"8706","Program Support & Sponsorship","Warriors Heart","78003"
"2541","Residential Treatment (Inpatient)","Warriors Heart","78003"
"2542","Warriors Heart Sober Living","Warriors Heart","78003"
"11017","Banyan Tree Apartments","Water Meadow Property Management","78218"
"11214","Kennedy Arms Apartments","Water Meadow Property Management","78226"
"4169","Spiritual Services","Wayfaring Church of God in Christ","78207"
"7059","Spiritual Services","Ways of Christ Church","78207"
"6822","Care & Comfort","Wayside Chapel","78213"
"6821","Spiritual Services","Wayside Chapel","78213"
"14727","In Crisis?","We R Native",
"19444","ABA Therapy","We Rock the Spectrum Kid's Gym","78261"
"11787","Autism Support and Resources","We Rock the Spectrum Kid's Gym",
"19443","Camps","We Rock the Spectrum Kid's Gym","78261"
"19442","Classes","We Rock the Spectrum Kid's Gym","78261"
"7971","Open Play with Sensory Equipment","We Rock the Spectrum Kid's Gym","78261"
"7970","We Rock Care","We Rock the Spectrum Kid's Gym","78148"
"6966","Spiritual Services","Weidner Road Baptist Church","78233"
"1940","Medicare Advantage Plans","WellCare Health Plans",
"20054","WellMed at Ingram Park","WellMed","78238"
"20055","WellMed at SW Military","WellMed","78221"
"20056","WellMed at Windcrest","WellMed","78218"
"1411","Caregiver SOS at Alicia Trevino Lopez Senior One Stop Center","WellMed Charitable Foundation","78251"
"17528","Caregiver SOS at District 5 Senior Center","WellMed Charitable Foundation","78210"
"2933","Caregiver SOS at Doris Griffin Senior One-Stop Center","WellMed Charitable Foundation","78238"
"1410","Caregiver SOS at Elvira Cisneros Senior Center","WellMed Charitable Foundation","78221"
"17529","Caregiver SOS at South Side Lions Senior Center","WellMed Charitable Foundation","78210"
"20086","Caregiver SOS Virtual Program","WellMed Charitable Foundation",
"1412","Caregiver TeleConnection","WellMed Charitable Foundation",
"11790","Stress-Busting Program (SBP) for Family Caregivers","WellMed Charitable Foundation","78257"
"11789","Virtual Senior Center","WellMed Charitable Foundation",
"8707","Volunteer Opportunities","WellMed Charitable Foundation","78257"
"2496","Medicare Advantage Plan","Wellpoint","78216"
"14701","Remington Medical Resort San Antonio","Wellsential Health","78229"
"14700","Windsor Mission Oaks","Wellsential Health","78214"
"13995","Addiction and Recovery","Wellspring Waters Counseling and Wellness","78219"
"17496","Counseling Services - Tree Mount Temple Church Location","Wellspring Waters Counseling and Wellness","78220"
"13996","Couples and Intimacy Counseling","Wellspring Waters Counseling and Wellness","78219"
"13998","Grief/Loss Counseling","Wellspring Waters Counseling and Wellness","78219"
"13997","Parenting and Family Counseling","Wellspring Waters Counseling and Wellness","78219"
"5919","Addiction and Recovery","Wellspring Wellness Manifest","78213"
"5920","Family Counseling","Wellspring Wellness Manifest","78213"
"2262","Clothes Closet","West Avenue Compassion","78213"
"17033","Community Resource Center","West Avenue Compassion","78213"
"8709","English As A Second Language (ESL)","West Avenue Compassion","78213"
"2261","Food Pantry","West Avenue Compassion","78213"
"2265","Health Classes","West Avenue Compassion","78213"
"2264","Job/Education Center","West Avenue Compassion","78213"
"2263","Senior Food Distribution","West Avenue Compassion","78213"
"2267","Social Service Referral Service","West Avenue Compassion","78213"
"8708","Volunteer Opportunities","West Avenue Compassion","78213"
"4149","Spiritual Services","West End Church of God In Christ","78207"
"6627","Spiritual Services","West Laurel Heights First Missionary Baptist Church","78237"
"13129","Disaster Response","West Military Meetinghouse of The Church of Jesus Christ of Latter-day Saints","78251"
"7535","San Antonio 6th Ward","West Military Meetinghouse of The Church of Jesus Christ of Latter-day Saints","78251"
"7533","Wiseman Ward","West Military Meetinghouse of The Church of Jesus Christ of Latter-day Saints","78251"
"6967","Spiritual Services","West Mt Calvary Baptist Church","78237"
"4128","Spiritual Services","West Mt Nebo Baptist Church","78207"
"19815","Clothing Closet","WestCare Texas","78219"
"17369","Volunteer & Support Opportunities","WestCare Texas","78202"
"18728","Spiritual Services","Western Hills Christian Church","78240"
"11518","Alegria Del Sol Apartments","Westland Real Estate Group","78213"
"11559","Blue Vine Apartments","Westland Real Estate Group","78209"
"11571","Chestnut Park Apartments","Westland Real Estate Group","78216"
"11259","Peppermill Apartments","Westland Real Estate Group","78148"
"14421","Spiritual Services","Westlawn Baptist Church","78237"
"6657","Community Office","Westlawn United Methodist Church","78237"
"6653","English Classes","Westlawn United Methodist Church","78237"
"6656","La Bendicion WUMC Food Pantry","Westlawn United Methodist Church","78237"
"6654","Spiritual Services","Westlawn United Methodist Church","78237"
"1222","Wesley Nurse","Westlawn United Methodist Church","78237"
"17996","Assisted Living","WestMark Senior Living","78240"
"17997","Memory Care","WestMark Senior Living","78240"
"10472","Mental and Behavioral Health Support","Westminster Square","78213"
"20472","Senior 62+ Apartments","Westminster Square","78213"
"6375","Spiritual Services","Westover Hills Assembly of God Church","78251"
"6378","Support - Created on Purpose","Westover Hills Assembly of God Church","78251"
"6376","Westover Sports","Westover Hills Assembly of God Church","78251"
"6481","Spiritual Services","Westridge Park Baptist Church","78237"
"17535","Interceptive Orthodontics","Westwood Children's Dentistry","78253"
"17536","Pediatric Orthodontics","Westwood Children's Dentistry","78253"
"17537","Space Maintainers","Westwood Children's Dentistry","78253"
"17534","Special Needs Dentistry","Westwood Children's Dentistry","78253"
"6582","Spiritual Services","Wheatley Heights Baptist Church","78239"
"19775","Compassion Program","Wheelchairs 4 Kids",
"19776","Get Involved","Wheelchairs 4 Kids",
"19772","Let's Roll Program","Wheelchairs 4 Kids",
"19774","Wheelchairs 4 Kids Scholarship","Wheelchairs 4 Kids",
"19773","Wheely Fun Days","Wheelchairs 4 Kids",
"13817","Spiritual Services","Whole Life Christian Church","78109"
"6742","Food Pantry & Clothing Give-A-Way","Widow's Mite Christian Outreach Ministry","78109"
"6931","Spiritual Services","Wildaplat Christian Fellowship",
"7525","Braun Heights Ward","Wilder Meetinghouse of The Church of Jesus Christ of Latter-day Saints","78250"
"13130","Disaster Response","Wilder Meetinghouse of The Church of Jesus Christ of Latter-day Saints","78250"
"12558","Leon Creek Ward","Wilder Meetinghouse of The Church of Jesus Christ of Latter-day Saints","78250"
"7524","San Antonio 3rd Ward","Wilder Meetinghouse of The Church of Jesus Christ of Latter-day Saints","78250"
"6159","Created","Wildfire Network","78266"
"6154","Kindle","Wildfire Network","78266"
"6151","Mission Mentorship","Wildfire Network","78218"
"6157","Oak Manor Ministry","Wildfire Network","78218"
"11548","Cable Ranch Apartments","Wilhoit Living","78245"
"10471","Mental and Behavioral Health Support","Will Rogers Academy","78212"
"19991","Legacy on O Connor Road","Willow Bridge","78233"
"14173","Park Terrace","Willow Bridge","78242"
"14442","The Legacy on O’Connor Road","Willow Bridge","78233"
"14509","Thirty Oaks","Willow Bridge","78253"
"11528","Apex Apartments","Willow Bridge Property Company","78216"
"11635","Aspire at Tampico","Willow Bridge Property Company","78207"
"11531","Brio at Lookout","Willow Bridge Property Company","78233"
"11007","Hemisview Village","Willow Bridge Property Company","78210"
"11604","Legacy at O'Connor Road","Willow Bridge Property Company","78233"
"11037","Legacy at Science Park","Willow Bridge Property Company","78228"
"11182","St. Johns","Willow Bridge Property Company","78210"
"14423","Stonehill At Pipers Creek","Willow Bridge Property Company","78251"
"13818","Spiritual Services","Willow Park Christian Church (Disciples of Christ)","78220"
"15017","Back to School Clothing","Wilson Area Childrens Foundation","78114"
"20375","Volunteer Income Tax Assistance (VITA) at Wilson County Senior Activity Center","Wilson County Senior Activity Center","78114"
"20374","Wilson County Community Hub","Wilson County Senior Activity Center","78114"
"6806","Chair Yoga","Windcrest United Methodist Church","78239"
"2483","Neighbors Helping Neighbors Food Pantry","Windcrest United Methodist Church","78239"
"11677","R.O.O.T.S. (Royal Order Of Terrific Seniors)","Windcrest United Methodist Church","78239"
"11678","Senior Games Day","Windcrest United Methodist Church","78239"
"6805","Sit and Be Fit","Windcrest United Methodist Church","78239"
"5596","Spiritual Services","Windcrest United Methodist Church","78239"
"9027","TOPS - Take Off Pounds Sensibly","Windcrest United Methodist Church","78239"
"1214","Wesley Nurse","Windcrest United Methodist Church","78239"
"9029","Windcrest Day School & Child Development Center","Windcrest United Methodist Church","78239"
"11679","WUMC Food Pantry","Windcrest United Methodist Church","78239"
"8477","Innovative Techniques","Windmill Wellness Ranch","78133"
"8479","Intensive Outpatient Program (IOP)","Windmill Wellness Ranch",
"8478","Residential Treatment","Windmill Wellness Ranch","78133"
"7033","Food Pantry","Winds of Grace Church/Iglesia Vientos de Gracia","78237"
"7032","Spiritual Services","Winds of Grace Church/Iglesia Vientos de Gracia","78237"
"13872","Breast Cancer Services","WINGS","78230"
"19883","Advanced Illness Care","Wings of Hope","78209"
"19884","Grief Resources","Wings of Hope",
"19881","Grief Support for Youth & Families","Wings of Hope","78209"
"19889","Volunteer & Support Opportunities","Wings of Hope","78209"
"19888","Wings of Hope Placement Service","Wings of Hope","78209"
"13746","Anxiety Therapy","Witt Psychotherapy","78212"
"13747","Relationship Issues","Witt Psychotherapy","78212"
"13743","Trauma and PTSD Treatment","Witt Psychotherapy","78212"
"13748","Veterans, Medical Workers, High-Stress Professionals","Witt Psychotherapy","78212"
"19618","Sensory Saturday","Witte Museum","78209"
"19619","Witte Events Calendar","Witte Museum","78209"
"1229","Woke-House Weekly Meeting","Woke-House Community Center","78229"
"13231","Leadership and Learning","Women's Global Connection (WGC)","78209"
"15690","Helpline","Wonders and Worries",
"15692","Parenting Support","Wonders and Worries","78229"
"15691","Support for Children and Teenagers","Wonders and Worries","78229"
"18191","Girls in Action","Woodlake Baptist Church","78244"
"18189","Men's Ministry","Woodlake Baptist Church","78244"
"18192","Mission Friends","Woodlake Baptist Church","78244"
"18190","Royal Ambassadors","Woodlake Baptist Church","78244"
"12145","Senior Adults Ministry","Woodlake Baptist Church","78244"
"6969","Spiritual Services","Woodlake Baptist Church","78244"
"107","English as Second Language","Woodland Church","78248"
"10470","Mental and Behavioral Health Support","Woodland Church","78248"
"19702","Spiritual Services","Woodland Church","78248"
"1909","Food Pantry","Woodlawn Christian Church","78201"
"7528","King's Christian Academy","Woodlawn Christian Church","78201"
"7527","Spiritual Services","Woodlawn Christian Church","78201"
"1912","Woodlawn Christian Church Celebrations","Woodlawn Christian Church","78201"
"4213","Spiritual Services","Word of Faith Christian Center","78213"
"7177","Spiritual Services","Word of God Church","78218"
"8998","Become a Child Care Services Provider -  Port San Antonio","Workforce Solutions Alamo","78226"
"9009","Become a Child Care Services Provider - Bandera","Workforce Solutions Alamo","78003"
"9000","Become a Child Care Services Provider - Boerne","Workforce Solutions Alamo","78006"
"8997","Become a Child Care Services Provider - Datapoint","Workforce Solutions Alamo","78229"
"8995","Become a Child Care Services Provider - E Houston","Workforce Solutions Alamo","78220"
"8999","Become a Child Care Services Provider - Floresville","Workforce Solutions Alamo","78114"
"9003","Become a Child Care Services Provider - Hondo","Workforce Solutions Alamo","78861"
"9007","Become a Child Care Services Provider - Kenedy","Workforce Solutions Alamo","78119"
"9004","Become a Child Care Services Provider - Kerrville","Workforce Solutions Alamo","78028"
"9008","Become a Child Care Services Provider - New Braunfels","Workforce Solutions Alamo","78130"
"8996","Become a Child Care Services Provider - O’Connor","Workforce Solutions Alamo","78233"
"9006","Become a Child Care Services Provider - Pearsall","Workforce Solutions Alamo","78061"
"9001","Become a Child Care Services Provider - Pleasanton","Workforce Solutions Alamo","78064"
"8994","Become a Child Care Services Provider - S Flores","Workforce Solutions Alamo","78221"
"18045","Become a Child Care Services Provider - San Antonio Food Bank","Workforce Solutions Alamo","78227"
"9002","Become a Child Care Services Provider - Seguin","Workforce Solutions Alamo","78155"
"8971","Business Services","Workforce Solutions Alamo",
"9011","Career Planning","Workforce Solutions Alamo",
"18074","Career Training for Top Industries - Bandera","Workforce Solutions Alamo","78003"
"18075","Career Training for Top Industries - Boerne","Workforce Solutions Alamo","78006"
"18068","Career Training for Top Industries - Datapoint","Workforce Solutions Alamo","78229"
"18069","Career Training for Top Industries - E Houston","Workforce Solutions Alamo","78220"
"18076","Career Training for Top Industries - Floresville","Workforce Solutions Alamo","78114"
"18077","Career Training for Top Industries - Hondo","Workforce Solutions Alamo","78861"
"18078","Career Training for Top Industries - Kenedy","Workforce Solutions Alamo","78119"
"18079","Career Training for Top Industries - Kerrville","Workforce Solutions Alamo","78028"
"18080","Career Training for Top Industries - New Braunfels","Workforce Solutions Alamo","78130"
"18070","Career Training for Top Industries - O’Connor","Workforce Solutions Alamo","78233"
"18081","Career Training for Top Industries - Pearsall","Workforce Solutions Alamo","78061"
"18082","Career Training for Top Industries - Pleasanton","Workforce Solutions Alamo","78064"
"18071","Career Training for Top Industries - Port San Antonio","Workforce Solutions Alamo","78226"
"18072","Career Training for Top Industries - S Flores","Workforce Solutions Alamo","78221"
"18073","Career Training for Top Industries - San Antonio Food Bank","Workforce Solutions Alamo","78227"
"18083","Career Training for Top Industries - Seguin","Workforce Solutions Alamo","78155"
"8882","Child Care Services (CCS) - Bandera","Workforce Solutions Alamo","78003"
"8874","Child Care Services (CCS) - Boerne","Workforce Solutions Alamo","78006"
"8871","Child Care Services (CCS) - Datapoint","Workforce Solutions Alamo","78229"
"8869","Child Care Services (CCS) - E Houston","Workforce Solutions Alamo","78220"
"8873","Child Care Services (CCS) - Floresville","Workforce Solutions Alamo","78114"
"8877","Child Care Services (CCS) - Hondo","Workforce Solutions Alamo","78861"
"8881","Child Care Services (CCS) - Kenedy","Workforce Solutions Alamo","78119"
"8878","Child Care Services (CCS) - Kerrville","Workforce Solutions Alamo","78028"
"8953","Child Care Services (CCS) - New Braunfels","Workforce Solutions Alamo","78130"
"8870","Child Care Services (CCS) - O'Connor","Workforce Solutions Alamo","78233"
"8880","Child Care Services (CCS) - Pearsall","Workforce Solutions Alamo","78061"
"8875","Child Care Services (CCS) - Pleasanton","Workforce Solutions Alamo","78064"
"8872","Child Care Services (CCS) - Port San Antonio","Workforce Solutions Alamo","78226"
"8868","Child Care Services (CCS) - S Flores","Workforce Solutions Alamo","78221"
"18046","Child Care Services (CCS) - San Antonio Food Bank","Workforce Solutions Alamo","78227"
"8876","Child Care Services (CCS) - Seguin","Workforce Solutions Alamo","78155"
"8955","Hiring Events","Workforce Solutions Alamo",
"4039","Job Postings","Workforce Solutions Alamo",
"8915","Military Family Support Program - Bandera","Workforce Solutions Alamo","78003"
"8906","Military Family Support Program - Boerne","Workforce Solutions Alamo","78006"
"8903","Military Family Support Program - Datapoint","Workforce Solutions Alamo","78229"
"8901","Military Family Support Program - E Houston","Workforce Solutions Alamo","78220"
"8905","Military Family Support Program - Floresville","Workforce Solutions Alamo","78114"
"8909","Military Family Support Program - Hondo","Workforce Solutions Alamo","78861"
"8913","Military Family Support Program - Kenedy","Workforce Solutions Alamo","78119"
"8910","Military Family Support Program - Kerrville","Workforce Solutions Alamo","78028"
"8914","Military Family Support Program - New Braunfels","Workforce Solutions Alamo","78130"
"8902","Military Family Support Program - O’Connor","Workforce Solutions Alamo","78233"
"8912","Military Family Support Program - Pearsall","Workforce Solutions Alamo","78061"
"8907","Military Family Support Program - Pleasanton","Workforce Solutions Alamo","78064"
"8904","Military Family Support Program - Port San Antonio","Workforce Solutions Alamo","78226"
"8900","Military Family Support Program - S Flores","Workforce Solutions Alamo","78221"
"18107","Military Family Support Program - San Antonio Food Bank","Workforce Solutions Alamo","78227"
"8908","Military Family Support Program - Sequin","Workforce Solutions Alamo","78155"
"8993","OJT Hiring Incentive for Employers - Bandera","Workforce Solutions Alamo","78003"
"8984","OJT Hiring Incentive for Employers - Boerne","Workforce Solutions Alamo","78006"
"8981","OJT Hiring Incentive for Employers - Datapoint","Workforce Solutions Alamo","78229"
"8979","OJT Hiring Incentive for Employers - E Houston","Workforce Solutions Alamo","78220"
"8983","OJT Hiring Incentive for Employers - Floresville","Workforce Solutions Alamo","78114"
"8987","OJT Hiring Incentive for Employers - Hondo","Workforce Solutions Alamo","78861"
"8991","OJT Hiring Incentive for Employers - Kenedy","Workforce Solutions Alamo","78119"
"8988","OJT Hiring Incentive for Employers - Kerrville","Workforce Solutions Alamo","78028"
"8992","OJT Hiring Incentive for Employers - New Braunfels","Workforce Solutions Alamo","78130"
"8980","OJT Hiring Incentive for Employers - O'Connor","Workforce Solutions Alamo","78233"
"8990","OJT Hiring Incentive for Employers - Pearsall","Workforce Solutions Alamo","78061"
"8985","OJT Hiring Incentive for Employers - Pleasanton","Workforce Solutions Alamo","78064"
"8982","OJT Hiring Incentive for Employers - Port San Antonio","Workforce Solutions Alamo","78226"
"8978","OJT Hiring Incentive for Employers - S Flores","Workforce Solutions Alamo","78221"
"18108","OJT Hiring Incentive for Employers - San Antonio Food Bank","Workforce Solutions Alamo","78227"
"8986","OJT Hiring Incentive for Employers - Seguin","Workforce Solutions Alamo","78155"
"18090","On-the-Job Training (OJT) - Bandera","Workforce Solutions Alamo","78003"
"18091","On-the-Job Training (OJT) - Boerne","Workforce Solutions Alamo","78006"
"18084","On-the-Job Training (OJT) - Datapoint","Workforce Solutions Alamo","78229"
"18085","On-the-Job Training (OJT) - E Houston","Workforce Solutions Alamo","78220"
"18092","On-the-Job Training (OJT) - Floresville","Workforce Solutions Alamo","78114"
"18093","On-the-Job Training (OJT) - Hondo","Workforce Solutions Alamo","78861"
"18096","On-the-Job Training (OJT) - Kenedy","Workforce Solutions Alamo","78119"
"18094","On-the-Job Training (OJT) - Kerrville","Workforce Solutions Alamo","78028"
"18095","On-the-Job Training (OJT) - New Braunfels","Workforce Solutions Alamo","78130"
"18086","On-the-Job Training (OJT) - O’Connor","Workforce Solutions Alamo","78233"
"18097","On-the-Job Training (OJT) - Pearsall","Workforce Solutions Alamo","78061"
"18098","On-the-Job Training (OJT) - Pleasanton","Workforce Solutions Alamo","78064"
"18087","On-the-Job Training (OJT) - Port San Antonio","Workforce Solutions Alamo","78226"
"18088","On-the-Job Training (OJT) - S Flores","Workforce Solutions Alamo","78221"
"18089","On-the-Job Training (OJT) - San Antonio Food Bank","Workforce Solutions Alamo","78227"
"18099","On-the-Job Training (OJT) - Seguin","Workforce Solutions Alamo","78155"
"9379","Start My VR","Workforce Solutions Alamo",
"8899","Veterans Services - Bandera","Workforce Solutions Alamo","78003"
"8890","Veterans Services - Boerne","Workforce Solutions Alamo","78006"
"8887","Veterans Services - Datapoint","Workforce Solutions Alamo","78229"
"8885","Veterans Services - E Houston","Workforce Solutions Alamo","78220"
"8889","Veterans Services - Floresville","Workforce Solutions Alamo","78114"
"8893","Veterans Services - Hondo","Workforce Solutions Alamo","78861"
"8898","Veterans Services - Kenedy","Workforce Solutions Alamo","78119"
"8894","Veterans Services - Kerrville","Workforce Solutions Alamo","78028"
"8896","Veterans Services - New Braunfels","Workforce Solutions Alamo","78130"
"8886","Veterans Services - O'Connor","Workforce Solutions Alamo","78233"
"8897","Veterans Services - Pearsall","Workforce Solutions Alamo","78061"
"8891","Veterans Services - Pleasanton","Workforce Solutions Alamo","78064"
"8888","Veterans Services - Port San Antonio","Workforce Solutions Alamo","78226"
"8884","Veterans Services - S Flores","Workforce Solutions Alamo","78207"
"18109","Veterans Services - San Antonio Food Bank","Workforce Solutions Alamo","78227"
"8892","Veterans Services - Seguin","Workforce Solutions Alamo","78155"
"18067","Workforce One","Workforce Solutions Alamo",
"5623","WSA Career Center - Bandera","Workforce Solutions Alamo","78003"
"5626","WSA Career Center - Boerne","Workforce Solutions Alamo","78006"
"5630","WSA Career Center - Datapoint","Workforce Solutions Alamo","78229"
"5633","WSA Career Center - E Houston","Workforce Solutions Alamo","78220"
"5636","WSA Career Center - Floresville","Workforce Solutions Alamo","78114"
"5629","WSA Career Center - Hondo","Workforce Solutions Alamo","78861"
"5637","WSA Career Center - Kenedy","Workforce Solutions Alamo","78119"
"5625","WSA Career Center - Kerrville","Workforce Solutions Alamo","78028"
"5627","WSA Career Center - New Braunfels","Workforce Solutions Alamo","78130"
"5631","WSA Career Center - O'Connor","Workforce Solutions Alamo","78233"
"5634","WSA Career Center - Pearsall","Workforce Solutions Alamo","78061"
"5635","WSA Career Center - Pleasanton","Workforce Solutions Alamo","78064"
"5632","WSA Career Center - Port San Antonio","Workforce Solutions Alamo","78226"
"8612","WSA Career Center - S Flores","Workforce Solutions Alamo","78221"
"18066","WSA Career Center - San Antonio Food Bank","Workforce Solutions Alamo","78227"
"5628","WSA Career Center - Seguin","Workforce Solutions Alamo","78155"
"8834","Youth Empowerment Services (YES!) - Bandera","Workforce Solutions Alamo","78003"
"8830","Youth Empowerment Services (YES!) - Boerne","Workforce Solutions Alamo","78006"
"8827","Youth Empowerment Services (YES!) - Datapoint","Workforce Solutions Alamo","78229"
"8824","Youth Empowerment Services (YES!) - E Houston","Workforce Solutions Alamo","78220"
"8829","Youth Empowerment Services (YES!) - Floresville","Workforce Solutions Alamo","78114"
"8833","Youth Empowerment Services (YES!) - Hondo","Workforce Solutions Alamo","78861"
"8838","Youth Empowerment Services (YES!) - Kenedy","Workforce Solutions Alamo","78119"
"8835","Youth Empowerment Services (YES!) - Kerrville","Workforce Solutions Alamo","78028"
"8951","Youth Empowerment Services (YES!) - New Braunfels","Workforce Solutions Alamo","78130"
"8826","Youth Empowerment Services (YES!) - O'Connor","Workforce Solutions Alamo","78233"
"8837","Youth Empowerment Services (YES!) - Pearsall","Workforce Solutions Alamo","78061"
"8831","Youth Empowerment Services (YES!) - Pleasanton","Workforce Solutions Alamo","78064"
"8828","Youth Empowerment Services (YES!) - Port San Antonio","Workforce Solutions Alamo","78226"
"8823","Youth Empowerment Services (YES!) - S Flores","Workforce Solutions Alamo","78221"
"18110","Youth Empowerment Services (YES!) - San Antonio Food Bank","Workforce Solutions Alamo","78227"
"8832","Youth Empowerment Services (YES!) - Seguin","Workforce Solutions Alamo","78155"
"13525","Alpine Center Workforce Solutions Borderplex","Workforce Solutions Borderplex","79830"
"13526","Presidio Center Workforce Solutions Borderplex","Workforce Solutions Borderplex","79845"
"7179","Spiritual Services","World Mission Society Church of God","78247"
"20327","Counseling & Therapy Services","World of Hope Counseling Center","78217"
"6383","Free Groceries","Worship Point Church","78211"
"6382","Spiritual Services","Worship Point Church","78211"
"2545","Alumni Connection Program","Wounded Warrior Project","78249"
"17946","Caregiver and Family Member Support","Wounded Warrior Project","78249"
"2549","Independence Program","Wounded Warrior Project","78249"
"2550","Operation Outreach","Wounded Warrior Project","78249"
"2558","Partner with WWP","Wounded Warrior Project","78249"
"2551","Peer Support Groups for Veterans","Wounded Warrior Project","78249"
"2552","Physical Health & Wellness","Wounded Warrior Project","78249"
"16383","Project Odyssey","Wounded Warrior Project","78249"
"2553","Soldier Ride","Wounded Warrior Project","78249"
"2546","Veteran Benefits Program","Wounded Warrior Project","78249"
"2548","Veteran Family Support Program","Wounded Warrior Project","78249"
"8711","Volunteer Opportunities","Wounded Warrior Project","78249"
"2554","Warrior Care Network","Wounded Warrior Project","78249"
"2555","Warriors to Work","Wounded Warrior Project","78249"
"2556","Wounded Warrior Resource Center for Veterans","Wounded Warrior Project","78249"
"8710","WWP Financial Education Program","Wounded Warrior Project","78249"
"2557","WWP Talk","Wounded Warrior Project",
"17475","Individual Services","Wright Path Counseling and Wellness","78213"
"17474","Play Therapy","Wright Path Counseling and Wellness","78213"
"13628","Yoga of 12-Step Recovery","Y12SR",
"9050","Feria de Resistencia","Yanawana Herbolarios",
"9037","Join Our Team","Yanawana Herbolarios",
"9051","Medic-Healer","Yanawana Herbolarios",
"9054","Project Home","Yanawana Herbolarios",
"9035","Sowing La Futura","Yanawana Herbolarios",
"9052","Street Clinic","Yanawana Herbolarios",
"18561","Parent and Family Work","Yellow Rose Counseling","78258"
"18560","Teen and Young Adult Therapy Services","Yellow Rose Counseling","78258"
"13594","Boerne Family YMCA","YMCA of Greater San Antonio","78006"
"13595","Cibolo Family YMCA","YMCA of Greater San Antonio","78108"
"13596","D.R. Semmes Family YMCA","YMCA of Greater San Antonio","78212"
"13597","Davis-Scott Family YMCA","YMCA of Greater San Antonio","78203"
"1970","Early Learning Child Care at Southside Early Learning Center","YMCA of Greater San Antonio","78211"
"15036","Free Counseling Services at Harvey E Najim Family YMCA","YMCA of Greater San Antonio","78214"
"15035","Free Counseling Services-Davis-Scott Family","YMCA of Greater San Antonio","78203"
"15037","Free Counseling Services-Walzem Family","YMCA of Greater San Antonio","78218"
"15038","Free Counseling Services-Westside Family","YMCA of Greater San Antonio","78228"
"15039","Free Counseling Services-Y Living Center","YMCA of Greater San Antonio","78211"
"13599","Harvey E Najim Family YMCA","YMCA of Greater San Antonio","78214"
"13600","Mays Family YMCA at Potranco","YMCA of Greater San Antonio","78245"
"13601","Mays Family YMCA at Stone Oak Performance Training Center","YMCA of Greater San Antonio","78260"
"13602","Schertz Family YMCA","YMCA of Greater San Antonio","78154"
"13580","Thousand Oaks Family YMCA","YMCA of Greater San Antonio","78232"
"13603","Walzem Family YMCA","YMCA of Greater San Antonio","78218"
"16799","Ways to Give","YMCA of Greater San Antonio",
"13604","Westside Family YMCA","YMCA of Greater San Antonio","78228"
"13605","YMCA at OP Schnabel Park","YMCA of Greater San Antonio","78250"
"13606","YMCA at Roberts Ranch","YMCA of Greater San Antonio","78013"
"13131","Disaster Response","Yorktown Meetinghouse of The Church of Jesus Christ of Latter-day Saints","78164"
"12654","Yorktown Branch","Yorktown Meetinghouse of The Church of Jesus Christ of Latter-day Saints","78164"
"7071","You God's Music Showcase & Artist Community","You God's Music Inc","78101"
"18132","Caring for Kids Program","Young Life","78228"
"18057","Volunteer Opportunities","Young Life","78228"
"18186","Young Life (Northwest San Antonio location)","Young Life","78230"
"18185","Young Life Capernaum","Young Life","78228"
"4070","Bits 'N Bytes Virtual Coding Club","Youth Code Jam",
"8715","Brain Breaks","Youth Code Jam",
"1041","Community Code Jam","Youth Code Jam","78216"
"14786","Jam in a Box","Youth Code Jam","78216"
"11979","Virtual Activity Videos","Youth Code Jam",
"16551","Volunteer & Support Opportunities","Youth Code Jam","78216"
"18574","Youth Diapers","Youth Crews",
"19554","High School Civic Engagement","Youth Do Vote",
"16097","CyberCorps: Scholarship for Service (SFS)","Youth Engaged 4 Change",
"16096","Veterans Affairs (VA) Student Volunteer Program","Youth Engaged 4 Change",
"13544","Graduation Assistance Program","Youth Transitioning Into Adulthood (YTIA)",
"13542","Movin' on Workshops","Youth Transitioning Into Adulthood (YTIA)",
"18174","Resources","Youth Transitioning Into Adulthood (YTIA)","78229"
"13543","Scholarships","Youth Transitioning Into Adulthood (YTIA)",
"18051","Youth Leadership Development and Changemaking","YouthNetSA",
"6171","Native Pathways Employment & Training Program","Ysleta del Sur Pueblo","79907"
"8718","Covid-19 Vaccine Efforts","YWCA San Antonio","78237"
"8723","Economic Empowerment Program","YWCA San Antonio","78237"
"8725","Finances 50+","YWCA San Antonio","78237"
"16665","Health Equity","YWCA San Antonio","78237"
"1114","Mi Carrera","YWCA San Antonio","78205"
"1113","Olga Madrid Child Development Center","YWCA San Antonio","78237"
"1116","Positive Youth Development","YWCA San Antonio","78237"
"16668","Racial Justice Education and Advocacy","YWCA San Antonio","78237"
"8719","RESET","YWCA San Antonio","78237"
"8720","Senior Connection","YWCA San Antonio","78237"
"1117","Teen Volunteer Program","YWCA San Antonio","78237"
"16667","Teens Taking Action","YWCA San Antonio","78237"
"16669","The Women's Live and Learn Center","YWCA San Antonio","78237"
"8724","Ventanilla de Asesoría Financiera","YWCA San Antonio","78205"
"8717","Ventanilla de Salud","YWCA San Antonio","78205"
"8722","Volunteer Opportunities","YWCA San Antonio","78237"
"8726","Wage Equity Awareness Campaign","YWCA San Antonio","78237"
"1118","Women Health Services","YWCA San Antonio","78237"
"5653","YWCA After School Program - Harmony Elementary School","YWCA San Antonio","78223"
"5658","YWCA After School Program - Highland Forest Elementary School","YWCA San Antonio","78223"
"5654","YWCA After School Program - Oak Crest Elementary School","YWCA San Antonio","78263"
"5659","YWCA After School Program - Pecan Valley Elementary School","YWCA San Antonio","78222"
"5655","YWCA After School Program - Salado Elementary School","YWCA San Antonio","78222"
"5656","YWCA After School Program - Sinclair Elementary School","YWCA San Antonio","78222"
"5657","YWCA After School Program - Tradition Elementary School","YWCA San Antonio","78152"
"1112","YWCA Olga Madrid Center","YWCA San Antonio","78237"
"13240","Comunity Outreach","Zabrinas Jolly Bunch","78218"
"13239","Resident Services","Zabrinas Jolly Bunch","78218"
"7592","Spiritual Services","Zainabia Islamic Education Center","78238"
"12564","Donate and Support","Zapatos, Inc.","78250"
"7035","Free Shoes","Zapatos, Inc.","78209"
"8577","Individual, Couples & Family Therapy","Zeitgeist Wellness Group","78229"
"8530","Psychiatric Treatment for Children, Adolescents, & Adults","Zenith Psychiatry",
"12325","Mable Booker Lowery Scholarship Program","Zeta Phi Beta Sorority, Incorporated, Alpha Pi Zeta Chapter","78265"
"12327","Stork's Nest Prenatal Education Program","Zeta Phi Beta Sorority, Incorporated, Alpha Pi Zeta Chapter","78265"
"18840","Donate to the Hill Country Flood Fund","Zion Lutheran Children's Center","78028"
"18842","Get involved with Zion Lutheran Children's Center","Zion Lutheran Children's Center","78028"
"9190","Spiritual Services","Zion Lutheran Church","78254"
"9191","Stephen Ministry","Zion Lutheran Church","78254"
"6585","Spiritual Services","Zion Star Missionary Baptist","78203"