zip_code,source,year,category,population_subgroup,metric,value,unit,margin_of_error,text_description,notes
78207,ACS S0501 (2024),2024,Total population,Total population,Total population,55474.0,count or percent,3535,"In ZIP code 78207 (San Antonio, TX), 2024, (Total population): Total population = 55,474. [ACS S0501 (2024); margin of error: +/-3535]",S0501_C01_001E
78207,ACS S0501 (2024),2024,SEX AND AGE,Total population,SEX AND AGE > Male,53.7,count or percent,1.9,"In ZIP code 78207 (San Antonio, TX), 2024, (SEX AND AGE): SEX AND AGE > Male = 53.7%. [ACS S0501 (2024); margin of error: +/-1.9]",S0501_C01_002E
78207,ACS S0501 (2024),2024,SEX AND AGE,Total population,SEX AND AGE > Female,46.3,count or percent,1.9,"In ZIP code 78207 (San Antonio, TX), 2024, (SEX AND AGE): SEX AND AGE > Female = 46.3%. [ACS S0501 (2024); margin of error: +/-1.9]",S0501_C01_003E
78207,ACS S0501 (2024),2024,SEX AND AGE,Total population,SEX AND AGE > Under 5 years,8.0,count or percent,1.1,"In ZIP code 78207 (San Antonio, TX), 2024, (SEX AND AGE): SEX AND AGE > Under 5 years = 8%. [ACS S0501 (2024); margin of error: +/-1.1]",S0501_C01_004E
78207,ACS S0501 (2024),2024,SEX AND AGE,Total population,SEX AND AGE > 5 to 17 years,20.1,count or percent,1.6,"In ZIP code 78207 (San Antonio, TX), 2024, (SEX AND AGE): SEX AND AGE > 5 to 17 years = 20.1%. [ACS S0501 (2024); margin of error: +/-1.6]",S0501_C01_005E
78207,ACS S0501 (2024),2024,SEX AND AGE,Total population,SEX AND AGE > 18 to 24 years,9.6,count or percent,1.1,"In ZIP code 78207 (San Antonio, TX), 2024, (SEX AND AGE): SEX AND AGE > 18 to 24 years = 9.6%. [ACS S0501 (2024); margin of error: +/-1.1]",S0501_C01_006E
78207,ACS S0501 (2024),2024,SEX AND AGE,Total population,SEX AND AGE > 25 to 44 years,28.8,count or percent,1.3,"In ZIP code 78207 (San Antonio, TX), 2024, (SEX AND AGE): SEX AND AGE > 25 to 44 years = 28.8%. [ACS S0501 (2024); margin of error: +/-1.3]",S0501_C01_007E
78207,ACS S0501 (2024),2024,SEX AND AGE,Total population,SEX AND AGE > 45 to 54 years,10.9,count or percent,1.4,"In ZIP code 78207 (San Antonio, TX), 2024, (SEX AND AGE): SEX AND AGE > 45 to 54 years = 10.9%. [ACS S0501 (2024); margin of error: +/-1.4]",S0501_C01_008E
78207,ACS S0501 (2024),2024,SEX AND AGE,Total population,SEX AND AGE > 55 to 64 years,11.4,count or percent,1.4,"In ZIP code 78207 (San Antonio, TX), 2024, (SEX AND AGE): SEX AND AGE > 55 to 64 years = 11.4%. [ACS S0501 (2024); margin of error: +/-1.4]",S0501_C01_009E
78207,ACS S0501 (2024),2024,SEX AND AGE,Total population,SEX AND AGE > 65 to 74 years,6.3,count or percent,0.9,"In ZIP code 78207 (San Antonio, TX), 2024, (SEX AND AGE): SEX AND AGE > 65 to 74 years = 6.3%. [ACS S0501 (2024); margin of error: +/-0.9]",S0501_C01_010E
78207,ACS S0501 (2024),2024,SEX AND AGE,Total population,SEX AND AGE > 75 to 84 years,3.3,count or percent,0.5,"In ZIP code 78207 (San Antonio, TX), 2024, (SEX AND AGE): SEX AND AGE > 75 to 84 years = 3.3%. [ACS S0501 (2024); margin of error: +/-0.5]",S0501_C01_011E
78207,ACS S0501 (2024),2024,SEX AND AGE,Total population,SEX AND AGE > 85 years and over,1.6,count or percent,0.7,"In ZIP code 78207 (San Antonio, TX), 2024, (SEX AND AGE): SEX AND AGE > 85 years and over = 1.6%. [ACS S0501 (2024); margin of error: +/-0.7]",S0501_C01_012E
78207,ACS S0501 (2024),2024,SEX AND AGE,Total population,SEX AND AGE > Median age (years),32.8,count or percent,1.1,"In ZIP code 78207 (San Antonio, TX), 2024, (SEX AND AGE): SEX AND AGE > Median age (years) = $33. [ACS S0501 (2024); margin of error: +/-1.1]",S0501_C01_013E
78207,ACS S0501 (2024),2024,RACE AND HISPANIC OR LATINO ORIGIN,Total population,RACE AND HISPANIC OR LATINO ORIGIN > One race,48.7,count or percent,3.4,"In ZIP code 78207 (San Antonio, TX), 2024, (RACE AND HISPANIC OR LATINO ORIGIN): RACE AND HISPANIC OR LATINO ORIGIN > One race = 48.7%. [ACS S0501 (2024); margin of error: +/-3.4]",S0501_C01_014E
78207,ACS S0501 (2024),2024,RACE AND HISPANIC OR LATINO ORIGIN,Total population,RACE AND HISPANIC OR LATINO ORIGIN > One race > White,28.1,count or percent,2.5,"In ZIP code 78207 (San Antonio, TX), 2024, (RACE AND HISPANIC OR LATINO ORIGIN): RACE AND HISPANIC OR LATINO ORIGIN > One race > White = 28.1%. [ACS S0501 (2024); margin of error: +/-2.5]",S0501_C01_015E
78207,ACS S0501 (2024),2024,RACE AND HISPANIC OR LATINO ORIGIN,Total population,RACE AND HISPANIC OR LATINO ORIGIN > One race > Black or African American,5.6,count or percent,1.5,"In ZIP code 78207 (San Antonio, TX), 2024, (RACE AND HISPANIC OR LATINO ORIGIN): RACE AND HISPANIC OR LATINO ORIGIN > One race > Black or African American = 5.6%. [ACS S0501 (2024); margin of error: +/-1.5]",S0501_C01_016E
78207,ACS S0501 (2024),2024,RACE AND HISPANIC OR LATINO ORIGIN,Total population,RACE AND HISPANIC OR LATINO ORIGIN > One race > American Indian and Alaska Native,3.3,count or percent,1.1,"In ZIP code 78207 (San Antonio, TX), 2024, (RACE AND HISPANIC OR LATINO ORIGIN): RACE AND HISPANIC OR LATINO ORIGIN > One race > American Indian and Alaska Native = 3.3%. [ACS S0501 (2024); margin of error: +/-1.1]",S0501_C01_017E
78207,ACS S0501 (2024),2024,RACE AND HISPANIC OR LATINO ORIGIN,Total population,RACE AND HISPANIC OR LATINO ORIGIN > One race > Asian,0.8,count or percent,0.5,"In ZIP code 78207 (San Antonio, TX), 2024, (RACE AND HISPANIC OR LATINO ORIGIN): RACE AND HISPANIC OR LATINO ORIGIN > One race > Asian = 0.8%. [ACS S0501 (2024); margin of error: +/-0.5]",S0501_C01_018E
78207,ACS S0501 (2024),2024,RACE AND HISPANIC OR LATINO ORIGIN,Total population,RACE AND HISPANIC OR LATINO ORIGIN > One race > Native Hawaiian and Other Pacific Islander,0.1,count or percent,0.1,"In ZIP code 78207 (San Antonio, TX), 2024, (RACE AND HISPANIC OR LATINO ORIGIN): RACE AND HISPANIC OR LATINO ORIGIN > One race > Native Hawaiian and Other Pacific Islander = 0.1%. [ACS S0501 (2024); margin of error: +/-0.1]",S0501_C01_019E
78207,ACS S0501 (2024),2024,RACE AND HISPANIC OR LATINO ORIGIN,Total population,RACE AND HISPANIC OR LATINO ORIGIN > One race > Some other race,10.8,count or percent,1.8,"In ZIP code 78207 (San Antonio, TX), 2024, (RACE AND HISPANIC OR LATINO ORIGIN): RACE AND HISPANIC OR LATINO ORIGIN > One race > Some other race = 10.8%. [ACS S0501 (2024); margin of error: +/-1.8]",S0501_C01_020E
78207,ACS S0501 (2024),2024,RACE AND HISPANIC OR LATINO ORIGIN,Total population,RACE AND HISPANIC OR LATINO ORIGIN > Two or more races,51.3,count or percent,3.4,"In ZIP code 78207 (San Antonio, TX), 2024, (RACE AND HISPANIC OR LATINO ORIGIN): RACE AND HISPANIC OR LATINO ORIGIN > Two or more races = 51.3%. [ACS S0501 (2024); margin of error: +/-3.4]",S0501_C01_021E
78207,ACS S0501 (2024),2024,RACE AND HISPANIC OR LATINO ORIGIN,Total population,RACE AND HISPANIC OR LATINO ORIGIN > Hispanic or Latino origin (of any race),87.0,count or percent,2.2,"In ZIP code 78207 (San Antonio, TX), 2024, (RACE AND HISPANIC OR LATINO ORIGIN): RACE AND HISPANIC OR LATINO ORIGIN > Hispanic or Latino origin (of any race) = 87%. [ACS S0501 (2024); margin of error: +/-2.2]",S0501_C01_022E
78207,ACS S0501 (2024),2024,RACE AND HISPANIC OR LATINO ORIGIN,Total population,"RACE AND HISPANIC OR LATINO ORIGIN > White alone, not Hispanic or Latino",6.3,count or percent,1.5,"In ZIP code 78207 (San Antonio, TX), 2024, (RACE AND HISPANIC OR LATINO ORIGIN): RACE AND HISPANIC OR LATINO ORIGIN > White alone, not Hispanic or Latino = 6.3%. [ACS S0501 (2024); margin of error: +/-1.5]",S0501_C01_023E
78207,ACS S0501 (2024),2024,HOUSEHOLD TYPE,Total population,HOUSEHOLD TYPE > In married-couple family,33.7,count or percent,4.0,"In ZIP code 78207 (San Antonio, TX), 2024, (HOUSEHOLD TYPE): HOUSEHOLD TYPE > In married-couple family = 33.7%. [ACS S0501 (2024); margin of error: +/-4]",S0501_C01_024E
78207,ACS S0501 (2024),2024,HOUSEHOLD TYPE,Total population,HOUSEHOLD TYPE > In other households,54.1,count or percent,3.9,"In ZIP code 78207 (San Antonio, TX), 2024, (HOUSEHOLD TYPE): HOUSEHOLD TYPE > In other households = 54.1%. [ACS S0501 (2024); margin of error: +/-3.9]",S0501_C01_025E
78207,ACS S0501 (2024),2024,Average  household size,Total population,Average  household size,2.94,count or percent,0.18,"In ZIP code 78207 (San Antonio, TX), 2024, (Average  household size): Average  household size = 2.94%. [ACS S0501 (2024); margin of error: +/-0.18]",S0501_C01_026E
78207,ACS S0501 (2024),2024,Average family size,Total population,Average family size,3.78,count or percent,0.17,"In ZIP code 78207 (San Antonio, TX), 2024, (Average family size): Average family size = 3.78%. [ACS S0501 (2024); margin of error: +/-0.17]",S0501_C01_027E
78207,ACS S0501 (2024),2024,Population 15  years and over,Total population,MARITAL STATUS > Population 15  years and over,41882.0,count or percent,2303,"In ZIP code 78207 (San Antonio, TX), 2024, (Population 15  years and over): MARITAL STATUS > Population 15  years and over = 41,882. [ACS S0501 (2024); margin of error: +/-2303]",S0501_C01_028E
78207,ACS S0501 (2024),2024,Population 15  years and over,Total population,MARITAL STATUS > Population 15  years and over > Never married,48.6,count or percent,2.1,"In ZIP code 78207 (San Antonio, TX), 2024, (Population 15  years and over): MARITAL STATUS > Population 15  years and over > Never married = 48.6%. [ACS S0501 (2024); margin of error: +/-2.1]",S0501_C01_029E
78207,ACS S0501 (2024),2024,Population 15  years and over,Total population,"MARITAL STATUS > Population 15  years and over > Now married, except separated",26.6,count or percent,2.3,"In ZIP code 78207 (San Antonio, TX), 2024, (Population 15  years and over): MARITAL STATUS > Population 15  years and over > Now married, except separated = 26.6%. [ACS S0501 (2024); margin of error: +/-2.3]",S0501_C01_030E
78207,ACS S0501 (2024),2024,Population 15  years and over,Total population,MARITAL STATUS > Population 15  years and over > Divorced or separated,19.0,count or percent,1.7,"In ZIP code 78207 (San Antonio, TX), 2024, (Population 15  years and over): MARITAL STATUS > Population 15  years and over > Divorced or separated = 19%. [ACS S0501 (2024); margin of error: +/-1.7]",S0501_C01_031E
78207,ACS S0501 (2024),2024,Population 15  years and over,Total population,MARITAL STATUS > Population 15  years and over > Widowed,5.8,count or percent,1.2,"In ZIP code 78207 (San Antonio, TX), 2024, (Population 15  years and over): MARITAL STATUS > Population 15  years and over > Widowed = 5.8%. [ACS S0501 (2024); margin of error: +/-1.2]",S0501_C01_032E
78207,ACS S0501 (2024),2024,Population 3 years and over enrolled in school,Total population,SCHOOL ENROLLMENT > Population 3 years and over enrolled in school,14286.0,count or percent,1674,"In ZIP code 78207 (San Antonio, TX), 2024, (Population 3 years and over enrolled in school): SCHOOL ENROLLMENT > Population 3 years and over enrolled in school = 14,286. [ACS S0501 (2024); margin of error: +/-1674]",S0501_C01_033E
78207,ACS S0501 (2024),2024,Population 3 years and over enrolled in school,Total population,"SCHOOL ENROLLMENT > Population 3 years and over enrolled in school > Nursery school, preschool",7.0,count or percent,2.0,"In ZIP code 78207 (San Antonio, TX), 2024, (Population 3 years and over enrolled in school): SCHOOL ENROLLMENT > Population 3 years and over enrolled in school > Nursery school, preschool = 7%. [ACS S0501 (2024); margin of error: +/-2]",S0501_C01_034E
78207,ACS S0501 (2024),2024,Population 3 years and over enrolled in school,Total population,SCHOOL ENROLLMENT > Population 3 years and over enrolled in school > Elementary school (grades K-8),59.5,count or percent,3.2,"In ZIP code 78207 (San Antonio, TX), 2024, (Population 3 years and over enrolled in school): SCHOOL ENROLLMENT > Population 3 years and over enrolled in school > Elementary school (grades K-8) = 59.5%. [ACS S0501 (2024); margin of error: +/-3.2]",S0501_C01_035E
78207,ACS S0501 (2024),2024,Population 3 years and over enrolled in school,Total population,SCHOOL ENROLLMENT > Population 3 years and over enrolled in school > High school (grades 9-12),19.3,count or percent,3.0,"In ZIP code 78207 (San Antonio, TX), 2024, (Population 3 years and over enrolled in school): SCHOOL ENROLLMENT > Population 3 years and over enrolled in school > High school (grades 9-12) = 19.3%. [ACS S0501 (2024); margin of error: +/-3]",S0501_C01_036E
78207,ACS S0501 (2024),2024,Population 3 years and over enrolled in school,Total population,SCHOOL ENROLLMENT > Population 3 years and over enrolled in school > College or graduate school,14.1,count or percent,2.5,"In ZIP code 78207 (San Antonio, TX), 2024, (Population 3 years and over enrolled in school): SCHOOL ENROLLMENT > Population 3 years and over enrolled in school > College or graduate school = 14.1%. [ACS S0501 (2024); margin of error: +/-2.5]",S0501_C01_037E
78207,ACS S0501 (2024),2024,Population 25 years and over,Total population,EDUCATIONAL ATTAINMENT > Population 25 years and over,34583.0,count or percent,1808,"In ZIP code 78207 (San Antonio, TX), 2024, (Population 25 years and over): EDUCATIONAL ATTAINMENT > Population 25 years and over = 34,583. [ACS S0501 (2024); margin of error: +/-1808]",S0501_C01_038E
78207,ACS S0501 (2024),2024,Population 25 years and over,Total population,EDUCATIONAL ATTAINMENT > Population 25 years and over > Less than high school graduate,36.4,count or percent,2.4,"In ZIP code 78207 (San Antonio, TX), 2024, (Population 25 years and over): EDUCATIONAL ATTAINMENT > Population 25 years and over > Less than high school graduate = 36.4%. [ACS S0501 (2024); margin of error: +/-2.4]",S0501_C01_039E
78207,ACS S0501 (2024),2024,Population 25 years and over,Total population,EDUCATIONAL ATTAINMENT > Population 25 years and over > High school graduate (includes equivalency),34.3,count or percent,2.4,"In ZIP code 78207 (San Antonio, TX), 2024, (Population 25 years and over): EDUCATIONAL ATTAINMENT > Population 25 years and over > High school graduate (includes equivalency) = 34.3%. [ACS S0501 (2024); margin of error: +/-2.4]",S0501_C01_040E
78207,ACS S0501 (2024),2024,Population 25 years and over,Total population,EDUCATIONAL ATTAINMENT > Population 25 years and over > Some college or associate's degree,23.0,count or percent,2.2,"In ZIP code 78207 (San Antonio, TX), 2024, (Population 25 years and over): EDUCATIONAL ATTAINMENT > Population 25 years and over > Some college or associate's degree = 23%. [ACS S0501 (2024); margin of error: +/-2.2]",S0501_C01_041E
78207,ACS S0501 (2024),2024,Population 25 years and over,Total population,EDUCATIONAL ATTAINMENT > Population 25 years and over > Bachelor's degree,4.3,count or percent,1.3,"In ZIP code 78207 (San Antonio, TX), 2024, (Population 25 years and over): EDUCATIONAL ATTAINMENT > Population 25 years and over > Bachelor's degree = 4.3%. [ACS S0501 (2024); margin of error: +/-1.3]",S0501_C01_042E
78207,ACS S0501 (2024),2024,Population 25 years and over,Total population,EDUCATIONAL ATTAINMENT > Population 25 years and over > Graduate or professional degree,1.9,count or percent,0.6,"In ZIP code 78207 (San Antonio, TX), 2024, (Population 25 years and over): EDUCATIONAL ATTAINMENT > Population 25 years and over > Graduate or professional degree = 1.9%. [ACS S0501 (2024); margin of error: +/-0.6]",S0501_C01_043E
78207,ACS S0501 (2024),2024,Population 5 years and over,Total population,LANGUAGE SPOKEN AT HOME AND ABILITY TO SPEAK ENGLISH > Population 5 years and over,51060.0,count or percent,3161,"In ZIP code 78207 (San Antonio, TX), 2024, (Population 5 years and over): LANGUAGE SPOKEN AT HOME AND ABILITY TO SPEAK ENGLISH > Population 5 years and over = 51,060. [ACS S0501 (2024); margin of error: +/-3161]",S0501_C01_044E
78207,ACS S0501 (2024),2024,Population 5 years and over,Total population,LANGUAGE SPOKEN AT HOME AND ABILITY TO SPEAK ENGLISH > Population 5 years and over > English only,39.7,count or percent,2.2,"In ZIP code 78207 (San Antonio, TX), 2024, (Population 5 years and over): LANGUAGE SPOKEN AT HOME AND ABILITY TO SPEAK ENGLISH > Population 5 years and over > English only = 39.7%. [ACS S0501 (2024); margin of error: +/-2.2]",S0501_C01_045E
78207,ACS S0501 (2024),2024,Population 5 years and over,Total population,LANGUAGE SPOKEN AT HOME AND ABILITY TO SPEAK ENGLISH > Population 5 years and over > Language other than English,60.3,count or percent,2.2,"In ZIP code 78207 (San Antonio, TX), 2024, (Population 5 years and over): LANGUAGE SPOKEN AT HOME AND ABILITY TO SPEAK ENGLISH > Population 5 years and over > Language other than English = 60.3%. [ACS S0501 (2024); margin of error: +/-2.2]",S0501_C01_046E
78207,ACS S0501 (2024),2024,Population 5 years and over,Total population,LANGUAGE SPOKEN AT HOME AND ABILITY TO SPEAK ENGLISH > Population 5 years and over > Language other than English > Speak English less than very well,23.9,count or percent,2.1,"In ZIP code 78207 (San Antonio, TX), 2024, (Population 5 years and over): LANGUAGE SPOKEN AT HOME AND ABILITY TO SPEAK ENGLISH > Population 5 years and over > Language other than English > Speak English less than very well = 23.9%. [ACS S0501 (2024); margin of error: +/-2.1]",S0501_C01_047E
78207,ACS S0501 (2024),2024,Population 16 years and over,Total population,EMPLOYMENT STATUS > Population 16 years and over,41256.0,count or percent,2255,"In ZIP code 78207 (San Antonio, TX), 2024, (Population 16 years and over): EMPLOYMENT STATUS > Population 16 years and over = 41,256. [ACS S0501 (2024); margin of error: +/-2255]",S0501_C01_048E
78207,ACS S0501 (2024),2024,Population 16 years and over,Total population,EMPLOYMENT STATUS > Population 16 years and over > In labor force,51.5,count or percent,2.4,"In ZIP code 78207 (San Antonio, TX), 2024, (Population 16 years and over): EMPLOYMENT STATUS > Population 16 years and over > In labor force = 51.5%. [ACS S0501 (2024); margin of error: +/-2.4]",S0501_C01_049E
78207,ACS S0501 (2024),2024,Population 16 years and over,Total population,EMPLOYMENT STATUS > Population 16 years and over > In labor force > Civilian labor force,51.4,count or percent,2.4,"In ZIP code 78207 (San Antonio, TX), 2024, (Population 16 years and over): EMPLOYMENT STATUS > Population 16 years and over > In labor force > Civilian labor force = 51.4%. [ACS S0501 (2024); margin of error: +/-2.4]",S0501_C01_050E
78207,ACS S0501 (2024),2024,Population 16 years and over,Total population,EMPLOYMENT STATUS > Population 16 years and over > In labor force > Civilian labor force > Employed,44.5,count or percent,2.5,"In ZIP code 78207 (San Antonio, TX), 2024, (Population 16 years and over): EMPLOYMENT STATUS > Population 16 years and over > In labor force > Civilian labor force > Employed = 44.5%. [ACS S0501 (2024); margin of error: +/-2.5]",S0501_C01_051E
78207,ACS S0501 (2024),2024,Population 16 years and over,Total population,EMPLOYMENT STATUS > Population 16 years and over > In labor force > Civilian labor force > Unemployed,6.9,count or percent,1.3,"In ZIP code 78207 (San Antonio, TX), 2024, (Population 16 years and over): EMPLOYMENT STATUS > Population 16 years and over > In labor force > Civilian labor force > Unemployed = 6.9%. [ACS S0501 (2024); margin of error: +/-1.3]",S0501_C01_052E
78207,ACS S0501 (2024),2024,Population 16 years and over,Total population,EMPLOYMENT STATUS > Population 16 years and over > In labor force > Civilian labor force > Unemployed > Percent of civilian labor force,13.5,count or percent,2.6,"In ZIP code 78207 (San Antonio, TX), 2024, (Population 16 years and over): EMPLOYMENT STATUS > Population 16 years and over > In labor force > Civilian labor force > Unemployed > Percent of civilian labor force = 13.5%. [ACS S0501 (2024); margin of error: +/-2.6]",S0501_C01_053E
78207,ACS S0501 (2024),2024,Population 16 years and over,Total population,EMPLOYMENT STATUS > Population 16 years and over > In labor force > Armed Forces,0.1,count or percent,0.1,"In ZIP code 78207 (San Antonio, TX), 2024, (Population 16 years and over): EMPLOYMENT STATUS > Population 16 years and over > In labor force > Armed Forces = 0.1%. [ACS S0501 (2024); margin of error: +/-0.1]",S0501_C01_054E
78207,ACS S0501 (2024),2024,Population 16 years and over,Total population,EMPLOYMENT STATUS > Population 16 years and over > Not in labor force,48.5,count or percent,2.4,"In ZIP code 78207 (San Antonio, TX), 2024, (Population 16 years and over): EMPLOYMENT STATUS > Population 16 years and over > Not in labor force = 48.5%. [ACS S0501 (2024); margin of error: +/-2.4]",S0501_C01_055E
78207,ACS S0501 (2024),2024,Civilian employed population 16 years and over,Total population,Civilian employed population 16 years and over,18341.0,count or percent,1616,"In ZIP code 78207 (San Antonio, TX), 2024, (Civilian employed population 16 years and over): Civilian employed population 16 years and over = 18,341. [ACS S0501 (2024); margin of error: +/-1616]",S0501_C01_056E
78207,ACS S0501 (2024),2024,CLASS OF WORKER,Total population,Civilian employed population 16 years and over > CLASS OF WORKER > Private wage and salary workers,82.4,count or percent,2.9,"In ZIP code 78207 (San Antonio, TX), 2024, (CLASS OF WORKER): Civilian employed population 16 years and over > CLASS OF WORKER > Private wage and salary workers = 82.4%. [ACS S0501 (2024); margin of error: +/-2.9]",S0501_C01_057E
78207,ACS S0501 (2024),2024,CLASS OF WORKER,Total population,Civilian employed population 16 years and over > CLASS OF WORKER > Government workers,10.3,count or percent,2.4,"In ZIP code 78207 (San Antonio, TX), 2024, (CLASS OF WORKER): Civilian employed population 16 years and over > CLASS OF WORKER > Government workers = 10.3%. [ACS S0501 (2024); margin of error: +/-2.4]",S0501_C01_058E
78207,ACS S0501 (2024),2024,CLASS OF WORKER,Total population,Civilian employed population 16 years and over > CLASS OF WORKER > Self-employed workers in own not incorporated business,7.3,count or percent,1.9,"In ZIP code 78207 (San Antonio, TX), 2024, (CLASS OF WORKER): Civilian employed population 16 years and over > CLASS OF WORKER > Self-employed workers in own not incorporated business = 7.3%. [ACS S0501 (2024); margin of error: +/-1.9]",S0501_C01_059E
78207,ACS S0501 (2024),2024,CLASS OF WORKER,Total population,Civilian employed population 16 years and over > CLASS OF WORKER > Unpaid family workers,0.1,count or percent,0.1,"In ZIP code 78207 (San Antonio, TX), 2024, (CLASS OF WORKER): Civilian employed population 16 years and over > CLASS OF WORKER > Unpaid family workers = 0.1%. [ACS S0501 (2024); margin of error: +/-0.1]",S0501_C01_060E
78207,ACS S0501 (2024),2024,OCCUPATION,Total population,"Civilian employed population 16 years and over > OCCUPATION > Management, business, science, and arts occupations",15.1,count or percent,2.7,"In ZIP code 78207 (San Antonio, TX), 2024, (OCCUPATION): Civilian employed population 16 years and over > OCCUPATION > Management, business, science, and arts occupations = 15.1%. [ACS S0501 (2024); margin of error: +/-2.7]",S0501_C01_061E
78207,ACS S0501 (2024),2024,OCCUPATION,Total population,Civilian employed population 16 years and over > OCCUPATION > Service occupations,30.9,count or percent,3.2,"In ZIP code 78207 (San Antonio, TX), 2024, (OCCUPATION): Civilian employed population 16 years and over > OCCUPATION > Service occupations = 30.9%. [ACS S0501 (2024); margin of error: +/-3.2]",S0501_C01_062E
78207,ACS S0501 (2024),2024,OCCUPATION,Total population,Civilian employed population 16 years and over > OCCUPATION > Sales and office occupations,17.2,count or percent,2.4,"In ZIP code 78207 (San Antonio, TX), 2024, (OCCUPATION): Civilian employed population 16 years and over > OCCUPATION > Sales and office occupations = 17.2%. [ACS S0501 (2024); margin of error: +/-2.4]",S0501_C01_063E
78207,ACS S0501 (2024),2024,OCCUPATION,Total population,"Civilian employed population 16 years and over > OCCUPATION > Natural resources, construction, and maintenance occupations",18.7,count or percent,2.6,"In ZIP code 78207 (San Antonio, TX), 2024, (OCCUPATION): Civilian employed population 16 years and over > OCCUPATION > Natural resources, construction, and maintenance occupations = 18.7%. [ACS S0501 (2024); margin of error: +/-2.6]",S0501_C01_064E
78207,ACS S0501 (2024),2024,OCCUPATION,Total population,"Civilian employed population 16 years and over > OCCUPATION > Production, transportation, and material moving occupations",18.1,count or percent,3.0,"In ZIP code 78207 (San Antonio, TX), 2024, (OCCUPATION): Civilian employed population 16 years and over > OCCUPATION > Production, transportation, and material moving occupations = 18.1%. [ACS S0501 (2024); margin of error: +/-3]",S0501_C01_065E
78207,ACS S0501 (2024),2024,INDUSTRY,Total population,"Civilian employed population 16 years and over > INDUSTRY > Agriculture, forestry, fishing and hunting, and mining",0.1,count or percent,0.1,"In ZIP code 78207 (San Antonio, TX), 2024, (INDUSTRY): Civilian employed population 16 years and over > INDUSTRY > Agriculture, forestry, fishing and hunting, and mining = 0.1%. [ACS S0501 (2024); margin of error: +/-0.1]",S0501_C01_066E
78207,ACS S0501 (2024),2024,INDUSTRY,Total population,Civilian employed population 16 years and over > INDUSTRY > Construction,16.0,count or percent,2.5,"In ZIP code 78207 (San Antonio, TX), 2024, (INDUSTRY): Civilian employed population 16 years and over > INDUSTRY > Construction = 16%. [ACS S0501 (2024); margin of error: +/-2.5]",S0501_C01_067E
78207,ACS S0501 (2024),2024,INDUSTRY,Total population,Civilian employed population 16 years and over > INDUSTRY > Manufacturing,6.3,count or percent,1.6,"In ZIP code 78207 (San Antonio, TX), 2024, (INDUSTRY): Civilian employed population 16 years and over > INDUSTRY > Manufacturing = 6.3%. [ACS S0501 (2024); margin of error: +/-1.6]",S0501_C01_068E
78207,ACS S0501 (2024),2024,INDUSTRY,Total population,Civilian employed population 16 years and over > INDUSTRY > Wholesale trade,2.7,count or percent,0.9,"In ZIP code 78207 (San Antonio, TX), 2024, (INDUSTRY): Civilian employed population 16 years and over > INDUSTRY > Wholesale trade = 2.7%. [ACS S0501 (2024); margin of error: +/-0.9]",S0501_C01_069E
78207,ACS S0501 (2024),2024,INDUSTRY,Total population,Civilian employed population 16 years and over > INDUSTRY > Retail trade,10.0,count or percent,2.4,"In ZIP code 78207 (San Antonio, TX), 2024, (INDUSTRY): Civilian employed population 16 years and over > INDUSTRY > Retail trade = 10%. [ACS S0501 (2024); margin of error: +/-2.4]",S0501_C01_070E
78207,ACS S0501 (2024),2024,INDUSTRY,Total population,"Civilian employed population 16 years and over > INDUSTRY > Transportation and warehousing, and utilities",5.5,count or percent,1.2,"In ZIP code 78207 (San Antonio, TX), 2024, (INDUSTRY): Civilian employed population 16 years and over > INDUSTRY > Transportation and warehousing, and utilities = 5.5%. [ACS S0501 (2024); margin of error: +/-1.2]",S0501_C01_071E
78207,ACS S0501 (2024),2024,INDUSTRY,Total population,Civilian employed population 16 years and over > INDUSTRY > Information,0.9,count or percent,0.6,"In ZIP code 78207 (San Antonio, TX), 2024, (INDUSTRY): Civilian employed population 16 years and over > INDUSTRY > Information = 0.9%. [ACS S0501 (2024); margin of error: +/-0.6]",S0501_C01_072E
78207,ACS S0501 (2024),2024,INDUSTRY,Total population,"Civilian employed population 16 years and over > INDUSTRY > Finance and insurance, and real estate and rental and leasing",5.0,count or percent,1.4,"In ZIP code 78207 (San Antonio, TX), 2024, (INDUSTRY): Civilian employed population 16 years and over > INDUSTRY > Finance and insurance, and real estate and rental and leasing = 5%. [ACS S0501 (2024); margin of error: +/-1.4]",S0501_C01_073E
78207,ACS S0501 (2024),2024,INDUSTRY,Total population,"Civilian employed population 16 years and over > INDUSTRY > Professional, scientific, and management, and administrative and waste management services",10.0,count or percent,1.9,"In ZIP code 78207 (San Antonio, TX), 2024, (INDUSTRY): Civilian employed population 16 years and over > INDUSTRY > Professional, scientific, and management, and administrative and waste management services = 10%. [ACS S0501 (2024); margin of error: +/-1.9]",S0501_C01_074E
78207,ACS S0501 (2024),2024,INDUSTRY,Total population,"Civilian employed population 16 years and over > INDUSTRY > Educational services, and health care and social assistance",18.3,count or percent,2.5,"In ZIP code 78207 (San Antonio, TX), 2024, (INDUSTRY): Civilian employed population 16 years and over > INDUSTRY > Educational services, and health care and social assistance = 18.3%. [ACS S0501 (2024); margin of error: +/-2.5]",S0501_C01_075E
78207,ACS S0501 (2024),2024,INDUSTRY,Total population,"Civilian employed population 16 years and over > INDUSTRY > Arts, entertainment, and recreation, and accommodation and food services",16.6,count or percent,3.6,"In ZIP code 78207 (San Antonio, TX), 2024, (INDUSTRY): Civilian employed population 16 years and over > INDUSTRY > Arts, entertainment, and recreation, and accommodation and food services = 16.6%. [ACS S0501 (2024); margin of error: +/-3.6]",S0501_C01_076E
78207,ACS S0501 (2024),2024,INDUSTRY,Total population,Civilian employed population 16 years and over > INDUSTRY > Other services (except public administration),5.4,count or percent,1.4,"In ZIP code 78207 (San Antonio, TX), 2024, (INDUSTRY): Civilian employed population 16 years and over > INDUSTRY > Other services (except public administration) = 5.4%. [ACS S0501 (2024); margin of error: +/-1.4]",S0501_C01_077E
78207,ACS S0501 (2024),2024,INDUSTRY,Total population,Civilian employed population 16 years and over > INDUSTRY > Public administration,3.1,count or percent,1.4,"In ZIP code 78207 (San Antonio, TX), 2024, (INDUSTRY): Civilian employed population 16 years and over > INDUSTRY > Public administration = 3.1%. [ACS S0501 (2024); margin of error: +/-1.4]",S0501_C01_078E
78207,ACS S0501 (2024),2024,Population 16 years and over with earnings,Total population,"EARNINGS IN THE PAST 12 MONTHS (IN 2024 INFLATION-ADJUSTED DOLLARS) FOR FULL-TIME, YEAR-ROUND WORKERS > Population 16 years and over with earnings",11479.0,count or percent,1114,"In ZIP code 78207 (San Antonio, TX), 2024, (Population 16 years and over with earnings): EARNINGS IN THE PAST 12 MONTHS (IN 2024 INFLATION-ADJUSTED DOLLARS) FOR FULL-TIME, YEAR-ROUND WORKERS > Population 16 years and over with earnings = $11,479. [ACS S0501 (2024); margin of error: +/-1114]",S0501_C01_079E
78207,ACS S0501 (2024),2024,Population 16 years and over with earnings,Total population,"EARNINGS IN THE PAST 12 MONTHS (IN 2024 INFLATION-ADJUSTED DOLLARS) FOR FULL-TIME, YEAR-ROUND WORKERS > Population 16 years and over with earnings > $1 to $9,999 or loss",2.9,count or percent,1.2,"In ZIP code 78207 (San Antonio, TX), 2024, (Population 16 years and over with earnings): EARNINGS IN THE PAST 12 MONTHS (IN 2024 INFLATION-ADJUSTED DOLLARS) FOR FULL-TIME, YEAR-ROUND WORKERS > Population 16 years and over with earnings > $1 to $9,999 or loss = $3. [ACS S0501 (2024); margin of error: +/-1.2]",S0501_C01_080E
78207,ACS S0501 (2024),2024,Population 16 years and over with earnings,Total population,"EARNINGS IN THE PAST 12 MONTHS (IN 2024 INFLATION-ADJUSTED DOLLARS) FOR FULL-TIME, YEAR-ROUND WORKERS > Population 16 years and over with earnings > $10,000 to $14,999",3.2,count or percent,1.3,"In ZIP code 78207 (San Antonio, TX), 2024, (Population 16 years and over with earnings): EARNINGS IN THE PAST 12 MONTHS (IN 2024 INFLATION-ADJUSTED DOLLARS) FOR FULL-TIME, YEAR-ROUND WORKERS > Population 16 years and over with earnings > $10,000 to $14,999 = $3. [ACS S0501 (2024); margin of error: +/-1.3]",S0501_C01_081E
78207,ACS S0501 (2024),2024,Population 16 years and over with earnings,Total population,"EARNINGS IN THE PAST 12 MONTHS (IN 2024 INFLATION-ADJUSTED DOLLARS) FOR FULL-TIME, YEAR-ROUND WORKERS > Population 16 years and over with earnings > $15,000 to $24,999",14.8,count or percent,2.5,"In ZIP code 78207 (San Antonio, TX), 2024, (Population 16 years and over with earnings): EARNINGS IN THE PAST 12 MONTHS (IN 2024 INFLATION-ADJUSTED DOLLARS) FOR FULL-TIME, YEAR-ROUND WORKERS > Population 16 years and over with earnings > $15,000 to $24,999 = $15. [ACS S0501 (2024); margin of error: +/-2.5]",S0501_C01_082E
78207,ACS S0501 (2024),2024,Population 16 years and over with earnings,Total population,"EARNINGS IN THE PAST 12 MONTHS (IN 2024 INFLATION-ADJUSTED DOLLARS) FOR FULL-TIME, YEAR-ROUND WORKERS > Population 16 years and over with earnings > $25,000 to $34,999",27.6,count or percent,4.1,"In ZIP code 78207 (San Antonio, TX), 2024, (Population 16 years and over with earnings): EARNINGS IN THE PAST 12 MONTHS (IN 2024 INFLATION-ADJUSTED DOLLARS) FOR FULL-TIME, YEAR-ROUND WORKERS > Population 16 years and over with earnings > $25,000 to $34,999 = $28. [ACS S0501 (2024); margin of error: +/-4.1]",S0501_C01_083E
78207,ACS S0501 (2024),2024,Population 16 years and over with earnings,Total population,"EARNINGS IN THE PAST 12 MONTHS (IN 2024 INFLATION-ADJUSTED DOLLARS) FOR FULL-TIME, YEAR-ROUND WORKERS > Population 16 years and over with earnings > $35,000 to $49,999",28.7,count or percent,3.6,"In ZIP code 78207 (San Antonio, TX), 2024, (Population 16 years and over with earnings): EARNINGS IN THE PAST 12 MONTHS (IN 2024 INFLATION-ADJUSTED DOLLARS) FOR FULL-TIME, YEAR-ROUND WORKERS > Population 16 years and over with earnings > $35,000 to $49,999 = $29. [ACS S0501 (2024); margin of error: +/-3.6]",S0501_C01_084E
78207,ACS S0501 (2024),2024,Population 16 years and over with earnings,Total population,"EARNINGS IN THE PAST 12 MONTHS (IN 2024 INFLATION-ADJUSTED DOLLARS) FOR FULL-TIME, YEAR-ROUND WORKERS > Population 16 years and over with earnings > $50,000 to $74,999",14.5,count or percent,2.8,"In ZIP code 78207 (San Antonio, TX), 2024, (Population 16 years and over with earnings): EARNINGS IN THE PAST 12 MONTHS (IN 2024 INFLATION-ADJUSTED DOLLARS) FOR FULL-TIME, YEAR-ROUND WORKERS > Population 16 years and over with earnings > $50,000 to $74,999 = $14. [ACS S0501 (2024); margin of error: +/-2.8]",S0501_C01_085E
78207,ACS S0501 (2024),2024,Population 16 years and over with earnings,Total population,"EARNINGS IN THE PAST 12 MONTHS (IN 2024 INFLATION-ADJUSTED DOLLARS) FOR FULL-TIME, YEAR-ROUND WORKERS > Population 16 years and over with earnings > $75,000 or more",8.2,count or percent,2.2,"In ZIP code 78207 (San Antonio, TX), 2024, (Population 16 years and over with earnings): EARNINGS IN THE PAST 12 MONTHS (IN 2024 INFLATION-ADJUSTED DOLLARS) FOR FULL-TIME, YEAR-ROUND WORKERS > Population 16 years and over with earnings > $75,000 or more = $8. [ACS S0501 (2024); margin of error: +/-2.2]",S0501_C01_086E
78207,ACS S0501 (2024),2024,Population 16 years and over with earnings,Total population,"EARNINGS IN THE PAST 12 MONTHS (IN 2024 INFLATION-ADJUSTED DOLLARS) FOR FULL-TIME, YEAR-ROUND WORKERS > Population 16 years and over with earnings > Median earnings (dollars) for full-time, year-round workers > Male",36925.0,count or percent,2100,"In ZIP code 78207 (San Antonio, TX), 2024, (Population 16 years and over with earnings): EARNINGS IN THE PAST 12 MONTHS (IN 2024 INFLATION-ADJUSTED DOLLARS) FOR FULL-TIME, YEAR-ROUND WORKERS > Population 16 years and over with earnings > Median earnings (dollars) for full-time, year-round workers > Male = $36,925. [ACS S0501 (2024); margin of error: +/-2100]",S0501_C01_087E
78207,ACS S0501 (2024),2024,Population 16 years and over with earnings,Total population,"EARNINGS IN THE PAST 12 MONTHS (IN 2024 INFLATION-ADJUSTED DOLLARS) FOR FULL-TIME, YEAR-ROUND WORKERS > Population 16 years and over with earnings > Median earnings (dollars) for full-time, year-round workers > Female",32443.0,count or percent,2473,"In ZIP code 78207 (San Antonio, TX), 2024, (Population 16 years and over with earnings): EARNINGS IN THE PAST 12 MONTHS (IN 2024 INFLATION-ADJUSTED DOLLARS) FOR FULL-TIME, YEAR-ROUND WORKERS > Population 16 years and over with earnings > Median earnings (dollars) for full-time, year-round workers > Female = $32,443. [ACS S0501 (2024); margin of error: +/-2473]",S0501_C01_088E
78207,ACS S0501 (2024),2024,Households,Total population,INCOME IN THE PAST 12 MONTHS (IN 2024 INFLATION-ADJUSTED DOLLARS) > Households,16574.0,count or percent,698,"In ZIP code 78207 (San Antonio, TX), 2024, (Households): INCOME IN THE PAST 12 MONTHS (IN 2024 INFLATION-ADJUSTED DOLLARS) > Households = $16,574. [ACS S0501 (2024); margin of error: +/-698]",S0501_C01_089E
78207,ACS S0501 (2024),2024,Households,Total population,INCOME IN THE PAST 12 MONTHS (IN 2024 INFLATION-ADJUSTED DOLLARS) > Households > With earnings,73.7,count or percent,3.1,"In ZIP code 78207 (San Antonio, TX), 2024, (Households): INCOME IN THE PAST 12 MONTHS (IN 2024 INFLATION-ADJUSTED DOLLARS) > Households > With earnings = $74. [ACS S0501 (2024); margin of error: +/-3.1]",S0501_C01_090E
78207,ACS S0501 (2024),2024,Households,Total population,INCOME IN THE PAST 12 MONTHS (IN 2024 INFLATION-ADJUSTED DOLLARS) > Households > With earnings > Mean earnings (dollars),47762.0,count or percent,3789,"In ZIP code 78207 (San Antonio, TX), 2024, (Households): INCOME IN THE PAST 12 MONTHS (IN 2024 INFLATION-ADJUSTED DOLLARS) > Households > With earnings > Mean earnings (dollars) = $47,762. [ACS S0501 (2024); margin of error: +/-3789]",S0501_C01_091E
78207,ACS S0501 (2024),2024,Households,Total population,INCOME IN THE PAST 12 MONTHS (IN 2024 INFLATION-ADJUSTED DOLLARS) > Households > With Social Security income,31.4,count or percent,2.6,"In ZIP code 78207 (San Antonio, TX), 2024, (Households): INCOME IN THE PAST 12 MONTHS (IN 2024 INFLATION-ADJUSTED DOLLARS) > Households > With Social Security income = $31. [ACS S0501 (2024); margin of error: +/-2.6]",S0501_C01_092E
78207,ACS S0501 (2024),2024,Households,Total population,INCOME IN THE PAST 12 MONTHS (IN 2024 INFLATION-ADJUSTED DOLLARS) > Households > With Social Security income > Mean Social Security income (dollars),15164.0,count or percent,952,"In ZIP code 78207 (San Antonio, TX), 2024, (Households): INCOME IN THE PAST 12 MONTHS (IN 2024 INFLATION-ADJUSTED DOLLARS) > Households > With Social Security income > Mean Social Security income (dollars) = $15,164. [ACS S0501 (2024); margin of error: +/-952]",S0501_C01_093E
78207,ACS S0501 (2024),2024,Households,Total population,INCOME IN THE PAST 12 MONTHS (IN 2024 INFLATION-ADJUSTED DOLLARS) > Households > With Supplemental Security Income,14.0,count or percent,2.2,"In ZIP code 78207 (San Antonio, TX), 2024, (Households): INCOME IN THE PAST 12 MONTHS (IN 2024 INFLATION-ADJUSTED DOLLARS) > Households > With Supplemental Security Income = $14. [ACS S0501 (2024); margin of error: +/-2.2]",S0501_C01_094E
78207,ACS S0501 (2024),2024,Households,Total population,INCOME IN THE PAST 12 MONTHS (IN 2024 INFLATION-ADJUSTED DOLLARS) > Households > With Supplemental Security Income > Mean Supplemental Security Income (dollars),10431.0,count or percent,1059,"In ZIP code 78207 (San Antonio, TX), 2024, (Households): INCOME IN THE PAST 12 MONTHS (IN 2024 INFLATION-ADJUSTED DOLLARS) > Households > With Supplemental Security Income > Mean Supplemental Security Income (dollars) = $10,431. [ACS S0501 (2024); margin of error: +/-1059]",S0501_C01_095E
78207,ACS S0501 (2024),2024,Households,Total population,INCOME IN THE PAST 12 MONTHS (IN 2024 INFLATION-ADJUSTED DOLLARS) > Households > With cash public assistance income,2.6,count or percent,0.8,"In ZIP code 78207 (San Antonio, TX), 2024, (Households): INCOME IN THE PAST 12 MONTHS (IN 2024 INFLATION-ADJUSTED DOLLARS) > Households > With cash public assistance income = $3. [ACS S0501 (2024); margin of error: +/-0.8]",S0501_C01_096E
78207,ACS S0501 (2024),2024,Households,Total population,INCOME IN THE PAST 12 MONTHS (IN 2024 INFLATION-ADJUSTED DOLLARS) > Households > With cash public assistance income > Mean cash public assistance income (dollars),2224.0,count or percent,626,"In ZIP code 78207 (San Antonio, TX), 2024, (Households): INCOME IN THE PAST 12 MONTHS (IN 2024 INFLATION-ADJUSTED DOLLARS) > Households > With cash public assistance income > Mean cash public assistance income (dollars) = $2,224. [ACS S0501 (2024); margin of error: +/-626]",S0501_C01_097E
78207,ACS S0501 (2024),2024,Households,Total population,INCOME IN THE PAST 12 MONTHS (IN 2024 INFLATION-ADJUSTED DOLLARS) > Households > With retirement income,12.1,count or percent,1.9,"In ZIP code 78207 (San Antonio, TX), 2024, (Households): INCOME IN THE PAST 12 MONTHS (IN 2024 INFLATION-ADJUSTED DOLLARS) > Households > With retirement income = $12. [ACS S0501 (2024); margin of error: +/-1.9]",S0501_C01_098E
78207,ACS S0501 (2024),2024,Households,Total population,INCOME IN THE PAST 12 MONTHS (IN 2024 INFLATION-ADJUSTED DOLLARS) > Households > With retirement income > Mean retirement income (dollars),18180.0,count or percent,3883,"In ZIP code 78207 (San Antonio, TX), 2024, (Households): INCOME IN THE PAST 12 MONTHS (IN 2024 INFLATION-ADJUSTED DOLLARS) > Households > With retirement income > Mean retirement income (dollars) = $18,180. [ACS S0501 (2024); margin of error: +/-3883]",S0501_C01_099E
78207,ACS S0501 (2024),2024,Households,Total population,INCOME IN THE PAST 12 MONTHS (IN 2024 INFLATION-ADJUSTED DOLLARS) > Households > With Food Stamp/SNAP benefits,45.2,count or percent,3.2,"In ZIP code 78207 (San Antonio, TX), 2024, (Households): INCOME IN THE PAST 12 MONTHS (IN 2024 INFLATION-ADJUSTED DOLLARS) > Households > With Food Stamp/SNAP benefits = $45. [ACS S0501 (2024); margin of error: +/-3.2]",S0501_C01_100E
78207,ACS S0501 (2024),2024,Households,Total population,INCOME IN THE PAST 12 MONTHS (IN 2024 INFLATION-ADJUSTED DOLLARS) > Households > Median Household income (dollars),32472.0,count or percent,2194,"In ZIP code 78207 (San Antonio, TX), 2024, (Households): INCOME IN THE PAST 12 MONTHS (IN 2024 INFLATION-ADJUSTED DOLLARS) > Households > Median Household income (dollars) = $32,472. [ACS S0501 (2024); margin of error: +/-2194]",S0501_C01_101E
78207,ACS S0501 (2024),2024,Households,Total population,INCOME IN THE PAST 12 MONTHS (IN 2024 INFLATION-ADJUSTED DOLLARS) > Households > Average number of workers per household,1.04,count or percent,0.08,"In ZIP code 78207 (San Antonio, TX), 2024, (Households): INCOME IN THE PAST 12 MONTHS (IN 2024 INFLATION-ADJUSTED DOLLARS) > Households > Average number of workers per household = $1. [ACS S0501 (2024); margin of error: +/-0.08]",S0501_C01_102E
78207,ACS S0501 (2024),2024,Population for whom poverty status is determined,Total population,POVERTY STATUS IN THE PAST 12 MONTHS > Population for whom poverty status is determined,49961.0,count or percent,3325,"In ZIP code 78207 (San Antonio, TX), 2024, (Population for whom poverty status is determined): POVERTY STATUS IN THE PAST 12 MONTHS > Population for whom poverty status is determined = 49,961. [ACS S0501 (2024); margin of error: +/-3325]",S0501_C01_103E
78207,ACS S0501 (2024),2024,Population for whom poverty status is determined,Total population,POVERTY STATUS IN THE PAST 12 MONTHS > Population for whom poverty status is determined > Below 100 percent of the poverty level,42.2,count or percent,3.2,"In ZIP code 78207 (San Antonio, TX), 2024, (Population for whom poverty status is determined): POVERTY STATUS IN THE PAST 12 MONTHS > Population for whom poverty status is determined > Below 100 percent of the poverty level = 42.2%. [ACS S0501 (2024); margin of error: +/-3.2]",S0501_C01_104E
78207,ACS S0501 (2024),2024,Population for whom poverty status is determined,Total population,POVERTY STATUS IN THE PAST 12 MONTHS > Population for whom poverty status is determined > 100 to 199 percent of the poverty level,27.7,count or percent,3.1,"In ZIP code 78207 (San Antonio, TX), 2024, (Population for whom poverty status is determined): POVERTY STATUS IN THE PAST 12 MONTHS > Population for whom poverty status is determined > 100 to 199 percent of the poverty level = 27.7%. [ACS S0501 (2024); margin of error: +/-3.1]",S0501_C01_105E
78207,ACS S0501 (2024),2024,Population for whom poverty status is determined,Total population,POVERTY STATUS IN THE PAST 12 MONTHS > Population for whom poverty status is determined > At or above 200 percent of the poverty level,30.1,count or percent,2.8,"In ZIP code 78207 (San Antonio, TX), 2024, (Population for whom poverty status is determined): POVERTY STATUS IN THE PAST 12 MONTHS > Population for whom poverty status is determined > At or above 200 percent of the poverty level = 30.1%. [ACS S0501 (2024); margin of error: +/-2.8]",S0501_C01_106E
78207,ACS S0501 (2024),2024,POVERTY RATES FOR FAMILIES FOR WHOM POVERTY STATUS IS DETERMINED,Total population,POVERTY STATUS IN THE PAST 12 MONTHS > POVERTY RATES FOR FAMILIES FOR WHOM POVERTY STATUS IS DETERMINED > All families,36.5,count or percent,3.2,"In ZIP code 78207 (San Antonio, TX), 2024, (POVERTY RATES FOR FAMILIES FOR WHOM POVERTY STATUS IS DETERMINED): POVERTY STATUS IN THE PAST 12 MONTHS > POVERTY RATES FOR FAMILIES FOR WHOM POVERTY STATUS IS DETERMINED > All families = 36.5%. [ACS S0501 (2024); margin of error: +/-3.2]",S0501_C01_107E
78207,ACS S0501 (2024),2024,POVERTY RATES FOR FAMILIES FOR WHOM POVERTY STATUS IS DETERMINED,Total population,POVERTY STATUS IN THE PAST 12 MONTHS > POVERTY RATES FOR FAMILIES FOR WHOM POVERTY STATUS IS DETERMINED > All families > With related children of the householder under 18 years,49.8,count or percent,6.0,"In ZIP code 78207 (San Antonio, TX), 2024, (POVERTY RATES FOR FAMILIES FOR WHOM POVERTY STATUS IS DETERMINED): POVERTY STATUS IN THE PAST 12 MONTHS > POVERTY RATES FOR FAMILIES FOR WHOM POVERTY STATUS IS DETERMINED > All families > With related children of the householder under 18 years = 49.8%. [ACS S0501 (2024); margin of error: +/-6]",S0501_C01_108E
78207,ACS S0501 (2024),2024,POVERTY RATES FOR FAMILIES FOR WHOM POVERTY STATUS IS DETERMINED,Total population,POVERTY STATUS IN THE PAST 12 MONTHS > POVERTY RATES FOR FAMILIES FOR WHOM POVERTY STATUS IS DETERMINED > All families > With related children of the householder under 5 years only,33.2,count or percent,14.2,"In ZIP code 78207 (San Antonio, TX), 2024, (POVERTY RATES FOR FAMILIES FOR WHOM POVERTY STATUS IS DETERMINED): POVERTY STATUS IN THE PAST 12 MONTHS > POVERTY RATES FOR FAMILIES FOR WHOM POVERTY STATUS IS DETERMINED > All families > With related children of the householder under 5 years only = 33.2%. [ACS S0501 (2024); margin of error: +/-14.2]",S0501_C01_109E
78207,ACS S0501 (2024),2024,POVERTY RATES FOR FAMILIES FOR WHOM POVERTY STATUS IS DETERMINED,Total population,POVERTY STATUS IN THE PAST 12 MONTHS > POVERTY RATES FOR FAMILIES FOR WHOM POVERTY STATUS IS DETERMINED > Married-couple family,23.5,count or percent,4.7,"In ZIP code 78207 (San Antonio, TX), 2024, (POVERTY RATES FOR FAMILIES FOR WHOM POVERTY STATUS IS DETERMINED): POVERTY STATUS IN THE PAST 12 MONTHS > POVERTY RATES FOR FAMILIES FOR WHOM POVERTY STATUS IS DETERMINED > Married-couple family = 23.5%. [ACS S0501 (2024); margin of error: +/-4.7]",S0501_C01_110E
78207,ACS S0501 (2024),2024,POVERTY RATES FOR FAMILIES FOR WHOM POVERTY STATUS IS DETERMINED,Total population,POVERTY STATUS IN THE PAST 12 MONTHS > POVERTY RATES FOR FAMILIES FOR WHOM POVERTY STATUS IS DETERMINED > Married-couple family > With related children of the householder under 18 years,31.5,count or percent,8.0,"In ZIP code 78207 (San Antonio, TX), 2024, (POVERTY RATES FOR FAMILIES FOR WHOM POVERTY STATUS IS DETERMINED): POVERTY STATUS IN THE PAST 12 MONTHS > POVERTY RATES FOR FAMILIES FOR WHOM POVERTY STATUS IS DETERMINED > Married-couple family > With related children of the householder under 18 years = 31.5%. [ACS S0501 (2024); margin of error: +/-8]",S0501_C01_111E
78207,ACS S0501 (2024),2024,POVERTY RATES FOR FAMILIES FOR WHOM POVERTY STATUS IS DETERMINED,Total population,POVERTY STATUS IN THE PAST 12 MONTHS > POVERTY RATES FOR FAMILIES FOR WHOM POVERTY STATUS IS DETERMINED > Married-couple family > With related children of the householder under 5 years only,32.6,count or percent,33.4,"In ZIP code 78207 (San Antonio, TX), 2024, (POVERTY RATES FOR FAMILIES FOR WHOM POVERTY STATUS IS DETERMINED): POVERTY STATUS IN THE PAST 12 MONTHS > POVERTY RATES FOR FAMILIES FOR WHOM POVERTY STATUS IS DETERMINED > Married-couple family > With related children of the householder under 5 years only = 32.6%. [ACS S0501 (2024); margin of error: +/-33.4]",S0501_C01_112E
78207,ACS S0501 (2024),2024,POVERTY RATES FOR FAMILIES FOR WHOM POVERTY STATUS IS DETERMINED,Total population,"POVERTY STATUS IN THE PAST 12 MONTHS > POVERTY RATES FOR FAMILIES FOR WHOM POVERTY STATUS IS DETERMINED > Female householder, no spouse present, family",52.7,count or percent,5.8,"In ZIP code 78207 (San Antonio, TX), 2024, (POVERTY RATES FOR FAMILIES FOR WHOM POVERTY STATUS IS DETERMINED): POVERTY STATUS IN THE PAST 12 MONTHS > POVERTY RATES FOR FAMILIES FOR WHOM POVERTY STATUS IS DETERMINED > Female householder, no spouse present, family = 52.7%. [ACS S0501 (2024); margin of error: +/-5.8]",S0501_C01_113E
78207,ACS S0501 (2024),2024,POVERTY RATES FOR FAMILIES FOR WHOM POVERTY STATUS IS DETERMINED,Total population,"POVERTY STATUS IN THE PAST 12 MONTHS > POVERTY RATES FOR FAMILIES FOR WHOM POVERTY STATUS IS DETERMINED > Female householder, no spouse present, family > With related children of the householder under 18 years",64.4,count or percent,7.8,"In ZIP code 78207 (San Antonio, TX), 2024, (POVERTY RATES FOR FAMILIES FOR WHOM POVERTY STATUS IS DETERMINED): POVERTY STATUS IN THE PAST 12 MONTHS > POVERTY RATES FOR FAMILIES FOR WHOM POVERTY STATUS IS DETERMINED > Female householder, no spouse present, family > With related children of the householder under 18 years = 64.4%. [ACS S0501 (2024); margin of error: +/-7.8]",S0501_C01_114E
78207,ACS S0501 (2024),2024,POVERTY RATES FOR FAMILIES FOR WHOM POVERTY STATUS IS DETERMINED,Total population,"POVERTY STATUS IN THE PAST 12 MONTHS > POVERTY RATES FOR FAMILIES FOR WHOM POVERTY STATUS IS DETERMINED > Female householder, no spouse present, family > With related children of the householder under 5 years only",38.0,count or percent,17.8,"In ZIP code 78207 (San Antonio, TX), 2024, (POVERTY RATES FOR FAMILIES FOR WHOM POVERTY STATUS IS DETERMINED): POVERTY STATUS IN THE PAST 12 MONTHS > POVERTY RATES FOR FAMILIES FOR WHOM POVERTY STATUS IS DETERMINED > Female householder, no spouse present, family > With related children of the householder under 5 years only = 38%. [ACS S0501 (2024); margin of error: +/-17.8]",S0501_C01_115E
78207,ACS S0501 (2024),2024,Occupied housing units,Total population,Occupied housing units,16574.0,count or percent,698,"In ZIP code 78207 (San Antonio, TX), 2024, (Occupied housing units): Occupied housing units = 16,574. [ACS S0501 (2024); margin of error: +/-698]",S0501_C01_116E
78207,ACS S0501 (2024),2024,HOUSING TENURE,Total population,Occupied housing units > HOUSING TENURE > Owner-occupied housing units,40.3,count or percent,2.7,"In ZIP code 78207 (San Antonio, TX), 2024, (HOUSING TENURE): Occupied housing units > HOUSING TENURE > Owner-occupied housing units = 40.3%. [ACS S0501 (2024); margin of error: +/-2.7]",S0501_C01_117E
78207,ACS S0501 (2024),2024,HOUSING TENURE,Total population,Occupied housing units > HOUSING TENURE > Renter-occupied housing units,59.7,count or percent,2.7,"In ZIP code 78207 (San Antonio, TX), 2024, (HOUSING TENURE): Occupied housing units > HOUSING TENURE > Renter-occupied housing units = 59.7%. [ACS S0501 (2024); margin of error: +/-2.7]",S0501_C01_118E
78207,ACS S0501 (2024),2024,HOUSING TENURE,Total population,Occupied housing units > HOUSING TENURE > Average household size of owner-occupied unit,3.38,count or percent,0.25,"In ZIP code 78207 (San Antonio, TX), 2024, (HOUSING TENURE): Occupied housing units > HOUSING TENURE > Average household size of owner-occupied unit = 3.38%. [ACS S0501 (2024); margin of error: +/-0.25]",S0501_C01_119E
78207,ACS S0501 (2024),2024,HOUSING TENURE,Total population,Occupied housing units > HOUSING TENURE > Average household size of renter-occupied unit,2.64,count or percent,0.19,"In ZIP code 78207 (San Antonio, TX), 2024, (HOUSING TENURE): Occupied housing units > HOUSING TENURE > Average household size of renter-occupied unit = 2.64%. [ACS S0501 (2024); margin of error: +/-0.19]",S0501_C01_120E
78207,ACS S0501 (2024),2024,ROOMS,Total population,Occupied housing units > ROOMS > 1 room,4.2,count or percent,1.4,"In ZIP code 78207 (San Antonio, TX), 2024, (ROOMS): Occupied housing units > ROOMS > 1 room = 4.2%. [ACS S0501 (2024); margin of error: +/-1.4]",S0501_C01_121E
78207,ACS S0501 (2024),2024,ROOMS,Total population,Occupied housing units > ROOMS > 2 or 3 rooms,20.6,count or percent,2.8,"In ZIP code 78207 (San Antonio, TX), 2024, (ROOMS): Occupied housing units > ROOMS > 2 or 3 rooms = 20.6%. [ACS S0501 (2024); margin of error: +/-2.8]",S0501_C01_122E
78207,ACS S0501 (2024),2024,ROOMS,Total population,Occupied housing units > ROOMS > 4 or 5 rooms,50.0,count or percent,2.8,"In ZIP code 78207 (San Antonio, TX), 2024, (ROOMS): Occupied housing units > ROOMS > 4 or 5 rooms = 50%. [ACS S0501 (2024); margin of error: +/-2.8]",S0501_C01_123E
78207,ACS S0501 (2024),2024,ROOMS,Total population,Occupied housing units > ROOMS > 6 or 7 rooms,20.5,count or percent,2.3,"In ZIP code 78207 (San Antonio, TX), 2024, (ROOMS): Occupied housing units > ROOMS > 6 or 7 rooms = 20.5%. [ACS S0501 (2024); margin of error: +/-2.3]",S0501_C01_124E
78207,ACS S0501 (2024),2024,ROOMS,Total population,Occupied housing units > ROOMS > 8 or more rooms,4.7,count or percent,1.4,"In ZIP code 78207 (San Antonio, TX), 2024, (ROOMS): Occupied housing units > ROOMS > 8 or more rooms = 4.7%. [ACS S0501 (2024); margin of error: +/-1.4]",S0501_C01_125E
78207,ACS S0501 (2024),2024,Median number of rooms,Total population,Occupied housing units > Median number of rooms,4.4,count or percent,0.1,"In ZIP code 78207 (San Antonio, TX), 2024, (Median number of rooms): Occupied housing units > Median number of rooms = $4. [ACS S0501 (2024); margin of error: +/-0.1]",S0501_C01_126E
78207,ACS S0501 (2024),2024,1.01 or more occupants per room,Total population,Occupied housing units > 1.01 or more occupants per room,11.5,count or percent,2.5,"In ZIP code 78207 (San Antonio, TX), 2024, (1.01 or more occupants per room): Occupied housing units > 1.01 or more occupants per room = 11.5%. [ACS S0501 (2024); margin of error: +/-2.5]",S0501_C01_127E
78207,ACS S0501 (2024),2024,VEHICLES AVAILABLE,Total population,Occupied housing units > VEHICLES AVAILABLE > None,19.0,count or percent,2.7,"In ZIP code 78207 (San Antonio, TX), 2024, (VEHICLES AVAILABLE): Occupied housing units > VEHICLES AVAILABLE > None = 19%. [ACS S0501 (2024); margin of error: +/-2.7]",S0501_C01_128E
78207,ACS S0501 (2024),2024,VEHICLES AVAILABLE,Total population,Occupied housing units > VEHICLES AVAILABLE > 1 or more,81.0,count or percent,2.7,"In ZIP code 78207 (San Antonio, TX), 2024, (VEHICLES AVAILABLE): Occupied housing units > VEHICLES AVAILABLE > 1 or more = 81%. [ACS S0501 (2024); margin of error: +/-2.7]",S0501_C01_129E
78207,ACS S0501 (2024),2024,SELECTED CHARACTERISTICS,Total population,Occupied housing units > SELECTED CHARACTERISTICS > No telephone service available,1.9,count or percent,0.9,"In ZIP code 78207 (San Antonio, TX), 2024, (SELECTED CHARACTERISTICS): Occupied housing units > SELECTED CHARACTERISTICS > No telephone service available = 1.9%. [ACS S0501 (2024); margin of error: +/-0.9]",S0501_C01_130E
78207,ACS S0501 (2024),2024,SELECTED CHARACTERISTICS,Total population,Occupied housing units > SELECTED CHARACTERISTICS > Limited English Speaking Households,20.5,count or percent,2.6,"In ZIP code 78207 (San Antonio, TX), 2024, (SELECTED CHARACTERISTICS): Occupied housing units > SELECTED CHARACTERISTICS > Limited English Speaking Households = 20.5%. [ACS S0501 (2024); margin of error: +/-2.6]",S0501_C01_131E
78207,ACS S0501 (2024),2024,Owner-occupied housing units,Total population,Owner-occupied housing units,6686.0,count or percent,480,"In ZIP code 78207 (San Antonio, TX), 2024, (Owner-occupied housing units): Owner-occupied housing units = 6,686. [ACS S0501 (2024); margin of error: +/-480]",S0501_C01_132E
78207,ACS S0501 (2024),2024,SELECTED MONTHLY OWNER COSTS AS A PERCENTAGE OF HOUSEHOLD INCOME IN THE PAST 12 MONTHS,Total population,Owner-occupied housing units > SELECTED MONTHLY OWNER COSTS AS A PERCENTAGE OF HOUSEHOLD INCOME IN THE PAST 12 MONTHS > Less than 30 percent,76.1,count or percent,3.5,"In ZIP code 78207 (San Antonio, TX), 2024, (SELECTED MONTHLY OWNER COSTS AS A PERCENTAGE OF HOUSEHOLD INCOME IN THE PAST 12 MONTHS): Owner-occupied housing units > SELECTED MONTHLY OWNER COSTS AS A PERCENTAGE OF HOUSEHOLD INCOME IN THE PAST 12 MONTHS > Less than 30 percent = $76. [ACS S0501 (2024); margin of error: +/-3.5]",S0501_C01_133E
78207,ACS S0501 (2024),2024,SELECTED MONTHLY OWNER COSTS AS A PERCENTAGE OF HOUSEHOLD INCOME IN THE PAST 12 MONTHS,Total population,Owner-occupied housing units > SELECTED MONTHLY OWNER COSTS AS A PERCENTAGE OF HOUSEHOLD INCOME IN THE PAST 12 MONTHS > 30 percent or more,23.9,count or percent,3.5,"In ZIP code 78207 (San Antonio, TX), 2024, (SELECTED MONTHLY OWNER COSTS AS A PERCENTAGE OF HOUSEHOLD INCOME IN THE PAST 12 MONTHS): Owner-occupied housing units > SELECTED MONTHLY OWNER COSTS AS A PERCENTAGE OF HOUSEHOLD INCOME IN THE PAST 12 MONTHS > 30 percent or more = $24. [ACS S0501 (2024); margin of error: +/-3.5]",S0501_C01_134E
78207,ACS S0501 (2024),2024,Renter-occupied housing units,Total population,Renter-occupied housing units,9888.0,count or percent,678,"In ZIP code 78207 (San Antonio, TX), 2024, (Renter-occupied housing units): Renter-occupied housing units = 9,888. [ACS S0501 (2024); margin of error: +/-678]",S0501_C01_135E
78207,ACS S0501 (2024),2024,GROSS RENT AS A PERCENTAGE OF HOUSEHOLD INCOME IN THE PAST 12 MONTHS,Total population,Renter-occupied housing units > GROSS RENT AS A PERCENTAGE OF HOUSEHOLD INCOME IN THE PAST 12 MONTHS > Less than 30 percent,45.2,count or percent,4.6,"In ZIP code 78207 (San Antonio, TX), 2024, (GROSS RENT AS A PERCENTAGE OF HOUSEHOLD INCOME IN THE PAST 12 MONTHS): Renter-occupied housing units > GROSS RENT AS A PERCENTAGE OF HOUSEHOLD INCOME IN THE PAST 12 MONTHS > Less than 30 percent = $45. [ACS S0501 (2024); margin of error: +/-4.6]",S0501_C01_136E
78207,ACS S0501 (2024),2024,GROSS RENT AS A PERCENTAGE OF HOUSEHOLD INCOME IN THE PAST 12 MONTHS,Total population,Renter-occupied housing units > GROSS RENT AS A PERCENTAGE OF HOUSEHOLD INCOME IN THE PAST 12 MONTHS > 30 percent or more,54.8,count or percent,4.6,"In ZIP code 78207 (San Antonio, TX), 2024, (GROSS RENT AS A PERCENTAGE OF HOUSEHOLD INCOME IN THE PAST 12 MONTHS): Renter-occupied housing units > GROSS RENT AS A PERCENTAGE OF HOUSEHOLD INCOME IN THE PAST 12 MONTHS > 30 percent or more = $55. [ACS S0501 (2024); margin of error: +/-4.6]",S0501_C01_137E
78207,ACS S0501 (2024),2024,Total population,Native-born population,Total population,44846.0,count or percent,3065,"In ZIP code 78207 (San Antonio, TX), 2024, among native-born population: Total population = 44,846. [ACS S0501 (2024); margin of error: +/-3065]",S0501_C02_001E
78207,ACS S0501 (2024),2024,SEX AND AGE,Native-born population,SEX AND AGE > Male,53.3,count or percent,2.0,"In ZIP code 78207 (San Antonio, TX), 2024, among native-born population: SEX AND AGE > Male = 53.3%. [ACS S0501 (2024); margin of error: +/-2]",S0501_C02_002E
78207,ACS S0501 (2024),2024,SEX AND AGE,Native-born population,SEX AND AGE > Female,46.7,count or percent,2.0,"In ZIP code 78207 (San Antonio, TX), 2024, among native-born population: SEX AND AGE > Female = 46.7%. [ACS S0501 (2024); margin of error: +/-2]",S0501_C02_003E
78207,ACS S0501 (2024),2024,SEX AND AGE,Native-born population,SEX AND AGE > Under 5 years,9.7,count or percent,1.3,"In ZIP code 78207 (San Antonio, TX), 2024, among native-born population: SEX AND AGE > Under 5 years = 9.7%. [ACS S0501 (2024); margin of error: +/-1.3]",S0501_C02_004E
78207,ACS S0501 (2024),2024,SEX AND AGE,Native-born population,SEX AND AGE > 5 to 17 years,23.4,count or percent,1.8,"In ZIP code 78207 (San Antonio, TX), 2024, among native-born population: SEX AND AGE > 5 to 17 years = 23.4%. [ACS S0501 (2024); margin of error: +/-1.8]",S0501_C02_005E
78207,ACS S0501 (2024),2024,SEX AND AGE,Native-born population,SEX AND AGE > 18 to 24 years,10.2,count or percent,1.4,"In ZIP code 78207 (San Antonio, TX), 2024, among native-born population: SEX AND AGE > 18 to 24 years = 10.2%. [ACS S0501 (2024); margin of error: +/-1.4]",S0501_C02_006E
78207,ACS S0501 (2024),2024,SEX AND AGE,Native-born population,SEX AND AGE > 25 to 44 years,28.4,count or percent,1.6,"In ZIP code 78207 (San Antonio, TX), 2024, among native-born population: SEX AND AGE > 25 to 44 years = 28.4%. [ACS S0501 (2024); margin of error: +/-1.6]",S0501_C02_007E
78207,ACS S0501 (2024),2024,SEX AND AGE,Native-born population,SEX AND AGE > 45 to 54 years,9.9,count or percent,1.4,"In ZIP code 78207 (San Antonio, TX), 2024, among native-born population: SEX AND AGE > 45 to 54 years = 9.9%. [ACS S0501 (2024); margin of error: +/-1.4]",S0501_C02_008E
78207,ACS S0501 (2024),2024,SEX AND AGE,Native-born population,SEX AND AGE > 55 to 64 years,10.0,count or percent,1.5,"In ZIP code 78207 (San Antonio, TX), 2024, among native-born population: SEX AND AGE > 55 to 64 years = 10%. [ACS S0501 (2024); margin of error: +/-1.5]",S0501_C02_009E
78207,ACS S0501 (2024),2024,SEX AND AGE,Native-born population,SEX AND AGE > 65 to 74 years,4.8,count or percent,0.7,"In ZIP code 78207 (San Antonio, TX), 2024, among native-born population: SEX AND AGE > 65 to 74 years = 4.8%. [ACS S0501 (2024); margin of error: +/-0.7]",S0501_C02_010E
78207,ACS S0501 (2024),2024,SEX AND AGE,Native-born population,SEX AND AGE > 75 to 84 years,2.7,count or percent,0.5,"In ZIP code 78207 (San Antonio, TX), 2024, among native-born population: SEX AND AGE > 75 to 84 years = 2.7%. [ACS S0501 (2024); margin of error: +/-0.5]",S0501_C02_011E
78207,ACS S0501 (2024),2024,SEX AND AGE,Native-born population,SEX AND AGE > 85 years and over,1.0,count or percent,0.4,"In ZIP code 78207 (San Antonio, TX), 2024, among native-born population: SEX AND AGE > 85 years and over = 1%. [ACS S0501 (2024); margin of error: +/-0.4]",S0501_C02_012E
78207,ACS S0501 (2024),2024,SEX AND AGE,Native-born population,SEX AND AGE > Median age (years),29.3,count or percent,1.4,"In ZIP code 78207 (San Antonio, TX), 2024, among native-born population: SEX AND AGE > Median age (years) = $29. [ACS S0501 (2024); margin of error: +/-1.4]",S0501_C02_013E
78207,ACS S0501 (2024),2024,RACE AND HISPANIC OR LATINO ORIGIN,Native-born population,RACE AND HISPANIC OR LATINO ORIGIN > One race,51.8,count or percent,3.7,"In ZIP code 78207 (San Antonio, TX), 2024, among native-born population: RACE AND HISPANIC OR LATINO ORIGIN > One race = 51.8%. [ACS S0501 (2024); margin of error: +/-3.7]",S0501_C02_014E
78207,ACS S0501 (2024),2024,RACE AND HISPANIC OR LATINO ORIGIN,Native-born population,RACE AND HISPANIC OR LATINO ORIGIN > One race > White,32.3,count or percent,3.0,"In ZIP code 78207 (San Antonio, TX), 2024, among native-born population: RACE AND HISPANIC OR LATINO ORIGIN > One race > White = 32.3%. [ACS S0501 (2024); margin of error: +/-3]",S0501_C02_015E
78207,ACS S0501 (2024),2024,RACE AND HISPANIC OR LATINO ORIGIN,Native-born population,RACE AND HISPANIC OR LATINO ORIGIN > One race > Black or African American,6.4,count or percent,1.6,"In ZIP code 78207 (San Antonio, TX), 2024, among native-born population: RACE AND HISPANIC OR LATINO ORIGIN > One race > Black or African American = 6.4%. [ACS S0501 (2024); margin of error: +/-1.6]",S0501_C02_016E
78207,ACS S0501 (2024),2024,RACE AND HISPANIC OR LATINO ORIGIN,Native-born population,RACE AND HISPANIC OR LATINO ORIGIN > One race > American Indian and Alaska Native,2.4,count or percent,0.9,"In ZIP code 78207 (San Antonio, TX), 2024, among native-born population: RACE AND HISPANIC OR LATINO ORIGIN > One race > American Indian and Alaska Native = 2.4%. [ACS S0501 (2024); margin of error: +/-0.9]",S0501_C02_017E
78207,ACS S0501 (2024),2024,RACE AND HISPANIC OR LATINO ORIGIN,Native-born population,RACE AND HISPANIC OR LATINO ORIGIN > One race > Asian,0.3,count or percent,0.2,"In ZIP code 78207 (San Antonio, TX), 2024, among native-born population: RACE AND HISPANIC OR LATINO ORIGIN > One race > Asian = 0.3%. [ACS S0501 (2024); margin of error: +/-0.2]",S0501_C02_018E
78207,ACS S0501 (2024),2024,RACE AND HISPANIC OR LATINO ORIGIN,Native-born population,RACE AND HISPANIC OR LATINO ORIGIN > One race > Native Hawaiian and Other Pacific Islander,0.1,count or percent,0.1,"In ZIP code 78207 (San Antonio, TX), 2024, among native-born population: RACE AND HISPANIC OR LATINO ORIGIN > One race > Native Hawaiian and Other Pacific Islander = 0.1%. [ACS S0501 (2024); margin of error: +/-0.1]",S0501_C02_019E
78207,ACS S0501 (2024),2024,RACE AND HISPANIC OR LATINO ORIGIN,Native-born population,RACE AND HISPANIC OR LATINO ORIGIN > One race > Some other race,10.4,count or percent,1.9,"In ZIP code 78207 (San Antonio, TX), 2024, among native-born population: RACE AND HISPANIC OR LATINO ORIGIN > One race > Some other race = 10.4%. [ACS S0501 (2024); margin of error: +/-1.9]",S0501_C02_020E
78207,ACS S0501 (2024),2024,RACE AND HISPANIC OR LATINO ORIGIN,Native-born population,RACE AND HISPANIC OR LATINO ORIGIN > Two or more races,48.2,count or percent,3.7,"In ZIP code 78207 (San Antonio, TX), 2024, among native-born population: RACE AND HISPANIC OR LATINO ORIGIN > Two or more races = 48.2%. [ACS S0501 (2024); margin of error: +/-3.7]",S0501_C02_021E
78207,ACS S0501 (2024),2024,RACE AND HISPANIC OR LATINO ORIGIN,Native-born population,RACE AND HISPANIC OR LATINO ORIGIN > Hispanic or Latino origin (of any race),85.5,count or percent,2.6,"In ZIP code 78207 (San Antonio, TX), 2024, among native-born population: RACE AND HISPANIC OR LATINO ORIGIN > Hispanic or Latino origin (of any race) = 85.5%. [ACS S0501 (2024); margin of error: +/-2.6]",S0501_C02_022E
78207,ACS S0501 (2024),2024,RACE AND HISPANIC OR LATINO ORIGIN,Native-born population,"RACE AND HISPANIC OR LATINO ORIGIN > White alone, not Hispanic or Latino",7.2,count or percent,1.7,"In ZIP code 78207 (San Antonio, TX), 2024, among native-born population: RACE AND HISPANIC OR LATINO ORIGIN > White alone, not Hispanic or Latino = 7.2%. [ACS S0501 (2024); margin of error: +/-1.7]",S0501_C02_023E
78207,ACS S0501 (2024),2024,HOUSEHOLD TYPE,Native-born population,HOUSEHOLD TYPE > In married-couple family,31.0,count or percent,4.0,"In ZIP code 78207 (San Antonio, TX), 2024, among native-born population: HOUSEHOLD TYPE > In married-couple family = 31%. [ACS S0501 (2024); margin of error: +/-4]",S0501_C02_024E
78207,ACS S0501 (2024),2024,HOUSEHOLD TYPE,Native-born population,HOUSEHOLD TYPE > In other households,55.0,count or percent,3.9,"In ZIP code 78207 (San Antonio, TX), 2024, among native-born population: HOUSEHOLD TYPE > In other households = 55%. [ACS S0501 (2024); margin of error: +/-3.9]",S0501_C02_025E
78207,ACS S0501 (2024),2024,Average  household size,Native-born population,Average  household size,2.84,count or percent,0.17,"In ZIP code 78207 (San Antonio, TX), 2024, among native-born population: Average  household size = 2.84%. [ACS S0501 (2024); margin of error: +/-0.17]",S0501_C02_026E
78207,ACS S0501 (2024),2024,Average family size,Native-born population,Average family size,3.67,count or percent,0.20,"In ZIP code 78207 (San Antonio, TX), 2024, among native-born population: Average family size = 3.67%. [ACS S0501 (2024); margin of error: +/-0.2]",S0501_C02_027E
78207,ACS S0501 (2024),2024,Population 15  years and over,Native-born population,MARITAL STATUS > Population 15  years and over,31812.0,count or percent,1943,"In ZIP code 78207 (San Antonio, TX), 2024, among native-born population: MARITAL STATUS > Population 15  years and over = 31,812. [ACS S0501 (2024); margin of error: +/-1943]",S0501_C02_028E
78207,ACS S0501 (2024),2024,Population 15  years and over,Native-born population,MARITAL STATUS > Population 15  years and over > Never married,55.2,count or percent,2.2,"In ZIP code 78207 (San Antonio, TX), 2024, among native-born population: MARITAL STATUS > Population 15  years and over > Never married = 55.2%. [ACS S0501 (2024); margin of error: +/-2.2]",S0501_C02_029E
78207,ACS S0501 (2024),2024,Population 15  years and over,Native-born population,"MARITAL STATUS > Population 15  years and over > Now married, except separated",21.5,count or percent,2.4,"In ZIP code 78207 (San Antonio, TX), 2024, among native-born population: MARITAL STATUS > Population 15  years and over > Now married, except separated = 21.5%. [ACS S0501 (2024); margin of error: +/-2.4]",S0501_C02_030E
78207,ACS S0501 (2024),2024,Population 15  years and over,Native-born population,MARITAL STATUS > Population 15  years and over > Divorced or separated,18.7,count or percent,1.8,"In ZIP code 78207 (San Antonio, TX), 2024, among native-born population: MARITAL STATUS > Population 15  years and over > Divorced or separated = 18.7%. [ACS S0501 (2024); margin of error: +/-1.8]",S0501_C02_031E
78207,ACS S0501 (2024),2024,Population 15  years and over,Native-born population,MARITAL STATUS > Population 15  years and over > Widowed,4.7,count or percent,0.9,"In ZIP code 78207 (San Antonio, TX), 2024, among native-born population: MARITAL STATUS > Population 15  years and over > Widowed = 4.7%. [ACS S0501 (2024); margin of error: +/-0.9]",S0501_C02_032E
78207,ACS S0501 (2024),2024,Population 3 years and over enrolled in school,Native-born population,SCHOOL ENROLLMENT > Population 3 years and over enrolled in school,13197.0,count or percent,1532,"In ZIP code 78207 (San Antonio, TX), 2024, among native-born population: SCHOOL ENROLLMENT > Population 3 years and over enrolled in school = 13,197. [ACS S0501 (2024); margin of error: +/-1532]",S0501_C02_033E
78207,ACS S0501 (2024),2024,Population 3 years and over enrolled in school,Native-born population,"SCHOOL ENROLLMENT > Population 3 years and over enrolled in school > Nursery school, preschool",7.3,count or percent,2.1,"In ZIP code 78207 (San Antonio, TX), 2024, among native-born population: SCHOOL ENROLLMENT > Population 3 years and over enrolled in school > Nursery school, preschool = 7.3%. [ACS S0501 (2024); margin of error: +/-2.1]",S0501_C02_034E
78207,ACS S0501 (2024),2024,Population 3 years and over enrolled in school,Native-born population,SCHOOL ENROLLMENT > Population 3 years and over enrolled in school > Elementary school (grades K-8),60.9,count or percent,3.4,"In ZIP code 78207 (San Antonio, TX), 2024, among native-born population: SCHOOL ENROLLMENT > Population 3 years and over enrolled in school > Elementary school (grades K-8) = 60.9%. [ACS S0501 (2024); margin of error: +/-3.4]",S0501_C02_035E
78207,ACS S0501 (2024),2024,Population 3 years and over enrolled in school,Native-born population,SCHOOL ENROLLMENT > Population 3 years and over enrolled in school > High school (grades 9-12),18.6,count or percent,3.2,"In ZIP code 78207 (San Antonio, TX), 2024, among native-born population: SCHOOL ENROLLMENT > Population 3 years and over enrolled in school > High school (grades 9-12) = 18.6%. [ACS S0501 (2024); margin of error: +/-3.2]",S0501_C02_036E
78207,ACS S0501 (2024),2024,Population 3 years and over enrolled in school,Native-born population,SCHOOL ENROLLMENT > Population 3 years and over enrolled in school > College or graduate school,13.3,count or percent,2.7,"In ZIP code 78207 (San Antonio, TX), 2024, among native-born population: SCHOOL ENROLLMENT > Population 3 years and over enrolled in school > College or graduate school = 13.3%. [ACS S0501 (2024); margin of error: +/-2.7]",S0501_C02_037E
78207,ACS S0501 (2024),2024,Population 25 years and over,Native-born population,EDUCATIONAL ATTAINMENT > Population 25 years and over,25435.0,count or percent,1523,"In ZIP code 78207 (San Antonio, TX), 2024, among native-born population: EDUCATIONAL ATTAINMENT > Population 25 years and over = 25,435. [ACS S0501 (2024); margin of error: +/-1523]",S0501_C02_038E
78207,ACS S0501 (2024),2024,Population 25 years and over,Native-born population,EDUCATIONAL ATTAINMENT > Population 25 years and over > Less than high school graduate,27.6,count or percent,2.8,"In ZIP code 78207 (San Antonio, TX), 2024, among native-born population: EDUCATIONAL ATTAINMENT > Population 25 years and over > Less than high school graduate = 27.6%. [ACS S0501 (2024); margin of error: +/-2.8]",S0501_C02_039E
78207,ACS S0501 (2024),2024,Population 25 years and over,Native-born population,EDUCATIONAL ATTAINMENT > Population 25 years and over > High school graduate (includes equivalency),38.9,count or percent,2.9,"In ZIP code 78207 (San Antonio, TX), 2024, among native-born population: EDUCATIONAL ATTAINMENT > Population 25 years and over > High school graduate (includes equivalency) = 38.9%. [ACS S0501 (2024); margin of error: +/-2.9]",S0501_C02_040E
78207,ACS S0501 (2024),2024,Population 25 years and over,Native-born population,EDUCATIONAL ATTAINMENT > Population 25 years and over > Some college or associate's degree,27.0,count or percent,2.8,"In ZIP code 78207 (San Antonio, TX), 2024, among native-born population: EDUCATIONAL ATTAINMENT > Population 25 years and over > Some college or associate's degree = 27%. [ACS S0501 (2024); margin of error: +/-2.8]",S0501_C02_041E
78207,ACS S0501 (2024),2024,Population 25 years and over,Native-born population,EDUCATIONAL ATTAINMENT > Population 25 years and over > Bachelor's degree,4.2,count or percent,1.2,"In ZIP code 78207 (San Antonio, TX), 2024, among native-born population: EDUCATIONAL ATTAINMENT > Population 25 years and over > Bachelor's degree = 4.2%. [ACS S0501 (2024); margin of error: +/-1.2]",S0501_C02_042E
78207,ACS S0501 (2024),2024,Population 25 years and over,Native-born population,EDUCATIONAL ATTAINMENT > Population 25 years and over > Graduate or professional degree,2.3,count or percent,0.8,"In ZIP code 78207 (San Antonio, TX), 2024, among native-born population: EDUCATIONAL ATTAINMENT > Population 25 years and over > Graduate or professional degree = 2.3%. [ACS S0501 (2024); margin of error: +/-0.8]",S0501_C02_043E
78207,ACS S0501 (2024),2024,Population 5 years and over,Native-born population,LANGUAGE SPOKEN AT HOME AND ABILITY TO SPEAK ENGLISH > Population 5 years and over,40502.0,count or percent,2678,"In ZIP code 78207 (San Antonio, TX), 2024, among native-born population: LANGUAGE SPOKEN AT HOME AND ABILITY TO SPEAK ENGLISH > Population 5 years and over = 40,502. [ACS S0501 (2024); margin of error: +/-2678]",S0501_C02_044E
78207,ACS S0501 (2024),2024,Population 5 years and over,Native-born population,LANGUAGE SPOKEN AT HOME AND ABILITY TO SPEAK ENGLISH > Population 5 years and over > English only,49.3,count or percent,2.4,"In ZIP code 78207 (San Antonio, TX), 2024, among native-born population: LANGUAGE SPOKEN AT HOME AND ABILITY TO SPEAK ENGLISH > Population 5 years and over > English only = 49.3%. [ACS S0501 (2024); margin of error: +/-2.4]",S0501_C02_045E
78207,ACS S0501 (2024),2024,Population 5 years and over,Native-born population,LANGUAGE SPOKEN AT HOME AND ABILITY TO SPEAK ENGLISH > Population 5 years and over > Language other than English,50.7,count or percent,2.4,"In ZIP code 78207 (San Antonio, TX), 2024, among native-born population: LANGUAGE SPOKEN AT HOME AND ABILITY TO SPEAK ENGLISH > Population 5 years and over > Language other than English = 50.7%. [ACS S0501 (2024); margin of error: +/-2.4]",S0501_C02_046E
78207,ACS S0501 (2024),2024,Population 5 years and over,Native-born population,LANGUAGE SPOKEN AT HOME AND ABILITY TO SPEAK ENGLISH > Population 5 years and over > Language other than English > Speak English less than very well,9.9,count or percent,1.7,"In ZIP code 78207 (San Antonio, TX), 2024, among native-born population: LANGUAGE SPOKEN AT HOME AND ABILITY TO SPEAK ENGLISH > Population 5 years and over > Language other than English > Speak English less than very well = 9.9%. [ACS S0501 (2024); margin of error: +/-1.7]",S0501_C02_047E
78207,ACS S0501 (2024),2024,Population 16 years and over,Native-born population,EMPLOYMENT STATUS > Population 16 years and over,31285.0,count or percent,1930,"In ZIP code 78207 (San Antonio, TX), 2024, among native-born population: EMPLOYMENT STATUS > Population 16 years and over = 31,285. [ACS S0501 (2024); margin of error: +/-1930]",S0501_C02_048E
78207,ACS S0501 (2024),2024,Population 16 years and over,Native-born population,EMPLOYMENT STATUS > Population 16 years and over > In labor force,50.1,count or percent,2.6,"In ZIP code 78207 (San Antonio, TX), 2024, among native-born population: EMPLOYMENT STATUS > Population 16 years and over > In labor force = 50.1%. [ACS S0501 (2024); margin of error: +/-2.6]",S0501_C02_049E
78207,ACS S0501 (2024),2024,Population 16 years and over,Native-born population,EMPLOYMENT STATUS > Population 16 years and over > In labor force > Civilian labor force,49.9,count or percent,2.6,"In ZIP code 78207 (San Antonio, TX), 2024, among native-born population: EMPLOYMENT STATUS > Population 16 years and over > In labor force > Civilian labor force = 49.9%. [ACS S0501 (2024); margin of error: +/-2.6]",S0501_C02_050E
78207,ACS S0501 (2024),2024,Population 16 years and over,Native-born population,EMPLOYMENT STATUS > Population 16 years and over > In labor force > Civilian labor force > Employed,42.5,count or percent,2.8,"In ZIP code 78207 (San Antonio, TX), 2024, among native-born population: EMPLOYMENT STATUS > Population 16 years and over > In labor force > Civilian labor force > Employed = 42.5%. [ACS S0501 (2024); margin of error: +/-2.8]",S0501_C02_051E
78207,ACS S0501 (2024),2024,Population 16 years and over,Native-born population,EMPLOYMENT STATUS > Population 16 years and over > In labor force > Civilian labor force > Unemployed,7.5,count or percent,1.6,"In ZIP code 78207 (San Antonio, TX), 2024, among native-born population: EMPLOYMENT STATUS > Population 16 years and over > In labor force > Civilian labor force > Unemployed = 7.5%. [ACS S0501 (2024); margin of error: +/-1.6]",S0501_C02_052E
78207,ACS S0501 (2024),2024,Population 16 years and over,Native-born population,EMPLOYMENT STATUS > Population 16 years and over > In labor force > Civilian labor force > Unemployed > Percent of civilian labor force,14.9,count or percent,3.2,"In ZIP code 78207 (San Antonio, TX), 2024, among native-born population: EMPLOYMENT STATUS > Population 16 years and over > In labor force > Civilian labor force > Unemployed > Percent of civilian labor force = 14.9%. [ACS S0501 (2024); margin of error: +/-3.2]",S0501_C02_053E
78207,ACS S0501 (2024),2024,Population 16 years and over,Native-born population,EMPLOYMENT STATUS > Population 16 years and over > In labor force > Armed Forces,0.2,count or percent,0.1,"In ZIP code 78207 (San Antonio, TX), 2024, among native-born population: EMPLOYMENT STATUS > Population 16 years and over > In labor force > Armed Forces = 0.2%. [ACS S0501 (2024); margin of error: +/-0.1]",S0501_C02_054E
78207,ACS S0501 (2024),2024,Population 16 years and over,Native-born population,EMPLOYMENT STATUS > Population 16 years and over > Not in labor force,49.9,count or percent,2.6,"In ZIP code 78207 (San Antonio, TX), 2024, among native-born population: EMPLOYMENT STATUS > Population 16 years and over > Not in labor force = 49.9%. [ACS S0501 (2024); margin of error: +/-2.6]",S0501_C02_055E
78207,ACS S0501 (2024),2024,Civilian employed population 16 years and over,Native-born population,Civilian employed population 16 years and over,13290.0,count or percent,1316,"In ZIP code 78207 (San Antonio, TX), 2024, among native-born population: Civilian employed population 16 years and over = 13,290. [ACS S0501 (2024); margin of error: +/-1316]",S0501_C02_056E
78207,ACS S0501 (2024),2024,CLASS OF WORKER,Native-born population,Civilian employed population 16 years and over > CLASS OF WORKER > Private wage and salary workers,81.8,count or percent,3.5,"In ZIP code 78207 (San Antonio, TX), 2024, among native-born population: Civilian employed population 16 years and over > CLASS OF WORKER > Private wage and salary workers = 81.8%. [ACS S0501 (2024); margin of error: +/-3.5]",S0501_C02_057E
78207,ACS S0501 (2024),2024,CLASS OF WORKER,Native-born population,Civilian employed population 16 years and over > CLASS OF WORKER > Government workers,13.4,count or percent,3.0,"In ZIP code 78207 (San Antonio, TX), 2024, among native-born population: Civilian employed population 16 years and over > CLASS OF WORKER > Government workers = 13.4%. [ACS S0501 (2024); margin of error: +/-3]",S0501_C02_058E
78207,ACS S0501 (2024),2024,CLASS OF WORKER,Native-born population,Civilian employed population 16 years and over > CLASS OF WORKER > Self-employed workers in own not incorporated business,4.8,count or percent,1.8,"In ZIP code 78207 (San Antonio, TX), 2024, among native-born population: Civilian employed population 16 years and over > CLASS OF WORKER > Self-employed workers in own not incorporated business = 4.8%. [ACS S0501 (2024); margin of error: +/-1.8]",S0501_C02_059E
78207,ACS S0501 (2024),2024,CLASS OF WORKER,Native-born population,Civilian employed population 16 years and over > CLASS OF WORKER > Unpaid family workers,0.1,count or percent,0.1,"In ZIP code 78207 (San Antonio, TX), 2024, among native-born population: Civilian employed population 16 years and over > CLASS OF WORKER > Unpaid family workers = 0.1%. [ACS S0501 (2024); margin of error: +/-0.1]",S0501_C02_060E
78207,ACS S0501 (2024),2024,OCCUPATION,Native-born population,"Civilian employed population 16 years and over > OCCUPATION > Management, business, science, and arts occupations",18.9,count or percent,3.5,"In ZIP code 78207 (San Antonio, TX), 2024, among native-born population: Civilian employed population 16 years and over > OCCUPATION > Management, business, science, and arts occupations = 18.9%. [ACS S0501 (2024); margin of error: +/-3.5]",S0501_C02_061E
78207,ACS S0501 (2024),2024,OCCUPATION,Native-born population,Civilian employed population 16 years and over > OCCUPATION > Service occupations,29.3,count or percent,3.5,"In ZIP code 78207 (San Antonio, TX), 2024, among native-born population: Civilian employed population 16 years and over > OCCUPATION > Service occupations = 29.3%. [ACS S0501 (2024); margin of error: +/-3.5]",S0501_C02_062E
78207,ACS S0501 (2024),2024,OCCUPATION,Native-born population,Civilian employed population 16 years and over > OCCUPATION > Sales and office occupations,21.1,count or percent,3.0,"In ZIP code 78207 (San Antonio, TX), 2024, among native-born population: Civilian employed population 16 years and over > OCCUPATION > Sales and office occupations = 21.1%. [ACS S0501 (2024); margin of error: +/-3]",S0501_C02_063E
78207,ACS S0501 (2024),2024,OCCUPATION,Native-born population,"Civilian employed population 16 years and over > OCCUPATION > Natural resources, construction, and maintenance occupations",10.5,count or percent,2.3,"In ZIP code 78207 (San Antonio, TX), 2024, among native-born population: Civilian employed population 16 years and over > OCCUPATION > Natural resources, construction, and maintenance occupations = 10.5%. [ACS S0501 (2024); margin of error: +/-2.3]",S0501_C02_064E
78207,ACS S0501 (2024),2024,OCCUPATION,Native-born population,"Civilian employed population 16 years and over > OCCUPATION > Production, transportation, and material moving occupations",20.2,count or percent,3.5,"In ZIP code 78207 (San Antonio, TX), 2024, among native-born population: Civilian employed population 16 years and over > OCCUPATION > Production, transportation, and material moving occupations = 20.2%. [ACS S0501 (2024); margin of error: +/-3.5]",S0501_C02_065E
78207,ACS S0501 (2024),2024,INDUSTRY,Native-born population,"Civilian employed population 16 years and over > INDUSTRY > Agriculture, forestry, fishing and hunting, and mining",0.1,count or percent,0.2,"In ZIP code 78207 (San Antonio, TX), 2024, among native-born population: Civilian employed population 16 years and over > INDUSTRY > Agriculture, forestry, fishing and hunting, and mining = 0.1%. [ACS S0501 (2024); margin of error: +/-0.2]",S0501_C02_066E
78207,ACS S0501 (2024),2024,INDUSTRY,Native-born population,Civilian employed population 16 years and over > INDUSTRY > Construction,7.5,count or percent,2.0,"In ZIP code 78207 (San Antonio, TX), 2024, among native-born population: Civilian employed population 16 years and over > INDUSTRY > Construction = 7.5%. [ACS S0501 (2024); margin of error: +/-2]",S0501_C02_067E
78207,ACS S0501 (2024),2024,INDUSTRY,Native-born population,Civilian employed population 16 years and over > INDUSTRY > Manufacturing,6.5,count or percent,2.0,"In ZIP code 78207 (San Antonio, TX), 2024, among native-born population: Civilian employed population 16 years and over > INDUSTRY > Manufacturing = 6.5%. [ACS S0501 (2024); margin of error: +/-2]",S0501_C02_068E
78207,ACS S0501 (2024),2024,INDUSTRY,Native-born population,Civilian employed population 16 years and over > INDUSTRY > Wholesale trade,3.3,count or percent,1.3,"In ZIP code 78207 (San Antonio, TX), 2024, among native-born population: Civilian employed population 16 years and over > INDUSTRY > Wholesale trade = 3.3%. [ACS S0501 (2024); margin of error: +/-1.3]",S0501_C02_069E
78207,ACS S0501 (2024),2024,INDUSTRY,Native-born population,Civilian employed population 16 years and over > INDUSTRY > Retail trade,11.6,count or percent,3.0,"In ZIP code 78207 (San Antonio, TX), 2024, among native-born population: Civilian employed population 16 years and over > INDUSTRY > Retail trade = 11.6%. [ACS S0501 (2024); margin of error: +/-3]",S0501_C02_070E
78207,ACS S0501 (2024),2024,INDUSTRY,Native-born population,"Civilian employed population 16 years and over > INDUSTRY > Transportation and warehousing, and utilities",6.8,count or percent,1.7,"In ZIP code 78207 (San Antonio, TX), 2024, among native-born population: Civilian employed population 16 years and over > INDUSTRY > Transportation and warehousing, and utilities = 6.8%. [ACS S0501 (2024); margin of error: +/-1.7]",S0501_C02_071E
78207,ACS S0501 (2024),2024,INDUSTRY,Native-born population,Civilian employed population 16 years and over > INDUSTRY > Information,0.9,count or percent,0.7,"In ZIP code 78207 (San Antonio, TX), 2024, among native-born population: Civilian employed population 16 years and over > INDUSTRY > Information = 0.9%. [ACS S0501 (2024); margin of error: +/-0.7]",S0501_C02_072E
78207,ACS S0501 (2024),2024,INDUSTRY,Native-born population,"Civilian employed population 16 years and over > INDUSTRY > Finance and insurance, and real estate and rental and leasing",6.1,count or percent,1.7,"In ZIP code 78207 (San Antonio, TX), 2024, among native-born population: Civilian employed population 16 years and over > INDUSTRY > Finance and insurance, and real estate and rental and leasing = 6.1%. [ACS S0501 (2024); margin of error: +/-1.7]",S0501_C02_073E
78207,ACS S0501 (2024),2024,INDUSTRY,Native-born population,"Civilian employed population 16 years and over > INDUSTRY > Professional, scientific, and management, and administrative and waste management services",9.9,count or percent,2.1,"In ZIP code 78207 (San Antonio, TX), 2024, among native-born population: Civilian employed population 16 years and over > INDUSTRY > Professional, scientific, and management, and administrative and waste management services = 9.9%. [ACS S0501 (2024); margin of error: +/-2.1]",S0501_C02_074E
78207,ACS S0501 (2024),2024,INDUSTRY,Native-born population,"Civilian employed population 16 years and over > INDUSTRY > Educational services, and health care and social assistance",23.3,count or percent,3.0,"In ZIP code 78207 (San Antonio, TX), 2024, among native-born population: Civilian employed population 16 years and over > INDUSTRY > Educational services, and health care and social assistance = 23.3%. [ACS S0501 (2024); margin of error: +/-3]",S0501_C02_075E
78207,ACS S0501 (2024),2024,INDUSTRY,Native-born population,"Civilian employed population 16 years and over > INDUSTRY > Arts, entertainment, and recreation, and accommodation and food services",14.5,count or percent,2.7,"In ZIP code 78207 (San Antonio, TX), 2024, among native-born population: Civilian employed population 16 years and over > INDUSTRY > Arts, entertainment, and recreation, and accommodation and food services = 14.5%. [ACS S0501 (2024); margin of error: +/-2.7]",S0501_C02_076E
78207,ACS S0501 (2024),2024,INDUSTRY,Native-born population,Civilian employed population 16 years and over > INDUSTRY > Other services (except public administration),5.4,count or percent,1.7,"In ZIP code 78207 (San Antonio, TX), 2024, among native-born population: Civilian employed population 16 years and over > INDUSTRY > Other services (except public administration) = 5.4%. [ACS S0501 (2024); margin of error: +/-1.7]",S0501_C02_077E
78207,ACS S0501 (2024),2024,INDUSTRY,Native-born population,Civilian employed population 16 years and over > INDUSTRY > Public administration,4.1,count or percent,1.9,"In ZIP code 78207 (San Antonio, TX), 2024, among native-born population: Civilian employed population 16 years and over > INDUSTRY > Public administration = 4.1%. [ACS S0501 (2024); margin of error: +/-1.9]",S0501_C02_078E
78207,ACS S0501 (2024),2024,Population 16 years and over with earnings,Native-born population,"EARNINGS IN THE PAST 12 MONTHS (IN 2024 INFLATION-ADJUSTED DOLLARS) FOR FULL-TIME, YEAR-ROUND WORKERS > Population 16 years and over with earnings",8866.0,count or percent,976,"In ZIP code 78207 (San Antonio, TX), 2024, among native-born population: EARNINGS IN THE PAST 12 MONTHS (IN 2024 INFLATION-ADJUSTED DOLLARS) FOR FULL-TIME, YEAR-ROUND WORKERS > Population 16 years and over with earnings = $8,866. [ACS S0501 (2024); margin of error: +/-976]",S0501_C02_079E
78207,ACS S0501 (2024),2024,Population 16 years and over with earnings,Native-born population,"EARNINGS IN THE PAST 12 MONTHS (IN 2024 INFLATION-ADJUSTED DOLLARS) FOR FULL-TIME, YEAR-ROUND WORKERS > Population 16 years and over with earnings > $1 to $9,999 or loss",3.4,count or percent,1.5,"In ZIP code 78207 (San Antonio, TX), 2024, among native-born population: EARNINGS IN THE PAST 12 MONTHS (IN 2024 INFLATION-ADJUSTED DOLLARS) FOR FULL-TIME, YEAR-ROUND WORKERS > Population 16 years and over with earnings > $1 to $9,999 or loss = $3. [ACS S0501 (2024); margin of error: +/-1.5]",S0501_C02_080E
78207,ACS S0501 (2024),2024,Population 16 years and over with earnings,Native-born population,"EARNINGS IN THE PAST 12 MONTHS (IN 2024 INFLATION-ADJUSTED DOLLARS) FOR FULL-TIME, YEAR-ROUND WORKERS > Population 16 years and over with earnings > $10,000 to $14,999",3.3,count or percent,1.5,"In ZIP code 78207 (San Antonio, TX), 2024, among native-born population: EARNINGS IN THE PAST 12 MONTHS (IN 2024 INFLATION-ADJUSTED DOLLARS) FOR FULL-TIME, YEAR-ROUND WORKERS > Population 16 years and over with earnings > $10,000 to $14,999 = $3. [ACS S0501 (2024); margin of error: +/-1.5]",S0501_C02_081E
78207,ACS S0501 (2024),2024,Population 16 years and over with earnings,Native-born population,"EARNINGS IN THE PAST 12 MONTHS (IN 2024 INFLATION-ADJUSTED DOLLARS) FOR FULL-TIME, YEAR-ROUND WORKERS > Population 16 years and over with earnings > $15,000 to $24,999",13.3,count or percent,2.4,"In ZIP code 78207 (San Antonio, TX), 2024, among native-born population: EARNINGS IN THE PAST 12 MONTHS (IN 2024 INFLATION-ADJUSTED DOLLARS) FOR FULL-TIME, YEAR-ROUND WORKERS > Population 16 years and over with earnings > $15,000 to $24,999 = $13. [ACS S0501 (2024); margin of error: +/-2.4]",S0501_C02_082E
78207,ACS S0501 (2024),2024,Population 16 years and over with earnings,Native-born population,"EARNINGS IN THE PAST 12 MONTHS (IN 2024 INFLATION-ADJUSTED DOLLARS) FOR FULL-TIME, YEAR-ROUND WORKERS > Population 16 years and over with earnings > $25,000 to $34,999",28.6,count or percent,4.8,"In ZIP code 78207 (San Antonio, TX), 2024, among native-born population: EARNINGS IN THE PAST 12 MONTHS (IN 2024 INFLATION-ADJUSTED DOLLARS) FOR FULL-TIME, YEAR-ROUND WORKERS > Population 16 years and over with earnings > $25,000 to $34,999 = $29. [ACS S0501 (2024); margin of error: +/-4.8]",S0501_C02_083E
78207,ACS S0501 (2024),2024,Population 16 years and over with earnings,Native-born population,"EARNINGS IN THE PAST 12 MONTHS (IN 2024 INFLATION-ADJUSTED DOLLARS) FOR FULL-TIME, YEAR-ROUND WORKERS > Population 16 years and over with earnings > $35,000 to $49,999",26.0,count or percent,3.6,"In ZIP code 78207 (San Antonio, TX), 2024, among native-born population: EARNINGS IN THE PAST 12 MONTHS (IN 2024 INFLATION-ADJUSTED DOLLARS) FOR FULL-TIME, YEAR-ROUND WORKERS > Population 16 years and over with earnings > $35,000 to $49,999 = $26. [ACS S0501 (2024); margin of error: +/-3.6]",S0501_C02_084E
78207,ACS S0501 (2024),2024,Population 16 years and over with earnings,Native-born population,"EARNINGS IN THE PAST 12 MONTHS (IN 2024 INFLATION-ADJUSTED DOLLARS) FOR FULL-TIME, YEAR-ROUND WORKERS > Population 16 years and over with earnings > $50,000 to $74,999",15.9,count or percent,3.4,"In ZIP code 78207 (San Antonio, TX), 2024, among native-born population: EARNINGS IN THE PAST 12 MONTHS (IN 2024 INFLATION-ADJUSTED DOLLARS) FOR FULL-TIME, YEAR-ROUND WORKERS > Population 16 years and over with earnings > $50,000 to $74,999 = $16. [ACS S0501 (2024); margin of error: +/-3.4]",S0501_C02_085E
78207,ACS S0501 (2024),2024,Population 16 years and over with earnings,Native-born population,"EARNINGS IN THE PAST 12 MONTHS (IN 2024 INFLATION-ADJUSTED DOLLARS) FOR FULL-TIME, YEAR-ROUND WORKERS > Population 16 years and over with earnings > $75,000 or more",9.6,count or percent,2.7,"In ZIP code 78207 (San Antonio, TX), 2024, among native-born population: EARNINGS IN THE PAST 12 MONTHS (IN 2024 INFLATION-ADJUSTED DOLLARS) FOR FULL-TIME, YEAR-ROUND WORKERS > Population 16 years and over with earnings > $75,000 or more = $10. [ACS S0501 (2024); margin of error: +/-2.7]",S0501_C02_086E
78207,ACS S0501 (2024),2024,Population 16 years and over with earnings,Native-born population,"EARNINGS IN THE PAST 12 MONTHS (IN 2024 INFLATION-ADJUSTED DOLLARS) FOR FULL-TIME, YEAR-ROUND WORKERS > Population 16 years and over with earnings > Median earnings (dollars) for full-time, year-round workers > Male",36960.0,count or percent,2738,"In ZIP code 78207 (San Antonio, TX), 2024, among native-born population: EARNINGS IN THE PAST 12 MONTHS (IN 2024 INFLATION-ADJUSTED DOLLARS) FOR FULL-TIME, YEAR-ROUND WORKERS > Population 16 years and over with earnings > Median earnings (dollars) for full-time, year-round workers > Male = $36,960. [ACS S0501 (2024); margin of error: +/-2738]",S0501_C02_087E
78207,ACS S0501 (2024),2024,Population 16 years and over with earnings,Native-born population,"EARNINGS IN THE PAST 12 MONTHS (IN 2024 INFLATION-ADJUSTED DOLLARS) FOR FULL-TIME, YEAR-ROUND WORKERS > Population 16 years and over with earnings > Median earnings (dollars) for full-time, year-round workers > Female",33029.0,count or percent,2774,"In ZIP code 78207 (San Antonio, TX), 2024, among native-born population: EARNINGS IN THE PAST 12 MONTHS (IN 2024 INFLATION-ADJUSTED DOLLARS) FOR FULL-TIME, YEAR-ROUND WORKERS > Population 16 years and over with earnings > Median earnings (dollars) for full-time, year-round workers > Female = $33,029. [ACS S0501 (2024); margin of error: +/-2774]",S0501_C02_088E
78207,ACS S0501 (2024),2024,Households,Native-born population,INCOME IN THE PAST 12 MONTHS (IN 2024 INFLATION-ADJUSTED DOLLARS) > Households,11838.0,count or percent,611,"In ZIP code 78207 (San Antonio, TX), 2024, among native-born population: INCOME IN THE PAST 12 MONTHS (IN 2024 INFLATION-ADJUSTED DOLLARS) > Households = $11,838. [ACS S0501 (2024); margin of error: +/-611]",S0501_C02_089E
78207,ACS S0501 (2024),2024,Households,Native-born population,INCOME IN THE PAST 12 MONTHS (IN 2024 INFLATION-ADJUSTED DOLLARS) > Households > With earnings,72.9,count or percent,3.6,"In ZIP code 78207 (San Antonio, TX), 2024, among native-born population: INCOME IN THE PAST 12 MONTHS (IN 2024 INFLATION-ADJUSTED DOLLARS) > Households > With earnings = $73. [ACS S0501 (2024); margin of error: +/-3.6]",S0501_C02_090E
78207,ACS S0501 (2024),2024,Households,Native-born population,INCOME IN THE PAST 12 MONTHS (IN 2024 INFLATION-ADJUSTED DOLLARS) > Households > With earnings > Mean earnings (dollars),46510.0,count or percent,3293,"In ZIP code 78207 (San Antonio, TX), 2024, among native-born population: INCOME IN THE PAST 12 MONTHS (IN 2024 INFLATION-ADJUSTED DOLLARS) > Households > With earnings > Mean earnings (dollars) = $46,510. [ACS S0501 (2024); margin of error: +/-3293]",S0501_C02_091E
78207,ACS S0501 (2024),2024,Households,Native-born population,INCOME IN THE PAST 12 MONTHS (IN 2024 INFLATION-ADJUSTED DOLLARS) > Households > With Social Security income,29.5,count or percent,3.2,"In ZIP code 78207 (San Antonio, TX), 2024, among native-born population: INCOME IN THE PAST 12 MONTHS (IN 2024 INFLATION-ADJUSTED DOLLARS) > Households > With Social Security income = $30. [ACS S0501 (2024); margin of error: +/-3.2]",S0501_C02_092E
78207,ACS S0501 (2024),2024,Households,Native-born population,INCOME IN THE PAST 12 MONTHS (IN 2024 INFLATION-ADJUSTED DOLLARS) > Households > With Social Security income > Mean Social Security income (dollars),15779.0,count or percent,1105,"In ZIP code 78207 (San Antonio, TX), 2024, among native-born population: INCOME IN THE PAST 12 MONTHS (IN 2024 INFLATION-ADJUSTED DOLLARS) > Households > With Social Security income > Mean Social Security income (dollars) = $15,779. [ACS S0501 (2024); margin of error: +/-1105]",S0501_C02_093E
78207,ACS S0501 (2024),2024,Households,Native-born population,INCOME IN THE PAST 12 MONTHS (IN 2024 INFLATION-ADJUSTED DOLLARS) > Households > With Supplemental Security Income,13.2,count or percent,2.7,"In ZIP code 78207 (San Antonio, TX), 2024, among native-born population: INCOME IN THE PAST 12 MONTHS (IN 2024 INFLATION-ADJUSTED DOLLARS) > Households > With Supplemental Security Income = $13. [ACS S0501 (2024); margin of error: +/-2.7]",S0501_C02_094E
78207,ACS S0501 (2024),2024,Households,Native-born population,INCOME IN THE PAST 12 MONTHS (IN 2024 INFLATION-ADJUSTED DOLLARS) > Households > With Supplemental Security Income > Mean Supplemental Security Income (dollars),10655.0,count or percent,1417,"In ZIP code 78207 (San Antonio, TX), 2024, among native-born population: INCOME IN THE PAST 12 MONTHS (IN 2024 INFLATION-ADJUSTED DOLLARS) > Households > With Supplemental Security Income > Mean Supplemental Security Income (dollars) = $10,655. [ACS S0501 (2024); margin of error: +/-1417]",S0501_C02_095E
78207,ACS S0501 (2024),2024,Households,Native-born population,INCOME IN THE PAST 12 MONTHS (IN 2024 INFLATION-ADJUSTED DOLLARS) > Households > With cash public assistance income,2.5,count or percent,0.7,"In ZIP code 78207 (San Antonio, TX), 2024, among native-born population: INCOME IN THE PAST 12 MONTHS (IN 2024 INFLATION-ADJUSTED DOLLARS) > Households > With cash public assistance income = $2. [ACS S0501 (2024); margin of error: +/-0.7]",S0501_C02_096E
78207,ACS S0501 (2024),2024,Households,Native-born population,INCOME IN THE PAST 12 MONTHS (IN 2024 INFLATION-ADJUSTED DOLLARS) > Households > With cash public assistance income > Mean cash public assistance income (dollars),2050.0,count or percent,829,"In ZIP code 78207 (San Antonio, TX), 2024, among native-born population: INCOME IN THE PAST 12 MONTHS (IN 2024 INFLATION-ADJUSTED DOLLARS) > Households > With cash public assistance income > Mean cash public assistance income (dollars) = $2,050. [ACS S0501 (2024); margin of error: +/-829]",S0501_C02_097E
78207,ACS S0501 (2024),2024,Households,Native-born population,INCOME IN THE PAST 12 MONTHS (IN 2024 INFLATION-ADJUSTED DOLLARS) > Households > With retirement income,13.2,count or percent,2.1,"In ZIP code 78207 (San Antonio, TX), 2024, among native-born population: INCOME IN THE PAST 12 MONTHS (IN 2024 INFLATION-ADJUSTED DOLLARS) > Households > With retirement income = $13. [ACS S0501 (2024); margin of error: +/-2.1]",S0501_C02_098E
78207,ACS S0501 (2024),2024,Households,Native-born population,INCOME IN THE PAST 12 MONTHS (IN 2024 INFLATION-ADJUSTED DOLLARS) > Households > With retirement income > Mean retirement income (dollars),19580.0,count or percent,4713,"In ZIP code 78207 (San Antonio, TX), 2024, among native-born population: INCOME IN THE PAST 12 MONTHS (IN 2024 INFLATION-ADJUSTED DOLLARS) > Households > With retirement income > Mean retirement income (dollars) = $19,580. [ACS S0501 (2024); margin of error: +/-4713]",S0501_C02_099E
78207,ACS S0501 (2024),2024,Households,Native-born population,INCOME IN THE PAST 12 MONTHS (IN 2024 INFLATION-ADJUSTED DOLLARS) > Households > With Food Stamp/SNAP benefits,45.5,count or percent,3.4,"In ZIP code 78207 (San Antonio, TX), 2024, among native-born population: INCOME IN THE PAST 12 MONTHS (IN 2024 INFLATION-ADJUSTED DOLLARS) > Households > With Food Stamp/SNAP benefits = $46. [ACS S0501 (2024); margin of error: +/-3.4]",S0501_C02_100E
78207,ACS S0501 (2024),2024,Households,Native-born population,INCOME IN THE PAST 12 MONTHS (IN 2024 INFLATION-ADJUSTED DOLLARS) > Households > Median Household income (dollars),33162.0,count or percent,2021,"In ZIP code 78207 (San Antonio, TX), 2024, among native-born population: INCOME IN THE PAST 12 MONTHS (IN 2024 INFLATION-ADJUSTED DOLLARS) > Households > Median Household income (dollars) = $33,162. [ACS S0501 (2024); margin of error: +/-2021]",S0501_C02_101E
78207,ACS S0501 (2024),2024,Households,Native-born population,INCOME IN THE PAST 12 MONTHS (IN 2024 INFLATION-ADJUSTED DOLLARS) > Households > Average number of workers per household,0.96,count or percent,0.08,"In ZIP code 78207 (San Antonio, TX), 2024, among native-born population: INCOME IN THE PAST 12 MONTHS (IN 2024 INFLATION-ADJUSTED DOLLARS) > Households > Average number of workers per household = $1. [ACS S0501 (2024); margin of error: +/-0.08]",S0501_C02_102E
78207,ACS S0501 (2024),2024,Population for whom poverty status is determined,Native-born population,POVERTY STATUS IN THE PAST 12 MONTHS > Population for whom poverty status is determined,39767.0,count or percent,2810,"In ZIP code 78207 (San Antonio, TX), 2024, among native-born population: POVERTY STATUS IN THE PAST 12 MONTHS > Population for whom poverty status is determined = 39,767. [ACS S0501 (2024); margin of error: +/-2810]",S0501_C02_103E
78207,ACS S0501 (2024),2024,Population for whom poverty status is determined,Native-born population,POVERTY STATUS IN THE PAST 12 MONTHS > Population for whom poverty status is determined > Below 100 percent of the poverty level,43.0,count or percent,3.5,"In ZIP code 78207 (San Antonio, TX), 2024, among native-born population: POVERTY STATUS IN THE PAST 12 MONTHS > Population for whom poverty status is determined > Below 100 percent of the poverty level = 43%. [ACS S0501 (2024); margin of error: +/-3.5]",S0501_C02_104E
78207,ACS S0501 (2024),2024,Population for whom poverty status is determined,Native-born population,POVERTY STATUS IN THE PAST 12 MONTHS > Population for whom poverty status is determined > 100 to 199 percent of the poverty level,26.5,count or percent,3.3,"In ZIP code 78207 (San Antonio, TX), 2024, among native-born population: POVERTY STATUS IN THE PAST 12 MONTHS > Population for whom poverty status is determined > 100 to 199 percent of the poverty level = 26.5%. [ACS S0501 (2024); margin of error: +/-3.3]",S0501_C02_105E
78207,ACS S0501 (2024),2024,Population for whom poverty status is determined,Native-born population,POVERTY STATUS IN THE PAST 12 MONTHS > Population for whom poverty status is determined > At or above 200 percent of the poverty level,30.5,count or percent,3.1,"In ZIP code 78207 (San Antonio, TX), 2024, among native-born population: POVERTY STATUS IN THE PAST 12 MONTHS > Population for whom poverty status is determined > At or above 200 percent of the poverty level = 30.5%. [ACS S0501 (2024); margin of error: +/-3.1]",S0501_C02_106E
78207,ACS S0501 (2024),2024,POVERTY RATES FOR FAMILIES FOR WHOM POVERTY STATUS IS DETERMINED,Native-born population,POVERTY STATUS IN THE PAST 12 MONTHS > POVERTY RATES FOR FAMILIES FOR WHOM POVERTY STATUS IS DETERMINED > All families,38.0,count or percent,3.8,"In ZIP code 78207 (San Antonio, TX), 2024, among native-born population: POVERTY STATUS IN THE PAST 12 MONTHS > POVERTY RATES FOR FAMILIES FOR WHOM POVERTY STATUS IS DETERMINED > All families = 38%. [ACS S0501 (2024); margin of error: +/-3.8]",S0501_C02_107E
78207,ACS S0501 (2024),2024,POVERTY RATES FOR FAMILIES FOR WHOM POVERTY STATUS IS DETERMINED,Native-born population,POVERTY STATUS IN THE PAST 12 MONTHS > POVERTY RATES FOR FAMILIES FOR WHOM POVERTY STATUS IS DETERMINED > All families > With related children of the householder under 18 years,50.9,count or percent,6.9,"In ZIP code 78207 (San Antonio, TX), 2024, among native-born population: POVERTY STATUS IN THE PAST 12 MONTHS > POVERTY RATES FOR FAMILIES FOR WHOM POVERTY STATUS IS DETERMINED > All families > With related children of the householder under 18 years = 50.9%. [ACS S0501 (2024); margin of error: +/-6.9]",S0501_C02_108E
78207,ACS S0501 (2024),2024,POVERTY RATES FOR FAMILIES FOR WHOM POVERTY STATUS IS DETERMINED,Native-born population,POVERTY STATUS IN THE PAST 12 MONTHS > POVERTY RATES FOR FAMILIES FOR WHOM POVERTY STATUS IS DETERMINED > All families > With related children of the householder under 5 years only,39.8,count or percent,16.7,"In ZIP code 78207 (San Antonio, TX), 2024, among native-born population: POVERTY STATUS IN THE PAST 12 MONTHS > POVERTY RATES FOR FAMILIES FOR WHOM POVERTY STATUS IS DETERMINED > All families > With related children of the householder under 5 years only = 39.8%. [ACS S0501 (2024); margin of error: +/-16.7]",S0501_C02_109E
78207,ACS S0501 (2024),2024,POVERTY RATES FOR FAMILIES FOR WHOM POVERTY STATUS IS DETERMINED,Native-born population,POVERTY STATUS IN THE PAST 12 MONTHS > POVERTY RATES FOR FAMILIES FOR WHOM POVERTY STATUS IS DETERMINED > Married-couple family,19.7,count or percent,5.5,"In ZIP code 78207 (San Antonio, TX), 2024, among native-born population: POVERTY STATUS IN THE PAST 12 MONTHS > POVERTY RATES FOR FAMILIES FOR WHOM POVERTY STATUS IS DETERMINED > Married-couple family = 19.7%. [ACS S0501 (2024); margin of error: +/-5.5]",S0501_C02_110E
78207,ACS S0501 (2024),2024,POVERTY RATES FOR FAMILIES FOR WHOM POVERTY STATUS IS DETERMINED,Native-born population,POVERTY STATUS IN THE PAST 12 MONTHS > POVERTY RATES FOR FAMILIES FOR WHOM POVERTY STATUS IS DETERMINED > Married-couple family > With related children of the householder under 18 years,26.4,count or percent,9.6,"In ZIP code 78207 (San Antonio, TX), 2024, among native-born population: POVERTY STATUS IN THE PAST 12 MONTHS > POVERTY RATES FOR FAMILIES FOR WHOM POVERTY STATUS IS DETERMINED > Married-couple family > With related children of the householder under 18 years = 26.4%. [ACS S0501 (2024); margin of error: +/-9.6]",S0501_C02_111E
78207,ACS S0501 (2024),2024,POVERTY RATES FOR FAMILIES FOR WHOM POVERTY STATUS IS DETERMINED,Native-born population,POVERTY STATUS IN THE PAST 12 MONTHS > POVERTY RATES FOR FAMILIES FOR WHOM POVERTY STATUS IS DETERMINED > Married-couple family > With related children of the householder under 5 years only,51.5,count or percent,41.3,"In ZIP code 78207 (San Antonio, TX), 2024, among native-born population: POVERTY STATUS IN THE PAST 12 MONTHS > POVERTY RATES FOR FAMILIES FOR WHOM POVERTY STATUS IS DETERMINED > Married-couple family > With related children of the householder under 5 years only = 51.5%. [ACS S0501 (2024); margin of error: +/-41.3]",S0501_C02_112E
78207,ACS S0501 (2024),2024,POVERTY RATES FOR FAMILIES FOR WHOM POVERTY STATUS IS DETERMINED,Native-born population,"POVERTY STATUS IN THE PAST 12 MONTHS > POVERTY RATES FOR FAMILIES FOR WHOM POVERTY STATUS IS DETERMINED > Female householder, no spouse present, family",56.2,count or percent,6.3,"In ZIP code 78207 (San Antonio, TX), 2024, among native-born population: POVERTY STATUS IN THE PAST 12 MONTHS > POVERTY RATES FOR FAMILIES FOR WHOM POVERTY STATUS IS DETERMINED > Female householder, no spouse present, family = 56.2%. [ACS S0501 (2024); margin of error: +/-6.3]",S0501_C02_113E
78207,ACS S0501 (2024),2024,POVERTY RATES FOR FAMILIES FOR WHOM POVERTY STATUS IS DETERMINED,Native-born population,"POVERTY STATUS IN THE PAST 12 MONTHS > POVERTY RATES FOR FAMILIES FOR WHOM POVERTY STATUS IS DETERMINED > Female householder, no spouse present, family > With related children of the householder under 18 years",67.8,count or percent,8.4,"In ZIP code 78207 (San Antonio, TX), 2024, among native-born population: POVERTY STATUS IN THE PAST 12 MONTHS > POVERTY RATES FOR FAMILIES FOR WHOM POVERTY STATUS IS DETERMINED > Female householder, no spouse present, family > With related children of the householder under 18 years = 67.8%. [ACS S0501 (2024); margin of error: +/-8.4]",S0501_C02_114E
78207,ACS S0501 (2024),2024,POVERTY RATES FOR FAMILIES FOR WHOM POVERTY STATUS IS DETERMINED,Native-born population,"POVERTY STATUS IN THE PAST 12 MONTHS > POVERTY RATES FOR FAMILIES FOR WHOM POVERTY STATUS IS DETERMINED > Female householder, no spouse present, family > With related children of the householder under 5 years only",42.5,count or percent,20.7,"In ZIP code 78207 (San Antonio, TX), 2024, among native-born population: POVERTY STATUS IN THE PAST 12 MONTHS > POVERTY RATES FOR FAMILIES FOR WHOM POVERTY STATUS IS DETERMINED > Female householder, no spouse present, family > With related children of the householder under 5 years only = 42.5%. [ACS S0501 (2024); margin of error: +/-20.7]",S0501_C02_115E
78207,ACS S0501 (2024),2024,Occupied housing units,Native-born population,Occupied housing units,11838.0,count or percent,611,"In ZIP code 78207 (San Antonio, TX), 2024, among native-born population: Occupied housing units = 11,838. [ACS S0501 (2024); margin of error: +/-611]",S0501_C02_116E
78207,ACS S0501 (2024),2024,HOUSING TENURE,Native-born population,Occupied housing units > HOUSING TENURE > Owner-occupied housing units,38.2,count or percent,2.8,"In ZIP code 78207 (San Antonio, TX), 2024, among native-born population: Occupied housing units > HOUSING TENURE > Owner-occupied housing units = 38.2%. [ACS S0501 (2024); margin of error: +/-2.8]",S0501_C02_117E
78207,ACS S0501 (2024),2024,HOUSING TENURE,Native-born population,Occupied housing units > HOUSING TENURE > Renter-occupied housing units,61.8,count or percent,2.8,"In ZIP code 78207 (San Antonio, TX), 2024, among native-born population: Occupied housing units > HOUSING TENURE > Renter-occupied housing units = 61.8%. [ACS S0501 (2024); margin of error: +/-2.8]",S0501_C02_118E
78207,ACS S0501 (2024),2024,HOUSING TENURE,Native-born population,Occupied housing units > HOUSING TENURE > Average household size of owner-occupied unit,3.26,count or percent,0.29,"In ZIP code 78207 (San Antonio, TX), 2024, among native-born population: Occupied housing units > HOUSING TENURE > Average household size of owner-occupied unit = 3.26%. [ACS S0501 (2024); margin of error: +/-0.29]",S0501_C02_119E
78207,ACS S0501 (2024),2024,HOUSING TENURE,Native-born population,Occupied housing units > HOUSING TENURE > Average household size of renter-occupied unit,2.58,count or percent,0.19,"In ZIP code 78207 (San Antonio, TX), 2024, among native-born population: Occupied housing units > HOUSING TENURE > Average household size of renter-occupied unit = 2.58%. [ACS S0501 (2024); margin of error: +/-0.19]",S0501_C02_120E
78207,ACS S0501 (2024),2024,ROOMS,Native-born population,Occupied housing units > ROOMS > 1 room,4.7,count or percent,1.7,"In ZIP code 78207 (San Antonio, TX), 2024, among native-born population: Occupied housing units > ROOMS > 1 room = 4.7%. [ACS S0501 (2024); margin of error: +/-1.7]",S0501_C02_121E
78207,ACS S0501 (2024),2024,ROOMS,Native-born population,Occupied housing units > ROOMS > 2 or 3 rooms,19.7,count or percent,3.2,"In ZIP code 78207 (San Antonio, TX), 2024, among native-born population: Occupied housing units > ROOMS > 2 or 3 rooms = 19.7%. [ACS S0501 (2024); margin of error: +/-3.2]",S0501_C02_122E
78207,ACS S0501 (2024),2024,ROOMS,Native-born population,Occupied housing units > ROOMS > 4 or 5 rooms,49.0,count or percent,3.5,"In ZIP code 78207 (San Antonio, TX), 2024, among native-born population: Occupied housing units > ROOMS > 4 or 5 rooms = 49%. [ACS S0501 (2024); margin of error: +/-3.5]",S0501_C02_123E
78207,ACS S0501 (2024),2024,ROOMS,Native-born population,Occupied housing units > ROOMS > 6 or 7 rooms,21.7,count or percent,2.5,"In ZIP code 78207 (San Antonio, TX), 2024, among native-born population: Occupied housing units > ROOMS > 6 or 7 rooms = 21.7%. [ACS S0501 (2024); margin of error: +/-2.5]",S0501_C02_124E
78207,ACS S0501 (2024),2024,ROOMS,Native-born population,Occupied housing units > ROOMS > 8 or more rooms,4.9,count or percent,1.5,"In ZIP code 78207 (San Antonio, TX), 2024, among native-born population: Occupied housing units > ROOMS > 8 or more rooms = 4.9%. [ACS S0501 (2024); margin of error: +/-1.5]",S0501_C02_125E
78207,ACS S0501 (2024),2024,Median number of rooms,Native-born population,Occupied housing units > Median number of rooms,4.5,count or percent,0.2,"In ZIP code 78207 (San Antonio, TX), 2024, among native-born population: Occupied housing units > Median number of rooms = $4. [ACS S0501 (2024); margin of error: +/-0.2]",S0501_C02_126E
78207,ACS S0501 (2024),2024,1.01 or more occupants per room,Native-born population,Occupied housing units > 1.01 or more occupants per room,9.9,count or percent,2.2,"In ZIP code 78207 (San Antonio, TX), 2024, among native-born population: Occupied housing units > 1.01 or more occupants per room = 9.9%. [ACS S0501 (2024); margin of error: +/-2.2]",S0501_C02_127E
78207,ACS S0501 (2024),2024,VEHICLES AVAILABLE,Native-born population,Occupied housing units > VEHICLES AVAILABLE > None,19.7,count or percent,3.1,"In ZIP code 78207 (San Antonio, TX), 2024, among native-born population: Occupied housing units > VEHICLES AVAILABLE > None = 19.7%. [ACS S0501 (2024); margin of error: +/-3.1]",S0501_C02_128E
78207,ACS S0501 (2024),2024,VEHICLES AVAILABLE,Native-born population,Occupied housing units > VEHICLES AVAILABLE > 1 or more,80.3,count or percent,3.1,"In ZIP code 78207 (San Antonio, TX), 2024, among native-born population: Occupied housing units > VEHICLES AVAILABLE > 1 or more = 80.3%. [ACS S0501 (2024); margin of error: +/-3.1]",S0501_C02_129E
78207,ACS S0501 (2024),2024,SELECTED CHARACTERISTICS,Native-born population,Occupied housing units > SELECTED CHARACTERISTICS > No telephone service available,1.7,count or percent,1.0,"In ZIP code 78207 (San Antonio, TX), 2024, among native-born population: Occupied housing units > SELECTED CHARACTERISTICS > No telephone service available = 1.7%. [ACS S0501 (2024); margin of error: +/-1]",S0501_C02_130E
78207,ACS S0501 (2024),2024,SELECTED CHARACTERISTICS,Native-born population,Occupied housing units > SELECTED CHARACTERISTICS > Limited English Speaking Households,6.5,count or percent,1.5,"In ZIP code 78207 (San Antonio, TX), 2024, among native-born population: Occupied housing units > SELECTED CHARACTERISTICS > Limited English Speaking Households = 6.5%. [ACS S0501 (2024); margin of error: +/-1.5]",S0501_C02_131E
78207,ACS S0501 (2024),2024,Owner-occupied housing units,Native-born population,Owner-occupied housing units,4526.0,count or percent,367,"In ZIP code 78207 (San Antonio, TX), 2024, among native-born population: Owner-occupied housing units = 4,526. [ACS S0501 (2024); margin of error: +/-367]",S0501_C02_132E
78207,ACS S0501 (2024),2024,SELECTED MONTHLY OWNER COSTS AS A PERCENTAGE OF HOUSEHOLD INCOME IN THE PAST 12 MONTHS,Native-born population,Owner-occupied housing units > SELECTED MONTHLY OWNER COSTS AS A PERCENTAGE OF HOUSEHOLD INCOME IN THE PAST 12 MONTHS > Less than 30 percent,74.9,count or percent,4.5,"In ZIP code 78207 (San Antonio, TX), 2024, among native-born population: Owner-occupied housing units > SELECTED MONTHLY OWNER COSTS AS A PERCENTAGE OF HOUSEHOLD INCOME IN THE PAST 12 MONTHS > Less than 30 percent = $75. [ACS S0501 (2024); margin of error: +/-4.5]",S0501_C02_133E
78207,ACS S0501 (2024),2024,SELECTED MONTHLY OWNER COSTS AS A PERCENTAGE OF HOUSEHOLD INCOME IN THE PAST 12 MONTHS,Native-born population,Owner-occupied housing units > SELECTED MONTHLY OWNER COSTS AS A PERCENTAGE OF HOUSEHOLD INCOME IN THE PAST 12 MONTHS > 30 percent or more,25.1,count or percent,4.5,"In ZIP code 78207 (San Antonio, TX), 2024, among native-born population: Owner-occupied housing units > SELECTED MONTHLY OWNER COSTS AS A PERCENTAGE OF HOUSEHOLD INCOME IN THE PAST 12 MONTHS > 30 percent or more = $25. [ACS S0501 (2024); margin of error: +/-4.5]",S0501_C02_134E
78207,ACS S0501 (2024),2024,Renter-occupied housing units,Native-born population,Renter-occupied housing units,7312.0,count or percent,554,"In ZIP code 78207 (San Antonio, TX), 2024, among native-born population: Renter-occupied housing units = 7,312. [ACS S0501 (2024); margin of error: +/-554]",S0501_C02_135E
78207,ACS S0501 (2024),2024,GROSS RENT AS A PERCENTAGE OF HOUSEHOLD INCOME IN THE PAST 12 MONTHS,Native-born population,Renter-occupied housing units > GROSS RENT AS A PERCENTAGE OF HOUSEHOLD INCOME IN THE PAST 12 MONTHS > Less than 30 percent,48.9,count or percent,5.0,"In ZIP code 78207 (San Antonio, TX), 2024, among native-born population: Renter-occupied housing units > GROSS RENT AS A PERCENTAGE OF HOUSEHOLD INCOME IN THE PAST 12 MONTHS > Less than 30 percent = $49. [ACS S0501 (2024); margin of error: +/-5]",S0501_C02_136E
78207,ACS S0501 (2024),2024,GROSS RENT AS A PERCENTAGE OF HOUSEHOLD INCOME IN THE PAST 12 MONTHS,Native-born population,Renter-occupied housing units > GROSS RENT AS A PERCENTAGE OF HOUSEHOLD INCOME IN THE PAST 12 MONTHS > 30 percent or more,51.1,count or percent,5.0,"In ZIP code 78207 (San Antonio, TX), 2024, among native-born population: Renter-occupied housing units > GROSS RENT AS A PERCENTAGE OF HOUSEHOLD INCOME IN THE PAST 12 MONTHS > 30 percent or more = $51. [ACS S0501 (2024); margin of error: +/-5]",S0501_C02_137E
78207,ACS S0501 (2024),2024,Total population,Foreign-born population,Total population,10628.0,count or percent,1200,"In ZIP code 78207 (San Antonio, TX), 2024, among foreign-born population: Total population = 10,628. [ACS S0501 (2024); margin of error: +/-1200]",S0501_C03_001E
78207,ACS S0501 (2024),2024,SEX AND AGE,Foreign-born population,SEX AND AGE > Male,55.4,count or percent,4.4,"In ZIP code 78207 (San Antonio, TX), 2024, among foreign-born population: SEX AND AGE > Male = 55.4%. [ACS S0501 (2024); margin of error: +/-4.4]",S0501_C03_002E
78207,ACS S0501 (2024),2024,SEX AND AGE,Foreign-born population,SEX AND AGE > Female,44.6,count or percent,4.4,"In ZIP code 78207 (San Antonio, TX), 2024, among foreign-born population: SEX AND AGE > Female = 44.6%. [ACS S0501 (2024); margin of error: +/-4.4]",S0501_C03_003E
78207,ACS S0501 (2024),2024,SEX AND AGE,Foreign-born population,SEX AND AGE > Under 5 years,0.7,count or percent,0.6,"In ZIP code 78207 (San Antonio, TX), 2024, among foreign-born population: SEX AND AGE > Under 5 years = 0.7%. [ACS S0501 (2024); margin of error: +/-0.6]",S0501_C03_004E
78207,ACS S0501 (2024),2024,SEX AND AGE,Foreign-born population,SEX AND AGE > 5 to 17 years,6.4,count or percent,2.1,"In ZIP code 78207 (San Antonio, TX), 2024, among foreign-born population: SEX AND AGE > 5 to 17 years = 6.4%. [ACS S0501 (2024); margin of error: +/-2.1]",S0501_C03_005E
78207,ACS S0501 (2024),2024,SEX AND AGE,Foreign-born population,SEX AND AGE > 18 to 24 years,6.9,count or percent,2.0,"In ZIP code 78207 (San Antonio, TX), 2024, among foreign-born population: SEX AND AGE > 18 to 24 years = 6.9%. [ACS S0501 (2024); margin of error: +/-2]",S0501_C03_006E
78207,ACS S0501 (2024),2024,SEX AND AGE,Foreign-born population,SEX AND AGE > 25 to 44 years,30.8,count or percent,4.7,"In ZIP code 78207 (San Antonio, TX), 2024, among foreign-born population: SEX AND AGE > 25 to 44 years = 30.8%. [ACS S0501 (2024); margin of error: +/-4.7]",S0501_C03_007E
78207,ACS S0501 (2024),2024,SEX AND AGE,Foreign-born population,SEX AND AGE > 45 to 54 years,15.1,count or percent,4.0,"In ZIP code 78207 (San Antonio, TX), 2024, among foreign-born population: SEX AND AGE > 45 to 54 years = 15.1%. [ACS S0501 (2024); margin of error: +/-4]",S0501_C03_008E
78207,ACS S0501 (2024),2024,SEX AND AGE,Foreign-born population,SEX AND AGE > 55 to 64 years,17.5,count or percent,3.6,"In ZIP code 78207 (San Antonio, TX), 2024, among foreign-born population: SEX AND AGE > 55 to 64 years = 17.5%. [ACS S0501 (2024); margin of error: +/-3.6]",S0501_C03_009E
78207,ACS S0501 (2024),2024,SEX AND AGE,Foreign-born population,SEX AND AGE > 65 to 74 years,12.8,count or percent,3.5,"In ZIP code 78207 (San Antonio, TX), 2024, among foreign-born population: SEX AND AGE > 65 to 74 years = 12.8%. [ACS S0501 (2024); margin of error: +/-3.5]",S0501_C03_010E
78207,ACS S0501 (2024),2024,SEX AND AGE,Foreign-born population,SEX AND AGE > 75 to 84 years,5.8,count or percent,1.7,"In ZIP code 78207 (San Antonio, TX), 2024, among foreign-born population: SEX AND AGE > 75 to 84 years = 5.8%. [ACS S0501 (2024); margin of error: +/-1.7]",S0501_C03_011E
78207,ACS S0501 (2024),2024,SEX AND AGE,Foreign-born population,SEX AND AGE > 85 years and over,4.0,count or percent,3.2,"In ZIP code 78207 (San Antonio, TX), 2024, among foreign-born population: SEX AND AGE > 85 years and over = 4%. [ACS S0501 (2024); margin of error: +/-3.2]",S0501_C03_012E
78207,ACS S0501 (2024),2024,SEX AND AGE,Foreign-born population,SEX AND AGE > Median age (years),49.1,count or percent,3.6,"In ZIP code 78207 (San Antonio, TX), 2024, among foreign-born population: SEX AND AGE > Median age (years) = $49. [ACS S0501 (2024); margin of error: +/-3.6]",S0501_C03_013E
78207,ACS S0501 (2024),2024,RACE AND HISPANIC OR LATINO ORIGIN,Foreign-born population,RACE AND HISPANIC OR LATINO ORIGIN > One race,35.6,count or percent,5.9,"In ZIP code 78207 (San Antonio, TX), 2024, among foreign-born population: RACE AND HISPANIC OR LATINO ORIGIN > One race = 35.6%. [ACS S0501 (2024); margin of error: +/-5.9]",S0501_C03_014E
78207,ACS S0501 (2024),2024,RACE AND HISPANIC OR LATINO ORIGIN,Foreign-born population,RACE AND HISPANIC OR LATINO ORIGIN > One race > White,10.3,count or percent,3.7,"In ZIP code 78207 (San Antonio, TX), 2024, among foreign-born population: RACE AND HISPANIC OR LATINO ORIGIN > One race > White = 10.3%. [ACS S0501 (2024); margin of error: +/-3.7]",S0501_C03_015E
78207,ACS S0501 (2024),2024,RACE AND HISPANIC OR LATINO ORIGIN,Foreign-born population,RACE AND HISPANIC OR LATINO ORIGIN > One race > Black or African American,2.5,count or percent,2.7,"In ZIP code 78207 (San Antonio, TX), 2024, among foreign-born population: RACE AND HISPANIC OR LATINO ORIGIN > One race > Black or African American = 2.5%. [ACS S0501 (2024); margin of error: +/-2.7]",S0501_C03_016E
78207,ACS S0501 (2024),2024,RACE AND HISPANIC OR LATINO ORIGIN,Foreign-born population,RACE AND HISPANIC OR LATINO ORIGIN > One race > American Indian and Alaska Native,7.0,count or percent,3.8,"In ZIP code 78207 (San Antonio, TX), 2024, among foreign-born population: RACE AND HISPANIC OR LATINO ORIGIN > One race > American Indian and Alaska Native = 7%. [ACS S0501 (2024); margin of error: +/-3.8]",S0501_C03_017E
78207,ACS S0501 (2024),2024,RACE AND HISPANIC OR LATINO ORIGIN,Foreign-born population,RACE AND HISPANIC OR LATINO ORIGIN > One race > Asian,3.0,count or percent,1.8,"In ZIP code 78207 (San Antonio, TX), 2024, among foreign-born population: RACE AND HISPANIC OR LATINO ORIGIN > One race > Asian = 3%. [ACS S0501 (2024); margin of error: +/-1.8]",S0501_C03_018E
78207,ACS S0501 (2024),2024,RACE AND HISPANIC OR LATINO ORIGIN,Foreign-born population,RACE AND HISPANIC OR LATINO ORIGIN > One race > Native Hawaiian and Other Pacific Islander,0.0,count or percent,0.5,"In ZIP code 78207 (San Antonio, TX), 2024, among foreign-born population: RACE AND HISPANIC OR LATINO ORIGIN > One race > Native Hawaiian and Other Pacific Islander = 0%. [ACS S0501 (2024); margin of error: +/-0.5]",S0501_C03_019E
78207,ACS S0501 (2024),2024,RACE AND HISPANIC OR LATINO ORIGIN,Foreign-born population,RACE AND HISPANIC OR LATINO ORIGIN > One race > Some other race,12.8,count or percent,3.8,"In ZIP code 78207 (San Antonio, TX), 2024, among foreign-born population: RACE AND HISPANIC OR LATINO ORIGIN > One race > Some other race = 12.8%. [ACS S0501 (2024); margin of error: +/-3.8]",S0501_C03_020E
78207,ACS S0501 (2024),2024,RACE AND HISPANIC OR LATINO ORIGIN,Foreign-born population,RACE AND HISPANIC OR LATINO ORIGIN > Two or more races,64.4,count or percent,5.9,"In ZIP code 78207 (San Antonio, TX), 2024, among foreign-born population: RACE AND HISPANIC OR LATINO ORIGIN > Two or more races = 64.4%. [ACS S0501 (2024); margin of error: +/-5.9]",S0501_C03_021E
78207,ACS S0501 (2024),2024,RACE AND HISPANIC OR LATINO ORIGIN,Foreign-born population,RACE AND HISPANIC OR LATINO ORIGIN > Hispanic or Latino origin (of any race),93.1,count or percent,2.9,"In ZIP code 78207 (San Antonio, TX), 2024, among foreign-born population: RACE AND HISPANIC OR LATINO ORIGIN > Hispanic or Latino origin (of any race) = 93.1%. [ACS S0501 (2024); margin of error: +/-2.9]",S0501_C03_022E
78207,ACS S0501 (2024),2024,RACE AND HISPANIC OR LATINO ORIGIN,Foreign-born population,"RACE AND HISPANIC OR LATINO ORIGIN > White alone, not Hispanic or Latino",2.7,count or percent,3.0,"In ZIP code 78207 (San Antonio, TX), 2024, among foreign-born population: RACE AND HISPANIC OR LATINO ORIGIN > White alone, not Hispanic or Latino = 2.7%. [ACS S0501 (2024); margin of error: +/-3]",S0501_C03_023E
78207,ACS S0501 (2024),2024,HOUSEHOLD TYPE,Foreign-born population,HOUSEHOLD TYPE > In married-couple family,45.2,count or percent,6.9,"In ZIP code 78207 (San Antonio, TX), 2024, among foreign-born population: HOUSEHOLD TYPE > In married-couple family = 45.2%. [ACS S0501 (2024); margin of error: +/-6.9]",S0501_C03_024E
78207,ACS S0501 (2024),2024,HOUSEHOLD TYPE,Foreign-born population,HOUSEHOLD TYPE > In other households,50.0,count or percent,6.9,"In ZIP code 78207 (San Antonio, TX), 2024, among foreign-born population: HOUSEHOLD TYPE > In other households = 50%. [ACS S0501 (2024); margin of error: +/-6.9]",S0501_C03_025E
78207,ACS S0501 (2024),2024,Average  household size,Foreign-born population,Average  household size,3.19,count or percent,0.34,"In ZIP code 78207 (San Antonio, TX), 2024, among foreign-born population: Average  household size = 3.19%. [ACS S0501 (2024); margin of error: +/-0.34]",S0501_C03_026E
78207,ACS S0501 (2024),2024,Average family size,Foreign-born population,Average family size,4.04,count or percent,0.35,"In ZIP code 78207 (San Antonio, TX), 2024, among foreign-born population: Average family size = 4.04%. [ACS S0501 (2024); margin of error: +/-0.35]",S0501_C03_027E
78207,ACS S0501 (2024),2024,Population 15  years and over,Foreign-born population,MARITAL STATUS > Population 15  years and over,10070.0,count or percent,1078,"In ZIP code 78207 (San Antonio, TX), 2024, among foreign-born population: MARITAL STATUS > Population 15  years and over = 10,070. [ACS S0501 (2024); margin of error: +/-1078]",S0501_C03_028E
78207,ACS S0501 (2024),2024,Population 15  years and over,Foreign-born population,MARITAL STATUS > Population 15  years and over > Never married,27.7,count or percent,5.2,"In ZIP code 78207 (San Antonio, TX), 2024, among foreign-born population: MARITAL STATUS > Population 15  years and over > Never married = 27.7%. [ACS S0501 (2024); margin of error: +/-5.2]",S0501_C03_029E
78207,ACS S0501 (2024),2024,Population 15  years and over,Foreign-born population,"MARITAL STATUS > Population 15  years and over > Now married, except separated",42.9,count or percent,5.6,"In ZIP code 78207 (San Antonio, TX), 2024, among foreign-born population: MARITAL STATUS > Population 15  years and over > Now married, except separated = 42.9%. [ACS S0501 (2024); margin of error: +/-5.6]",S0501_C03_030E
78207,ACS S0501 (2024),2024,Population 15  years and over,Foreign-born population,MARITAL STATUS > Population 15  years and over > Divorced or separated,20.1,count or percent,4.2,"In ZIP code 78207 (San Antonio, TX), 2024, among foreign-born population: MARITAL STATUS > Population 15  years and over > Divorced or separated = 20.1%. [ACS S0501 (2024); margin of error: +/-4.2]",S0501_C03_031E
78207,ACS S0501 (2024),2024,Population 15  years and over,Foreign-born population,MARITAL STATUS > Population 15  years and over > Widowed,9.3,count or percent,3.7,"In ZIP code 78207 (San Antonio, TX), 2024, among foreign-born population: MARITAL STATUS > Population 15  years and over > Widowed = 9.3%. [ACS S0501 (2024); margin of error: +/-3.7]",S0501_C03_032E
78207,ACS S0501 (2024),2024,Population 3 years and over enrolled in school,Foreign-born population,SCHOOL ENROLLMENT > Population 3 years and over enrolled in school,1089.0,count or percent,347,"In ZIP code 78207 (San Antonio, TX), 2024, among foreign-born population: SCHOOL ENROLLMENT > Population 3 years and over enrolled in school = 1,089. [ACS S0501 (2024); margin of error: +/-347]",S0501_C03_033E
78207,ACS S0501 (2024),2024,Population 3 years and over enrolled in school,Foreign-born population,"SCHOOL ENROLLMENT > Population 3 years and over enrolled in school > Nursery school, preschool",4.4,count or percent,4.7,"In ZIP code 78207 (San Antonio, TX), 2024, among foreign-born population: SCHOOL ENROLLMENT > Population 3 years and over enrolled in school > Nursery school, preschool = 4.4%. [ACS S0501 (2024); margin of error: +/-4.7]",S0501_C03_034E
78207,ACS S0501 (2024),2024,Population 3 years and over enrolled in school,Foreign-born population,SCHOOL ENROLLMENT > Population 3 years and over enrolled in school > Elementary school (grades K-8),43.2,count or percent,13.6,"In ZIP code 78207 (San Antonio, TX), 2024, among foreign-born population: SCHOOL ENROLLMENT > Population 3 years and over enrolled in school > Elementary school (grades K-8) = 43.2%. [ACS S0501 (2024); margin of error: +/-13.6]",S0501_C03_035E
78207,ACS S0501 (2024),2024,Population 3 years and over enrolled in school,Foreign-born population,SCHOOL ENROLLMENT > Population 3 years and over enrolled in school > High school (grades 9-12),28.6,count or percent,11.5,"In ZIP code 78207 (San Antonio, TX), 2024, among foreign-born population: SCHOOL ENROLLMENT > Population 3 years and over enrolled in school > High school (grades 9-12) = 28.6%. [ACS S0501 (2024); margin of error: +/-11.5]",S0501_C03_036E
78207,ACS S0501 (2024),2024,Population 3 years and over enrolled in school,Foreign-born population,SCHOOL ENROLLMENT > Population 3 years and over enrolled in school > College or graduate school,23.9,count or percent,11.0,"In ZIP code 78207 (San Antonio, TX), 2024, among foreign-born population: SCHOOL ENROLLMENT > Population 3 years and over enrolled in school > College or graduate school = 23.9%. [ACS S0501 (2024); margin of error: +/-11]",S0501_C03_037E
78207,ACS S0501 (2024),2024,Population 25 years and over,Foreign-born population,EDUCATIONAL ATTAINMENT > Population 25 years and over,9148.0,count or percent,931,"In ZIP code 78207 (San Antonio, TX), 2024, among foreign-born population: EDUCATIONAL ATTAINMENT > Population 25 years and over = 9,148. [ACS S0501 (2024); margin of error: +/-931]",S0501_C03_038E
78207,ACS S0501 (2024),2024,Population 25 years and over,Foreign-born population,EDUCATIONAL ATTAINMENT > Population 25 years and over > Less than high school graduate,61.1,count or percent,4.9,"In ZIP code 78207 (San Antonio, TX), 2024, among foreign-born population: EDUCATIONAL ATTAINMENT > Population 25 years and over > Less than high school graduate = 61.1%. [ACS S0501 (2024); margin of error: +/-4.9]",S0501_C03_039E
78207,ACS S0501 (2024),2024,Population 25 years and over,Foreign-born population,EDUCATIONAL ATTAINMENT > Population 25 years and over > High school graduate (includes equivalency),21.3,count or percent,3.6,"In ZIP code 78207 (San Antonio, TX), 2024, among foreign-born population: EDUCATIONAL ATTAINMENT > Population 25 years and over > High school graduate (includes equivalency) = 21.3%. [ACS S0501 (2024); margin of error: +/-3.6]",S0501_C03_040E
78207,ACS S0501 (2024),2024,Population 25 years and over,Foreign-born population,EDUCATIONAL ATTAINMENT > Population 25 years and over > Some college or associate's degree,12.1,count or percent,2.9,"In ZIP code 78207 (San Antonio, TX), 2024, among foreign-born population: EDUCATIONAL ATTAINMENT > Population 25 years and over > Some college or associate's degree = 12.1%. [ACS S0501 (2024); margin of error: +/-2.9]",S0501_C03_041E
78207,ACS S0501 (2024),2024,Population 25 years and over,Foreign-born population,EDUCATIONAL ATTAINMENT > Population 25 years and over > Bachelor's degree,4.7,count or percent,3.4,"In ZIP code 78207 (San Antonio, TX), 2024, among foreign-born population: EDUCATIONAL ATTAINMENT > Population 25 years and over > Bachelor's degree = 4.7%. [ACS S0501 (2024); margin of error: +/-3.4]",S0501_C03_042E
78207,ACS S0501 (2024),2024,Population 25 years and over,Foreign-born population,EDUCATIONAL ATTAINMENT > Population 25 years and over > Graduate or professional degree,0.8,count or percent,1.1,"In ZIP code 78207 (San Antonio, TX), 2024, among foreign-born population: EDUCATIONAL ATTAINMENT > Population 25 years and over > Graduate or professional degree = 0.8%. [ACS S0501 (2024); margin of error: +/-1.1]",S0501_C03_043E
78207,ACS S0501 (2024),2024,Population 5 years and over,Foreign-born population,LANGUAGE SPOKEN AT HOME AND ABILITY TO SPEAK ENGLISH > Population 5 years and over,10558.0,count or percent,1193,"In ZIP code 78207 (San Antonio, TX), 2024, among foreign-born population: LANGUAGE SPOKEN AT HOME AND ABILITY TO SPEAK ENGLISH > Population 5 years and over = 10,558. [ACS S0501 (2024); margin of error: +/-1193]",S0501_C03_044E
78207,ACS S0501 (2024),2024,Population 5 years and over,Foreign-born population,LANGUAGE SPOKEN AT HOME AND ABILITY TO SPEAK ENGLISH > Population 5 years and over > English only,3.2,count or percent,1.8,"In ZIP code 78207 (San Antonio, TX), 2024, among foreign-born population: LANGUAGE SPOKEN AT HOME AND ABILITY TO SPEAK ENGLISH > Population 5 years and over > English only = 3.2%. [ACS S0501 (2024); margin of error: +/-1.8]",S0501_C03_045E
78207,ACS S0501 (2024),2024,Population 5 years and over,Foreign-born population,LANGUAGE SPOKEN AT HOME AND ABILITY TO SPEAK ENGLISH > Population 5 years and over > Language other than English,96.8,count or percent,1.8,"In ZIP code 78207 (San Antonio, TX), 2024, among foreign-born population: LANGUAGE SPOKEN AT HOME AND ABILITY TO SPEAK ENGLISH > Population 5 years and over > Language other than English = 96.8%. [ACS S0501 (2024); margin of error: +/-1.8]",S0501_C03_046E
78207,ACS S0501 (2024),2024,Population 5 years and over,Foreign-born population,LANGUAGE SPOKEN AT HOME AND ABILITY TO SPEAK ENGLISH > Population 5 years and over > Language other than English > Speak English less than very well,77.8,count or percent,4.9,"In ZIP code 78207 (San Antonio, TX), 2024, among foreign-born population: LANGUAGE SPOKEN AT HOME AND ABILITY TO SPEAK ENGLISH > Population 5 years and over > Language other than English > Speak English less than very well = 77.8%. [ACS S0501 (2024); margin of error: +/-4.9]",S0501_C03_047E
78207,ACS S0501 (2024),2024,Population 16 years and over,Foreign-born population,EMPLOYMENT STATUS > Population 16 years and over,9971.0,count or percent,1045,"In ZIP code 78207 (San Antonio, TX), 2024, among foreign-born population: EMPLOYMENT STATUS > Population 16 years and over = 9,971. [ACS S0501 (2024); margin of error: +/-1045]",S0501_C03_048E
78207,ACS S0501 (2024),2024,Population 16 years and over,Foreign-born population,EMPLOYMENT STATUS > Population 16 years and over > In labor force,56.0,count or percent,5.6,"In ZIP code 78207 (San Antonio, TX), 2024, among foreign-born population: EMPLOYMENT STATUS > Population 16 years and over > In labor force = 56%. [ACS S0501 (2024); margin of error: +/-5.6]",S0501_C03_049E
78207,ACS S0501 (2024),2024,Population 16 years and over,Foreign-born population,EMPLOYMENT STATUS > Population 16 years and over > In labor force > Civilian labor force,56.0,count or percent,5.6,"In ZIP code 78207 (San Antonio, TX), 2024, among foreign-born population: EMPLOYMENT STATUS > Population 16 years and over > In labor force > Civilian labor force = 56%. [ACS S0501 (2024); margin of error: +/-5.6]",S0501_C03_050E
78207,ACS S0501 (2024),2024,Population 16 years and over,Foreign-born population,EMPLOYMENT STATUS > Population 16 years and over > In labor force > Civilian labor force > Employed,50.7,count or percent,5.5,"In ZIP code 78207 (San Antonio, TX), 2024, among foreign-born population: EMPLOYMENT STATUS > Population 16 years and over > In labor force > Civilian labor force > Employed = 50.7%. [ACS S0501 (2024); margin of error: +/-5.5]",S0501_C03_051E
78207,ACS S0501 (2024),2024,Population 16 years and over,Foreign-born population,EMPLOYMENT STATUS > Population 16 years and over > In labor force > Civilian labor force > Unemployed,5.3,count or percent,1.8,"In ZIP code 78207 (San Antonio, TX), 2024, among foreign-born population: EMPLOYMENT STATUS > Population 16 years and over > In labor force > Civilian labor force > Unemployed = 5.3%. [ACS S0501 (2024); margin of error: +/-1.8]",S0501_C03_052E
78207,ACS S0501 (2024),2024,Population 16 years and over,Foreign-born population,EMPLOYMENT STATUS > Population 16 years and over > In labor force > Civilian labor force > Unemployed > Percent of civilian labor force,9.5,count or percent,3.2,"In ZIP code 78207 (San Antonio, TX), 2024, among foreign-born population: EMPLOYMENT STATUS > Population 16 years and over > In labor force > Civilian labor force > Unemployed > Percent of civilian labor force = 9.5%. [ACS S0501 (2024); margin of error: +/-3.2]",S0501_C03_053E
78207,ACS S0501 (2024),2024,Population 16 years and over,Foreign-born population,EMPLOYMENT STATUS > Population 16 years and over > In labor force > Armed Forces,0.0,count or percent,0.5,"In ZIP code 78207 (San Antonio, TX), 2024, among foreign-born population: EMPLOYMENT STATUS > Population 16 years and over > In labor force > Armed Forces = 0%. [ACS S0501 (2024); margin of error: +/-0.5]",S0501_C03_054E
78207,ACS S0501 (2024),2024,Population 16 years and over,Foreign-born population,EMPLOYMENT STATUS > Population 16 years and over > Not in labor force,44.0,count or percent,5.6,"In ZIP code 78207 (San Antonio, TX), 2024, among foreign-born population: EMPLOYMENT STATUS > Population 16 years and over > Not in labor force = 44%. [ACS S0501 (2024); margin of error: +/-5.6]",S0501_C03_055E
78207,ACS S0501 (2024),2024,Civilian employed population 16 years and over,Foreign-born population,Civilian employed population 16 years and over,5051.0,count or percent,768,"In ZIP code 78207 (San Antonio, TX), 2024, among foreign-born population: Civilian employed population 16 years and over = 5,051. [ACS S0501 (2024); margin of error: +/-768]",S0501_C03_056E
78207,ACS S0501 (2024),2024,CLASS OF WORKER,Foreign-born population,Civilian employed population 16 years and over > CLASS OF WORKER > Private wage and salary workers,83.9,count or percent,5.1,"In ZIP code 78207 (San Antonio, TX), 2024, among foreign-born population: Civilian employed population 16 years and over > CLASS OF WORKER > Private wage and salary workers = 83.9%. [ACS S0501 (2024); margin of error: +/-5.1]",S0501_C03_057E
78207,ACS S0501 (2024),2024,CLASS OF WORKER,Foreign-born population,Civilian employed population 16 years and over > CLASS OF WORKER > Government workers,2.1,count or percent,1.3,"In ZIP code 78207 (San Antonio, TX), 2024, among foreign-born population: Civilian employed population 16 years and over > CLASS OF WORKER > Government workers = 2.1%. [ACS S0501 (2024); margin of error: +/-1.3]",S0501_C03_058E
78207,ACS S0501 (2024),2024,CLASS OF WORKER,Foreign-born population,Civilian employed population 16 years and over > CLASS OF WORKER > Self-employed workers in own not incorporated business,13.8,count or percent,4.8,"In ZIP code 78207 (San Antonio, TX), 2024, among foreign-born population: Civilian employed population 16 years and over > CLASS OF WORKER > Self-employed workers in own not incorporated business = 13.8%. [ACS S0501 (2024); margin of error: +/-4.8]",S0501_C03_059E
78207,ACS S0501 (2024),2024,CLASS OF WORKER,Foreign-born population,Civilian employed population 16 years and over > CLASS OF WORKER > Unpaid family workers,0.2,count or percent,0.3,"In ZIP code 78207 (San Antonio, TX), 2024, among foreign-born population: Civilian employed population 16 years and over > CLASS OF WORKER > Unpaid family workers = 0.2%. [ACS S0501 (2024); margin of error: +/-0.3]",S0501_C03_060E
78207,ACS S0501 (2024),2024,OCCUPATION,Foreign-born population,"Civilian employed population 16 years and over > OCCUPATION > Management, business, science, and arts occupations",5.2,count or percent,3.4,"In ZIP code 78207 (San Antonio, TX), 2024, among foreign-born population: Civilian employed population 16 years and over > OCCUPATION > Management, business, science, and arts occupations = 5.2%. [ACS S0501 (2024); margin of error: +/-3.4]",S0501_C03_061E
78207,ACS S0501 (2024),2024,OCCUPATION,Foreign-born population,Civilian employed population 16 years and over > OCCUPATION > Service occupations,35.2,count or percent,7.2,"In ZIP code 78207 (San Antonio, TX), 2024, among foreign-born population: Civilian employed population 16 years and over > OCCUPATION > Service occupations = 35.2%. [ACS S0501 (2024); margin of error: +/-7.2]",S0501_C03_062E
78207,ACS S0501 (2024),2024,OCCUPATION,Foreign-born population,Civilian employed population 16 years and over > OCCUPATION > Sales and office occupations,6.8,count or percent,2.6,"In ZIP code 78207 (San Antonio, TX), 2024, among foreign-born population: Civilian employed population 16 years and over > OCCUPATION > Sales and office occupations = 6.8%. [ACS S0501 (2024); margin of error: +/-2.6]",S0501_C03_063E
78207,ACS S0501 (2024),2024,OCCUPATION,Foreign-born population,"Civilian employed population 16 years and over > OCCUPATION > Natural resources, construction, and maintenance occupations",40.2,count or percent,6.8,"In ZIP code 78207 (San Antonio, TX), 2024, among foreign-born population: Civilian employed population 16 years and over > OCCUPATION > Natural resources, construction, and maintenance occupations = 40.2%. [ACS S0501 (2024); margin of error: +/-6.8]",S0501_C03_064E
78207,ACS S0501 (2024),2024,OCCUPATION,Foreign-born population,"Civilian employed population 16 years and over > OCCUPATION > Production, transportation, and material moving occupations",12.6,count or percent,4.4,"In ZIP code 78207 (San Antonio, TX), 2024, among foreign-born population: Civilian employed population 16 years and over > OCCUPATION > Production, transportation, and material moving occupations = 12.6%. [ACS S0501 (2024); margin of error: +/-4.4]",S0501_C03_065E
78207,ACS S0501 (2024),2024,INDUSTRY,Foreign-born population,"Civilian employed population 16 years and over > INDUSTRY > Agriculture, forestry, fishing and hunting, and mining",0.1,count or percent,0.2,"In ZIP code 78207 (San Antonio, TX), 2024, among foreign-born population: Civilian employed population 16 years and over > INDUSTRY > Agriculture, forestry, fishing and hunting, and mining = 0.1%. [ACS S0501 (2024); margin of error: +/-0.2]",S0501_C03_066E
78207,ACS S0501 (2024),2024,INDUSTRY,Foreign-born population,Civilian employed population 16 years and over > INDUSTRY > Construction,38.4,count or percent,7.1,"In ZIP code 78207 (San Antonio, TX), 2024, among foreign-born population: Civilian employed population 16 years and over > INDUSTRY > Construction = 38.4%. [ACS S0501 (2024); margin of error: +/-7.1]",S0501_C03_067E
78207,ACS S0501 (2024),2024,INDUSTRY,Foreign-born population,Civilian employed population 16 years and over > INDUSTRY > Manufacturing,5.9,count or percent,2.6,"In ZIP code 78207 (San Antonio, TX), 2024, among foreign-born population: Civilian employed population 16 years and over > INDUSTRY > Manufacturing = 5.9%. [ACS S0501 (2024); margin of error: +/-2.6]",S0501_C03_068E
78207,ACS S0501 (2024),2024,INDUSTRY,Foreign-born population,Civilian employed population 16 years and over > INDUSTRY > Wholesale trade,1.1,count or percent,1.3,"In ZIP code 78207 (San Antonio, TX), 2024, among foreign-born population: Civilian employed population 16 years and over > INDUSTRY > Wholesale trade = 1.1%. [ACS S0501 (2024); margin of error: +/-1.3]",S0501_C03_069E
78207,ACS S0501 (2024),2024,INDUSTRY,Foreign-born population,Civilian employed population 16 years and over > INDUSTRY > Retail trade,5.6,count or percent,2.7,"In ZIP code 78207 (San Antonio, TX), 2024, among foreign-born population: Civilian employed population 16 years and over > INDUSTRY > Retail trade = 5.6%. [ACS S0501 (2024); margin of error: +/-2.7]",S0501_C03_070E
78207,ACS S0501 (2024),2024,INDUSTRY,Foreign-born population,"Civilian employed population 16 years and over > INDUSTRY > Transportation and warehousing, and utilities",2.0,count or percent,1.5,"In ZIP code 78207 (San Antonio, TX), 2024, among foreign-born population: Civilian employed population 16 years and over > INDUSTRY > Transportation and warehousing, and utilities = 2%. [ACS S0501 (2024); margin of error: +/-1.5]",S0501_C03_071E
78207,ACS S0501 (2024),2024,INDUSTRY,Foreign-born population,Civilian employed population 16 years and over > INDUSTRY > Information,0.8,count or percent,0.9,"In ZIP code 78207 (San Antonio, TX), 2024, among foreign-born population: Civilian employed population 16 years and over > INDUSTRY > Information = 0.8%. [ACS S0501 (2024); margin of error: +/-0.9]",S0501_C03_072E
78207,ACS S0501 (2024),2024,INDUSTRY,Foreign-born population,"Civilian employed population 16 years and over > INDUSTRY > Finance and insurance, and real estate and rental and leasing",2.4,count or percent,1.5,"In ZIP code 78207 (San Antonio, TX), 2024, among foreign-born population: Civilian employed population 16 years and over > INDUSTRY > Finance and insurance, and real estate and rental and leasing = 2.4%. [ACS S0501 (2024); margin of error: +/-1.5]",S0501_C03_073E
78207,ACS S0501 (2024),2024,INDUSTRY,Foreign-born population,"Civilian employed population 16 years and over > INDUSTRY > Professional, scientific, and management, and administrative and waste management services",10.4,count or percent,4.3,"In ZIP code 78207 (San Antonio, TX), 2024, among foreign-born population: Civilian employed population 16 years and over > INDUSTRY > Professional, scientific, and management, and administrative and waste management services = 10.4%. [ACS S0501 (2024); margin of error: +/-4.3]",S0501_C03_074E
78207,ACS S0501 (2024),2024,INDUSTRY,Foreign-born population,"Civilian employed population 16 years and over > INDUSTRY > Educational services, and health care and social assistance",5.1,count or percent,2.2,"In ZIP code 78207 (San Antonio, TX), 2024, among foreign-born population: Civilian employed population 16 years and over > INDUSTRY > Educational services, and health care and social assistance = 5.1%. [ACS S0501 (2024); margin of error: +/-2.2]",S0501_C03_075E
78207,ACS S0501 (2024),2024,INDUSTRY,Foreign-born population,"Civilian employed population 16 years and over > INDUSTRY > Arts, entertainment, and recreation, and accommodation and food services",22.2,count or percent,10.0,"In ZIP code 78207 (San Antonio, TX), 2024, among foreign-born population: Civilian employed population 16 years and over > INDUSTRY > Arts, entertainment, and recreation, and accommodation and food services = 22.2%. [ACS S0501 (2024); margin of error: +/-10]",S0501_C03_076E
78207,ACS S0501 (2024),2024,INDUSTRY,Foreign-born population,Civilian employed population 16 years and over > INDUSTRY > Other services (except public administration),5.5,count or percent,3.1,"In ZIP code 78207 (San Antonio, TX), 2024, among foreign-born population: Civilian employed population 16 years and over > INDUSTRY > Other services (except public administration) = 5.5%. [ACS S0501 (2024); margin of error: +/-3.1]",S0501_C03_077E
78207,ACS S0501 (2024),2024,INDUSTRY,Foreign-born population,Civilian employed population 16 years and over > INDUSTRY > Public administration,0.5,count or percent,0.6,"In ZIP code 78207 (San Antonio, TX), 2024, among foreign-born population: Civilian employed population 16 years and over > INDUSTRY > Public administration = 0.5%. [ACS S0501 (2024); margin of error: +/-0.6]",S0501_C03_078E
78207,ACS S0501 (2024),2024,Population 16 years and over with earnings,Foreign-born population,"EARNINGS IN THE PAST 12 MONTHS (IN 2024 INFLATION-ADJUSTED DOLLARS) FOR FULL-TIME, YEAR-ROUND WORKERS > Population 16 years and over with earnings",2613.0,count or percent,443,"In ZIP code 78207 (San Antonio, TX), 2024, among foreign-born population: EARNINGS IN THE PAST 12 MONTHS (IN 2024 INFLATION-ADJUSTED DOLLARS) FOR FULL-TIME, YEAR-ROUND WORKERS > Population 16 years and over with earnings = $2,613. [ACS S0501 (2024); margin of error: +/-443]",S0501_C03_079E
78207,ACS S0501 (2024),2024,Population 16 years and over with earnings,Foreign-born population,"EARNINGS IN THE PAST 12 MONTHS (IN 2024 INFLATION-ADJUSTED DOLLARS) FOR FULL-TIME, YEAR-ROUND WORKERS > Population 16 years and over with earnings > $1 to $9,999 or loss",1.3,count or percent,1.4,"In ZIP code 78207 (San Antonio, TX), 2024, among foreign-born population: EARNINGS IN THE PAST 12 MONTHS (IN 2024 INFLATION-ADJUSTED DOLLARS) FOR FULL-TIME, YEAR-ROUND WORKERS > Population 16 years and over with earnings > $1 to $9,999 or loss = $1. [ACS S0501 (2024); margin of error: +/-1.4]",S0501_C03_080E
78207,ACS S0501 (2024),2024,Population 16 years and over with earnings,Foreign-born population,"EARNINGS IN THE PAST 12 MONTHS (IN 2024 INFLATION-ADJUSTED DOLLARS) FOR FULL-TIME, YEAR-ROUND WORKERS > Population 16 years and over with earnings > $10,000 to $14,999",3.0,count or percent,2.3,"In ZIP code 78207 (San Antonio, TX), 2024, among foreign-born population: EARNINGS IN THE PAST 12 MONTHS (IN 2024 INFLATION-ADJUSTED DOLLARS) FOR FULL-TIME, YEAR-ROUND WORKERS > Population 16 years and over with earnings > $10,000 to $14,999 = $3. [ACS S0501 (2024); margin of error: +/-2.3]",S0501_C03_081E
78207,ACS S0501 (2024),2024,Population 16 years and over with earnings,Foreign-born population,"EARNINGS IN THE PAST 12 MONTHS (IN 2024 INFLATION-ADJUSTED DOLLARS) FOR FULL-TIME, YEAR-ROUND WORKERS > Population 16 years and over with earnings > $15,000 to $24,999",20.2,count or percent,7.4,"In ZIP code 78207 (San Antonio, TX), 2024, among foreign-born population: EARNINGS IN THE PAST 12 MONTHS (IN 2024 INFLATION-ADJUSTED DOLLARS) FOR FULL-TIME, YEAR-ROUND WORKERS > Population 16 years and over with earnings > $15,000 to $24,999 = $20. [ACS S0501 (2024); margin of error: +/-7.4]",S0501_C03_082E
78207,ACS S0501 (2024),2024,Population 16 years and over with earnings,Foreign-born population,"EARNINGS IN THE PAST 12 MONTHS (IN 2024 INFLATION-ADJUSTED DOLLARS) FOR FULL-TIME, YEAR-ROUND WORKERS > Population 16 years and over with earnings > $25,000 to $34,999",24.2,count or percent,5.9,"In ZIP code 78207 (San Antonio, TX), 2024, among foreign-born population: EARNINGS IN THE PAST 12 MONTHS (IN 2024 INFLATION-ADJUSTED DOLLARS) FOR FULL-TIME, YEAR-ROUND WORKERS > Population 16 years and over with earnings > $25,000 to $34,999 = $24. [ACS S0501 (2024); margin of error: +/-5.9]",S0501_C03_083E
78207,ACS S0501 (2024),2024,Population 16 years and over with earnings,Foreign-born population,"EARNINGS IN THE PAST 12 MONTHS (IN 2024 INFLATION-ADJUSTED DOLLARS) FOR FULL-TIME, YEAR-ROUND WORKERS > Population 16 years and over with earnings > $35,000 to $49,999",38.0,count or percent,9.4,"In ZIP code 78207 (San Antonio, TX), 2024, among foreign-born population: EARNINGS IN THE PAST 12 MONTHS (IN 2024 INFLATION-ADJUSTED DOLLARS) FOR FULL-TIME, YEAR-ROUND WORKERS > Population 16 years and over with earnings > $35,000 to $49,999 = $38. [ACS S0501 (2024); margin of error: +/-9.4]",S0501_C03_084E
78207,ACS S0501 (2024),2024,Population 16 years and over with earnings,Foreign-born population,"EARNINGS IN THE PAST 12 MONTHS (IN 2024 INFLATION-ADJUSTED DOLLARS) FOR FULL-TIME, YEAR-ROUND WORKERS > Population 16 years and over with earnings > $50,000 to $74,999",9.8,count or percent,5.1,"In ZIP code 78207 (San Antonio, TX), 2024, among foreign-born population: EARNINGS IN THE PAST 12 MONTHS (IN 2024 INFLATION-ADJUSTED DOLLARS) FOR FULL-TIME, YEAR-ROUND WORKERS > Population 16 years and over with earnings > $50,000 to $74,999 = $10. [ACS S0501 (2024); margin of error: +/-5.1]",S0501_C03_085E
78207,ACS S0501 (2024),2024,Population 16 years and over with earnings,Foreign-born population,"EARNINGS IN THE PAST 12 MONTHS (IN 2024 INFLATION-ADJUSTED DOLLARS) FOR FULL-TIME, YEAR-ROUND WORKERS > Population 16 years and over with earnings > $75,000 or more",3.5,count or percent,2.9,"In ZIP code 78207 (San Antonio, TX), 2024, among foreign-born population: EARNINGS IN THE PAST 12 MONTHS (IN 2024 INFLATION-ADJUSTED DOLLARS) FOR FULL-TIME, YEAR-ROUND WORKERS > Population 16 years and over with earnings > $75,000 or more = $4. [ACS S0501 (2024); margin of error: +/-2.9]",S0501_C03_086E
78207,ACS S0501 (2024),2024,Population 16 years and over with earnings,Foreign-born population,"EARNINGS IN THE PAST 12 MONTHS (IN 2024 INFLATION-ADJUSTED DOLLARS) FOR FULL-TIME, YEAR-ROUND WORKERS > Population 16 years and over with earnings > Median earnings (dollars) for full-time, year-round workers > Male",36821.0,count or percent,4000,"In ZIP code 78207 (San Antonio, TX), 2024, among foreign-born population: EARNINGS IN THE PAST 12 MONTHS (IN 2024 INFLATION-ADJUSTED DOLLARS) FOR FULL-TIME, YEAR-ROUND WORKERS > Population 16 years and over with earnings > Median earnings (dollars) for full-time, year-round workers > Male = $36,821. [ACS S0501 (2024); margin of error: +/-4000]",S0501_C03_087E
78207,ACS S0501 (2024),2024,Population 16 years and over with earnings,Foreign-born population,"EARNINGS IN THE PAST 12 MONTHS (IN 2024 INFLATION-ADJUSTED DOLLARS) FOR FULL-TIME, YEAR-ROUND WORKERS > Population 16 years and over with earnings > Median earnings (dollars) for full-time, year-round workers > Female",30772.0,count or percent,4179,"In ZIP code 78207 (San Antonio, TX), 2024, among foreign-born population: EARNINGS IN THE PAST 12 MONTHS (IN 2024 INFLATION-ADJUSTED DOLLARS) FOR FULL-TIME, YEAR-ROUND WORKERS > Population 16 years and over with earnings > Median earnings (dollars) for full-time, year-round workers > Female = $30,772. [ACS S0501 (2024); margin of error: +/-4179]",S0501_C03_088E
78207,ACS S0501 (2024),2024,Households,Foreign-born population,INCOME IN THE PAST 12 MONTHS (IN 2024 INFLATION-ADJUSTED DOLLARS) > Households,4736.0,count or percent,568,"In ZIP code 78207 (San Antonio, TX), 2024, among foreign-born population: INCOME IN THE PAST 12 MONTHS (IN 2024 INFLATION-ADJUSTED DOLLARS) > Households = $4,736. [ACS S0501 (2024); margin of error: +/-568]",S0501_C03_089E
78207,ACS S0501 (2024),2024,Households,Foreign-born population,INCOME IN THE PAST 12 MONTHS (IN 2024 INFLATION-ADJUSTED DOLLARS) > Households > With earnings,75.7,count or percent,6.2,"In ZIP code 78207 (San Antonio, TX), 2024, among foreign-born population: INCOME IN THE PAST 12 MONTHS (IN 2024 INFLATION-ADJUSTED DOLLARS) > Households > With earnings = $76. [ACS S0501 (2024); margin of error: +/-6.2]",S0501_C03_090E
78207,ACS S0501 (2024),2024,Households,Foreign-born population,INCOME IN THE PAST 12 MONTHS (IN 2024 INFLATION-ADJUSTED DOLLARS) > Households > With earnings > Mean earnings (dollars),50773.0,count or percent,8651,"In ZIP code 78207 (San Antonio, TX), 2024, among foreign-born population: INCOME IN THE PAST 12 MONTHS (IN 2024 INFLATION-ADJUSTED DOLLARS) > Households > With earnings > Mean earnings (dollars) = $50,773. [ACS S0501 (2024); margin of error: +/-8651]",S0501_C03_091E
78207,ACS S0501 (2024),2024,Households,Foreign-born population,INCOME IN THE PAST 12 MONTHS (IN 2024 INFLATION-ADJUSTED DOLLARS) > Households > With Social Security income,36.1,count or percent,6.2,"In ZIP code 78207 (San Antonio, TX), 2024, among foreign-born population: INCOME IN THE PAST 12 MONTHS (IN 2024 INFLATION-ADJUSTED DOLLARS) > Households > With Social Security income = $36. [ACS S0501 (2024); margin of error: +/-6.2]",S0501_C03_092E
78207,ACS S0501 (2024),2024,Households,Foreign-born population,INCOME IN THE PAST 12 MONTHS (IN 2024 INFLATION-ADJUSTED DOLLARS) > Households > With Social Security income > Mean Social Security income (dollars),13909.0,count or percent,1497,"In ZIP code 78207 (San Antonio, TX), 2024, among foreign-born population: INCOME IN THE PAST 12 MONTHS (IN 2024 INFLATION-ADJUSTED DOLLARS) > Households > With Social Security income > Mean Social Security income (dollars) = $13,909. [ACS S0501 (2024); margin of error: +/-1497]",S0501_C03_093E
78207,ACS S0501 (2024),2024,Households,Foreign-born population,INCOME IN THE PAST 12 MONTHS (IN 2024 INFLATION-ADJUSTED DOLLARS) > Households > With Supplemental Security Income,16.2,count or percent,4.9,"In ZIP code 78207 (San Antonio, TX), 2024, among foreign-born population: INCOME IN THE PAST 12 MONTHS (IN 2024 INFLATION-ADJUSTED DOLLARS) > Households > With Supplemental Security Income = $16. [ACS S0501 (2024); margin of error: +/-4.9]",S0501_C03_094E
78207,ACS S0501 (2024),2024,Households,Foreign-born population,INCOME IN THE PAST 12 MONTHS (IN 2024 INFLATION-ADJUSTED DOLLARS) > Households > With Supplemental Security Income > Mean Supplemental Security Income (dollars),9975.0,count or percent,1431,"In ZIP code 78207 (San Antonio, TX), 2024, among foreign-born population: INCOME IN THE PAST 12 MONTHS (IN 2024 INFLATION-ADJUSTED DOLLARS) > Households > With Supplemental Security Income > Mean Supplemental Security Income (dollars) = $9,975. [ACS S0501 (2024); margin of error: +/-1431]",S0501_C03_095E
78207,ACS S0501 (2024),2024,Households,Foreign-born population,INCOME IN THE PAST 12 MONTHS (IN 2024 INFLATION-ADJUSTED DOLLARS) > Households > With cash public assistance income,2.7,count or percent,2.0,"In ZIP code 78207 (San Antonio, TX), 2024, among foreign-born population: INCOME IN THE PAST 12 MONTHS (IN 2024 INFLATION-ADJUSTED DOLLARS) > Households > With cash public assistance income = $3. [ACS S0501 (2024); margin of error: +/-2]",S0501_C03_096E
78207,ACS S0501 (2024),2024,Households,Foreign-born population,INCOME IN THE PAST 12 MONTHS (IN 2024 INFLATION-ADJUSTED DOLLARS) > Households > With cash public assistance income > Mean cash public assistance income (dollars),2640.0,count or percent,717,"In ZIP code 78207 (San Antonio, TX), 2024, among foreign-born population: INCOME IN THE PAST 12 MONTHS (IN 2024 INFLATION-ADJUSTED DOLLARS) > Households > With cash public assistance income > Mean cash public assistance income (dollars) = $2,640. [ACS S0501 (2024); margin of error: +/-717]",S0501_C03_097E
78207,ACS S0501 (2024),2024,Households,Foreign-born population,INCOME IN THE PAST 12 MONTHS (IN 2024 INFLATION-ADJUSTED DOLLARS) > Households > With retirement income,9.2,count or percent,3.5,"In ZIP code 78207 (San Antonio, TX), 2024, among foreign-born population: INCOME IN THE PAST 12 MONTHS (IN 2024 INFLATION-ADJUSTED DOLLARS) > Households > With retirement income = $9. [ACS S0501 (2024); margin of error: +/-3.5]",S0501_C03_098E
78207,ACS S0501 (2024),2024,Households,Foreign-born population,INCOME IN THE PAST 12 MONTHS (IN 2024 INFLATION-ADJUSTED DOLLARS) > Households > With retirement income > Mean retirement income (dollars),13180.0,count or percent,4156,"In ZIP code 78207 (San Antonio, TX), 2024, among foreign-born population: INCOME IN THE PAST 12 MONTHS (IN 2024 INFLATION-ADJUSTED DOLLARS) > Households > With retirement income > Mean retirement income (dollars) = $13,180. [ACS S0501 (2024); margin of error: +/-4156]",S0501_C03_099E
78207,ACS S0501 (2024),2024,Households,Foreign-born population,INCOME IN THE PAST 12 MONTHS (IN 2024 INFLATION-ADJUSTED DOLLARS) > Households > With Food Stamp/SNAP benefits,44.4,count or percent,6.7,"In ZIP code 78207 (San Antonio, TX), 2024, among foreign-born population: INCOME IN THE PAST 12 MONTHS (IN 2024 INFLATION-ADJUSTED DOLLARS) > Households > With Food Stamp/SNAP benefits = $44. [ACS S0501 (2024); margin of error: +/-6.7]",S0501_C03_100E
78207,ACS S0501 (2024),2024,Households,Foreign-born population,INCOME IN THE PAST 12 MONTHS (IN 2024 INFLATION-ADJUSTED DOLLARS) > Households > Median Household income (dollars),30586.0,count or percent,4109,"In ZIP code 78207 (San Antonio, TX), 2024, among foreign-born population: INCOME IN THE PAST 12 MONTHS (IN 2024 INFLATION-ADJUSTED DOLLARS) > Households > Median Household income (dollars) = $30,586. [ACS S0501 (2024); margin of error: +/-4109]",S0501_C03_101E
78207,ACS S0501 (2024),2024,Households,Foreign-born population,INCOME IN THE PAST 12 MONTHS (IN 2024 INFLATION-ADJUSTED DOLLARS) > Households > Average number of workers per household,1.23,count or percent,0.20,"In ZIP code 78207 (San Antonio, TX), 2024, among foreign-born population: INCOME IN THE PAST 12 MONTHS (IN 2024 INFLATION-ADJUSTED DOLLARS) > Households > Average number of workers per household = $1. [ACS S0501 (2024); margin of error: +/-0.2]",S0501_C03_102E
78207,ACS S0501 (2024),2024,Population for whom poverty status is determined,Foreign-born population,POVERTY STATUS IN THE PAST 12 MONTHS > Population for whom poverty status is determined,10194.0,count or percent,1187,"In ZIP code 78207 (San Antonio, TX), 2024, among foreign-born population: POVERTY STATUS IN THE PAST 12 MONTHS > Population for whom poverty status is determined = 10,194. [ACS S0501 (2024); margin of error: +/-1187]",S0501_C03_103E
78207,ACS S0501 (2024),2024,Population for whom poverty status is determined,Foreign-born population,POVERTY STATUS IN THE PAST 12 MONTHS > Population for whom poverty status is determined > Below 100 percent of the poverty level,39.2,count or percent,6.1,"In ZIP code 78207 (San Antonio, TX), 2024, among foreign-born population: POVERTY STATUS IN THE PAST 12 MONTHS > Population for whom poverty status is determined > Below 100 percent of the poverty level = 39.2%. [ACS S0501 (2024); margin of error: +/-6.1]",S0501_C03_104E
78207,ACS S0501 (2024),2024,Population for whom poverty status is determined,Foreign-born population,POVERTY STATUS IN THE PAST 12 MONTHS > Population for whom poverty status is determined > 100 to 199 percent of the poverty level,32.3,count or percent,5.5,"In ZIP code 78207 (San Antonio, TX), 2024, among foreign-born population: POVERTY STATUS IN THE PAST 12 MONTHS > Population for whom poverty status is determined > 100 to 199 percent of the poverty level = 32.3%. [ACS S0501 (2024); margin of error: +/-5.5]",S0501_C03_105E
78207,ACS S0501 (2024),2024,Population for whom poverty status is determined,Foreign-born population,POVERTY STATUS IN THE PAST 12 MONTHS > Population for whom poverty status is determined > At or above 200 percent of the poverty level,28.6,count or percent,5.7,"In ZIP code 78207 (San Antonio, TX), 2024, among foreign-born population: POVERTY STATUS IN THE PAST 12 MONTHS > Population for whom poverty status is determined > At or above 200 percent of the poverty level = 28.6%. [ACS S0501 (2024); margin of error: +/-5.7]",S0501_C03_106E
78207,ACS S0501 (2024),2024,POVERTY RATES FOR FAMILIES FOR WHOM POVERTY STATUS IS DETERMINED,Foreign-born population,POVERTY STATUS IN THE PAST 12 MONTHS > POVERTY RATES FOR FAMILIES FOR WHOM POVERTY STATUS IS DETERMINED > All families,32.8,count or percent,6.2,"In ZIP code 78207 (San Antonio, TX), 2024, among foreign-born population: POVERTY STATUS IN THE PAST 12 MONTHS > POVERTY RATES FOR FAMILIES FOR WHOM POVERTY STATUS IS DETERMINED > All families = 32.8%. [ACS S0501 (2024); margin of error: +/-6.2]",S0501_C03_107E
78207,ACS S0501 (2024),2024,POVERTY RATES FOR FAMILIES FOR WHOM POVERTY STATUS IS DETERMINED,Foreign-born population,POVERTY STATUS IN THE PAST 12 MONTHS > POVERTY RATES FOR FAMILIES FOR WHOM POVERTY STATUS IS DETERMINED > All families > With related children of the householder under 18 years,46.8,count or percent,9.8,"In ZIP code 78207 (San Antonio, TX), 2024, among foreign-born population: POVERTY STATUS IN THE PAST 12 MONTHS > POVERTY RATES FOR FAMILIES FOR WHOM POVERTY STATUS IS DETERMINED > All families > With related children of the householder under 18 years = 46.8%. [ACS S0501 (2024); margin of error: +/-9.8]",S0501_C03_108E
78207,ACS S0501 (2024),2024,POVERTY RATES FOR FAMILIES FOR WHOM POVERTY STATUS IS DETERMINED,Foreign-born population,POVERTY STATUS IN THE PAST 12 MONTHS > POVERTY RATES FOR FAMILIES FOR WHOM POVERTY STATUS IS DETERMINED > All families > With related children of the householder under 5 years only,9.3,count or percent,13.7,"In ZIP code 78207 (San Antonio, TX), 2024, among foreign-born population: POVERTY STATUS IN THE PAST 12 MONTHS > POVERTY RATES FOR FAMILIES FOR WHOM POVERTY STATUS IS DETERMINED > All families > With related children of the householder under 5 years only = 9.3%. [ACS S0501 (2024); margin of error: +/-13.7]",S0501_C03_109E
78207,ACS S0501 (2024),2024,POVERTY RATES FOR FAMILIES FOR WHOM POVERTY STATUS IS DETERMINED,Foreign-born population,POVERTY STATUS IN THE PAST 12 MONTHS > POVERTY RATES FOR FAMILIES FOR WHOM POVERTY STATUS IS DETERMINED > Married-couple family,29.7,count or percent,8.0,"In ZIP code 78207 (San Antonio, TX), 2024, among foreign-born population: POVERTY STATUS IN THE PAST 12 MONTHS > POVERTY RATES FOR FAMILIES FOR WHOM POVERTY STATUS IS DETERMINED > Married-couple family = 29.7%. [ACS S0501 (2024); margin of error: +/-8]",S0501_C03_110E
78207,ACS S0501 (2024),2024,POVERTY RATES FOR FAMILIES FOR WHOM POVERTY STATUS IS DETERMINED,Foreign-born population,POVERTY STATUS IN THE PAST 12 MONTHS > POVERTY RATES FOR FAMILIES FOR WHOM POVERTY STATUS IS DETERMINED > Married-couple family > With related children of the householder under 18 years,39.4,count or percent,13.2,"In ZIP code 78207 (San Antonio, TX), 2024, among foreign-born population: POVERTY STATUS IN THE PAST 12 MONTHS > POVERTY RATES FOR FAMILIES FOR WHOM POVERTY STATUS IS DETERMINED > Married-couple family > With related children of the householder under 18 years = 39.4%. [ACS S0501 (2024); margin of error: +/-13.2]",S0501_C03_111E
78207,ACS S0501 (2024),2024,POVERTY RATES FOR FAMILIES FOR WHOM POVERTY STATUS IS DETERMINED,Foreign-born population,POVERTY STATUS IN THE PAST 12 MONTHS > POVERTY RATES FOR FAMILIES FOR WHOM POVERTY STATUS IS DETERMINED > Married-couple family > With related children of the householder under 5 years only,9.8,count or percent,28.5,"In ZIP code 78207 (San Antonio, TX), 2024, among foreign-born population: POVERTY STATUS IN THE PAST 12 MONTHS > POVERTY RATES FOR FAMILIES FOR WHOM POVERTY STATUS IS DETERMINED > Married-couple family > With related children of the householder under 5 years only = 9.8%. [ACS S0501 (2024); margin of error: +/-28.5]",S0501_C03_112E
78207,ACS S0501 (2024),2024,POVERTY RATES FOR FAMILIES FOR WHOM POVERTY STATUS IS DETERMINED,Foreign-born population,"POVERTY STATUS IN THE PAST 12 MONTHS > POVERTY RATES FOR FAMILIES FOR WHOM POVERTY STATUS IS DETERMINED > Female householder, no spouse present, family",38.9,count or percent,15.0,"In ZIP code 78207 (San Antonio, TX), 2024, among foreign-born population: POVERTY STATUS IN THE PAST 12 MONTHS > POVERTY RATES FOR FAMILIES FOR WHOM POVERTY STATUS IS DETERMINED > Female householder, no spouse present, family = 38.9%. [ACS S0501 (2024); margin of error: +/-15]",S0501_C03_113E
78207,ACS S0501 (2024),2024,POVERTY RATES FOR FAMILIES FOR WHOM POVERTY STATUS IS DETERMINED,Foreign-born population,"POVERTY STATUS IN THE PAST 12 MONTHS > POVERTY RATES FOR FAMILIES FOR WHOM POVERTY STATUS IS DETERMINED > Female householder, no spouse present, family > With related children of the householder under 18 years",49.2,count or percent,17.2,"In ZIP code 78207 (San Antonio, TX), 2024, among foreign-born population: POVERTY STATUS IN THE PAST 12 MONTHS > POVERTY RATES FOR FAMILIES FOR WHOM POVERTY STATUS IS DETERMINED > Female householder, no spouse present, family > With related children of the householder under 18 years = 49.2%. [ACS S0501 (2024); margin of error: +/-17.2]",S0501_C03_114E
78207,ACS S0501 (2024),2024,POVERTY RATES FOR FAMILIES FOR WHOM POVERTY STATUS IS DETERMINED,Foreign-born population,"POVERTY STATUS IN THE PAST 12 MONTHS > POVERTY RATES FOR FAMILIES FOR WHOM POVERTY STATUS IS DETERMINED > Female householder, no spouse present, family > With related children of the householder under 5 years only",10.8,count or percent,22.3,"In ZIP code 78207 (San Antonio, TX), 2024, among foreign-born population: POVERTY STATUS IN THE PAST 12 MONTHS > POVERTY RATES FOR FAMILIES FOR WHOM POVERTY STATUS IS DETERMINED > Female householder, no spouse present, family > With related children of the householder under 5 years only = 10.8%. [ACS S0501 (2024); margin of error: +/-22.3]",S0501_C03_115E
78207,ACS S0501 (2024),2024,Occupied housing units,Foreign-born population,Occupied housing units,4736.0,count or percent,568,"In ZIP code 78207 (San Antonio, TX), 2024, among foreign-born population: Occupied housing units = 4,736. [ACS S0501 (2024); margin of error: +/-568]",S0501_C03_116E
78207,ACS S0501 (2024),2024,HOUSING TENURE,Foreign-born population,Occupied housing units > HOUSING TENURE > Owner-occupied housing units,45.6,count or percent,6.3,"In ZIP code 78207 (San Antonio, TX), 2024, among foreign-born population: Occupied housing units > HOUSING TENURE > Owner-occupied housing units = 45.6%. [ACS S0501 (2024); margin of error: +/-6.3]",S0501_C03_117E
78207,ACS S0501 (2024),2024,HOUSING TENURE,Foreign-born population,Occupied housing units > HOUSING TENURE > Renter-occupied housing units,54.4,count or percent,6.3,"In ZIP code 78207 (San Antonio, TX), 2024, among foreign-born population: Occupied housing units > HOUSING TENURE > Renter-occupied housing units = 54.4%. [ACS S0501 (2024); margin of error: +/-6.3]",S0501_C03_118E
78207,ACS S0501 (2024),2024,HOUSING TENURE,Foreign-born population,Occupied housing units > HOUSING TENURE > Average household size of owner-occupied unit,3.64,count or percent,0.44,"In ZIP code 78207 (San Antonio, TX), 2024, among foreign-born population: Occupied housing units > HOUSING TENURE > Average household size of owner-occupied unit = 3.64%. [ACS S0501 (2024); margin of error: +/-0.44]",S0501_C03_119E
78207,ACS S0501 (2024),2024,HOUSING TENURE,Foreign-born population,Occupied housing units > HOUSING TENURE > Average household size of renter-occupied unit,2.81,count or percent,0.41,"In ZIP code 78207 (San Antonio, TX), 2024, among foreign-born population: Occupied housing units > HOUSING TENURE > Average household size of renter-occupied unit = 2.81%. [ACS S0501 (2024); margin of error: +/-0.41]",S0501_C03_120E
78207,ACS S0501 (2024),2024,ROOMS,Foreign-born population,Occupied housing units > ROOMS > 1 room,2.9,count or percent,1.7,"In ZIP code 78207 (San Antonio, TX), 2024, among foreign-born population: Occupied housing units > ROOMS > 1 room = 2.9%. [ACS S0501 (2024); margin of error: +/-1.7]",S0501_C03_121E
78207,ACS S0501 (2024),2024,ROOMS,Foreign-born population,Occupied housing units > ROOMS > 2 or 3 rooms,22.8,count or percent,7.1,"In ZIP code 78207 (San Antonio, TX), 2024, among foreign-born population: Occupied housing units > ROOMS > 2 or 3 rooms = 22.8%. [ACS S0501 (2024); margin of error: +/-7.1]",S0501_C03_122E
78207,ACS S0501 (2024),2024,ROOMS,Foreign-born population,Occupied housing units > ROOMS > 4 or 5 rooms,52.5,count or percent,5.9,"In ZIP code 78207 (San Antonio, TX), 2024, among foreign-born population: Occupied housing units > ROOMS > 4 or 5 rooms = 52.5%. [ACS S0501 (2024); margin of error: +/-5.9]",S0501_C03_123E
78207,ACS S0501 (2024),2024,ROOMS,Foreign-born population,Occupied housing units > ROOMS > 6 or 7 rooms,17.5,count or percent,4.8,"In ZIP code 78207 (San Antonio, TX), 2024, among foreign-born population: Occupied housing units > ROOMS > 6 or 7 rooms = 17.5%. [ACS S0501 (2024); margin of error: +/-4.8]",S0501_C03_124E
78207,ACS S0501 (2024),2024,ROOMS,Foreign-born population,Occupied housing units > ROOMS > 8 or more rooms,4.2,count or percent,2.7,"In ZIP code 78207 (San Antonio, TX), 2024, among foreign-born population: Occupied housing units > ROOMS > 8 or more rooms = 4.2%. [ACS S0501 (2024); margin of error: +/-2.7]",S0501_C03_125E
78207,ACS S0501 (2024),2024,Median number of rooms,Foreign-born population,Occupied housing units > Median number of rooms,4.3,count or percent,0.2,"In ZIP code 78207 (San Antonio, TX), 2024, among foreign-born population: Occupied housing units > Median number of rooms = $4. [ACS S0501 (2024); margin of error: +/-0.2]",S0501_C03_126E
78207,ACS S0501 (2024),2024,1.01 or more occupants per room,Foreign-born population,Occupied housing units > 1.01 or more occupants per room,15.4,count or percent,5.6,"In ZIP code 78207 (San Antonio, TX), 2024, among foreign-born population: Occupied housing units > 1.01 or more occupants per room = 15.4%. [ACS S0501 (2024); margin of error: +/-5.6]",S0501_C03_127E
78207,ACS S0501 (2024),2024,VEHICLES AVAILABLE,Foreign-born population,Occupied housing units > VEHICLES AVAILABLE > None,17.4,count or percent,4.7,"In ZIP code 78207 (San Antonio, TX), 2024, among foreign-born population: Occupied housing units > VEHICLES AVAILABLE > None = 17.4%. [ACS S0501 (2024); margin of error: +/-4.7]",S0501_C03_128E
78207,ACS S0501 (2024),2024,VEHICLES AVAILABLE,Foreign-born population,Occupied housing units > VEHICLES AVAILABLE > 1 or more,82.6,count or percent,4.7,"In ZIP code 78207 (San Antonio, TX), 2024, among foreign-born population: Occupied housing units > VEHICLES AVAILABLE > 1 or more = 82.6%. [ACS S0501 (2024); margin of error: +/-4.7]",S0501_C03_129E
78207,ACS S0501 (2024),2024,SELECTED CHARACTERISTICS,Foreign-born population,Occupied housing units > SELECTED CHARACTERISTICS > No telephone service available,2.3,count or percent,1.8,"In ZIP code 78207 (San Antonio, TX), 2024, among foreign-born population: Occupied housing units > SELECTED CHARACTERISTICS > No telephone service available = 2.3%. [ACS S0501 (2024); margin of error: +/-1.8]",S0501_C03_130E
78207,ACS S0501 (2024),2024,SELECTED CHARACTERISTICS,Foreign-born population,Occupied housing units > SELECTED CHARACTERISTICS > Limited English Speaking Households,55.5,count or percent,6.5,"In ZIP code 78207 (San Antonio, TX), 2024, among foreign-born population: Occupied housing units > SELECTED CHARACTERISTICS > Limited English Speaking Households = 55.5%. [ACS S0501 (2024); margin of error: +/-6.5]",S0501_C03_131E
78207,ACS S0501 (2024),2024,Owner-occupied housing units,Foreign-born population,Owner-occupied housing units,2160.0,count or percent,361,"In ZIP code 78207 (San Antonio, TX), 2024, among foreign-born population: Owner-occupied housing units = 2,160. [ACS S0501 (2024); margin of error: +/-361]",S0501_C03_132E
78207,ACS S0501 (2024),2024,SELECTED MONTHLY OWNER COSTS AS A PERCENTAGE OF HOUSEHOLD INCOME IN THE PAST 12 MONTHS,Foreign-born population,Owner-occupied housing units > SELECTED MONTHLY OWNER COSTS AS A PERCENTAGE OF HOUSEHOLD INCOME IN THE PAST 12 MONTHS > Less than 30 percent,78.6,count or percent,8.4,"In ZIP code 78207 (San Antonio, TX), 2024, among foreign-born population: Owner-occupied housing units > SELECTED MONTHLY OWNER COSTS AS A PERCENTAGE OF HOUSEHOLD INCOME IN THE PAST 12 MONTHS > Less than 30 percent = $79. [ACS S0501 (2024); margin of error: +/-8.4]",S0501_C03_133E
78207,ACS S0501 (2024),2024,SELECTED MONTHLY OWNER COSTS AS A PERCENTAGE OF HOUSEHOLD INCOME IN THE PAST 12 MONTHS,Foreign-born population,Owner-occupied housing units > SELECTED MONTHLY OWNER COSTS AS A PERCENTAGE OF HOUSEHOLD INCOME IN THE PAST 12 MONTHS > 30 percent or more,21.4,count or percent,8.4,"In ZIP code 78207 (San Antonio, TX), 2024, among foreign-born population: Owner-occupied housing units > SELECTED MONTHLY OWNER COSTS AS A PERCENTAGE OF HOUSEHOLD INCOME IN THE PAST 12 MONTHS > 30 percent or more = $21. [ACS S0501 (2024); margin of error: +/-8.4]",S0501_C03_134E
78207,ACS S0501 (2024),2024,Renter-occupied housing units,Foreign-born population,Renter-occupied housing units,2576.0,count or percent,458,"In ZIP code 78207 (San Antonio, TX), 2024, among foreign-born population: Renter-occupied housing units = 2,576. [ACS S0501 (2024); margin of error: +/-458]",S0501_C03_135E
78207,ACS S0501 (2024),2024,GROSS RENT AS A PERCENTAGE OF HOUSEHOLD INCOME IN THE PAST 12 MONTHS,Foreign-born population,Renter-occupied housing units > GROSS RENT AS A PERCENTAGE OF HOUSEHOLD INCOME IN THE PAST 12 MONTHS > Less than 30 percent,34.5,count or percent,9.5,"In ZIP code 78207 (San Antonio, TX), 2024, among foreign-born population: Renter-occupied housing units > GROSS RENT AS A PERCENTAGE OF HOUSEHOLD INCOME IN THE PAST 12 MONTHS > Less than 30 percent = $34. [ACS S0501 (2024); margin of error: +/-9.5]",S0501_C03_136E
78207,ACS S0501 (2024),2024,GROSS RENT AS A PERCENTAGE OF HOUSEHOLD INCOME IN THE PAST 12 MONTHS,Foreign-born population,Renter-occupied housing units > GROSS RENT AS A PERCENTAGE OF HOUSEHOLD INCOME IN THE PAST 12 MONTHS > 30 percent or more,65.5,count or percent,9.5,"In ZIP code 78207 (San Antonio, TX), 2024, among foreign-born population: Renter-occupied housing units > GROSS RENT AS A PERCENTAGE OF HOUSEHOLD INCOME IN THE PAST 12 MONTHS > 30 percent or more = $66. [ACS S0501 (2024); margin of error: +/-9.5]",S0501_C03_137E
78207,ACS S0501 (2024),2024,Total population,"Foreign-born, naturalized citizens",Total population,2694.0,count or percent,566,"In ZIP code 78207 (San Antonio, TX), 2024, among foreign-born, naturalized citizens: Total population = 2,694. [ACS S0501 (2024); margin of error: +/-566]",S0501_C04_001E
78207,ACS S0501 (2024),2024,SEX AND AGE,"Foreign-born, naturalized citizens",SEX AND AGE > Male,48.9,count or percent,9.8,"In ZIP code 78207 (San Antonio, TX), 2024, among foreign-born, naturalized citizens: SEX AND AGE > Male = 48.9%. [ACS S0501 (2024); margin of error: +/-9.8]",S0501_C04_002E
78207,ACS S0501 (2024),2024,SEX AND AGE,"Foreign-born, naturalized citizens",SEX AND AGE > Female,51.1,count or percent,9.8,"In ZIP code 78207 (San Antonio, TX), 2024, among foreign-born, naturalized citizens: SEX AND AGE > Female = 51.1%. [ACS S0501 (2024); margin of error: +/-9.8]",S0501_C04_003E
78207,ACS S0501 (2024),2024,SEX AND AGE,"Foreign-born, naturalized citizens",SEX AND AGE > Under 5 years,0.0,count or percent,1.8,"In ZIP code 78207 (San Antonio, TX), 2024, among foreign-born, naturalized citizens: SEX AND AGE > Under 5 years = 0%. [ACS S0501 (2024); margin of error: +/-1.8]",S0501_C04_004E
78207,ACS S0501 (2024),2024,SEX AND AGE,"Foreign-born, naturalized citizens",SEX AND AGE > 5 to 17 years,0.5,count or percent,0.7,"In ZIP code 78207 (San Antonio, TX), 2024, among foreign-born, naturalized citizens: SEX AND AGE > 5 to 17 years = 0.5%. [ACS S0501 (2024); margin of error: +/-0.7]",S0501_C04_005E
78207,ACS S0501 (2024),2024,SEX AND AGE,"Foreign-born, naturalized citizens",SEX AND AGE > 18 to 24 years,1.8,count or percent,1.7,"In ZIP code 78207 (San Antonio, TX), 2024, among foreign-born, naturalized citizens: SEX AND AGE > 18 to 24 years = 1.8%. [ACS S0501 (2024); margin of error: +/-1.7]",S0501_C04_006E
78207,ACS S0501 (2024),2024,SEX AND AGE,"Foreign-born, naturalized citizens",SEX AND AGE > 25 to 44 years,17.0,count or percent,5.9,"In ZIP code 78207 (San Antonio, TX), 2024, among foreign-born, naturalized citizens: SEX AND AGE > 25 to 44 years = 17%. [ACS S0501 (2024); margin of error: +/-5.9]",S0501_C04_007E
78207,ACS S0501 (2024),2024,SEX AND AGE,"Foreign-born, naturalized citizens",SEX AND AGE > 45 to 54 years,9.6,count or percent,5.7,"In ZIP code 78207 (San Antonio, TX), 2024, among foreign-born, naturalized citizens: SEX AND AGE > 45 to 54 years = 9.6%. [ACS S0501 (2024); margin of error: +/-5.7]",S0501_C04_008E
78207,ACS S0501 (2024),2024,SEX AND AGE,"Foreign-born, naturalized citizens",SEX AND AGE > 55 to 64 years,28.4,count or percent,8.1,"In ZIP code 78207 (San Antonio, TX), 2024, among foreign-born, naturalized citizens: SEX AND AGE > 55 to 64 years = 28.4%. [ACS S0501 (2024); margin of error: +/-8.1]",S0501_C04_009E
78207,ACS S0501 (2024),2024,SEX AND AGE,"Foreign-born, naturalized citizens",SEX AND AGE > 65 to 74 years,22.0,count or percent,7.7,"In ZIP code 78207 (San Antonio, TX), 2024, among foreign-born, naturalized citizens: SEX AND AGE > 65 to 74 years = 22%. [ACS S0501 (2024); margin of error: +/-7.7]",S0501_C04_010E
78207,ACS S0501 (2024),2024,SEX AND AGE,"Foreign-born, naturalized citizens",SEX AND AGE > 75 to 84 years,10.5,count or percent,4.3,"In ZIP code 78207 (San Antonio, TX), 2024, among foreign-born, naturalized citizens: SEX AND AGE > 75 to 84 years = 10.5%. [ACS S0501 (2024); margin of error: +/-4.3]",S0501_C04_011E
78207,ACS S0501 (2024),2024,SEX AND AGE,"Foreign-born, naturalized citizens",SEX AND AGE > 85 years and over,10.2,count or percent,9.4,"In ZIP code 78207 (San Antonio, TX), 2024, among foreign-born, naturalized citizens: SEX AND AGE > 85 years and over = 10.2%. [ACS S0501 (2024); margin of error: +/-9.4]",S0501_C04_012E
78207,ACS S0501 (2024),2024,SEX AND AGE,"Foreign-born, naturalized citizens",SEX AND AGE > Median age (years),62.2,count or percent,3.1,"In ZIP code 78207 (San Antonio, TX), 2024, among foreign-born, naturalized citizens: SEX AND AGE > Median age (years) = $62. [ACS S0501 (2024); margin of error: +/-3.1]",S0501_C04_013E
78207,ACS S0501 (2024),2024,RACE AND HISPANIC OR LATINO ORIGIN,"Foreign-born, naturalized citizens",RACE AND HISPANIC OR LATINO ORIGIN > One race,39.7,count or percent,10.3,"In ZIP code 78207 (San Antonio, TX), 2024, among foreign-born, naturalized citizens: RACE AND HISPANIC OR LATINO ORIGIN > One race = 39.7%. [ACS S0501 (2024); margin of error: +/-10.3]",S0501_C04_014E
78207,ACS S0501 (2024),2024,RACE AND HISPANIC OR LATINO ORIGIN,"Foreign-born, naturalized citizens",RACE AND HISPANIC OR LATINO ORIGIN > One race > White,10.8,count or percent,4.1,"In ZIP code 78207 (San Antonio, TX), 2024, among foreign-born, naturalized citizens: RACE AND HISPANIC OR LATINO ORIGIN > One race > White = 10.8%. [ACS S0501 (2024); margin of error: +/-4.1]",S0501_C04_015E
78207,ACS S0501 (2024),2024,RACE AND HISPANIC OR LATINO ORIGIN,"Foreign-born, naturalized citizens",RACE AND HISPANIC OR LATINO ORIGIN > One race > Black or African American,2.8,count or percent,4.7,"In ZIP code 78207 (San Antonio, TX), 2024, among foreign-born, naturalized citizens: RACE AND HISPANIC OR LATINO ORIGIN > One race > Black or African American = 2.8%. [ACS S0501 (2024); margin of error: +/-4.7]",S0501_C04_016E
78207,ACS S0501 (2024),2024,RACE AND HISPANIC OR LATINO ORIGIN,"Foreign-born, naturalized citizens",RACE AND HISPANIC OR LATINO ORIGIN > One race > American Indian and Alaska Native,2.9,count or percent,2.5,"In ZIP code 78207 (San Antonio, TX), 2024, among foreign-born, naturalized citizens: RACE AND HISPANIC OR LATINO ORIGIN > One race > American Indian and Alaska Native = 2.9%. [ACS S0501 (2024); margin of error: +/-2.5]",S0501_C04_017E
78207,ACS S0501 (2024),2024,RACE AND HISPANIC OR LATINO ORIGIN,"Foreign-born, naturalized citizens",RACE AND HISPANIC OR LATINO ORIGIN > One race > Asian,4.4,count or percent,3.4,"In ZIP code 78207 (San Antonio, TX), 2024, among foreign-born, naturalized citizens: RACE AND HISPANIC OR LATINO ORIGIN > One race > Asian = 4.4%. [ACS S0501 (2024); margin of error: +/-3.4]",S0501_C04_018E
78207,ACS S0501 (2024),2024,RACE AND HISPANIC OR LATINO ORIGIN,"Foreign-born, naturalized citizens",RACE AND HISPANIC OR LATINO ORIGIN > One race > Native Hawaiian and Other Pacific Islander,0.0,count or percent,1.8,"In ZIP code 78207 (San Antonio, TX), 2024, among foreign-born, naturalized citizens: RACE AND HISPANIC OR LATINO ORIGIN > One race > Native Hawaiian and Other Pacific Islander = 0%. [ACS S0501 (2024); margin of error: +/-1.8]",S0501_C04_019E
78207,ACS S0501 (2024),2024,RACE AND HISPANIC OR LATINO ORIGIN,"Foreign-born, naturalized citizens",RACE AND HISPANIC OR LATINO ORIGIN > One race > Some other race,18.8,count or percent,9.2,"In ZIP code 78207 (San Antonio, TX), 2024, among foreign-born, naturalized citizens: RACE AND HISPANIC OR LATINO ORIGIN > One race > Some other race = 18.8%. [ACS S0501 (2024); margin of error: +/-9.2]",S0501_C04_020E
78207,ACS S0501 (2024),2024,RACE AND HISPANIC OR LATINO ORIGIN,"Foreign-born, naturalized citizens",RACE AND HISPANIC OR LATINO ORIGIN > Two or more races,60.3,count or percent,10.3,"In ZIP code 78207 (San Antonio, TX), 2024, among foreign-born, naturalized citizens: RACE AND HISPANIC OR LATINO ORIGIN > Two or more races = 60.3%. [ACS S0501 (2024); margin of error: +/-10.3]",S0501_C04_021E
78207,ACS S0501 (2024),2024,RACE AND HISPANIC OR LATINO ORIGIN,"Foreign-born, naturalized citizens",RACE AND HISPANIC OR LATINO ORIGIN > Hispanic or Latino origin (of any race),91.0,count or percent,6.0,"In ZIP code 78207 (San Antonio, TX), 2024, among foreign-born, naturalized citizens: RACE AND HISPANIC OR LATINO ORIGIN > Hispanic or Latino origin (of any race) = 91%. [ACS S0501 (2024); margin of error: +/-6]",S0501_C04_022E
78207,ACS S0501 (2024),2024,RACE AND HISPANIC OR LATINO ORIGIN,"Foreign-born, naturalized citizens","RACE AND HISPANIC OR LATINO ORIGIN > White alone, not Hispanic or Latino",1.8,count or percent,2.2,"In ZIP code 78207 (San Antonio, TX), 2024, among foreign-born, naturalized citizens: RACE AND HISPANIC OR LATINO ORIGIN > White alone, not Hispanic or Latino = 1.8%. [ACS S0501 (2024); margin of error: +/-2.2]",S0501_C04_023E
78207,ACS S0501 (2024),2024,HOUSEHOLD TYPE,"Foreign-born, naturalized citizens",HOUSEHOLD TYPE > In married-couple family,56.8,count or percent,9.7,"In ZIP code 78207 (San Antonio, TX), 2024, among foreign-born, naturalized citizens: HOUSEHOLD TYPE > In married-couple family = 56.8%. [ACS S0501 (2024); margin of error: +/-9.7]",S0501_C04_024E
78207,ACS S0501 (2024),2024,HOUSEHOLD TYPE,"Foreign-born, naturalized citizens",HOUSEHOLD TYPE > In other households,39.0,count or percent,9.7,"In ZIP code 78207 (San Antonio, TX), 2024, among foreign-born, naturalized citizens: HOUSEHOLD TYPE > In other households = 39%. [ACS S0501 (2024); margin of error: +/-9.7]",S0501_C04_025E
78207,ACS S0501 (2024),2024,Average  household size,"Foreign-born, naturalized citizens",Average  household size,3.16,count or percent,0.42,"In ZIP code 78207 (San Antonio, TX), 2024, among foreign-born, naturalized citizens: Average  household size = 3.16%. [ACS S0501 (2024); margin of error: +/-0.42]",S0501_C04_026E
78207,ACS S0501 (2024),2024,Average family size,"Foreign-born, naturalized citizens",Average family size,3.77,count or percent,0.46,"In ZIP code 78207 (San Antonio, TX), 2024, among foreign-born, naturalized citizens: Average family size = 3.77%. [ACS S0501 (2024); margin of error: +/-0.46]",S0501_C04_027E
78207,ACS S0501 (2024),2024,Population 15  years and over,"Foreign-born, naturalized citizens",MARITAL STATUS > Population 15  years and over,2694.0,count or percent,566,"In ZIP code 78207 (San Antonio, TX), 2024, among foreign-born, naturalized citizens: MARITAL STATUS > Population 15  years and over = 2,694. [ACS S0501 (2024); margin of error: +/-566]",S0501_C04_028E
78207,ACS S0501 (2024),2024,Population 15  years and over,"Foreign-born, naturalized citizens",MARITAL STATUS > Population 15  years and over > Never married,13.8,count or percent,5.8,"In ZIP code 78207 (San Antonio, TX), 2024, among foreign-born, naturalized citizens: MARITAL STATUS > Population 15  years and over > Never married = 13.8%. [ACS S0501 (2024); margin of error: +/-5.8]",S0501_C04_029E
78207,ACS S0501 (2024),2024,Population 15  years and over,"Foreign-born, naturalized citizens","MARITAL STATUS > Population 15  years and over > Now married, except separated",51.3,count or percent,8.7,"In ZIP code 78207 (San Antonio, TX), 2024, among foreign-born, naturalized citizens: MARITAL STATUS > Population 15  years and over > Now married, except separated = 51.3%. [ACS S0501 (2024); margin of error: +/-8.7]",S0501_C04_030E
78207,ACS S0501 (2024),2024,Population 15  years and over,"Foreign-born, naturalized citizens",MARITAL STATUS > Population 15  years and over > Divorced or separated,17.3,count or percent,6.5,"In ZIP code 78207 (San Antonio, TX), 2024, among foreign-born, naturalized citizens: MARITAL STATUS > Population 15  years and over > Divorced or separated = 17.3%. [ACS S0501 (2024); margin of error: +/-6.5]",S0501_C04_031E
78207,ACS S0501 (2024),2024,Population 15  years and over,"Foreign-born, naturalized citizens",MARITAL STATUS > Population 15  years and over > Widowed,17.6,count or percent,9.1,"In ZIP code 78207 (San Antonio, TX), 2024, among foreign-born, naturalized citizens: MARITAL STATUS > Population 15  years and over > Widowed = 17.6%. [ACS S0501 (2024); margin of error: +/-9.1]",S0501_C04_032E
78207,ACS S0501 (2024),2024,Population 3 years and over enrolled in school,"Foreign-born, naturalized citizens",SCHOOL ENROLLMENT > Population 3 years and over enrolled in school,141.0,count or percent,91,"In ZIP code 78207 (San Antonio, TX), 2024, among foreign-born, naturalized citizens: SCHOOL ENROLLMENT > Population 3 years and over enrolled in school = 141. [ACS S0501 (2024); margin of error: +/-91]",S0501_C04_033E
78207,ACS S0501 (2024),2024,Population 3 years and over enrolled in school,"Foreign-born, naturalized citizens","SCHOOL ENROLLMENT > Population 3 years and over enrolled in school > Nursery school, preschool",0.0,count or percent,29.0,"In ZIP code 78207 (San Antonio, TX), 2024, among foreign-born, naturalized citizens: SCHOOL ENROLLMENT > Population 3 years and over enrolled in school > Nursery school, preschool = 0%. [ACS S0501 (2024); margin of error: +/-29]",S0501_C04_034E
78207,ACS S0501 (2024),2024,Population 3 years and over enrolled in school,"Foreign-born, naturalized citizens",SCHOOL ENROLLMENT > Population 3 years and over enrolled in school > Elementary school (grades K-8),5.7,count or percent,8.6,"In ZIP code 78207 (San Antonio, TX), 2024, among foreign-born, naturalized citizens: SCHOOL ENROLLMENT > Population 3 years and over enrolled in school > Elementary school (grades K-8) = 5.7%. [ACS S0501 (2024); margin of error: +/-8.6]",S0501_C04_035E
78207,ACS S0501 (2024),2024,Population 3 years and over enrolled in school,"Foreign-born, naturalized citizens",SCHOOL ENROLLMENT > Population 3 years and over enrolled in school > High school (grades 9-12),17.7,count or percent,25.4,"In ZIP code 78207 (San Antonio, TX), 2024, among foreign-born, naturalized citizens: SCHOOL ENROLLMENT > Population 3 years and over enrolled in school > High school (grades 9-12) = 17.7%. [ACS S0501 (2024); margin of error: +/-25.4]",S0501_C04_036E
78207,ACS S0501 (2024),2024,Population 3 years and over enrolled in school,"Foreign-born, naturalized citizens",SCHOOL ENROLLMENT > Population 3 years and over enrolled in school > College or graduate school,76.6,count or percent,29.2,"In ZIP code 78207 (San Antonio, TX), 2024, among foreign-born, naturalized citizens: SCHOOL ENROLLMENT > Population 3 years and over enrolled in school > College or graduate school = 76.6%. [ACS S0501 (2024); margin of error: +/-29.2]",S0501_C04_037E
78207,ACS S0501 (2024),2024,Population 25 years and over,"Foreign-born, naturalized citizens",EDUCATIONAL ATTAINMENT > Population 25 years and over,2633.0,count or percent,561,"In ZIP code 78207 (San Antonio, TX), 2024, among foreign-born, naturalized citizens: EDUCATIONAL ATTAINMENT > Population 25 years and over = 2,633. [ACS S0501 (2024); margin of error: +/-561]",S0501_C04_038E
78207,ACS S0501 (2024),2024,Population 25 years and over,"Foreign-born, naturalized citizens",EDUCATIONAL ATTAINMENT > Population 25 years and over > Less than high school graduate,56.1,count or percent,8.1,"In ZIP code 78207 (San Antonio, TX), 2024, among foreign-born, naturalized citizens: EDUCATIONAL ATTAINMENT > Population 25 years and over > Less than high school graduate = 56.1%. [ACS S0501 (2024); margin of error: +/-8.1]",S0501_C04_039E
78207,ACS S0501 (2024),2024,Population 25 years and over,"Foreign-born, naturalized citizens",EDUCATIONAL ATTAINMENT > Population 25 years and over > High school graduate (includes equivalency),24.5,count or percent,7.2,"In ZIP code 78207 (San Antonio, TX), 2024, among foreign-born, naturalized citizens: EDUCATIONAL ATTAINMENT > Population 25 years and over > High school graduate (includes equivalency) = 24.5%. [ACS S0501 (2024); margin of error: +/-7.2]",S0501_C04_040E
78207,ACS S0501 (2024),2024,Population 25 years and over,"Foreign-born, naturalized citizens",EDUCATIONAL ATTAINMENT > Population 25 years and over > Some college or associate's degree,16.1,count or percent,4.6,"In ZIP code 78207 (San Antonio, TX), 2024, among foreign-born, naturalized citizens: EDUCATIONAL ATTAINMENT > Population 25 years and over > Some college or associate's degree = 16.1%. [ACS S0501 (2024); margin of error: +/-4.6]",S0501_C04_041E
78207,ACS S0501 (2024),2024,Population 25 years and over,"Foreign-born, naturalized citizens",EDUCATIONAL ATTAINMENT > Population 25 years and over > Bachelor's degree,1.9,count or percent,1.5,"In ZIP code 78207 (San Antonio, TX), 2024, among foreign-born, naturalized citizens: EDUCATIONAL ATTAINMENT > Population 25 years and over > Bachelor's degree = 1.9%. [ACS S0501 (2024); margin of error: +/-1.5]",S0501_C04_042E
78207,ACS S0501 (2024),2024,Population 25 years and over,"Foreign-born, naturalized citizens",EDUCATIONAL ATTAINMENT > Population 25 years and over > Graduate or professional degree,1.4,count or percent,1.9,"In ZIP code 78207 (San Antonio, TX), 2024, among foreign-born, naturalized citizens: EDUCATIONAL ATTAINMENT > Population 25 years and over > Graduate or professional degree = 1.4%. [ACS S0501 (2024); margin of error: +/-1.9]",S0501_C04_043E
78207,ACS S0501 (2024),2024,Population 5 years and over,"Foreign-born, naturalized citizens",LANGUAGE SPOKEN AT HOME AND ABILITY TO SPEAK ENGLISH > Population 5 years and over,2694.0,count or percent,566,"In ZIP code 78207 (San Antonio, TX), 2024, among foreign-born, naturalized citizens: LANGUAGE SPOKEN AT HOME AND ABILITY TO SPEAK ENGLISH > Population 5 years and over = 2,694. [ACS S0501 (2024); margin of error: +/-566]",S0501_C04_044E
78207,ACS S0501 (2024),2024,Population 5 years and over,"Foreign-born, naturalized citizens",LANGUAGE SPOKEN AT HOME AND ABILITY TO SPEAK ENGLISH > Population 5 years and over > English only,5.8,count or percent,5.4,"In ZIP code 78207 (San Antonio, TX), 2024, among foreign-born, naturalized citizens: LANGUAGE SPOKEN AT HOME AND ABILITY TO SPEAK ENGLISH > Population 5 years and over > English only = 5.8%. [ACS S0501 (2024); margin of error: +/-5.4]",S0501_C04_045E
78207,ACS S0501 (2024),2024,Population 5 years and over,"Foreign-born, naturalized citizens",LANGUAGE SPOKEN AT HOME AND ABILITY TO SPEAK ENGLISH > Population 5 years and over > Language other than English,94.2,count or percent,5.4,"In ZIP code 78207 (San Antonio, TX), 2024, among foreign-born, naturalized citizens: LANGUAGE SPOKEN AT HOME AND ABILITY TO SPEAK ENGLISH > Population 5 years and over > Language other than English = 94.2%. [ACS S0501 (2024); margin of error: +/-5.4]",S0501_C04_046E
78207,ACS S0501 (2024),2024,Population 5 years and over,"Foreign-born, naturalized citizens",LANGUAGE SPOKEN AT HOME AND ABILITY TO SPEAK ENGLISH > Population 5 years and over > Language other than English > Speak English less than very well,72.4,count or percent,9.7,"In ZIP code 78207 (San Antonio, TX), 2024, among foreign-born, naturalized citizens: LANGUAGE SPOKEN AT HOME AND ABILITY TO SPEAK ENGLISH > Population 5 years and over > Language other than English > Speak English less than very well = 72.4%. [ACS S0501 (2024); margin of error: +/-9.7]",S0501_C04_047E
78207,ACS S0501 (2024),2024,Population 16 years and over,"Foreign-born, naturalized citizens",EMPLOYMENT STATUS > Population 16 years and over,2694.0,count or percent,566,"In ZIP code 78207 (San Antonio, TX), 2024, among foreign-born, naturalized citizens: EMPLOYMENT STATUS > Population 16 years and over = 2,694. [ACS S0501 (2024); margin of error: +/-566]",S0501_C04_048E
78207,ACS S0501 (2024),2024,Population 16 years and over,"Foreign-born, naturalized citizens",EMPLOYMENT STATUS > Population 16 years and over > In labor force,37.0,count or percent,8.2,"In ZIP code 78207 (San Antonio, TX), 2024, among foreign-born, naturalized citizens: EMPLOYMENT STATUS > Population 16 years and over > In labor force = 37%. [ACS S0501 (2024); margin of error: +/-8.2]",S0501_C04_049E
78207,ACS S0501 (2024),2024,Population 16 years and over,"Foreign-born, naturalized citizens",EMPLOYMENT STATUS > Population 16 years and over > In labor force > Civilian labor force,37.0,count or percent,8.2,"In ZIP code 78207 (San Antonio, TX), 2024, among foreign-born, naturalized citizens: EMPLOYMENT STATUS > Population 16 years and over > In labor force > Civilian labor force = 37%. [ACS S0501 (2024); margin of error: +/-8.2]",S0501_C04_050E
78207,ACS S0501 (2024),2024,Population 16 years and over,"Foreign-born, naturalized citizens",EMPLOYMENT STATUS > Population 16 years and over > In labor force > Civilian labor force > Employed,31.6,count or percent,7.5,"In ZIP code 78207 (San Antonio, TX), 2024, among foreign-born, naturalized citizens: EMPLOYMENT STATUS > Population 16 years and over > In labor force > Civilian labor force > Employed = 31.6%. [ACS S0501 (2024); margin of error: +/-7.5]",S0501_C04_051E
78207,ACS S0501 (2024),2024,Population 16 years and over,"Foreign-born, naturalized citizens",EMPLOYMENT STATUS > Population 16 years and over > In labor force > Civilian labor force > Unemployed,5.5,count or percent,4.6,"In ZIP code 78207 (San Antonio, TX), 2024, among foreign-born, naturalized citizens: EMPLOYMENT STATUS > Population 16 years and over > In labor force > Civilian labor force > Unemployed = 5.5%. [ACS S0501 (2024); margin of error: +/-4.6]",S0501_C04_052E
78207,ACS S0501 (2024),2024,Population 16 years and over,"Foreign-born, naturalized citizens",EMPLOYMENT STATUS > Population 16 years and over > In labor force > Civilian labor force > Unemployed > Percent of civilian labor force,14.7,count or percent,11.2,"In ZIP code 78207 (San Antonio, TX), 2024, among foreign-born, naturalized citizens: EMPLOYMENT STATUS > Population 16 years and over > In labor force > Civilian labor force > Unemployed > Percent of civilian labor force = 14.7%. [ACS S0501 (2024); margin of error: +/-11.2]",S0501_C04_053E
78207,ACS S0501 (2024),2024,Population 16 years and over,"Foreign-born, naturalized citizens",EMPLOYMENT STATUS > Population 16 years and over > In labor force > Armed Forces,0.0,count or percent,1.8,"In ZIP code 78207 (San Antonio, TX), 2024, among foreign-born, naturalized citizens: EMPLOYMENT STATUS > Population 16 years and over > In labor force > Armed Forces = 0%. [ACS S0501 (2024); margin of error: +/-1.8]",S0501_C04_054E
78207,ACS S0501 (2024),2024,Population 16 years and over,"Foreign-born, naturalized citizens",EMPLOYMENT STATUS > Population 16 years and over > Not in labor force,63.0,count or percent,8.2,"In ZIP code 78207 (San Antonio, TX), 2024, among foreign-born, naturalized citizens: EMPLOYMENT STATUS > Population 16 years and over > Not in labor force = 63%. [ACS S0501 (2024); margin of error: +/-8.2]",S0501_C04_055E
78207,ACS S0501 (2024),2024,Civilian employed population 16 years and over,"Foreign-born, naturalized citizens",Civilian employed population 16 years and over,851.0,count or percent,239,"In ZIP code 78207 (San Antonio, TX), 2024, among foreign-born, naturalized citizens: Civilian employed population 16 years and over = 851. [ACS S0501 (2024); margin of error: +/-239]",S0501_C04_056E
78207,ACS S0501 (2024),2024,CLASS OF WORKER,"Foreign-born, naturalized citizens",Civilian employed population 16 years and over > CLASS OF WORKER > Private wage and salary workers,78.5,count or percent,9.8,"In ZIP code 78207 (San Antonio, TX), 2024, among foreign-born, naturalized citizens: Civilian employed population 16 years and over > CLASS OF WORKER > Private wage and salary workers = 78.5%. [ACS S0501 (2024); margin of error: +/-9.8]",S0501_C04_057E
78207,ACS S0501 (2024),2024,CLASS OF WORKER,"Foreign-born, naturalized citizens",Civilian employed population 16 years and over > CLASS OF WORKER > Government workers,9.0,count or percent,6.6,"In ZIP code 78207 (San Antonio, TX), 2024, among foreign-born, naturalized citizens: Civilian employed population 16 years and over > CLASS OF WORKER > Government workers = 9%. [ACS S0501 (2024); margin of error: +/-6.6]",S0501_C04_058E
78207,ACS S0501 (2024),2024,CLASS OF WORKER,"Foreign-born, naturalized citizens",Civilian employed population 16 years and over > CLASS OF WORKER > Self-employed workers in own not incorporated business,11.2,count or percent,6.6,"In ZIP code 78207 (San Antonio, TX), 2024, among foreign-born, naturalized citizens: Civilian employed population 16 years and over > CLASS OF WORKER > Self-employed workers in own not incorporated business = 11.2%. [ACS S0501 (2024); margin of error: +/-6.6]",S0501_C04_059E
78207,ACS S0501 (2024),2024,CLASS OF WORKER,"Foreign-born, naturalized citizens",Civilian employed population 16 years and over > CLASS OF WORKER > Unpaid family workers,1.3,count or percent,2.0,"In ZIP code 78207 (San Antonio, TX), 2024, among foreign-born, naturalized citizens: Civilian employed population 16 years and over > CLASS OF WORKER > Unpaid family workers = 1.3%. [ACS S0501 (2024); margin of error: +/-2]",S0501_C04_060E
78207,ACS S0501 (2024),2024,OCCUPATION,"Foreign-born, naturalized citizens","Civilian employed population 16 years and over > OCCUPATION > Management, business, science, and arts occupations",11.8,count or percent,7.1,"In ZIP code 78207 (San Antonio, TX), 2024, among foreign-born, naturalized citizens: Civilian employed population 16 years and over > OCCUPATION > Management, business, science, and arts occupations = 11.8%. [ACS S0501 (2024); margin of error: +/-7.1]",S0501_C04_061E
78207,ACS S0501 (2024),2024,OCCUPATION,"Foreign-born, naturalized citizens",Civilian employed population 16 years and over > OCCUPATION > Service occupations,26.3,count or percent,9.0,"In ZIP code 78207 (San Antonio, TX), 2024, among foreign-born, naturalized citizens: Civilian employed population 16 years and over > OCCUPATION > Service occupations = 26.3%. [ACS S0501 (2024); margin of error: +/-9]",S0501_C04_062E
78207,ACS S0501 (2024),2024,OCCUPATION,"Foreign-born, naturalized citizens",Civilian employed population 16 years and over > OCCUPATION > Sales and office occupations,11.8,count or percent,6.8,"In ZIP code 78207 (San Antonio, TX), 2024, among foreign-born, naturalized citizens: Civilian employed population 16 years and over > OCCUPATION > Sales and office occupations = 11.8%. [ACS S0501 (2024); margin of error: +/-6.8]",S0501_C04_063E
78207,ACS S0501 (2024),2024,OCCUPATION,"Foreign-born, naturalized citizens","Civilian employed population 16 years and over > OCCUPATION > Natural resources, construction, and maintenance occupations",20.0,count or percent,11.5,"In ZIP code 78207 (San Antonio, TX), 2024, among foreign-born, naturalized citizens: Civilian employed population 16 years and over > OCCUPATION > Natural resources, construction, and maintenance occupations = 20%. [ACS S0501 (2024); margin of error: +/-11.5]",S0501_C04_064E
78207,ACS S0501 (2024),2024,OCCUPATION,"Foreign-born, naturalized citizens","Civilian employed population 16 years and over > OCCUPATION > Production, transportation, and material moving occupations",30.2,count or percent,12.1,"In ZIP code 78207 (San Antonio, TX), 2024, among foreign-born, naturalized citizens: Civilian employed population 16 years and over > OCCUPATION > Production, transportation, and material moving occupations = 30.2%. [ACS S0501 (2024); margin of error: +/-12.1]",S0501_C04_065E
78207,ACS S0501 (2024),2024,INDUSTRY,"Foreign-born, naturalized citizens","Civilian employed population 16 years and over > INDUSTRY > Agriculture, forestry, fishing and hunting, and mining",0.6,count or percent,0.9,"In ZIP code 78207 (San Antonio, TX), 2024, among foreign-born, naturalized citizens: Civilian employed population 16 years and over > INDUSTRY > Agriculture, forestry, fishing and hunting, and mining = 0.6%. [ACS S0501 (2024); margin of error: +/-0.9]",S0501_C04_066E
78207,ACS S0501 (2024),2024,INDUSTRY,"Foreign-born, naturalized citizens",Civilian employed population 16 years and over > INDUSTRY > Construction,18.6,count or percent,11.1,"In ZIP code 78207 (San Antonio, TX), 2024, among foreign-born, naturalized citizens: Civilian employed population 16 years and over > INDUSTRY > Construction = 18.6%. [ACS S0501 (2024); margin of error: +/-11.1]",S0501_C04_067E
78207,ACS S0501 (2024),2024,INDUSTRY,"Foreign-born, naturalized citizens",Civilian employed population 16 years and over > INDUSTRY > Manufacturing,16.5,count or percent,9.4,"In ZIP code 78207 (San Antonio, TX), 2024, among foreign-born, naturalized citizens: Civilian employed population 16 years and over > INDUSTRY > Manufacturing = 16.5%. [ACS S0501 (2024); margin of error: +/-9.4]",S0501_C04_068E
78207,ACS S0501 (2024),2024,INDUSTRY,"Foreign-born, naturalized citizens",Civilian employed population 16 years and over > INDUSTRY > Wholesale trade,0.4,count or percent,0.6,"In ZIP code 78207 (San Antonio, TX), 2024, among foreign-born, naturalized citizens: Civilian employed population 16 years and over > INDUSTRY > Wholesale trade = 0.4%. [ACS S0501 (2024); margin of error: +/-0.6]",S0501_C04_069E
78207,ACS S0501 (2024),2024,INDUSTRY,"Foreign-born, naturalized citizens",Civilian employed population 16 years and over > INDUSTRY > Retail trade,12.6,count or percent,8.4,"In ZIP code 78207 (San Antonio, TX), 2024, among foreign-born, naturalized citizens: Civilian employed population 16 years and over > INDUSTRY > Retail trade = 12.6%. [ACS S0501 (2024); margin of error: +/-8.4]",S0501_C04_070E
78207,ACS S0501 (2024),2024,INDUSTRY,"Foreign-born, naturalized citizens","Civilian employed population 16 years and over > INDUSTRY > Transportation and warehousing, and utilities",2.5,count or percent,4.0,"In ZIP code 78207 (San Antonio, TX), 2024, among foreign-born, naturalized citizens: Civilian employed population 16 years and over > INDUSTRY > Transportation and warehousing, and utilities = 2.5%. [ACS S0501 (2024); margin of error: +/-4]",S0501_C04_071E
78207,ACS S0501 (2024),2024,INDUSTRY,"Foreign-born, naturalized citizens",Civilian employed population 16 years and over > INDUSTRY > Information,2.8,count or percent,3.0,"In ZIP code 78207 (San Antonio, TX), 2024, among foreign-born, naturalized citizens: Civilian employed population 16 years and over > INDUSTRY > Information = 2.8%. [ACS S0501 (2024); margin of error: +/-3]",S0501_C04_072E
78207,ACS S0501 (2024),2024,INDUSTRY,"Foreign-born, naturalized citizens","Civilian employed population 16 years and over > INDUSTRY > Finance and insurance, and real estate and rental and leasing",4.0,count or percent,3.2,"In ZIP code 78207 (San Antonio, TX), 2024, among foreign-born, naturalized citizens: Civilian employed population 16 years and over > INDUSTRY > Finance and insurance, and real estate and rental and leasing = 4%. [ACS S0501 (2024); margin of error: +/-3.2]",S0501_C04_073E
78207,ACS S0501 (2024),2024,INDUSTRY,"Foreign-born, naturalized citizens","Civilian employed population 16 years and over > INDUSTRY > Professional, scientific, and management, and administrative and waste management services",6.6,count or percent,5.6,"In ZIP code 78207 (San Antonio, TX), 2024, among foreign-born, naturalized citizens: Civilian employed population 16 years and over > INDUSTRY > Professional, scientific, and management, and administrative and waste management services = 6.6%. [ACS S0501 (2024); margin of error: +/-5.6]",S0501_C04_074E
78207,ACS S0501 (2024),2024,INDUSTRY,"Foreign-born, naturalized citizens","Civilian employed population 16 years and over > INDUSTRY > Educational services, and health care and social assistance",19.2,count or percent,10.2,"In ZIP code 78207 (San Antonio, TX), 2024, among foreign-born, naturalized citizens: Civilian employed population 16 years and over > INDUSTRY > Educational services, and health care and social assistance = 19.2%. [ACS S0501 (2024); margin of error: +/-10.2]",S0501_C04_075E
78207,ACS S0501 (2024),2024,INDUSTRY,"Foreign-born, naturalized citizens","Civilian employed population 16 years and over > INDUSTRY > Arts, entertainment, and recreation, and accommodation and food services",6.8,count or percent,5.7,"In ZIP code 78207 (San Antonio, TX), 2024, among foreign-born, naturalized citizens: Civilian employed population 16 years and over > INDUSTRY > Arts, entertainment, and recreation, and accommodation and food services = 6.8%. [ACS S0501 (2024); margin of error: +/-5.7]",S0501_C04_076E
78207,ACS S0501 (2024),2024,INDUSTRY,"Foreign-born, naturalized citizens",Civilian employed population 16 years and over > INDUSTRY > Other services (except public administration),8.6,count or percent,8.5,"In ZIP code 78207 (San Antonio, TX), 2024, among foreign-born, naturalized citizens: Civilian employed population 16 years and over > INDUSTRY > Other services (except public administration) = 8.6%. [ACS S0501 (2024); margin of error: +/-8.5]",S0501_C04_077E
78207,ACS S0501 (2024),2024,INDUSTRY,"Foreign-born, naturalized citizens",Civilian employed population 16 years and over > INDUSTRY > Public administration,1.1,count or percent,1.9,"In ZIP code 78207 (San Antonio, TX), 2024, among foreign-born, naturalized citizens: Civilian employed population 16 years and over > INDUSTRY > Public administration = 1.1%. [ACS S0501 (2024); margin of error: +/-1.9]",S0501_C04_078E
78207,ACS S0501 (2024),2024,Population 16 years and over with earnings,"Foreign-born, naturalized citizens","EARNINGS IN THE PAST 12 MONTHS (IN 2024 INFLATION-ADJUSTED DOLLARS) FOR FULL-TIME, YEAR-ROUND WORKERS > Population 16 years and over with earnings",602.0,count or percent,194,"In ZIP code 78207 (San Antonio, TX), 2024, among foreign-born, naturalized citizens: EARNINGS IN THE PAST 12 MONTHS (IN 2024 INFLATION-ADJUSTED DOLLARS) FOR FULL-TIME, YEAR-ROUND WORKERS > Population 16 years and over with earnings = $602. [ACS S0501 (2024); margin of error: +/-194]",S0501_C04_079E
78207,ACS S0501 (2024),2024,Population 16 years and over with earnings,"Foreign-born, naturalized citizens","EARNINGS IN THE PAST 12 MONTHS (IN 2024 INFLATION-ADJUSTED DOLLARS) FOR FULL-TIME, YEAR-ROUND WORKERS > Population 16 years and over with earnings > $1 to $9,999 or loss",0.0,count or percent,8.0,"In ZIP code 78207 (San Antonio, TX), 2024, among foreign-born, naturalized citizens: EARNINGS IN THE PAST 12 MONTHS (IN 2024 INFLATION-ADJUSTED DOLLARS) FOR FULL-TIME, YEAR-ROUND WORKERS > Population 16 years and over with earnings > $1 to $9,999 or loss = $0. [ACS S0501 (2024); margin of error: +/-8]",S0501_C04_080E
78207,ACS S0501 (2024),2024,Population 16 years and over with earnings,"Foreign-born, naturalized citizens","EARNINGS IN THE PAST 12 MONTHS (IN 2024 INFLATION-ADJUSTED DOLLARS) FOR FULL-TIME, YEAR-ROUND WORKERS > Population 16 years and over with earnings > $10,000 to $14,999",3.0,count or percent,3.9,"In ZIP code 78207 (San Antonio, TX), 2024, among foreign-born, naturalized citizens: EARNINGS IN THE PAST 12 MONTHS (IN 2024 INFLATION-ADJUSTED DOLLARS) FOR FULL-TIME, YEAR-ROUND WORKERS > Population 16 years and over with earnings > $10,000 to $14,999 = $3. [ACS S0501 (2024); margin of error: +/-3.9]",S0501_C04_081E
78207,ACS S0501 (2024),2024,Population 16 years and over with earnings,"Foreign-born, naturalized citizens","EARNINGS IN THE PAST 12 MONTHS (IN 2024 INFLATION-ADJUSTED DOLLARS) FOR FULL-TIME, YEAR-ROUND WORKERS > Population 16 years and over with earnings > $15,000 to $24,999",15.9,count or percent,9.9,"In ZIP code 78207 (San Antonio, TX), 2024, among foreign-born, naturalized citizens: EARNINGS IN THE PAST 12 MONTHS (IN 2024 INFLATION-ADJUSTED DOLLARS) FOR FULL-TIME, YEAR-ROUND WORKERS > Population 16 years and over with earnings > $15,000 to $24,999 = $16. [ACS S0501 (2024); margin of error: +/-9.9]",S0501_C04_082E
78207,ACS S0501 (2024),2024,Population 16 years and over with earnings,"Foreign-born, naturalized citizens","EARNINGS IN THE PAST 12 MONTHS (IN 2024 INFLATION-ADJUSTED DOLLARS) FOR FULL-TIME, YEAR-ROUND WORKERS > Population 16 years and over with earnings > $25,000 to $34,999",25.9,count or percent,11.8,"In ZIP code 78207 (San Antonio, TX), 2024, among foreign-born, naturalized citizens: EARNINGS IN THE PAST 12 MONTHS (IN 2024 INFLATION-ADJUSTED DOLLARS) FOR FULL-TIME, YEAR-ROUND WORKERS > Population 16 years and over with earnings > $25,000 to $34,999 = $26. [ACS S0501 (2024); margin of error: +/-11.8]",S0501_C04_083E
78207,ACS S0501 (2024),2024,Population 16 years and over with earnings,"Foreign-born, naturalized citizens","EARNINGS IN THE PAST 12 MONTHS (IN 2024 INFLATION-ADJUSTED DOLLARS) FOR FULL-TIME, YEAR-ROUND WORKERS > Population 16 years and over with earnings > $35,000 to $49,999",33.1,count or percent,14.8,"In ZIP code 78207 (San Antonio, TX), 2024, among foreign-born, naturalized citizens: EARNINGS IN THE PAST 12 MONTHS (IN 2024 INFLATION-ADJUSTED DOLLARS) FOR FULL-TIME, YEAR-ROUND WORKERS > Population 16 years and over with earnings > $35,000 to $49,999 = $33. [ACS S0501 (2024); margin of error: +/-14.8]",S0501_C04_084E
78207,ACS S0501 (2024),2024,Population 16 years and over with earnings,"Foreign-born, naturalized citizens","EARNINGS IN THE PAST 12 MONTHS (IN 2024 INFLATION-ADJUSTED DOLLARS) FOR FULL-TIME, YEAR-ROUND WORKERS > Population 16 years and over with earnings > $50,000 to $74,999",8.5,count or percent,8.6,"In ZIP code 78207 (San Antonio, TX), 2024, among foreign-born, naturalized citizens: EARNINGS IN THE PAST 12 MONTHS (IN 2024 INFLATION-ADJUSTED DOLLARS) FOR FULL-TIME, YEAR-ROUND WORKERS > Population 16 years and over with earnings > $50,000 to $74,999 = $8. [ACS S0501 (2024); margin of error: +/-8.6]",S0501_C04_085E
78207,ACS S0501 (2024),2024,Population 16 years and over with earnings,"Foreign-born, naturalized citizens","EARNINGS IN THE PAST 12 MONTHS (IN 2024 INFLATION-ADJUSTED DOLLARS) FOR FULL-TIME, YEAR-ROUND WORKERS > Population 16 years and over with earnings > $75,000 or more",13.6,count or percent,10.7,"In ZIP code 78207 (San Antonio, TX), 2024, among foreign-born, naturalized citizens: EARNINGS IN THE PAST 12 MONTHS (IN 2024 INFLATION-ADJUSTED DOLLARS) FOR FULL-TIME, YEAR-ROUND WORKERS > Population 16 years and over with earnings > $75,000 or more = $14. [ACS S0501 (2024); margin of error: +/-10.7]",S0501_C04_086E
78207,ACS S0501 (2024),2024,Population 16 years and over with earnings,"Foreign-born, naturalized citizens","EARNINGS IN THE PAST 12 MONTHS (IN 2024 INFLATION-ADJUSTED DOLLARS) FOR FULL-TIME, YEAR-ROUND WORKERS > Population 16 years and over with earnings > Median earnings (dollars) for full-time, year-round workers > Male",39620.0,count or percent,3726,"In ZIP code 78207 (San Antonio, TX), 2024, among foreign-born, naturalized citizens: EARNINGS IN THE PAST 12 MONTHS (IN 2024 INFLATION-ADJUSTED DOLLARS) FOR FULL-TIME, YEAR-ROUND WORKERS > Population 16 years and over with earnings > Median earnings (dollars) for full-time, year-round workers > Male = $39,620. [ACS S0501 (2024); margin of error: +/-3726]",S0501_C04_087E
78207,ACS S0501 (2024),2024,Population 16 years and over with earnings,"Foreign-born, naturalized citizens","EARNINGS IN THE PAST 12 MONTHS (IN 2024 INFLATION-ADJUSTED DOLLARS) FOR FULL-TIME, YEAR-ROUND WORKERS > Population 16 years and over with earnings > Median earnings (dollars) for full-time, year-round workers > Female",31556.0,count or percent,8901,"In ZIP code 78207 (San Antonio, TX), 2024, among foreign-born, naturalized citizens: EARNINGS IN THE PAST 12 MONTHS (IN 2024 INFLATION-ADJUSTED DOLLARS) FOR FULL-TIME, YEAR-ROUND WORKERS > Population 16 years and over with earnings > Median earnings (dollars) for full-time, year-round workers > Female = $31,556. [ACS S0501 (2024); margin of error: +/-8901]",S0501_C04_088E
78207,ACS S0501 (2024),2024,Households,"Foreign-born, naturalized citizens",INCOME IN THE PAST 12 MONTHS (IN 2024 INFLATION-ADJUSTED DOLLARS) > Households,1432.0,count or percent,304,"In ZIP code 78207 (San Antonio, TX), 2024, among foreign-born, naturalized citizens: INCOME IN THE PAST 12 MONTHS (IN 2024 INFLATION-ADJUSTED DOLLARS) > Households = $1,432. [ACS S0501 (2024); margin of error: +/-304]",S0501_C04_089E
78207,ACS S0501 (2024),2024,Households,"Foreign-born, naturalized citizens",INCOME IN THE PAST 12 MONTHS (IN 2024 INFLATION-ADJUSTED DOLLARS) > Households > With earnings,65.8,count or percent,9.5,"In ZIP code 78207 (San Antonio, TX), 2024, among foreign-born, naturalized citizens: INCOME IN THE PAST 12 MONTHS (IN 2024 INFLATION-ADJUSTED DOLLARS) > Households > With earnings = $66. [ACS S0501 (2024); margin of error: +/-9.5]",S0501_C04_090E
78207,ACS S0501 (2024),2024,Households,"Foreign-born, naturalized citizens",INCOME IN THE PAST 12 MONTHS (IN 2024 INFLATION-ADJUSTED DOLLARS) > Households > With earnings > Mean earnings (dollars),73368.0,count or percent,29308,"In ZIP code 78207 (San Antonio, TX), 2024, among foreign-born, naturalized citizens: INCOME IN THE PAST 12 MONTHS (IN 2024 INFLATION-ADJUSTED DOLLARS) > Households > With earnings > Mean earnings (dollars) = $73,368. [ACS S0501 (2024); margin of error: +/-29308]",S0501_C04_091E
78207,ACS S0501 (2024),2024,Households,"Foreign-born, naturalized citizens",INCOME IN THE PAST 12 MONTHS (IN 2024 INFLATION-ADJUSTED DOLLARS) > Households > With Social Security income,52.8,count or percent,11.5,"In ZIP code 78207 (San Antonio, TX), 2024, among foreign-born, naturalized citizens: INCOME IN THE PAST 12 MONTHS (IN 2024 INFLATION-ADJUSTED DOLLARS) > Households > With Social Security income = $53. [ACS S0501 (2024); margin of error: +/-11.5]",S0501_C04_092E
78207,ACS S0501 (2024),2024,Households,"Foreign-born, naturalized citizens",INCOME IN THE PAST 12 MONTHS (IN 2024 INFLATION-ADJUSTED DOLLARS) > Households > With Social Security income > Mean Social Security income (dollars),16933.0,count or percent,2240,"In ZIP code 78207 (San Antonio, TX), 2024, among foreign-born, naturalized citizens: INCOME IN THE PAST 12 MONTHS (IN 2024 INFLATION-ADJUSTED DOLLARS) > Households > With Social Security income > Mean Social Security income (dollars) = $16,933. [ACS S0501 (2024); margin of error: +/-2240]",S0501_C04_093E
78207,ACS S0501 (2024),2024,Households,"Foreign-born, naturalized citizens",INCOME IN THE PAST 12 MONTHS (IN 2024 INFLATION-ADJUSTED DOLLARS) > Households > With Supplemental Security Income,21.4,count or percent,9.2,"In ZIP code 78207 (San Antonio, TX), 2024, among foreign-born, naturalized citizens: INCOME IN THE PAST 12 MONTHS (IN 2024 INFLATION-ADJUSTED DOLLARS) > Households > With Supplemental Security Income = $21. [ACS S0501 (2024); margin of error: +/-9.2]",S0501_C04_094E
78207,ACS S0501 (2024),2024,Households,"Foreign-born, naturalized citizens",INCOME IN THE PAST 12 MONTHS (IN 2024 INFLATION-ADJUSTED DOLLARS) > Households > With Supplemental Security Income > Mean Supplemental Security Income (dollars),9134.0,count or percent,1838,"In ZIP code 78207 (San Antonio, TX), 2024, among foreign-born, naturalized citizens: INCOME IN THE PAST 12 MONTHS (IN 2024 INFLATION-ADJUSTED DOLLARS) > Households > With Supplemental Security Income > Mean Supplemental Security Income (dollars) = $9,134. [ACS S0501 (2024); margin of error: +/-1838]",S0501_C04_095E
78207,ACS S0501 (2024),2024,Households,"Foreign-born, naturalized citizens",INCOME IN THE PAST 12 MONTHS (IN 2024 INFLATION-ADJUSTED DOLLARS) > Households > With cash public assistance income,6.0,count or percent,6.0,"In ZIP code 78207 (San Antonio, TX), 2024, among foreign-born, naturalized citizens: INCOME IN THE PAST 12 MONTHS (IN 2024 INFLATION-ADJUSTED DOLLARS) > Households > With cash public assistance income = $6. [ACS S0501 (2024); margin of error: +/-6]",S0501_C04_096E
78207,ACS S0501 (2024),2024,Households,"Foreign-born, naturalized citizens",INCOME IN THE PAST 12 MONTHS (IN 2024 INFLATION-ADJUSTED DOLLARS) > Households > With cash public assistance income > Mean cash public assistance income (dollars),3036.0,count or percent,949,"In ZIP code 78207 (San Antonio, TX), 2024, among foreign-born, naturalized citizens: INCOME IN THE PAST 12 MONTHS (IN 2024 INFLATION-ADJUSTED DOLLARS) > Households > With cash public assistance income > Mean cash public assistance income (dollars) = $3,036. [ACS S0501 (2024); margin of error: +/-949]",S0501_C04_097E
78207,ACS S0501 (2024),2024,Households,"Foreign-born, naturalized citizens",INCOME IN THE PAST 12 MONTHS (IN 2024 INFLATION-ADJUSTED DOLLARS) > Households > With retirement income,26.1,count or percent,9.4,"In ZIP code 78207 (San Antonio, TX), 2024, among foreign-born, naturalized citizens: INCOME IN THE PAST 12 MONTHS (IN 2024 INFLATION-ADJUSTED DOLLARS) > Households > With retirement income = $26. [ACS S0501 (2024); margin of error: +/-9.4]",S0501_C04_098E
78207,ACS S0501 (2024),2024,Households,"Foreign-born, naturalized citizens",INCOME IN THE PAST 12 MONTHS (IN 2024 INFLATION-ADJUSTED DOLLARS) > Households > With retirement income > Mean retirement income (dollars),14192.0,count or percent,4915,"In ZIP code 78207 (San Antonio, TX), 2024, among foreign-born, naturalized citizens: INCOME IN THE PAST 12 MONTHS (IN 2024 INFLATION-ADJUSTED DOLLARS) > Households > With retirement income > Mean retirement income (dollars) = $14,192. [ACS S0501 (2024); margin of error: +/-4915]",S0501_C04_099E
78207,ACS S0501 (2024),2024,Households,"Foreign-born, naturalized citizens",INCOME IN THE PAST 12 MONTHS (IN 2024 INFLATION-ADJUSTED DOLLARS) > Households > With Food Stamp/SNAP benefits,44.8,count or percent,9.5,"In ZIP code 78207 (San Antonio, TX), 2024, among foreign-born, naturalized citizens: INCOME IN THE PAST 12 MONTHS (IN 2024 INFLATION-ADJUSTED DOLLARS) > Households > With Food Stamp/SNAP benefits = $45. [ACS S0501 (2024); margin of error: +/-9.5]",S0501_C04_100E
78207,ACS S0501 (2024),2024,Households,"Foreign-born, naturalized citizens",INCOME IN THE PAST 12 MONTHS (IN 2024 INFLATION-ADJUSTED DOLLARS) > Households > Median Household income (dollars),34395.0,count or percent,10498,"In ZIP code 78207 (San Antonio, TX), 2024, among foreign-born, naturalized citizens: INCOME IN THE PAST 12 MONTHS (IN 2024 INFLATION-ADJUSTED DOLLARS) > Households > Median Household income (dollars) = $34,395. [ACS S0501 (2024); margin of error: +/-10498]",S0501_C04_101E
78207,ACS S0501 (2024),2024,Households,"Foreign-born, naturalized citizens",INCOME IN THE PAST 12 MONTHS (IN 2024 INFLATION-ADJUSTED DOLLARS) > Households > Average number of workers per household,1.09,count or percent,0.31,"In ZIP code 78207 (San Antonio, TX), 2024, among foreign-born, naturalized citizens: INCOME IN THE PAST 12 MONTHS (IN 2024 INFLATION-ADJUSTED DOLLARS) > Households > Average number of workers per household = $1. [ACS S0501 (2024); margin of error: +/-0.31]",S0501_C04_102E
78207,ACS S0501 (2024),2024,Population for whom poverty status is determined,"Foreign-born, naturalized citizens",POVERTY STATUS IN THE PAST 12 MONTHS > Population for whom poverty status is determined,2650.0,count or percent,568,"In ZIP code 78207 (San Antonio, TX), 2024, among foreign-born, naturalized citizens: POVERTY STATUS IN THE PAST 12 MONTHS > Population for whom poverty status is determined = 2,650. [ACS S0501 (2024); margin of error: +/-568]",S0501_C04_103E
78207,ACS S0501 (2024),2024,Population for whom poverty status is determined,"Foreign-born, naturalized citizens",POVERTY STATUS IN THE PAST 12 MONTHS > Population for whom poverty status is determined > Below 100 percent of the poverty level,28.6,count or percent,8.5,"In ZIP code 78207 (San Antonio, TX), 2024, among foreign-born, naturalized citizens: POVERTY STATUS IN THE PAST 12 MONTHS > Population for whom poverty status is determined > Below 100 percent of the poverty level = 28.6%. [ACS S0501 (2024); margin of error: +/-8.5]",S0501_C04_104E
78207,ACS S0501 (2024),2024,Population for whom poverty status is determined,"Foreign-born, naturalized citizens",POVERTY STATUS IN THE PAST 12 MONTHS > Population for whom poverty status is determined > 100 to 199 percent of the poverty level,32.2,count or percent,8.3,"In ZIP code 78207 (San Antonio, TX), 2024, among foreign-born, naturalized citizens: POVERTY STATUS IN THE PAST 12 MONTHS > Population for whom poverty status is determined > 100 to 199 percent of the poverty level = 32.2%. [ACS S0501 (2024); margin of error: +/-8.3]",S0501_C04_105E
78207,ACS S0501 (2024),2024,Population for whom poverty status is determined,"Foreign-born, naturalized citizens",POVERTY STATUS IN THE PAST 12 MONTHS > Population for whom poverty status is determined > At or above 200 percent of the poverty level,39.2,count or percent,9.2,"In ZIP code 78207 (San Antonio, TX), 2024, among foreign-born, naturalized citizens: POVERTY STATUS IN THE PAST 12 MONTHS > Population for whom poverty status is determined > At or above 200 percent of the poverty level = 39.2%. [ACS S0501 (2024); margin of error: +/-9.2]",S0501_C04_106E
78207,ACS S0501 (2024),2024,POVERTY RATES FOR FAMILIES FOR WHOM POVERTY STATUS IS DETERMINED,"Foreign-born, naturalized citizens",POVERTY STATUS IN THE PAST 12 MONTHS > POVERTY RATES FOR FAMILIES FOR WHOM POVERTY STATUS IS DETERMINED > All families,21.3,count or percent,9.1,"In ZIP code 78207 (San Antonio, TX), 2024, among foreign-born, naturalized citizens: POVERTY STATUS IN THE PAST 12 MONTHS > POVERTY RATES FOR FAMILIES FOR WHOM POVERTY STATUS IS DETERMINED > All families = 21.3%. [ACS S0501 (2024); margin of error: +/-9.1]",S0501_C04_107E
78207,ACS S0501 (2024),2024,POVERTY RATES FOR FAMILIES FOR WHOM POVERTY STATUS IS DETERMINED,"Foreign-born, naturalized citizens",POVERTY STATUS IN THE PAST 12 MONTHS > POVERTY RATES FOR FAMILIES FOR WHOM POVERTY STATUS IS DETERMINED > All families > With related children of the householder under 18 years,36.1,count or percent,19.9,"In ZIP code 78207 (San Antonio, TX), 2024, among foreign-born, naturalized citizens: POVERTY STATUS IN THE PAST 12 MONTHS > POVERTY RATES FOR FAMILIES FOR WHOM POVERTY STATUS IS DETERMINED > All families > With related children of the householder under 18 years = 36.1%. [ACS S0501 (2024); margin of error: +/-19.9]",S0501_C04_108E
78207,ACS S0501 (2024),2024,POVERTY RATES FOR FAMILIES FOR WHOM POVERTY STATUS IS DETERMINED,"Foreign-born, naturalized citizens",POVERTY STATUS IN THE PAST 12 MONTHS > POVERTY RATES FOR FAMILIES FOR WHOM POVERTY STATUS IS DETERMINED > All families > With related children of the householder under 5 years only,20.0,count or percent,31.0,"In ZIP code 78207 (San Antonio, TX), 2024, among foreign-born, naturalized citizens: POVERTY STATUS IN THE PAST 12 MONTHS > POVERTY RATES FOR FAMILIES FOR WHOM POVERTY STATUS IS DETERMINED > All families > With related children of the householder under 5 years only = 20%. [ACS S0501 (2024); margin of error: +/-31]",S0501_C04_109E
78207,ACS S0501 (2024),2024,POVERTY RATES FOR FAMILIES FOR WHOM POVERTY STATUS IS DETERMINED,"Foreign-born, naturalized citizens",POVERTY STATUS IN THE PAST 12 MONTHS > POVERTY RATES FOR FAMILIES FOR WHOM POVERTY STATUS IS DETERMINED > Married-couple family,26.4,count or percent,11.4,"In ZIP code 78207 (San Antonio, TX), 2024, among foreign-born, naturalized citizens: POVERTY STATUS IN THE PAST 12 MONTHS > POVERTY RATES FOR FAMILIES FOR WHOM POVERTY STATUS IS DETERMINED > Married-couple family = 26.4%. [ACS S0501 (2024); margin of error: +/-11.4]",S0501_C04_110E
78207,ACS S0501 (2024),2024,POVERTY RATES FOR FAMILIES FOR WHOM POVERTY STATUS IS DETERMINED,"Foreign-born, naturalized citizens",POVERTY STATUS IN THE PAST 12 MONTHS > POVERTY RATES FOR FAMILIES FOR WHOM POVERTY STATUS IS DETERMINED > Married-couple family > With related children of the householder under 18 years,57.2,count or percent,28.1,"In ZIP code 78207 (San Antonio, TX), 2024, among foreign-born, naturalized citizens: POVERTY STATUS IN THE PAST 12 MONTHS > POVERTY RATES FOR FAMILIES FOR WHOM POVERTY STATUS IS DETERMINED > Married-couple family > With related children of the householder under 18 years = 57.2%. [ACS S0501 (2024); margin of error: +/-28.1]",S0501_C04_111E
78207,ACS S0501 (2024),2024,POVERTY RATES FOR FAMILIES FOR WHOM POVERTY STATUS IS DETERMINED,"Foreign-born, naturalized citizens",POVERTY STATUS IN THE PAST 12 MONTHS > POVERTY RATES FOR FAMILIES FOR WHOM POVERTY STATUS IS DETERMINED > Married-couple family > With related children of the householder under 5 years only,57.1,count or percent,57.1,"In ZIP code 78207 (San Antonio, TX), 2024, among foreign-born, naturalized citizens: POVERTY STATUS IN THE PAST 12 MONTHS > POVERTY RATES FOR FAMILIES FOR WHOM POVERTY STATUS IS DETERMINED > Married-couple family > With related children of the householder under 5 years only = 57.1%. [ACS S0501 (2024); margin of error: +/-57.1]",S0501_C04_112E
78207,ACS S0501 (2024),2024,POVERTY RATES FOR FAMILIES FOR WHOM POVERTY STATUS IS DETERMINED,"Foreign-born, naturalized citizens","POVERTY STATUS IN THE PAST 12 MONTHS > POVERTY RATES FOR FAMILIES FOR WHOM POVERTY STATUS IS DETERMINED > Female householder, no spouse present, family",19.0,count or percent,18.1,"In ZIP code 78207 (San Antonio, TX), 2024, among foreign-born, naturalized citizens: POVERTY STATUS IN THE PAST 12 MONTHS > POVERTY RATES FOR FAMILIES FOR WHOM POVERTY STATUS IS DETERMINED > Female householder, no spouse present, family = 19%. [ACS S0501 (2024); margin of error: +/-18.1]",S0501_C04_113E
78207,ACS S0501 (2024),2024,POVERTY RATES FOR FAMILIES FOR WHOM POVERTY STATUS IS DETERMINED,"Foreign-born, naturalized citizens","POVERTY STATUS IN THE PAST 12 MONTHS > POVERTY RATES FOR FAMILIES FOR WHOM POVERTY STATUS IS DETERMINED > Female householder, no spouse present, family > With related children of the householder under 18 years",23.6,count or percent,30.8,"In ZIP code 78207 (San Antonio, TX), 2024, among foreign-born, naturalized citizens: POVERTY STATUS IN THE PAST 12 MONTHS > POVERTY RATES FOR FAMILIES FOR WHOM POVERTY STATUS IS DETERMINED > Female householder, no spouse present, family > With related children of the householder under 18 years = 23.6%. [ACS S0501 (2024); margin of error: +/-30.8]",S0501_C04_114E
78207,ACS S0501 (2024),2024,POVERTY RATES FOR FAMILIES FOR WHOM POVERTY STATUS IS DETERMINED,"Foreign-born, naturalized citizens","POVERTY STATUS IN THE PAST 12 MONTHS > POVERTY RATES FOR FAMILIES FOR WHOM POVERTY STATUS IS DETERMINED > Female householder, no spouse present, family > With related children of the householder under 5 years only",12.7,count or percent,28.8,"In ZIP code 78207 (San Antonio, TX), 2024, among foreign-born, naturalized citizens: POVERTY STATUS IN THE PAST 12 MONTHS > POVERTY RATES FOR FAMILIES FOR WHOM POVERTY STATUS IS DETERMINED > Female householder, no spouse present, family > With related children of the householder under 5 years only = 12.7%. [ACS S0501 (2024); margin of error: +/-28.8]",S0501_C04_115E
78207,ACS S0501 (2024),2024,Occupied housing units,"Foreign-born, naturalized citizens",Occupied housing units,1432.0,count or percent,304,"In ZIP code 78207 (San Antonio, TX), 2024, among foreign-born, naturalized citizens: Occupied housing units = 1,432. [ACS S0501 (2024); margin of error: +/-304]",S0501_C04_116E
78207,ACS S0501 (2024),2024,HOUSING TENURE,"Foreign-born, naturalized citizens",Occupied housing units > HOUSING TENURE > Owner-occupied housing units,71.9,count or percent,9.7,"In ZIP code 78207 (San Antonio, TX), 2024, among foreign-born, naturalized citizens: Occupied housing units > HOUSING TENURE > Owner-occupied housing units = 71.9%. [ACS S0501 (2024); margin of error: +/-9.7]",S0501_C04_117E
78207,ACS S0501 (2024),2024,HOUSING TENURE,"Foreign-born, naturalized citizens",Occupied housing units > HOUSING TENURE > Renter-occupied housing units,28.1,count or percent,9.7,"In ZIP code 78207 (San Antonio, TX), 2024, among foreign-born, naturalized citizens: Occupied housing units > HOUSING TENURE > Renter-occupied housing units = 28.1%. [ACS S0501 (2024); margin of error: +/-9.7]",S0501_C04_118E
78207,ACS S0501 (2024),2024,HOUSING TENURE,"Foreign-born, naturalized citizens",Occupied housing units > HOUSING TENURE > Average household size of owner-occupied unit,3.66,count or percent,0.54,"In ZIP code 78207 (San Antonio, TX), 2024, among foreign-born, naturalized citizens: Occupied housing units > HOUSING TENURE > Average household size of owner-occupied unit = 3.66%. [ACS S0501 (2024); margin of error: +/-0.54]",S0501_C04_119E
78207,ACS S0501 (2024),2024,HOUSING TENURE,"Foreign-born, naturalized citizens",Occupied housing units > HOUSING TENURE > Average household size of renter-occupied unit,1.88,count or percent,0.38,"In ZIP code 78207 (San Antonio, TX), 2024, among foreign-born, naturalized citizens: Occupied housing units > HOUSING TENURE > Average household size of renter-occupied unit = 1.88%. [ACS S0501 (2024); margin of error: +/-0.38]",S0501_C04_120E
78207,ACS S0501 (2024),2024,ROOMS,"Foreign-born, naturalized citizens",Occupied housing units > ROOMS > 1 room,1.5,count or percent,1.9,"In ZIP code 78207 (San Antonio, TX), 2024, among foreign-born, naturalized citizens: Occupied housing units > ROOMS > 1 room = 1.5%. [ACS S0501 (2024); margin of error: +/-1.9]",S0501_C04_121E
78207,ACS S0501 (2024),2024,ROOMS,"Foreign-born, naturalized citizens",Occupied housing units > ROOMS > 2 or 3 rooms,15.9,count or percent,7.2,"In ZIP code 78207 (San Antonio, TX), 2024, among foreign-born, naturalized citizens: Occupied housing units > ROOMS > 2 or 3 rooms = 15.9%. [ACS S0501 (2024); margin of error: +/-7.2]",S0501_C04_122E
78207,ACS S0501 (2024),2024,ROOMS,"Foreign-born, naturalized citizens",Occupied housing units > ROOMS > 4 or 5 rooms,46.9,count or percent,9.4,"In ZIP code 78207 (San Antonio, TX), 2024, among foreign-born, naturalized citizens: Occupied housing units > ROOMS > 4 or 5 rooms = 46.9%. [ACS S0501 (2024); margin of error: +/-9.4]",S0501_C04_123E
78207,ACS S0501 (2024),2024,ROOMS,"Foreign-born, naturalized citizens",Occupied housing units > ROOMS > 6 or 7 rooms,28.5,count or percent,9.1,"In ZIP code 78207 (San Antonio, TX), 2024, among foreign-born, naturalized citizens: Occupied housing units > ROOMS > 6 or 7 rooms = 28.5%. [ACS S0501 (2024); margin of error: +/-9.1]",S0501_C04_124E
78207,ACS S0501 (2024),2024,ROOMS,"Foreign-born, naturalized citizens",Occupied housing units > ROOMS > 8 or more rooms,7.3,count or percent,6.4,"In ZIP code 78207 (San Antonio, TX), 2024, among foreign-born, naturalized citizens: Occupied housing units > ROOMS > 8 or more rooms = 7.3%. [ACS S0501 (2024); margin of error: +/-6.4]",S0501_C04_125E
78207,ACS S0501 (2024),2024,Median number of rooms,"Foreign-born, naturalized citizens",Occupied housing units > Median number of rooms,4.8,count or percent,0.4,"In ZIP code 78207 (San Antonio, TX), 2024, among foreign-born, naturalized citizens: Occupied housing units > Median number of rooms = $5. [ACS S0501 (2024); margin of error: +/-0.4]",S0501_C04_126E
78207,ACS S0501 (2024),2024,1.01 or more occupants per room,"Foreign-born, naturalized citizens",Occupied housing units > 1.01 or more occupants per room,6.0,count or percent,3.7,"In ZIP code 78207 (San Antonio, TX), 2024, among foreign-born, naturalized citizens: Occupied housing units > 1.01 or more occupants per room = 6%. [ACS S0501 (2024); margin of error: +/-3.7]",S0501_C04_127E
78207,ACS S0501 (2024),2024,VEHICLES AVAILABLE,"Foreign-born, naturalized citizens",Occupied housing units > VEHICLES AVAILABLE > None,18.8,count or percent,9.3,"In ZIP code 78207 (San Antonio, TX), 2024, among foreign-born, naturalized citizens: Occupied housing units > VEHICLES AVAILABLE > None = 18.8%. [ACS S0501 (2024); margin of error: +/-9.3]",S0501_C04_128E
78207,ACS S0501 (2024),2024,VEHICLES AVAILABLE,"Foreign-born, naturalized citizens",Occupied housing units > VEHICLES AVAILABLE > 1 or more,81.2,count or percent,9.3,"In ZIP code 78207 (San Antonio, TX), 2024, among foreign-born, naturalized citizens: Occupied housing units > VEHICLES AVAILABLE > 1 or more = 81.2%. [ACS S0501 (2024); margin of error: +/-9.3]",S0501_C04_129E
78207,ACS S0501 (2024),2024,SELECTED CHARACTERISTICS,"Foreign-born, naturalized citizens",Occupied housing units > SELECTED CHARACTERISTICS > No telephone service available,2.4,count or percent,2.3,"In ZIP code 78207 (San Antonio, TX), 2024, among foreign-born, naturalized citizens: Occupied housing units > SELECTED CHARACTERISTICS > No telephone service available = 2.4%. [ACS S0501 (2024); margin of error: +/-2.3]",S0501_C04_130E
78207,ACS S0501 (2024),2024,SELECTED CHARACTERISTICS,"Foreign-born, naturalized citizens",Occupied housing units > SELECTED CHARACTERISTICS > Limited English Speaking Households,43.3,count or percent,11.1,"In ZIP code 78207 (San Antonio, TX), 2024, among foreign-born, naturalized citizens: Occupied housing units > SELECTED CHARACTERISTICS > Limited English Speaking Households = 43.3%. [ACS S0501 (2024); margin of error: +/-11.1]",S0501_C04_131E
78207,ACS S0501 (2024),2024,Owner-occupied housing units,"Foreign-born, naturalized citizens",Owner-occupied housing units,1030.0,count or percent,249,"In ZIP code 78207 (San Antonio, TX), 2024, among foreign-born, naturalized citizens: Owner-occupied housing units = 1,030. [ACS S0501 (2024); margin of error: +/-249]",S0501_C04_132E
78207,ACS S0501 (2024),2024,SELECTED MONTHLY OWNER COSTS AS A PERCENTAGE OF HOUSEHOLD INCOME IN THE PAST 12 MONTHS,"Foreign-born, naturalized citizens",Owner-occupied housing units > SELECTED MONTHLY OWNER COSTS AS A PERCENTAGE OF HOUSEHOLD INCOME IN THE PAST 12 MONTHS > Less than 30 percent,87.5,count or percent,9.1,"In ZIP code 78207 (San Antonio, TX), 2024, among foreign-born, naturalized citizens: Owner-occupied housing units > SELECTED MONTHLY OWNER COSTS AS A PERCENTAGE OF HOUSEHOLD INCOME IN THE PAST 12 MONTHS > Less than 30 percent = $88. [ACS S0501 (2024); margin of error: +/-9.1]",S0501_C04_133E
78207,ACS S0501 (2024),2024,SELECTED MONTHLY OWNER COSTS AS A PERCENTAGE OF HOUSEHOLD INCOME IN THE PAST 12 MONTHS,"Foreign-born, naturalized citizens",Owner-occupied housing units > SELECTED MONTHLY OWNER COSTS AS A PERCENTAGE OF HOUSEHOLD INCOME IN THE PAST 12 MONTHS > 30 percent or more,12.5,count or percent,9.1,"In ZIP code 78207 (San Antonio, TX), 2024, among foreign-born, naturalized citizens: Owner-occupied housing units > SELECTED MONTHLY OWNER COSTS AS A PERCENTAGE OF HOUSEHOLD INCOME IN THE PAST 12 MONTHS > 30 percent or more = $12. [ACS S0501 (2024); margin of error: +/-9.1]",S0501_C04_134E
78207,ACS S0501 (2024),2024,Renter-occupied housing units,"Foreign-born, naturalized citizens",Renter-occupied housing units,402.0,count or percent,168,"In ZIP code 78207 (San Antonio, TX), 2024, among foreign-born, naturalized citizens: Renter-occupied housing units = 402. [ACS S0501 (2024); margin of error: +/-168]",S0501_C04_135E
78207,ACS S0501 (2024),2024,GROSS RENT AS A PERCENTAGE OF HOUSEHOLD INCOME IN THE PAST 12 MONTHS,"Foreign-born, naturalized citizens",Renter-occupied housing units > GROSS RENT AS A PERCENTAGE OF HOUSEHOLD INCOME IN THE PAST 12 MONTHS > Less than 30 percent,55.2,count or percent,19.2,"In ZIP code 78207 (San Antonio, TX), 2024, among foreign-born, naturalized citizens: Renter-occupied housing units > GROSS RENT AS A PERCENTAGE OF HOUSEHOLD INCOME IN THE PAST 12 MONTHS > Less than 30 percent = $55. [ACS S0501 (2024); margin of error: +/-19.2]",S0501_C04_136E
78207,ACS S0501 (2024),2024,GROSS RENT AS A PERCENTAGE OF HOUSEHOLD INCOME IN THE PAST 12 MONTHS,"Foreign-born, naturalized citizens",Renter-occupied housing units > GROSS RENT AS A PERCENTAGE OF HOUSEHOLD INCOME IN THE PAST 12 MONTHS > 30 percent or more,44.8,count or percent,19.2,"In ZIP code 78207 (San Antonio, TX), 2024, among foreign-born, naturalized citizens: Renter-occupied housing units > GROSS RENT AS A PERCENTAGE OF HOUSEHOLD INCOME IN THE PAST 12 MONTHS > 30 percent or more = $45. [ACS S0501 (2024); margin of error: +/-19.2]",S0501_C04_137E
78207,ACS S0501 (2024),2024,Total population,"Foreign-born, non-citizens",Total population,7934.0,count or percent,1102,"In ZIP code 78207 (San Antonio, TX), 2024, among foreign-born, non-citizens: Total population = 7,934. [ACS S0501 (2024); margin of error: +/-1102]",S0501_C05_001E
78207,ACS S0501 (2024),2024,SEX AND AGE,"Foreign-born, non-citizens",SEX AND AGE > Male,57.6,count or percent,5.0,"In ZIP code 78207 (San Antonio, TX), 2024, among foreign-born, non-citizens: SEX AND AGE > Male = 57.6%. [ACS S0501 (2024); margin of error: +/-5]",S0501_C05_002E
78207,ACS S0501 (2024),2024,SEX AND AGE,"Foreign-born, non-citizens",SEX AND AGE > Female,42.4,count or percent,5.0,"In ZIP code 78207 (San Antonio, TX), 2024, among foreign-born, non-citizens: SEX AND AGE > Female = 42.4%. [ACS S0501 (2024); margin of error: +/-5]",S0501_C05_003E
78207,ACS S0501 (2024),2024,SEX AND AGE,"Foreign-born, non-citizens",SEX AND AGE > Under 5 years,0.9,count or percent,0.8,"In ZIP code 78207 (San Antonio, TX), 2024, among foreign-born, non-citizens: SEX AND AGE > Under 5 years = 0.9%. [ACS S0501 (2024); margin of error: +/-0.8]",S0501_C05_004E
78207,ACS S0501 (2024),2024,SEX AND AGE,"Foreign-born, non-citizens",SEX AND AGE > 5 to 17 years,8.4,count or percent,2.7,"In ZIP code 78207 (San Antonio, TX), 2024, among foreign-born, non-citizens: SEX AND AGE > 5 to 17 years = 8.4%. [ACS S0501 (2024); margin of error: +/-2.7]",S0501_C05_005E
78207,ACS S0501 (2024),2024,SEX AND AGE,"Foreign-born, non-citizens",SEX AND AGE > 18 to 24 years,8.6,count or percent,2.7,"In ZIP code 78207 (San Antonio, TX), 2024, among foreign-born, non-citizens: SEX AND AGE > 18 to 24 years = 8.6%. [ACS S0501 (2024); margin of error: +/-2.7]",S0501_C05_006E
78207,ACS S0501 (2024),2024,SEX AND AGE,"Foreign-born, non-citizens",SEX AND AGE > 25 to 44 years,35.4,count or percent,5.5,"In ZIP code 78207 (San Antonio, TX), 2024, among foreign-born, non-citizens: SEX AND AGE > 25 to 44 years = 35.4%. [ACS S0501 (2024); margin of error: +/-5.5]",S0501_C05_007E
78207,ACS S0501 (2024),2024,SEX AND AGE,"Foreign-born, non-citizens",SEX AND AGE > 45 to 54 years,16.9,count or percent,5.1,"In ZIP code 78207 (San Antonio, TX), 2024, among foreign-born, non-citizens: SEX AND AGE > 45 to 54 years = 16.9%. [ACS S0501 (2024); margin of error: +/-5.1]",S0501_C05_008E
78207,ACS S0501 (2024),2024,SEX AND AGE,"Foreign-born, non-citizens",SEX AND AGE > 55 to 64 years,13.9,count or percent,4.0,"In ZIP code 78207 (San Antonio, TX), 2024, among foreign-born, non-citizens: SEX AND AGE > 55 to 64 years = 13.9%. [ACS S0501 (2024); margin of error: +/-4]",S0501_C05_009E
78207,ACS S0501 (2024),2024,SEX AND AGE,"Foreign-born, non-citizens",SEX AND AGE > 65 to 74 years,9.7,count or percent,3.8,"In ZIP code 78207 (San Antonio, TX), 2024, among foreign-born, non-citizens: SEX AND AGE > 65 to 74 years = 9.7%. [ACS S0501 (2024); margin of error: +/-3.8]",S0501_C05_010E
78207,ACS S0501 (2024),2024,SEX AND AGE,"Foreign-born, non-citizens",SEX AND AGE > 75 to 84 years,4.2,count or percent,1.6,"In ZIP code 78207 (San Antonio, TX), 2024, among foreign-born, non-citizens: SEX AND AGE > 75 to 84 years = 4.2%. [ACS S0501 (2024); margin of error: +/-1.6]",S0501_C05_011E
78207,ACS S0501 (2024),2024,SEX AND AGE,"Foreign-born, non-citizens",SEX AND AGE > 85 years and over,1.9,count or percent,1.6,"In ZIP code 78207 (San Antonio, TX), 2024, among foreign-born, non-citizens: SEX AND AGE > 85 years and over = 1.9%. [ACS S0501 (2024); margin of error: +/-1.6]",S0501_C05_012E
78207,ACS S0501 (2024),2024,SEX AND AGE,"Foreign-born, non-citizens",SEX AND AGE > Median age (years),42.5,count or percent,4.2,"In ZIP code 78207 (San Antonio, TX), 2024, among foreign-born, non-citizens: SEX AND AGE > Median age (years) = $42. [ACS S0501 (2024); margin of error: +/-4.2]",S0501_C05_013E
78207,ACS S0501 (2024),2024,RACE AND HISPANIC OR LATINO ORIGIN,"Foreign-born, non-citizens",RACE AND HISPANIC OR LATINO ORIGIN > One race,34.2,count or percent,7.0,"In ZIP code 78207 (San Antonio, TX), 2024, among foreign-born, non-citizens: RACE AND HISPANIC OR LATINO ORIGIN > One race = 34.2%. [ACS S0501 (2024); margin of error: +/-7]",S0501_C05_014E
78207,ACS S0501 (2024),2024,RACE AND HISPANIC OR LATINO ORIGIN,"Foreign-born, non-citizens",RACE AND HISPANIC OR LATINO ORIGIN > One race > White,10.1,count or percent,4.8,"In ZIP code 78207 (San Antonio, TX), 2024, among foreign-born, non-citizens: RACE AND HISPANIC OR LATINO ORIGIN > One race > White = 10.1%. [ACS S0501 (2024); margin of error: +/-4.8]",S0501_C05_015E
78207,ACS S0501 (2024),2024,RACE AND HISPANIC OR LATINO ORIGIN,"Foreign-born, non-citizens",RACE AND HISPANIC OR LATINO ORIGIN > One race > Black or African American,2.4,count or percent,3.2,"In ZIP code 78207 (San Antonio, TX), 2024, among foreign-born, non-citizens: RACE AND HISPANIC OR LATINO ORIGIN > One race > Black or African American = 2.4%. [ACS S0501 (2024); margin of error: +/-3.2]",S0501_C05_016E
78207,ACS S0501 (2024),2024,RACE AND HISPANIC OR LATINO ORIGIN,"Foreign-born, non-citizens",RACE AND HISPANIC OR LATINO ORIGIN > One race > American Indian and Alaska Native,8.3,count or percent,5.0,"In ZIP code 78207 (San Antonio, TX), 2024, among foreign-born, non-citizens: RACE AND HISPANIC OR LATINO ORIGIN > One race > American Indian and Alaska Native = 8.3%. [ACS S0501 (2024); margin of error: +/-5]",S0501_C05_017E
78207,ACS S0501 (2024),2024,RACE AND HISPANIC OR LATINO ORIGIN,"Foreign-born, non-citizens",RACE AND HISPANIC OR LATINO ORIGIN > One race > Asian,2.5,count or percent,2.4,"In ZIP code 78207 (San Antonio, TX), 2024, among foreign-born, non-citizens: RACE AND HISPANIC OR LATINO ORIGIN > One race > Asian = 2.5%. [ACS S0501 (2024); margin of error: +/-2.4]",S0501_C05_018E
78207,ACS S0501 (2024),2024,RACE AND HISPANIC OR LATINO ORIGIN,"Foreign-born, non-citizens",RACE AND HISPANIC OR LATINO ORIGIN > One race > Native Hawaiian and Other Pacific Islander,0.0,count or percent,0.6,"In ZIP code 78207 (San Antonio, TX), 2024, among foreign-born, non-citizens: RACE AND HISPANIC OR LATINO ORIGIN > One race > Native Hawaiian and Other Pacific Islander = 0%. [ACS S0501 (2024); margin of error: +/-0.6]",S0501_C05_019E
78207,ACS S0501 (2024),2024,RACE AND HISPANIC OR LATINO ORIGIN,"Foreign-born, non-citizens",RACE AND HISPANIC OR LATINO ORIGIN > One race > Some other race,10.8,count or percent,3.8,"In ZIP code 78207 (San Antonio, TX), 2024, among foreign-born, non-citizens: RACE AND HISPANIC OR LATINO ORIGIN > One race > Some other race = 10.8%. [ACS S0501 (2024); margin of error: +/-3.8]",S0501_C05_020E
78207,ACS S0501 (2024),2024,RACE AND HISPANIC OR LATINO ORIGIN,"Foreign-born, non-citizens",RACE AND HISPANIC OR LATINO ORIGIN > Two or more races,65.8,count or percent,7.0,"In ZIP code 78207 (San Antonio, TX), 2024, among foreign-born, non-citizens: RACE AND HISPANIC OR LATINO ORIGIN > Two or more races = 65.8%. [ACS S0501 (2024); margin of error: +/-7]",S0501_C05_021E
78207,ACS S0501 (2024),2024,RACE AND HISPANIC OR LATINO ORIGIN,"Foreign-born, non-citizens",RACE AND HISPANIC OR LATINO ORIGIN > Hispanic or Latino origin (of any race),93.8,count or percent,3.5,"In ZIP code 78207 (San Antonio, TX), 2024, among foreign-born, non-citizens: RACE AND HISPANIC OR LATINO ORIGIN > Hispanic or Latino origin (of any race) = 93.8%. [ACS S0501 (2024); margin of error: +/-3.5]",S0501_C05_022E
78207,ACS S0501 (2024),2024,RACE AND HISPANIC OR LATINO ORIGIN,"Foreign-born, non-citizens","RACE AND HISPANIC OR LATINO ORIGIN > White alone, not Hispanic or Latino",3.0,count or percent,3.9,"In ZIP code 78207 (San Antonio, TX), 2024, among foreign-born, non-citizens: RACE AND HISPANIC OR LATINO ORIGIN > White alone, not Hispanic or Latino = 3%. [ACS S0501 (2024); margin of error: +/-3.9]",S0501_C05_023E
78207,ACS S0501 (2024),2024,HOUSEHOLD TYPE,"Foreign-born, non-citizens",HOUSEHOLD TYPE > In married-couple family,41.2,count or percent,8.3,"In ZIP code 78207 (San Antonio, TX), 2024, among foreign-born, non-citizens: HOUSEHOLD TYPE > In married-couple family = 41.2%. [ACS S0501 (2024); margin of error: +/-8.3]",S0501_C05_024E
78207,ACS S0501 (2024),2024,HOUSEHOLD TYPE,"Foreign-born, non-citizens",HOUSEHOLD TYPE > In other households,53.7,count or percent,8.7,"In ZIP code 78207 (San Antonio, TX), 2024, among foreign-born, non-citizens: HOUSEHOLD TYPE > In other households = 53.7%. [ACS S0501 (2024); margin of error: +/-8.7]",S0501_C05_025E
78207,ACS S0501 (2024),2024,Average  household size,"Foreign-born, non-citizens",Average  household size,3.2,count or percent,0.45,"In ZIP code 78207 (San Antonio, TX), 2024, among foreign-born, non-citizens: Average  household size = 3.2%. [ACS S0501 (2024); margin of error: +/-0.45]",S0501_C05_026E
78207,ACS S0501 (2024),2024,Average family size,"Foreign-born, non-citizens",Average family size,4.2,count or percent,0.48,"In ZIP code 78207 (San Antonio, TX), 2024, among foreign-born, non-citizens: Average family size = 4.2%. [ACS S0501 (2024); margin of error: +/-0.48]",S0501_C05_027E
78207,ACS S0501 (2024),2024,Population 15  years and over,"Foreign-born, non-citizens",MARITAL STATUS > Population 15  years and over,7376.0,count or percent,986,"In ZIP code 78207 (San Antonio, TX), 2024, among foreign-born, non-citizens: MARITAL STATUS > Population 15  years and over = 7,376. [ACS S0501 (2024); margin of error: +/-986]",S0501_C05_028E
78207,ACS S0501 (2024),2024,Population 15  years and over,"Foreign-born, non-citizens",MARITAL STATUS > Population 15  years and over > Never married,32.7,count or percent,6.4,"In ZIP code 78207 (San Antonio, TX), 2024, among foreign-born, non-citizens: MARITAL STATUS > Population 15  years and over > Never married = 32.7%. [ACS S0501 (2024); margin of error: +/-6.4]",S0501_C05_029E
78207,ACS S0501 (2024),2024,Population 15  years and over,"Foreign-born, non-citizens","MARITAL STATUS > Population 15  years and over > Now married, except separated",39.9,count or percent,6.9,"In ZIP code 78207 (San Antonio, TX), 2024, among foreign-born, non-citizens: MARITAL STATUS > Population 15  years and over > Now married, except separated = 39.9%. [ACS S0501 (2024); margin of error: +/-6.9]",S0501_C05_030E
78207,ACS S0501 (2024),2024,Population 15  years and over,"Foreign-born, non-citizens",MARITAL STATUS > Population 15  years and over > Divorced or separated,21.1,count or percent,4.7,"In ZIP code 78207 (San Antonio, TX), 2024, among foreign-born, non-citizens: MARITAL STATUS > Population 15  years and over > Divorced or separated = 21.1%. [ACS S0501 (2024); margin of error: +/-4.7]",S0501_C05_031E
78207,ACS S0501 (2024),2024,Population 15  years and over,"Foreign-born, non-citizens",MARITAL STATUS > Population 15  years and over > Widowed,6.3,count or percent,2.5,"In ZIP code 78207 (San Antonio, TX), 2024, among foreign-born, non-citizens: MARITAL STATUS > Population 15  years and over > Widowed = 6.3%. [ACS S0501 (2024); margin of error: +/-2.5]",S0501_C05_032E
78207,ACS S0501 (2024),2024,Population 3 years and over enrolled in school,"Foreign-born, non-citizens",SCHOOL ENROLLMENT > Population 3 years and over enrolled in school,948.0,count or percent,324,"In ZIP code 78207 (San Antonio, TX), 2024, among foreign-born, non-citizens: SCHOOL ENROLLMENT > Population 3 years and over enrolled in school = 948. [ACS S0501 (2024); margin of error: +/-324]",S0501_C05_033E
78207,ACS S0501 (2024),2024,Population 3 years and over enrolled in school,"Foreign-born, non-citizens","SCHOOL ENROLLMENT > Population 3 years and over enrolled in school > Nursery school, preschool",5.1,count or percent,5.4,"In ZIP code 78207 (San Antonio, TX), 2024, among foreign-born, non-citizens: SCHOOL ENROLLMENT > Population 3 years and over enrolled in school > Nursery school, preschool = 5.1%. [ACS S0501 (2024); margin of error: +/-5.4]",S0501_C05_034E
78207,ACS S0501 (2024),2024,Population 3 years and over enrolled in school,"Foreign-born, non-citizens",SCHOOL ENROLLMENT > Population 3 years and over enrolled in school > Elementary school (grades K-8),48.7,count or percent,15.3,"In ZIP code 78207 (San Antonio, TX), 2024, among foreign-born, non-citizens: SCHOOL ENROLLMENT > Population 3 years and over enrolled in school > Elementary school (grades K-8) = 48.7%. [ACS S0501 (2024); margin of error: +/-15.3]",S0501_C05_035E
78207,ACS S0501 (2024),2024,Population 3 years and over enrolled in school,"Foreign-born, non-citizens",SCHOOL ENROLLMENT > Population 3 years and over enrolled in school > High school (grades 9-12),30.2,count or percent,13.2,"In ZIP code 78207 (San Antonio, TX), 2024, among foreign-born, non-citizens: SCHOOL ENROLLMENT > Population 3 years and over enrolled in school > High school (grades 9-12) = 30.2%. [ACS S0501 (2024); margin of error: +/-13.2]",S0501_C05_036E
78207,ACS S0501 (2024),2024,Population 3 years and over enrolled in school,"Foreign-born, non-citizens",SCHOOL ENROLLMENT > Population 3 years and over enrolled in school > College or graduate school,16.0,count or percent,10.3,"In ZIP code 78207 (San Antonio, TX), 2024, among foreign-born, non-citizens: SCHOOL ENROLLMENT > Population 3 years and over enrolled in school > College or graduate school = 16%. [ACS S0501 (2024); margin of error: +/-10.3]",S0501_C05_037E
78207,ACS S0501 (2024),2024,Population 25 years and over,"Foreign-born, non-citizens",EDUCATIONAL ATTAINMENT > Population 25 years and over,6515.0,count or percent,819,"In ZIP code 78207 (San Antonio, TX), 2024, among foreign-born, non-citizens: EDUCATIONAL ATTAINMENT > Population 25 years and over = 6,515. [ACS S0501 (2024); margin of error: +/-819]",S0501_C05_038E
78207,ACS S0501 (2024),2024,Population 25 years and over,"Foreign-born, non-citizens",EDUCATIONAL ATTAINMENT > Population 25 years and over > Less than high school graduate,63.1,count or percent,6.5,"In ZIP code 78207 (San Antonio, TX), 2024, among foreign-born, non-citizens: EDUCATIONAL ATTAINMENT > Population 25 years and over > Less than high school graduate = 63.1%. [ACS S0501 (2024); margin of error: +/-6.5]",S0501_C05_039E
78207,ACS S0501 (2024),2024,Population 25 years and over,"Foreign-born, non-citizens",EDUCATIONAL ATTAINMENT > Population 25 years and over > High school graduate (includes equivalency),20.1,count or percent,4.5,"In ZIP code 78207 (San Antonio, TX), 2024, among foreign-born, non-citizens: EDUCATIONAL ATTAINMENT > Population 25 years and over > High school graduate (includes equivalency) = 20.1%. [ACS S0501 (2024); margin of error: +/-4.5]",S0501_C05_040E
78207,ACS S0501 (2024),2024,Population 25 years and over,"Foreign-born, non-citizens",EDUCATIONAL ATTAINMENT > Population 25 years and over > Some college or associate's degree,10.4,count or percent,3.5,"In ZIP code 78207 (San Antonio, TX), 2024, among foreign-born, non-citizens: EDUCATIONAL ATTAINMENT > Population 25 years and over > Some college or associate's degree = 10.4%. [ACS S0501 (2024); margin of error: +/-3.5]",S0501_C05_041E
78207,ACS S0501 (2024),2024,Population 25 years and over,"Foreign-born, non-citizens",EDUCATIONAL ATTAINMENT > Population 25 years and over > Bachelor's degree,5.8,count or percent,4.6,"In ZIP code 78207 (San Antonio, TX), 2024, among foreign-born, non-citizens: EDUCATIONAL ATTAINMENT > Population 25 years and over > Bachelor's degree = 5.8%. [ACS S0501 (2024); margin of error: +/-4.6]",S0501_C05_042E
78207,ACS S0501 (2024),2024,Population 25 years and over,"Foreign-born, non-citizens",EDUCATIONAL ATTAINMENT > Population 25 years and over > Graduate or professional degree,0.5,count or percent,0.9,"In ZIP code 78207 (San Antonio, TX), 2024, among foreign-born, non-citizens: EDUCATIONAL ATTAINMENT > Population 25 years and over > Graduate or professional degree = 0.5%. [ACS S0501 (2024); margin of error: +/-0.9]",S0501_C05_043E
78207,ACS S0501 (2024),2024,Population 5 years and over,"Foreign-born, non-citizens",LANGUAGE SPOKEN AT HOME AND ABILITY TO SPEAK ENGLISH > Population 5 years and over,7864.0,count or percent,1099,"In ZIP code 78207 (San Antonio, TX), 2024, among foreign-born, non-citizens: LANGUAGE SPOKEN AT HOME AND ABILITY TO SPEAK ENGLISH > Population 5 years and over = 7,864. [ACS S0501 (2024); margin of error: +/-1099]",S0501_C05_044E
78207,ACS S0501 (2024),2024,Population 5 years and over,"Foreign-born, non-citizens",LANGUAGE SPOKEN AT HOME AND ABILITY TO SPEAK ENGLISH > Population 5 years and over > English only,2.4,count or percent,1.3,"In ZIP code 78207 (San Antonio, TX), 2024, among foreign-born, non-citizens: LANGUAGE SPOKEN AT HOME AND ABILITY TO SPEAK ENGLISH > Population 5 years and over > English only = 2.4%. [ACS S0501 (2024); margin of error: +/-1.3]",S0501_C05_045E
78207,ACS S0501 (2024),2024,Population 5 years and over,"Foreign-born, non-citizens",LANGUAGE SPOKEN AT HOME AND ABILITY TO SPEAK ENGLISH > Population 5 years and over > Language other than English,97.6,count or percent,1.3,"In ZIP code 78207 (San Antonio, TX), 2024, among foreign-born, non-citizens: LANGUAGE SPOKEN AT HOME AND ABILITY TO SPEAK ENGLISH > Population 5 years and over > Language other than English = 97.6%. [ACS S0501 (2024); margin of error: +/-1.3]",S0501_C05_046E
78207,ACS S0501 (2024),2024,Population 5 years and over,"Foreign-born, non-citizens",LANGUAGE SPOKEN AT HOME AND ABILITY TO SPEAK ENGLISH > Population 5 years and over > Language other than English > Speak English less than very well,79.6,count or percent,5.7,"In ZIP code 78207 (San Antonio, TX), 2024, among foreign-born, non-citizens: LANGUAGE SPOKEN AT HOME AND ABILITY TO SPEAK ENGLISH > Population 5 years and over > Language other than English > Speak English less than very well = 79.6%. [ACS S0501 (2024); margin of error: +/-5.7]",S0501_C05_047E
78207,ACS S0501 (2024),2024,Population 16 years and over,"Foreign-born, non-citizens",EMPLOYMENT STATUS > Population 16 years and over,7277.0,count or percent,944,"In ZIP code 78207 (San Antonio, TX), 2024, among foreign-born, non-citizens: EMPLOYMENT STATUS > Population 16 years and over = 7,277. [ACS S0501 (2024); margin of error: +/-944]",S0501_C05_048E
78207,ACS S0501 (2024),2024,Population 16 years and over,"Foreign-born, non-citizens",EMPLOYMENT STATUS > Population 16 years and over > In labor force,63.0,count or percent,6.2,"In ZIP code 78207 (San Antonio, TX), 2024, among foreign-born, non-citizens: EMPLOYMENT STATUS > Population 16 years and over > In labor force = 63%. [ACS S0501 (2024); margin of error: +/-6.2]",S0501_C05_049E
78207,ACS S0501 (2024),2024,Population 16 years and over,"Foreign-born, non-citizens",EMPLOYMENT STATUS > Population 16 years and over > In labor force > Civilian labor force,63.0,count or percent,6.2,"In ZIP code 78207 (San Antonio, TX), 2024, among foreign-born, non-citizens: EMPLOYMENT STATUS > Population 16 years and over > In labor force > Civilian labor force = 63%. [ACS S0501 (2024); margin of error: +/-6.2]",S0501_C05_050E
78207,ACS S0501 (2024),2024,Population 16 years and over,"Foreign-born, non-citizens",EMPLOYMENT STATUS > Population 16 years and over > In labor force > Civilian labor force > Employed,57.7,count or percent,6.0,"In ZIP code 78207 (San Antonio, TX), 2024, among foreign-born, non-citizens: EMPLOYMENT STATUS > Population 16 years and over > In labor force > Civilian labor force > Employed = 57.7%. [ACS S0501 (2024); margin of error: +/-6]",S0501_C05_051E
78207,ACS S0501 (2024),2024,Population 16 years and over,"Foreign-born, non-citizens",EMPLOYMENT STATUS > Population 16 years and over > In labor force > Civilian labor force > Unemployed,5.2,count or percent,2.0,"In ZIP code 78207 (San Antonio, TX), 2024, among foreign-born, non-citizens: EMPLOYMENT STATUS > Population 16 years and over > In labor force > Civilian labor force > Unemployed = 5.2%. [ACS S0501 (2024); margin of error: +/-2]",S0501_C05_052E
78207,ACS S0501 (2024),2024,Population 16 years and over,"Foreign-born, non-citizens",EMPLOYMENT STATUS > Population 16 years and over > In labor force > Civilian labor force > Unemployed > Percent of civilian labor force,8.3,count or percent,3.1,"In ZIP code 78207 (San Antonio, TX), 2024, among foreign-born, non-citizens: EMPLOYMENT STATUS > Population 16 years and over > In labor force > Civilian labor force > Unemployed > Percent of civilian labor force = 8.3%. [ACS S0501 (2024); margin of error: +/-3.1]",S0501_C05_053E
78207,ACS S0501 (2024),2024,Population 16 years and over,"Foreign-born, non-citizens",EMPLOYMENT STATUS > Population 16 years and over > In labor force > Armed Forces,0.0,count or percent,0.7,"In ZIP code 78207 (San Antonio, TX), 2024, among foreign-born, non-citizens: EMPLOYMENT STATUS > Population 16 years and over > In labor force > Armed Forces = 0%. [ACS S0501 (2024); margin of error: +/-0.7]",S0501_C05_054E
78207,ACS S0501 (2024),2024,Population 16 years and over,"Foreign-born, non-citizens",EMPLOYMENT STATUS > Population 16 years and over > Not in labor force,37.0,count or percent,6.2,"In ZIP code 78207 (San Antonio, TX), 2024, among foreign-born, non-citizens: EMPLOYMENT STATUS > Population 16 years and over > Not in labor force = 37%. [ACS S0501 (2024); margin of error: +/-6.2]",S0501_C05_055E
78207,ACS S0501 (2024),2024,Civilian employed population 16 years and over,"Foreign-born, non-citizens",Civilian employed population 16 years and over,4200.0,count or percent,736,"In ZIP code 78207 (San Antonio, TX), 2024, among foreign-born, non-citizens: Civilian employed population 16 years and over = 4,200. [ACS S0501 (2024); margin of error: +/-736]",S0501_C05_056E
78207,ACS S0501 (2024),2024,CLASS OF WORKER,"Foreign-born, non-citizens",Civilian employed population 16 years and over > CLASS OF WORKER > Private wage and salary workers,85.0,count or percent,5.8,"In ZIP code 78207 (San Antonio, TX), 2024, among foreign-born, non-citizens: Civilian employed population 16 years and over > CLASS OF WORKER > Private wage and salary workers = 85%. [ACS S0501 (2024); margin of error: +/-5.8]",S0501_C05_057E
78207,ACS S0501 (2024),2024,CLASS OF WORKER,"Foreign-born, non-citizens",Civilian employed population 16 years and over > CLASS OF WORKER > Government workers,0.7,count or percent,0.6,"In ZIP code 78207 (San Antonio, TX), 2024, among foreign-born, non-citizens: Civilian employed population 16 years and over > CLASS OF WORKER > Government workers = 0.7%. [ACS S0501 (2024); margin of error: +/-0.6]",S0501_C05_058E
78207,ACS S0501 (2024),2024,CLASS OF WORKER,"Foreign-born, non-citizens",Civilian employed population 16 years and over > CLASS OF WORKER > Self-employed workers in own not incorporated business,14.3,count or percent,5.7,"In ZIP code 78207 (San Antonio, TX), 2024, among foreign-born, non-citizens: Civilian employed population 16 years and over > CLASS OF WORKER > Self-employed workers in own not incorporated business = 14.3%. [ACS S0501 (2024); margin of error: +/-5.7]",S0501_C05_059E
78207,ACS S0501 (2024),2024,CLASS OF WORKER,"Foreign-born, non-citizens",Civilian employed population 16 years and over > CLASS OF WORKER > Unpaid family workers,0.0,count or percent,1.2,"In ZIP code 78207 (San Antonio, TX), 2024, among foreign-born, non-citizens: Civilian employed population 16 years and over > CLASS OF WORKER > Unpaid family workers = 0%. [ACS S0501 (2024); margin of error: +/-1.2]",S0501_C05_060E
78207,ACS S0501 (2024),2024,OCCUPATION,"Foreign-born, non-citizens","Civilian employed population 16 years and over > OCCUPATION > Management, business, science, and arts occupations",3.9,count or percent,4.1,"In ZIP code 78207 (San Antonio, TX), 2024, among foreign-born, non-citizens: Civilian employed population 16 years and over > OCCUPATION > Management, business, science, and arts occupations = 3.9%. [ACS S0501 (2024); margin of error: +/-4.1]",S0501_C05_061E
78207,ACS S0501 (2024),2024,OCCUPATION,"Foreign-born, non-citizens",Civilian employed population 16 years and over > OCCUPATION > Service occupations,37.0,count or percent,8.4,"In ZIP code 78207 (San Antonio, TX), 2024, among foreign-born, non-citizens: Civilian employed population 16 years and over > OCCUPATION > Service occupations = 37%. [ACS S0501 (2024); margin of error: +/-8.4]",S0501_C05_062E
78207,ACS S0501 (2024),2024,OCCUPATION,"Foreign-born, non-citizens",Civilian employed population 16 years and over > OCCUPATION > Sales and office occupations,5.8,count or percent,2.8,"In ZIP code 78207 (San Antonio, TX), 2024, among foreign-born, non-citizens: Civilian employed population 16 years and over > OCCUPATION > Sales and office occupations = 5.8%. [ACS S0501 (2024); margin of error: +/-2.8]",S0501_C05_063E
78207,ACS S0501 (2024),2024,OCCUPATION,"Foreign-born, non-citizens","Civilian employed population 16 years and over > OCCUPATION > Natural resources, construction, and maintenance occupations",44.3,count or percent,7.9,"In ZIP code 78207 (San Antonio, TX), 2024, among foreign-born, non-citizens: Civilian employed population 16 years and over > OCCUPATION > Natural resources, construction, and maintenance occupations = 44.3%. [ACS S0501 (2024); margin of error: +/-7.9]",S0501_C05_064E
78207,ACS S0501 (2024),2024,OCCUPATION,"Foreign-born, non-citizens","Civilian employed population 16 years and over > OCCUPATION > Production, transportation, and material moving occupations",9.0,count or percent,4.4,"In ZIP code 78207 (San Antonio, TX), 2024, among foreign-born, non-citizens: Civilian employed population 16 years and over > OCCUPATION > Production, transportation, and material moving occupations = 9%. [ACS S0501 (2024); margin of error: +/-4.4]",S0501_C05_065E
78207,ACS S0501 (2024),2024,INDUSTRY,"Foreign-born, non-citizens","Civilian employed population 16 years and over > INDUSTRY > Agriculture, forestry, fishing and hunting, and mining",0.0,count or percent,1.2,"In ZIP code 78207 (San Antonio, TX), 2024, among foreign-born, non-citizens: Civilian employed population 16 years and over > INDUSTRY > Agriculture, forestry, fishing and hunting, and mining = 0%. [ACS S0501 (2024); margin of error: +/-1.2]",S0501_C05_066E
78207,ACS S0501 (2024),2024,INDUSTRY,"Foreign-born, non-citizens",Civilian employed population 16 years and over > INDUSTRY > Construction,42.4,count or percent,8.4,"In ZIP code 78207 (San Antonio, TX), 2024, among foreign-born, non-citizens: Civilian employed population 16 years and over > INDUSTRY > Construction = 42.4%. [ACS S0501 (2024); margin of error: +/-8.4]",S0501_C05_067E
78207,ACS S0501 (2024),2024,INDUSTRY,"Foreign-born, non-citizens",Civilian employed population 16 years and over > INDUSTRY > Manufacturing,3.8,count or percent,2.3,"In ZIP code 78207 (San Antonio, TX), 2024, among foreign-born, non-citizens: Civilian employed population 16 years and over > INDUSTRY > Manufacturing = 3.8%. [ACS S0501 (2024); margin of error: +/-2.3]",S0501_C05_068E
78207,ACS S0501 (2024),2024,INDUSTRY,"Foreign-born, non-citizens",Civilian employed population 16 years and over > INDUSTRY > Wholesale trade,1.2,count or percent,1.6,"In ZIP code 78207 (San Antonio, TX), 2024, among foreign-born, non-citizens: Civilian employed population 16 years and over > INDUSTRY > Wholesale trade = 1.2%. [ACS S0501 (2024); margin of error: +/-1.6]",S0501_C05_069E
78207,ACS S0501 (2024),2024,INDUSTRY,"Foreign-born, non-citizens",Civilian employed population 16 years and over > INDUSTRY > Retail trade,4.2,count or percent,2.6,"In ZIP code 78207 (San Antonio, TX), 2024, among foreign-born, non-citizens: Civilian employed population 16 years and over > INDUSTRY > Retail trade = 4.2%. [ACS S0501 (2024); margin of error: +/-2.6]",S0501_C05_070E
78207,ACS S0501 (2024),2024,INDUSTRY,"Foreign-born, non-citizens","Civilian employed population 16 years and over > INDUSTRY > Transportation and warehousing, and utilities",1.9,count or percent,1.5,"In ZIP code 78207 (San Antonio, TX), 2024, among foreign-born, non-citizens: Civilian employed population 16 years and over > INDUSTRY > Transportation and warehousing, and utilities = 1.9%. [ACS S0501 (2024); margin of error: +/-1.5]",S0501_C05_071E
78207,ACS S0501 (2024),2024,INDUSTRY,"Foreign-born, non-citizens",Civilian employed population 16 years and over > INDUSTRY > Information,0.4,count or percent,0.7,"In ZIP code 78207 (San Antonio, TX), 2024, among foreign-born, non-citizens: Civilian employed population 16 years and over > INDUSTRY > Information = 0.4%. [ACS S0501 (2024); margin of error: +/-0.7]",S0501_C05_072E
78207,ACS S0501 (2024),2024,INDUSTRY,"Foreign-born, non-citizens","Civilian employed population 16 years and over > INDUSTRY > Finance and insurance, and real estate and rental and leasing",2.1,count or percent,1.6,"In ZIP code 78207 (San Antonio, TX), 2024, among foreign-born, non-citizens: Civilian employed population 16 years and over > INDUSTRY > Finance and insurance, and real estate and rental and leasing = 2.1%. [ACS S0501 (2024); margin of error: +/-1.6]",S0501_C05_073E
78207,ACS S0501 (2024),2024,INDUSTRY,"Foreign-born, non-citizens","Civilian employed population 16 years and over > INDUSTRY > Professional, scientific, and management, and administrative and waste management services",11.2,count or percent,5.3,"In ZIP code 78207 (San Antonio, TX), 2024, among foreign-born, non-citizens: Civilian employed population 16 years and over > INDUSTRY > Professional, scientific, and management, and administrative and waste management services = 11.2%. [ACS S0501 (2024); margin of error: +/-5.3]",S0501_C05_074E
78207,ACS S0501 (2024),2024,INDUSTRY,"Foreign-born, non-citizens","Civilian employed population 16 years and over > INDUSTRY > Educational services, and health care and social assistance",2.3,count or percent,1.5,"In ZIP code 78207 (San Antonio, TX), 2024, among foreign-born, non-citizens: Civilian employed population 16 years and over > INDUSTRY > Educational services, and health care and social assistance = 2.3%. [ACS S0501 (2024); margin of error: +/-1.5]",S0501_C05_075E
78207,ACS S0501 (2024),2024,INDUSTRY,"Foreign-born, non-citizens","Civilian employed population 16 years and over > INDUSTRY > Arts, entertainment, and recreation, and accommodation and food services",25.3,count or percent,11.5,"In ZIP code 78207 (San Antonio, TX), 2024, among foreign-born, non-citizens: Civilian employed population 16 years and over > INDUSTRY > Arts, entertainment, and recreation, and accommodation and food services = 25.3%. [ACS S0501 (2024); margin of error: +/-11.5]",S0501_C05_076E
78207,ACS S0501 (2024),2024,INDUSTRY,"Foreign-born, non-citizens",Civilian employed population 16 years and over > INDUSTRY > Other services (except public administration),4.9,count or percent,3.0,"In ZIP code 78207 (San Antonio, TX), 2024, among foreign-born, non-citizens: Civilian employed population 16 years and over > INDUSTRY > Other services (except public administration) = 4.9%. [ACS S0501 (2024); margin of error: +/-3]",S0501_C05_077E
78207,ACS S0501 (2024),2024,INDUSTRY,"Foreign-born, non-citizens",Civilian employed population 16 years and over > INDUSTRY > Public administration,0.4,count or percent,0.6,"In ZIP code 78207 (San Antonio, TX), 2024, among foreign-born, non-citizens: Civilian employed population 16 years and over > INDUSTRY > Public administration = 0.4%. [ACS S0501 (2024); margin of error: +/-0.6]",S0501_C05_078E
78207,ACS S0501 (2024),2024,Population 16 years and over with earnings,"Foreign-born, non-citizens","EARNINGS IN THE PAST 12 MONTHS (IN 2024 INFLATION-ADJUSTED DOLLARS) FOR FULL-TIME, YEAR-ROUND WORKERS > Population 16 years and over with earnings",2011.0,count or percent,401,"In ZIP code 78207 (San Antonio, TX), 2024, among foreign-born, non-citizens: EARNINGS IN THE PAST 12 MONTHS (IN 2024 INFLATION-ADJUSTED DOLLARS) FOR FULL-TIME, YEAR-ROUND WORKERS > Population 16 years and over with earnings = $2,011. [ACS S0501 (2024); margin of error: +/-401]",S0501_C05_079E
78207,ACS S0501 (2024),2024,Population 16 years and over with earnings,"Foreign-born, non-citizens","EARNINGS IN THE PAST 12 MONTHS (IN 2024 INFLATION-ADJUSTED DOLLARS) FOR FULL-TIME, YEAR-ROUND WORKERS > Population 16 years and over with earnings > $1 to $9,999 or loss",1.6,count or percent,1.9,"In ZIP code 78207 (San Antonio, TX), 2024, among foreign-born, non-citizens: EARNINGS IN THE PAST 12 MONTHS (IN 2024 INFLATION-ADJUSTED DOLLARS) FOR FULL-TIME, YEAR-ROUND WORKERS > Population 16 years and over with earnings > $1 to $9,999 or loss = $2. [ACS S0501 (2024); margin of error: +/-1.9]",S0501_C05_080E
78207,ACS S0501 (2024),2024,Population 16 years and over with earnings,"Foreign-born, non-citizens","EARNINGS IN THE PAST 12 MONTHS (IN 2024 INFLATION-ADJUSTED DOLLARS) FOR FULL-TIME, YEAR-ROUND WORKERS > Population 16 years and over with earnings > $10,000 to $14,999",3.0,count or percent,2.7,"In ZIP code 78207 (San Antonio, TX), 2024, among foreign-born, non-citizens: EARNINGS IN THE PAST 12 MONTHS (IN 2024 INFLATION-ADJUSTED DOLLARS) FOR FULL-TIME, YEAR-ROUND WORKERS > Population 16 years and over with earnings > $10,000 to $14,999 = $3. [ACS S0501 (2024); margin of error: +/-2.7]",S0501_C05_081E
78207,ACS S0501 (2024),2024,Population 16 years and over with earnings,"Foreign-born, non-citizens","EARNINGS IN THE PAST 12 MONTHS (IN 2024 INFLATION-ADJUSTED DOLLARS) FOR FULL-TIME, YEAR-ROUND WORKERS > Population 16 years and over with earnings > $15,000 to $24,999",21.5,count or percent,9.6,"In ZIP code 78207 (San Antonio, TX), 2024, among foreign-born, non-citizens: EARNINGS IN THE PAST 12 MONTHS (IN 2024 INFLATION-ADJUSTED DOLLARS) FOR FULL-TIME, YEAR-ROUND WORKERS > Population 16 years and over with earnings > $15,000 to $24,999 = $22. [ACS S0501 (2024); margin of error: +/-9.6]",S0501_C05_082E
78207,ACS S0501 (2024),2024,Population 16 years and over with earnings,"Foreign-born, non-citizens","EARNINGS IN THE PAST 12 MONTHS (IN 2024 INFLATION-ADJUSTED DOLLARS) FOR FULL-TIME, YEAR-ROUND WORKERS > Population 16 years and over with earnings > $25,000 to $34,999",23.7,count or percent,7.2,"In ZIP code 78207 (San Antonio, TX), 2024, among foreign-born, non-citizens: EARNINGS IN THE PAST 12 MONTHS (IN 2024 INFLATION-ADJUSTED DOLLARS) FOR FULL-TIME, YEAR-ROUND WORKERS > Population 16 years and over with earnings > $25,000 to $34,999 = $24. [ACS S0501 (2024); margin of error: +/-7.2]",S0501_C05_083E
78207,ACS S0501 (2024),2024,Population 16 years and over with earnings,"Foreign-born, non-citizens","EARNINGS IN THE PAST 12 MONTHS (IN 2024 INFLATION-ADJUSTED DOLLARS) FOR FULL-TIME, YEAR-ROUND WORKERS > Population 16 years and over with earnings > $35,000 to $49,999",39.5,count or percent,11.7,"In ZIP code 78207 (San Antonio, TX), 2024, among foreign-born, non-citizens: EARNINGS IN THE PAST 12 MONTHS (IN 2024 INFLATION-ADJUSTED DOLLARS) FOR FULL-TIME, YEAR-ROUND WORKERS > Population 16 years and over with earnings > $35,000 to $49,999 = $40. [ACS S0501 (2024); margin of error: +/-11.7]",S0501_C05_084E
78207,ACS S0501 (2024),2024,Population 16 years and over with earnings,"Foreign-born, non-citizens","EARNINGS IN THE PAST 12 MONTHS (IN 2024 INFLATION-ADJUSTED DOLLARS) FOR FULL-TIME, YEAR-ROUND WORKERS > Population 16 years and over with earnings > $50,000 to $74,999",10.1,count or percent,6.5,"In ZIP code 78207 (San Antonio, TX), 2024, among foreign-born, non-citizens: EARNINGS IN THE PAST 12 MONTHS (IN 2024 INFLATION-ADJUSTED DOLLARS) FOR FULL-TIME, YEAR-ROUND WORKERS > Population 16 years and over with earnings > $50,000 to $74,999 = $10. [ACS S0501 (2024); margin of error: +/-6.5]",S0501_C05_085E
78207,ACS S0501 (2024),2024,Population 16 years and over with earnings,"Foreign-born, non-citizens","EARNINGS IN THE PAST 12 MONTHS (IN 2024 INFLATION-ADJUSTED DOLLARS) FOR FULL-TIME, YEAR-ROUND WORKERS > Population 16 years and over with earnings > $75,000 or more",0.5,count or percent,1.0,"In ZIP code 78207 (San Antonio, TX), 2024, among foreign-born, non-citizens: EARNINGS IN THE PAST 12 MONTHS (IN 2024 INFLATION-ADJUSTED DOLLARS) FOR FULL-TIME, YEAR-ROUND WORKERS > Population 16 years and over with earnings > $75,000 or more = $0. [ACS S0501 (2024); margin of error: +/-1]",S0501_C05_086E
78207,ACS S0501 (2024),2024,Population 16 years and over with earnings,"Foreign-born, non-citizens","EARNINGS IN THE PAST 12 MONTHS (IN 2024 INFLATION-ADJUSTED DOLLARS) FOR FULL-TIME, YEAR-ROUND WORKERS > Population 16 years and over with earnings > Median earnings (dollars) for full-time, year-round workers > Male",35916.0,count or percent,5073,"In ZIP code 78207 (San Antonio, TX), 2024, among foreign-born, non-citizens: EARNINGS IN THE PAST 12 MONTHS (IN 2024 INFLATION-ADJUSTED DOLLARS) FOR FULL-TIME, YEAR-ROUND WORKERS > Population 16 years and over with earnings > Median earnings (dollars) for full-time, year-round workers > Male = $35,916. [ACS S0501 (2024); margin of error: +/-5073]",S0501_C05_087E
78207,ACS S0501 (2024),2024,Population 16 years and over with earnings,"Foreign-born, non-citizens","EARNINGS IN THE PAST 12 MONTHS (IN 2024 INFLATION-ADJUSTED DOLLARS) FOR FULL-TIME, YEAR-ROUND WORKERS > Population 16 years and over with earnings > Median earnings (dollars) for full-time, year-round workers > Female",29766.0,count or percent,9134,"In ZIP code 78207 (San Antonio, TX), 2024, among foreign-born, non-citizens: EARNINGS IN THE PAST 12 MONTHS (IN 2024 INFLATION-ADJUSTED DOLLARS) FOR FULL-TIME, YEAR-ROUND WORKERS > Population 16 years and over with earnings > Median earnings (dollars) for full-time, year-round workers > Female = $29,766. [ACS S0501 (2024); margin of error: +/-9134]",S0501_C05_088E
78207,ACS S0501 (2024),2024,Households,"Foreign-born, non-citizens",INCOME IN THE PAST 12 MONTHS (IN 2024 INFLATION-ADJUSTED DOLLARS) > Households,3304.0,count or percent,516,"In ZIP code 78207 (San Antonio, TX), 2024, among foreign-born, non-citizens: INCOME IN THE PAST 12 MONTHS (IN 2024 INFLATION-ADJUSTED DOLLARS) > Households = $3,304. [ACS S0501 (2024); margin of error: +/-516]",S0501_C05_089E
78207,ACS S0501 (2024),2024,Households,"Foreign-born, non-citizens",INCOME IN THE PAST 12 MONTHS (IN 2024 INFLATION-ADJUSTED DOLLARS) > Households > With earnings,80.0,count or percent,8.3,"In ZIP code 78207 (San Antonio, TX), 2024, among foreign-born, non-citizens: INCOME IN THE PAST 12 MONTHS (IN 2024 INFLATION-ADJUSTED DOLLARS) > Households > With earnings = $80. [ACS S0501 (2024); margin of error: +/-8.3]",S0501_C05_090E
78207,ACS S0501 (2024),2024,Households,"Foreign-born, non-citizens",INCOME IN THE PAST 12 MONTHS (IN 2024 INFLATION-ADJUSTED DOLLARS) > Households > With earnings > Mean earnings (dollars),42723.0,count or percent,6067,"In ZIP code 78207 (San Antonio, TX), 2024, among foreign-born, non-citizens: INCOME IN THE PAST 12 MONTHS (IN 2024 INFLATION-ADJUSTED DOLLARS) > Households > With earnings > Mean earnings (dollars) = $42,723. [ACS S0501 (2024); margin of error: +/-6067]",S0501_C05_091E
78207,ACS S0501 (2024),2024,Households,"Foreign-born, non-citizens",INCOME IN THE PAST 12 MONTHS (IN 2024 INFLATION-ADJUSTED DOLLARS) > Households > With Social Security income,28.9,count or percent,7.2,"In ZIP code 78207 (San Antonio, TX), 2024, among foreign-born, non-citizens: INCOME IN THE PAST 12 MONTHS (IN 2024 INFLATION-ADJUSTED DOLLARS) > Households > With Social Security income = $29. [ACS S0501 (2024); margin of error: +/-7.2]",S0501_C05_092E
78207,ACS S0501 (2024),2024,Households,"Foreign-born, non-citizens",INCOME IN THE PAST 12 MONTHS (IN 2024 INFLATION-ADJUSTED DOLLARS) > Households > With Social Security income > Mean Social Security income (dollars),11515.0,count or percent,1753,"In ZIP code 78207 (San Antonio, TX), 2024, among foreign-born, non-citizens: INCOME IN THE PAST 12 MONTHS (IN 2024 INFLATION-ADJUSTED DOLLARS) > Households > With Social Security income > Mean Social Security income (dollars) = $11,515. [ACS S0501 (2024); margin of error: +/-1753]",S0501_C05_093E
78207,ACS S0501 (2024),2024,Households,"Foreign-born, non-citizens",INCOME IN THE PAST 12 MONTHS (IN 2024 INFLATION-ADJUSTED DOLLARS) > Households > With Supplemental Security Income,13.9,count or percent,6.4,"In ZIP code 78207 (San Antonio, TX), 2024, among foreign-born, non-citizens: INCOME IN THE PAST 12 MONTHS (IN 2024 INFLATION-ADJUSTED DOLLARS) > Households > With Supplemental Security Income = $14. [ACS S0501 (2024); margin of error: +/-6.4]",S0501_C05_094E
78207,ACS S0501 (2024),2024,Households,"Foreign-born, non-citizens",INCOME IN THE PAST 12 MONTHS (IN 2024 INFLATION-ADJUSTED DOLLARS) > Households > With Supplemental Security Income > Mean Supplemental Security Income (dollars),10536.0,count or percent,2022,"In ZIP code 78207 (San Antonio, TX), 2024, among foreign-born, non-citizens: INCOME IN THE PAST 12 MONTHS (IN 2024 INFLATION-ADJUSTED DOLLARS) > Households > With Supplemental Security Income > Mean Supplemental Security Income (dollars) = $10,536. [ACS S0501 (2024); margin of error: +/-2022]",S0501_C05_095E
78207,ACS S0501 (2024),2024,Households,"Foreign-born, non-citizens",INCOME IN THE PAST 12 MONTHS (IN 2024 INFLATION-ADJUSTED DOLLARS) > Households > With cash public assistance income,1.2,count or percent,1.1,"In ZIP code 78207 (San Antonio, TX), 2024, among foreign-born, non-citizens: INCOME IN THE PAST 12 MONTHS (IN 2024 INFLATION-ADJUSTED DOLLARS) > Households > With cash public assistance income = $1. [ACS S0501 (2024); margin of error: +/-1.1]",S0501_C05_096E
78207,ACS S0501 (2024),2024,Households,"Foreign-born, non-citizens",INCOME IN THE PAST 12 MONTHS (IN 2024 INFLATION-ADJUSTED DOLLARS) > Households > With cash public assistance income > Mean cash public assistance income (dollars),1790.0,count or percent,402,"In ZIP code 78207 (San Antonio, TX), 2024, among foreign-born, non-citizens: INCOME IN THE PAST 12 MONTHS (IN 2024 INFLATION-ADJUSTED DOLLARS) > Households > With cash public assistance income > Mean cash public assistance income (dollars) = $1,790. [ACS S0501 (2024); margin of error: +/-402]",S0501_C05_097E
78207,ACS S0501 (2024),2024,Households,"Foreign-born, non-citizens",INCOME IN THE PAST 12 MONTHS (IN 2024 INFLATION-ADJUSTED DOLLARS) > Households > With retirement income,1.9,count or percent,1.8,"In ZIP code 78207 (San Antonio, TX), 2024, among foreign-born, non-citizens: INCOME IN THE PAST 12 MONTHS (IN 2024 INFLATION-ADJUSTED DOLLARS) > Households > With retirement income = $2. [ACS S0501 (2024); margin of error: +/-1.8]",S0501_C05_098E
78207,ACS S0501 (2024),2024,Households,"Foreign-born, non-citizens",INCOME IN THE PAST 12 MONTHS (IN 2024 INFLATION-ADJUSTED DOLLARS) > Households > With retirement income > Mean retirement income (dollars),7171.0,count or percent,5240,"In ZIP code 78207 (San Antonio, TX), 2024, among foreign-born, non-citizens: INCOME IN THE PAST 12 MONTHS (IN 2024 INFLATION-ADJUSTED DOLLARS) > Households > With retirement income > Mean retirement income (dollars) = $7,171. [ACS S0501 (2024); margin of error: +/-5240]",S0501_C05_099E
78207,ACS S0501 (2024),2024,Households,"Foreign-born, non-citizens",INCOME IN THE PAST 12 MONTHS (IN 2024 INFLATION-ADJUSTED DOLLARS) > Households > With Food Stamp/SNAP benefits,44.2,count or percent,8.7,"In ZIP code 78207 (San Antonio, TX), 2024, among foreign-born, non-citizens: INCOME IN THE PAST 12 MONTHS (IN 2024 INFLATION-ADJUSTED DOLLARS) > Households > With Food Stamp/SNAP benefits = $44. [ACS S0501 (2024); margin of error: +/-8.7]",S0501_C05_100E
78207,ACS S0501 (2024),2024,Households,"Foreign-born, non-citizens",INCOME IN THE PAST 12 MONTHS (IN 2024 INFLATION-ADJUSTED DOLLARS) > Households > Median Household income (dollars),28865.0,count or percent,4248,"In ZIP code 78207 (San Antonio, TX), 2024, among foreign-born, non-citizens: INCOME IN THE PAST 12 MONTHS (IN 2024 INFLATION-ADJUSTED DOLLARS) > Households > Median Household income (dollars) = $28,865. [ACS S0501 (2024); margin of error: +/-4248]",S0501_C05_101E
78207,ACS S0501 (2024),2024,Households,"Foreign-born, non-citizens",INCOME IN THE PAST 12 MONTHS (IN 2024 INFLATION-ADJUSTED DOLLARS) > Households > Average number of workers per household,1.3,count or percent,0.23,"In ZIP code 78207 (San Antonio, TX), 2024, among foreign-born, non-citizens: INCOME IN THE PAST 12 MONTHS (IN 2024 INFLATION-ADJUSTED DOLLARS) > Households > Average number of workers per household = $1. [ACS S0501 (2024); margin of error: +/-0.23]",S0501_C05_102E
78207,ACS S0501 (2024),2024,Population for whom poverty status is determined,"Foreign-born, non-citizens",POVERTY STATUS IN THE PAST 12 MONTHS > Population for whom poverty status is determined,7544.0,count or percent,1087,"In ZIP code 78207 (San Antonio, TX), 2024, among foreign-born, non-citizens: POVERTY STATUS IN THE PAST 12 MONTHS > Population for whom poverty status is determined = 7,544. [ACS S0501 (2024); margin of error: +/-1087]",S0501_C05_103E
78207,ACS S0501 (2024),2024,Population for whom poverty status is determined,"Foreign-born, non-citizens",POVERTY STATUS IN THE PAST 12 MONTHS > Population for whom poverty status is determined > Below 100 percent of the poverty level,42.9,count or percent,7.3,"In ZIP code 78207 (San Antonio, TX), 2024, among foreign-born, non-citizens: POVERTY STATUS IN THE PAST 12 MONTHS > Population for whom poverty status is determined > Below 100 percent of the poverty level = 42.9%. [ACS S0501 (2024); margin of error: +/-7.3]",S0501_C05_104E
78207,ACS S0501 (2024),2024,Population for whom poverty status is determined,"Foreign-born, non-citizens",POVERTY STATUS IN THE PAST 12 MONTHS > Population for whom poverty status is determined > 100 to 199 percent of the poverty level,32.3,count or percent,6.9,"In ZIP code 78207 (San Antonio, TX), 2024, among foreign-born, non-citizens: POVERTY STATUS IN THE PAST 12 MONTHS > Population for whom poverty status is determined > 100 to 199 percent of the poverty level = 32.3%. [ACS S0501 (2024); margin of error: +/-6.9]",S0501_C05_105E
78207,ACS S0501 (2024),2024,Population for whom poverty status is determined,"Foreign-born, non-citizens",POVERTY STATUS IN THE PAST 12 MONTHS > Population for whom poverty status is determined > At or above 200 percent of the poverty level,24.8,count or percent,6.7,"In ZIP code 78207 (San Antonio, TX), 2024, among foreign-born, non-citizens: POVERTY STATUS IN THE PAST 12 MONTHS > Population for whom poverty status is determined > At or above 200 percent of the poverty level = 24.8%. [ACS S0501 (2024); margin of error: +/-6.7]",S0501_C05_106E
78207,ACS S0501 (2024),2024,POVERTY RATES FOR FAMILIES FOR WHOM POVERTY STATUS IS DETERMINED,"Foreign-born, non-citizens",POVERTY STATUS IN THE PAST 12 MONTHS > POVERTY RATES FOR FAMILIES FOR WHOM POVERTY STATUS IS DETERMINED > All families,39.3,count or percent,8.7,"In ZIP code 78207 (San Antonio, TX), 2024, among foreign-born, non-citizens: POVERTY STATUS IN THE PAST 12 MONTHS > POVERTY RATES FOR FAMILIES FOR WHOM POVERTY STATUS IS DETERMINED > All families = 39.3%. [ACS S0501 (2024); margin of error: +/-8.7]",S0501_C05_107E
78207,ACS S0501 (2024),2024,POVERTY RATES FOR FAMILIES FOR WHOM POVERTY STATUS IS DETERMINED,"Foreign-born, non-citizens",POVERTY STATUS IN THE PAST 12 MONTHS > POVERTY RATES FOR FAMILIES FOR WHOM POVERTY STATUS IS DETERMINED > All families > With related children of the householder under 18 years,50.2,count or percent,11.9,"In ZIP code 78207 (San Antonio, TX), 2024, among foreign-born, non-citizens: POVERTY STATUS IN THE PAST 12 MONTHS > POVERTY RATES FOR FAMILIES FOR WHOM POVERTY STATUS IS DETERMINED > All families > With related children of the householder under 18 years = 50.2%. [ACS S0501 (2024); margin of error: +/-11.9]",S0501_C05_108E
78207,ACS S0501 (2024),2024,POVERTY RATES FOR FAMILIES FOR WHOM POVERTY STATUS IS DETERMINED,"Foreign-born, non-citizens",POVERTY STATUS IN THE PAST 12 MONTHS > POVERTY RATES FOR FAMILIES FOR WHOM POVERTY STATUS IS DETERMINED > All families > With related children of the householder under 5 years only,0.0,count or percent,37.1,"In ZIP code 78207 (San Antonio, TX), 2024, among foreign-born, non-citizens: POVERTY STATUS IN THE PAST 12 MONTHS > POVERTY RATES FOR FAMILIES FOR WHOM POVERTY STATUS IS DETERMINED > All families > With related children of the householder under 5 years only = 0%. [ACS S0501 (2024); margin of error: +/-37.1]",S0501_C05_109E
78207,ACS S0501 (2024),2024,POVERTY RATES FOR FAMILIES FOR WHOM POVERTY STATUS IS DETERMINED,"Foreign-born, non-citizens",POVERTY STATUS IN THE PAST 12 MONTHS > POVERTY RATES FOR FAMILIES FOR WHOM POVERTY STATUS IS DETERMINED > Married-couple family,31.6,count or percent,12.4,"In ZIP code 78207 (San Antonio, TX), 2024, among foreign-born, non-citizens: POVERTY STATUS IN THE PAST 12 MONTHS > POVERTY RATES FOR FAMILIES FOR WHOM POVERTY STATUS IS DETERMINED > Married-couple family = 31.6%. [ACS S0501 (2024); margin of error: +/-12.4]",S0501_C05_110E
78207,ACS S0501 (2024),2024,POVERTY RATES FOR FAMILIES FOR WHOM POVERTY STATUS IS DETERMINED,"Foreign-born, non-citizens",POVERTY STATUS IN THE PAST 12 MONTHS > POVERTY RATES FOR FAMILIES FOR WHOM POVERTY STATUS IS DETERMINED > Married-couple family > With related children of the householder under 18 years,34.7,count or percent,16.1,"In ZIP code 78207 (San Antonio, TX), 2024, among foreign-born, non-citizens: POVERTY STATUS IN THE PAST 12 MONTHS > POVERTY RATES FOR FAMILIES FOR WHOM POVERTY STATUS IS DETERMINED > Married-couple family > With related children of the householder under 18 years = 34.7%. [ACS S0501 (2024); margin of error: +/-16.1]",S0501_C05_111E
78207,ACS S0501 (2024),2024,POVERTY RATES FOR FAMILIES FOR WHOM POVERTY STATUS IS DETERMINED,"Foreign-born, non-citizens",POVERTY STATUS IN THE PAST 12 MONTHS > POVERTY RATES FOR FAMILIES FOR WHOM POVERTY STATUS IS DETERMINED > Married-couple family > With related children of the householder under 5 years only,0.0,count or percent,44.6,"In ZIP code 78207 (San Antonio, TX), 2024, among foreign-born, non-citizens: POVERTY STATUS IN THE PAST 12 MONTHS > POVERTY RATES FOR FAMILIES FOR WHOM POVERTY STATUS IS DETERMINED > Married-couple family > With related children of the householder under 5 years only = 0%. [ACS S0501 (2024); margin of error: +/-44.6]",S0501_C05_112E
78207,ACS S0501 (2024),2024,POVERTY RATES FOR FAMILIES FOR WHOM POVERTY STATUS IS DETERMINED,"Foreign-born, non-citizens","POVERTY STATUS IN THE PAST 12 MONTHS > POVERTY RATES FOR FAMILIES FOR WHOM POVERTY STATUS IS DETERMINED > Female householder, no spouse present, family",53.3,count or percent,16.7,"In ZIP code 78207 (San Antonio, TX), 2024, among foreign-born, non-citizens: POVERTY STATUS IN THE PAST 12 MONTHS > POVERTY RATES FOR FAMILIES FOR WHOM POVERTY STATUS IS DETERMINED > Female householder, no spouse present, family = 53.3%. [ACS S0501 (2024); margin of error: +/-16.7]",S0501_C05_113E
78207,ACS S0501 (2024),2024,POVERTY RATES FOR FAMILIES FOR WHOM POVERTY STATUS IS DETERMINED,"Foreign-born, non-citizens","POVERTY STATUS IN THE PAST 12 MONTHS > POVERTY RATES FOR FAMILIES FOR WHOM POVERTY STATUS IS DETERMINED > Female householder, no spouse present, family > With related children of the householder under 18 years",59.4,count or percent,19.6,"In ZIP code 78207 (San Antonio, TX), 2024, among foreign-born, non-citizens: POVERTY STATUS IN THE PAST 12 MONTHS > POVERTY RATES FOR FAMILIES FOR WHOM POVERTY STATUS IS DETERMINED > Female householder, no spouse present, family > With related children of the householder under 18 years = 59.4%. [ACS S0501 (2024); margin of error: +/-19.6]",S0501_C05_114E
78207,ACS S0501 (2024),2024,POVERTY RATES FOR FAMILIES FOR WHOM POVERTY STATUS IS DETERMINED,"Foreign-born, non-citizens","POVERTY STATUS IN THE PAST 12 MONTHS > POVERTY RATES FOR FAMILIES FOR WHOM POVERTY STATUS IS DETERMINED > Female householder, no spouse present, family > With related children of the householder under 5 years only",0.0,count or percent,100.0,"In ZIP code 78207 (San Antonio, TX), 2024, among foreign-born, non-citizens: POVERTY STATUS IN THE PAST 12 MONTHS > POVERTY RATES FOR FAMILIES FOR WHOM POVERTY STATUS IS DETERMINED > Female householder, no spouse present, family > With related children of the householder under 5 years only = 0%. [ACS S0501 (2024); margin of error: +/-100]",S0501_C05_115E
78207,ACS S0501 (2024),2024,Occupied housing units,"Foreign-born, non-citizens",Occupied housing units,3304.0,count or percent,516,"In ZIP code 78207 (San Antonio, TX), 2024, among foreign-born, non-citizens: Occupied housing units = 3,304. [ACS S0501 (2024); margin of error: +/-516]",S0501_C05_116E
78207,ACS S0501 (2024),2024,HOUSING TENURE,"Foreign-born, non-citizens",Occupied housing units > HOUSING TENURE > Owner-occupied housing units,34.2,count or percent,6.6,"In ZIP code 78207 (San Antonio, TX), 2024, among foreign-born, non-citizens: Occupied housing units > HOUSING TENURE > Owner-occupied housing units = 34.2%. [ACS S0501 (2024); margin of error: +/-6.6]",S0501_C05_117E
78207,ACS S0501 (2024),2024,HOUSING TENURE,"Foreign-born, non-citizens",Occupied housing units > HOUSING TENURE > Renter-occupied housing units,65.8,count or percent,6.6,"In ZIP code 78207 (San Antonio, TX), 2024, among foreign-born, non-citizens: Occupied housing units > HOUSING TENURE > Renter-occupied housing units = 65.8%. [ACS S0501 (2024); margin of error: +/-6.6]",S0501_C05_118E
78207,ACS S0501 (2024),2024,HOUSING TENURE,"Foreign-born, non-citizens",Occupied housing units > HOUSING TENURE > Average household size of owner-occupied unit,3.62,count or percent,0.69,"In ZIP code 78207 (San Antonio, TX), 2024, among foreign-born, non-citizens: Occupied housing units > HOUSING TENURE > Average household size of owner-occupied unit = 3.62%. [ACS S0501 (2024); margin of error: +/-0.69]",S0501_C05_119E
78207,ACS S0501 (2024),2024,HOUSING TENURE,"Foreign-born, non-citizens",Occupied housing units > HOUSING TENURE > Average household size of renter-occupied unit,2.98,count or percent,0.50,"In ZIP code 78207 (San Antonio, TX), 2024, among foreign-born, non-citizens: Occupied housing units > HOUSING TENURE > Average household size of renter-occupied unit = 2.98%. [ACS S0501 (2024); margin of error: +/-0.5]",S0501_C05_120E
78207,ACS S0501 (2024),2024,ROOMS,"Foreign-born, non-citizens",Occupied housing units > ROOMS > 1 room,3.5,count or percent,2.4,"In ZIP code 78207 (San Antonio, TX), 2024, among foreign-born, non-citizens: Occupied housing units > ROOMS > 1 room = 3.5%. [ACS S0501 (2024); margin of error: +/-2.4]",S0501_C05_121E
78207,ACS S0501 (2024),2024,ROOMS,"Foreign-born, non-citizens",Occupied housing units > ROOMS > 2 or 3 rooms,25.8,count or percent,9.4,"In ZIP code 78207 (San Antonio, TX), 2024, among foreign-born, non-citizens: Occupied housing units > ROOMS > 2 or 3 rooms = 25.8%. [ACS S0501 (2024); margin of error: +/-9.4]",S0501_C05_122E
78207,ACS S0501 (2024),2024,ROOMS,"Foreign-born, non-citizens",Occupied housing units > ROOMS > 4 or 5 rooms,55.0,count or percent,8.0,"In ZIP code 78207 (San Antonio, TX), 2024, among foreign-born, non-citizens: Occupied housing units > ROOMS > 4 or 5 rooms = 55%. [ACS S0501 (2024); margin of error: +/-8]",S0501_C05_123E
78207,ACS S0501 (2024),2024,ROOMS,"Foreign-born, non-citizens",Occupied housing units > ROOMS > 6 or 7 rooms,12.7,count or percent,4.9,"In ZIP code 78207 (San Antonio, TX), 2024, among foreign-born, non-citizens: Occupied housing units > ROOMS > 6 or 7 rooms = 12.7%. [ACS S0501 (2024); margin of error: +/-4.9]",S0501_C05_124E
78207,ACS S0501 (2024),2024,ROOMS,"Foreign-born, non-citizens",Occupied housing units > ROOMS > 8 or more rooms,2.9,count or percent,2.4,"In ZIP code 78207 (San Antonio, TX), 2024, among foreign-born, non-citizens: Occupied housing units > ROOMS > 8 or more rooms = 2.9%. [ACS S0501 (2024); margin of error: +/-2.4]",S0501_C05_125E
78207,ACS S0501 (2024),2024,Median number of rooms,"Foreign-born, non-citizens",Occupied housing units > Median number of rooms,4.2,count or percent,0.3,"In ZIP code 78207 (San Antonio, TX), 2024, among foreign-born, non-citizens: Occupied housing units > Median number of rooms = $4. [ACS S0501 (2024); margin of error: +/-0.3]",S0501_C05_126E
78207,ACS S0501 (2024),2024,1.01 or more occupants per room,"Foreign-born, non-citizens",Occupied housing units > 1.01 or more occupants per room,19.4,count or percent,7.6,"In ZIP code 78207 (San Antonio, TX), 2024, among foreign-born, non-citizens: Occupied housing units > 1.01 or more occupants per room = 19.4%. [ACS S0501 (2024); margin of error: +/-7.6]",S0501_C05_127E
78207,ACS S0501 (2024),2024,VEHICLES AVAILABLE,"Foreign-born, non-citizens",Occupied housing units > VEHICLES AVAILABLE > None,16.7,count or percent,5.4,"In ZIP code 78207 (San Antonio, TX), 2024, among foreign-born, non-citizens: Occupied housing units > VEHICLES AVAILABLE > None = 16.7%. [ACS S0501 (2024); margin of error: +/-5.4]",S0501_C05_128E
78207,ACS S0501 (2024),2024,VEHICLES AVAILABLE,"Foreign-born, non-citizens",Occupied housing units > VEHICLES AVAILABLE > 1 or more,83.3,count or percent,5.4,"In ZIP code 78207 (San Antonio, TX), 2024, among foreign-born, non-citizens: Occupied housing units > VEHICLES AVAILABLE > 1 or more = 83.3%. [ACS S0501 (2024); margin of error: +/-5.4]",S0501_C05_129E
78207,ACS S0501 (2024),2024,SELECTED CHARACTERISTICS,"Foreign-born, non-citizens",Occupied housing units > SELECTED CHARACTERISTICS > No telephone service available,2.3,count or percent,2.4,"In ZIP code 78207 (San Antonio, TX), 2024, among foreign-born, non-citizens: Occupied housing units > SELECTED CHARACTERISTICS > No telephone service available = 2.3%. [ACS S0501 (2024); margin of error: +/-2.4]",S0501_C05_130E
78207,ACS S0501 (2024),2024,SELECTED CHARACTERISTICS,"Foreign-born, non-citizens",Occupied housing units > SELECTED CHARACTERISTICS > Limited English Speaking Households,60.8,count or percent,7.7,"In ZIP code 78207 (San Antonio, TX), 2024, among foreign-born, non-citizens: Occupied housing units > SELECTED CHARACTERISTICS > Limited English Speaking Households = 60.8%. [ACS S0501 (2024); margin of error: +/-7.7]",S0501_C05_131E
78207,ACS S0501 (2024),2024,Owner-occupied housing units,"Foreign-born, non-citizens",Owner-occupied housing units,1130.0,count or percent,266,"In ZIP code 78207 (San Antonio, TX), 2024, among foreign-born, non-citizens: Owner-occupied housing units = 1,130. [ACS S0501 (2024); margin of error: +/-266]",S0501_C05_132E
78207,ACS S0501 (2024),2024,SELECTED MONTHLY OWNER COSTS AS A PERCENTAGE OF HOUSEHOLD INCOME IN THE PAST 12 MONTHS,"Foreign-born, non-citizens",Owner-occupied housing units > SELECTED MONTHLY OWNER COSTS AS A PERCENTAGE OF HOUSEHOLD INCOME IN THE PAST 12 MONTHS > Less than 30 percent,70.4,count or percent,13.2,"In ZIP code 78207 (San Antonio, TX), 2024, among foreign-born, non-citizens: Owner-occupied housing units > SELECTED MONTHLY OWNER COSTS AS A PERCENTAGE OF HOUSEHOLD INCOME IN THE PAST 12 MONTHS > Less than 30 percent = $70. [ACS S0501 (2024); margin of error: +/-13.2]",S0501_C05_133E
78207,ACS S0501 (2024),2024,SELECTED MONTHLY OWNER COSTS AS A PERCENTAGE OF HOUSEHOLD INCOME IN THE PAST 12 MONTHS,"Foreign-born, non-citizens",Owner-occupied housing units > SELECTED MONTHLY OWNER COSTS AS A PERCENTAGE OF HOUSEHOLD INCOME IN THE PAST 12 MONTHS > 30 percent or more,29.6,count or percent,13.2,"In ZIP code 78207 (San Antonio, TX), 2024, among foreign-born, non-citizens: Owner-occupied housing units > SELECTED MONTHLY OWNER COSTS AS A PERCENTAGE OF HOUSEHOLD INCOME IN THE PAST 12 MONTHS > 30 percent or more = $30. [ACS S0501 (2024); margin of error: +/-13.2]",S0501_C05_134E
78207,ACS S0501 (2024),2024,Renter-occupied housing units,"Foreign-born, non-citizens",Renter-occupied housing units,2174.0,count or percent,416,"In ZIP code 78207 (San Antonio, TX), 2024, among foreign-born, non-citizens: Renter-occupied housing units = 2,174. [ACS S0501 (2024); margin of error: +/-416]",S0501_C05_135E
78207,ACS S0501 (2024),2024,GROSS RENT AS A PERCENTAGE OF HOUSEHOLD INCOME IN THE PAST 12 MONTHS,"Foreign-born, non-citizens",Renter-occupied housing units > GROSS RENT AS A PERCENTAGE OF HOUSEHOLD INCOME IN THE PAST 12 MONTHS > Less than 30 percent,30.7,count or percent,9.9,"In ZIP code 78207 (San Antonio, TX), 2024, among foreign-born, non-citizens: Renter-occupied housing units > GROSS RENT AS A PERCENTAGE OF HOUSEHOLD INCOME IN THE PAST 12 MONTHS > Less than 30 percent = $31. [ACS S0501 (2024); margin of error: +/-9.9]",S0501_C05_136E
78207,ACS S0501 (2024),2024,GROSS RENT AS A PERCENTAGE OF HOUSEHOLD INCOME IN THE PAST 12 MONTHS,"Foreign-born, non-citizens",Renter-occupied housing units > GROSS RENT AS A PERCENTAGE OF HOUSEHOLD INCOME IN THE PAST 12 MONTHS > 30 percent or more,69.3,count or percent,9.9,"In ZIP code 78207 (San Antonio, TX), 2024, among foreign-born, non-citizens: Renter-occupied housing units > GROSS RENT AS A PERCENTAGE OF HOUSEHOLD INCOME IN THE PAST 12 MONTHS > 30 percent or more = $69. [ACS S0501 (2024); margin of error: +/-9.9]",S0501_C05_137E
78207,ACS DP03 (2024),2024,EMPLOYMENT STATUS,Total population,Population 16 years and over,41256.0,percent,,"In ZIP code 78207 (San Antonio, TX), 2024, (EMPLOYMENT STATUS): Population 16 years and over = 41256%. [ACS DP03 (2024)]",
78207,ACS DP03 (2024),2024,EMPLOYMENT STATUS,Total population,In labor force,51.5,percent,2.4,"In ZIP code 78207 (San Antonio, TX), 2024, (EMPLOYMENT STATUS): In labor force = 51.5%. [ACS DP03 (2024); margin of error: +/-2.4]",
78207,ACS DP03 (2024),2024,EMPLOYMENT STATUS,Total population,Civilian labor force,51.4,percent,2.4,"In ZIP code 78207 (San Antonio, TX), 2024, (EMPLOYMENT STATUS): Civilian labor force = 51.4%. [ACS DP03 (2024); margin of error: +/-2.4]",
78207,ACS DP03 (2024),2024,EMPLOYMENT STATUS,Total population,Employed,44.5,percent,2.5,"In ZIP code 78207 (San Antonio, TX), 2024, (EMPLOYMENT STATUS): Employed = 44.5%. [ACS DP03 (2024); margin of error: +/-2.5]",
78207,ACS DP03 (2024),2024,EMPLOYMENT STATUS,Total population,Unemployed,6.9,percent,1.3,"In ZIP code 78207 (San Antonio, TX), 2024, (EMPLOYMENT STATUS): Unemployed = 6.9%. [ACS DP03 (2024); margin of error: +/-1.3]",
78207,ACS DP03 (2024),2024,EMPLOYMENT STATUS,Total population,Armed Forces,0.1,percent,0.1,"In ZIP code 78207 (San Antonio, TX), 2024, (EMPLOYMENT STATUS): Armed Forces = 0.1%. [ACS DP03 (2024); margin of error: +/-0.1]",
78207,ACS DP03 (2024),2024,EMPLOYMENT STATUS,Total population,Not in labor force,48.5,percent,2.4,"In ZIP code 78207 (San Antonio, TX), 2024, (EMPLOYMENT STATUS): Not in labor force = 48.5%. [ACS DP03 (2024); margin of error: +/-2.4]",
78207,ACS DP03 (2024),2024,EMPLOYMENT STATUS,Total population,Civilian labor force,21206.0,percent,,"In ZIP code 78207 (San Antonio, TX), 2024, (EMPLOYMENT STATUS): Civilian labor force = 21206%. [ACS DP03 (2024)]",
78207,ACS DP03 (2024),2024,EMPLOYMENT STATUS,Total population,Unemployment Rate,13.5,percent,2.6,"In ZIP code 78207 (San Antonio, TX), 2024, (EMPLOYMENT STATUS): Unemployment Rate = 13.5%. [ACS DP03 (2024); margin of error: +/-2.6]",
78207,ACS DP03 (2024),2024,EMPLOYMENT STATUS,Total population,Females 16 years and over,18685.0,percent,,"In ZIP code 78207 (San Antonio, TX), 2024, (EMPLOYMENT STATUS): Females 16 years and over = 18685%. [ACS DP03 (2024)]",
78207,ACS DP03 (2024),2024,EMPLOYMENT STATUS,Total population,In labor force,49.4,percent,3.0,"In ZIP code 78207 (San Antonio, TX), 2024, (EMPLOYMENT STATUS): In labor force = 49.4%. [ACS DP03 (2024); margin of error: +/-3]",
78207,ACS DP03 (2024),2024,EMPLOYMENT STATUS,Total population,Civilian labor force,49.4,percent,3.0,"In ZIP code 78207 (San Antonio, TX), 2024, (EMPLOYMENT STATUS): Civilian labor force = 49.4%. [ACS DP03 (2024); margin of error: +/-3]",
78207,ACS DP03 (2024),2024,EMPLOYMENT STATUS,Total population,Employed,43.5,percent,3.1,"In ZIP code 78207 (San Antonio, TX), 2024, (EMPLOYMENT STATUS): Employed = 43.5%. [ACS DP03 (2024); margin of error: +/-3.1]",
78207,ACS DP03 (2024),2024,EMPLOYMENT STATUS,Total population,Own children of the householder under 6 years,4692.0,percent,,"In ZIP code 78207 (San Antonio, TX), 2024, (EMPLOYMENT STATUS): Own children of the householder under 6 years = 4692%. [ACS DP03 (2024)]",
78207,ACS DP03 (2024),2024,EMPLOYMENT STATUS,Total population,All parents in family in labor force,52.3,percent,8.5,"In ZIP code 78207 (San Antonio, TX), 2024, (EMPLOYMENT STATUS): All parents in family in labor force = 52.3%. [ACS DP03 (2024); margin of error: +/-8.5]",
78207,ACS DP03 (2024),2024,EMPLOYMENT STATUS,Total population,Own children of the householder 6 to 17 years,9371.0,percent,,"In ZIP code 78207 (San Antonio, TX), 2024, (EMPLOYMENT STATUS): Own children of the householder 6 to 17 years = 9371%. [ACS DP03 (2024)]",
78207,ACS DP03 (2024),2024,EMPLOYMENT STATUS,Total population,All parents in family in labor force,59.5,percent,5.5,"In ZIP code 78207 (San Antonio, TX), 2024, (EMPLOYMENT STATUS): All parents in family in labor force = 59.5%. [ACS DP03 (2024); margin of error: +/-5.5]",
78207,ACS DP03 (2024),2024,COMMUTING TO WORK,Total population,Workers 16 years and over,17677.0,percent,,"In ZIP code 78207 (San Antonio, TX), 2024, (COMMUTING TO WORK): Workers 16 years and over = 17677%. [ACS DP03 (2024)]",
78207,ACS DP03 (2024),2024,COMMUTING TO WORK,Total population,"Car, truck, or van -- drove alone",62.2,percent,4.2,"In ZIP code 78207 (San Antonio, TX), 2024, (COMMUTING TO WORK): Car, truck, or van -- drove alone = 62.2%. [ACS DP03 (2024); margin of error: +/-4.2]",
78207,ACS DP03 (2024),2024,COMMUTING TO WORK,Total population,"Car, truck, or van -- carpooled",19.2,percent,2.7,"In ZIP code 78207 (San Antonio, TX), 2024, (COMMUTING TO WORK): Car, truck, or van -- carpooled = 19.2%. [ACS DP03 (2024); margin of error: +/-2.7]",
78207,ACS DP03 (2024),2024,COMMUTING TO WORK,Total population,Public transportation,9.0,percent,3.1,"In ZIP code 78207 (San Antonio, TX), 2024, (COMMUTING TO WORK): Public transportation = 9%. [ACS DP03 (2024); margin of error: +/-3.1]",
78207,ACS DP03 (2024),2024,COMMUTING TO WORK,Total population,Walked,3.7,percent,1.3,"In ZIP code 78207 (San Antonio, TX), 2024, (COMMUTING TO WORK): Walked = 3.7%. [ACS DP03 (2024); margin of error: +/-1.3]",
78207,ACS DP03 (2024),2024,COMMUTING TO WORK,Total population,Other means,2.2,percent,0.8,"In ZIP code 78207 (San Antonio, TX), 2024, (COMMUTING TO WORK): Other means = 2.2%. [ACS DP03 (2024); margin of error: +/-0.8]",
78207,ACS DP03 (2024),2024,COMMUTING TO WORK,Total population,Worked from home,3.8,percent,1.1,"In ZIP code 78207 (San Antonio, TX), 2024, (COMMUTING TO WORK): Worked from home = 3.8%. [ACS DP03 (2024); margin of error: +/-1.1]",
78207,ACS DP03 (2024),2024,COMMUTING TO WORK,Total population,Mean travel time to work (minutes),26.0,count,1.5,"In ZIP code 78207 (San Antonio, TX), 2024, (COMMUTING TO WORK): Mean travel time to work (minutes) = $26. [ACS DP03 (2024); margin of error: +/-1.5]",
78207,ACS DP03 (2024),2024,OCCUPATION,Total population,Civilian employed population 16 years and over,18341.0,percent,,"In ZIP code 78207 (San Antonio, TX), 2024, (OCCUPATION): Civilian employed population 16 years and over = 18341%. [ACS DP03 (2024)]",
78207,ACS DP03 (2024),2024,OCCUPATION,Total population,"Management, business, science, and arts occupations",15.1,percent,2.7,"In ZIP code 78207 (San Antonio, TX), 2024, (OCCUPATION): Management, business, science, and arts occupations = 15.1%. [ACS DP03 (2024); margin of error: +/-2.7]",
78207,ACS DP03 (2024),2024,OCCUPATION,Total population,Service occupations,30.9,percent,3.2,"In ZIP code 78207 (San Antonio, TX), 2024, (OCCUPATION): Service occupations = 30.9%. [ACS DP03 (2024); margin of error: +/-3.2]",
78207,ACS DP03 (2024),2024,OCCUPATION,Total population,Sales and office occupations,17.2,percent,2.4,"In ZIP code 78207 (San Antonio, TX), 2024, (OCCUPATION): Sales and office occupations = 17.2%. [ACS DP03 (2024); margin of error: +/-2.4]",
78207,ACS DP03 (2024),2024,OCCUPATION,Total population,"Natural resources, construction, and maintenance occupations",18.7,percent,2.6,"In ZIP code 78207 (San Antonio, TX), 2024, (OCCUPATION): Natural resources, construction, and maintenance occupations = 18.7%. [ACS DP03 (2024); margin of error: +/-2.6]",
78207,ACS DP03 (2024),2024,OCCUPATION,Total population,"Production, transportation, and material moving occupations",18.1,percent,3.0,"In ZIP code 78207 (San Antonio, TX), 2024, (OCCUPATION): Production, transportation, and material moving occupations = 18.1%. [ACS DP03 (2024); margin of error: +/-3]",
78207,ACS DP03 (2024),2024,INDUSTRY,Total population,Civilian employed population 16 years and over,18341.0,percent,,"In ZIP code 78207 (San Antonio, TX), 2024, (INDUSTRY): Civilian employed population 16 years and over = 18341%. [ACS DP03 (2024)]",
78207,ACS DP03 (2024),2024,INDUSTRY,Total population,"Agriculture, forestry, fishing and hunting, and mining",0.1,percent,0.1,"In ZIP code 78207 (San Antonio, TX), 2024, (INDUSTRY): Agriculture, forestry, fishing and hunting, and mining = 0.1%. [ACS DP03 (2024); margin of error: +/-0.1]",
78207,ACS DP03 (2024),2024,INDUSTRY,Total population,Construction,16.0,percent,2.5,"In ZIP code 78207 (San Antonio, TX), 2024, (INDUSTRY): Construction = 16%. [ACS DP03 (2024); margin of error: +/-2.5]",
78207,ACS DP03 (2024),2024,INDUSTRY,Total population,Manufacturing,6.3,percent,1.6,"In ZIP code 78207 (San Antonio, TX), 2024, (INDUSTRY): Manufacturing = 6.3%. [ACS DP03 (2024); margin of error: +/-1.6]",
78207,ACS DP03 (2024),2024,INDUSTRY,Total population,Wholesale trade,2.7,percent,0.9,"In ZIP code 78207 (San Antonio, TX), 2024, (INDUSTRY): Wholesale trade = 2.7%. [ACS DP03 (2024); margin of error: +/-0.9]",
78207,ACS DP03 (2024),2024,INDUSTRY,Total population,Retail trade,10.0,percent,2.4,"In ZIP code 78207 (San Antonio, TX), 2024, (INDUSTRY): Retail trade = 10%. [ACS DP03 (2024); margin of error: +/-2.4]",
78207,ACS DP03 (2024),2024,INDUSTRY,Total population,"Transportation and warehousing, and utilities",5.5,percent,1.2,"In ZIP code 78207 (San Antonio, TX), 2024, (INDUSTRY): Transportation and warehousing, and utilities = 5.5%. [ACS DP03 (2024); margin of error: +/-1.2]",
78207,ACS DP03 (2024),2024,INDUSTRY,Total population,Information,0.9,percent,0.6,"In ZIP code 78207 (San Antonio, TX), 2024, (INDUSTRY): Information = 0.9%. [ACS DP03 (2024); margin of error: +/-0.6]",
78207,ACS DP03 (2024),2024,INDUSTRY,Total population,"Finance and insurance, and real estate and rental and leasing",5.0,percent,1.4,"In ZIP code 78207 (San Antonio, TX), 2024, (INDUSTRY): Finance and insurance, and real estate and rental and leasing = 5%. [ACS DP03 (2024); margin of error: +/-1.4]",
78207,ACS DP03 (2024),2024,INDUSTRY,Total population,"Professional, scientific, and management, and administrative and waste management services",10.0,percent,1.9,"In ZIP code 78207 (San Antonio, TX), 2024, (INDUSTRY): Professional, scientific, and management, and administrative and waste management services = 10%. [ACS DP03 (2024); margin of error: +/-1.9]",
78207,ACS DP03 (2024),2024,INDUSTRY,Total population,"Educational services, and health care and social assistance",18.3,percent,2.5,"In ZIP code 78207 (San Antonio, TX), 2024, (INDUSTRY): Educational services, and health care and social assistance = 18.3%. [ACS DP03 (2024); margin of error: +/-2.5]",
78207,ACS DP03 (2024),2024,INDUSTRY,Total population,"Arts, entertainment, and recreation, and accommodation and food services",16.6,percent,3.6,"In ZIP code 78207 (San Antonio, TX), 2024, (INDUSTRY): Arts, entertainment, and recreation, and accommodation and food services = 16.6%. [ACS DP03 (2024); margin of error: +/-3.6]",
78207,ACS DP03 (2024),2024,INDUSTRY,Total population,"Other services, except public administration",5.4,percent,1.4,"In ZIP code 78207 (San Antonio, TX), 2024, (INDUSTRY): Other services, except public administration = 5.4%. [ACS DP03 (2024); margin of error: +/-1.4]",
78207,ACS DP03 (2024),2024,INDUSTRY,Total population,Public administration,3.1,percent,1.4,"In ZIP code 78207 (San Antonio, TX), 2024, (INDUSTRY): Public administration = 3.1%. [ACS DP03 (2024); margin of error: +/-1.4]",
78207,ACS DP03 (2024),2024,CLASS OF WORKER,Total population,Civilian employed population 16 years and over,18341.0,percent,,"In ZIP code 78207 (San Antonio, TX), 2024, (CLASS OF WORKER): Civilian employed population 16 years and over = 18341%. [ACS DP03 (2024)]",
78207,ACS DP03 (2024),2024,CLASS OF WORKER,Total population,Private wage and salary workers,82.4,percent,2.9,"In ZIP code 78207 (San Antonio, TX), 2024, (CLASS OF WORKER): Private wage and salary workers = 82.4%. [ACS DP03 (2024); margin of error: +/-2.9]",
78207,ACS DP03 (2024),2024,CLASS OF WORKER,Total population,Government workers,10.3,percent,2.4,"In ZIP code 78207 (San Antonio, TX), 2024, (CLASS OF WORKER): Government workers = 10.3%. [ACS DP03 (2024); margin of error: +/-2.4]",
78207,ACS DP03 (2024),2024,CLASS OF WORKER,Total population,Self-employed in own not incorporated business workers,7.3,percent,1.9,"In ZIP code 78207 (San Antonio, TX), 2024, (CLASS OF WORKER): Self-employed in own not incorporated business workers = 7.3%. [ACS DP03 (2024); margin of error: +/-1.9]",
78207,ACS DP03 (2024),2024,CLASS OF WORKER,Total population,Unpaid family workers,0.1,percent,0.1,"In ZIP code 78207 (San Antonio, TX), 2024, (CLASS OF WORKER): Unpaid family workers = 0.1%. [ACS DP03 (2024); margin of error: +/-0.1]",
78207,ACS DP03 (2024),2024,INCOME AND BENEFITS (IN 2024 INFLATION-ADJUSTED DOLLARS),Total population,Total households,16574.0,percent,,"In ZIP code 78207 (San Antonio, TX), 2024, (INCOME AND BENEFITS (IN 2024 INFLATION-ADJUSTED DOLLARS)): Total households = 16574%. [ACS DP03 (2024)]",
78207,ACS DP03 (2024),2024,INCOME AND BENEFITS (IN 2024 INFLATION-ADJUSTED DOLLARS),Total population,"Less than $10,000",10.8,percent,2.1,"In ZIP code 78207 (San Antonio, TX), 2024, (INCOME AND BENEFITS (IN 2024 INFLATION-ADJUSTED DOLLARS)): Less than $10,000 = 10.8%. [ACS DP03 (2024); margin of error: +/-2.1]",
78207,ACS DP03 (2024),2024,INCOME AND BENEFITS (IN 2024 INFLATION-ADJUSTED DOLLARS),Total population,"$10,000 to $14,999",12.1,percent,2.4,"In ZIP code 78207 (San Antonio, TX), 2024, (INCOME AND BENEFITS (IN 2024 INFLATION-ADJUSTED DOLLARS)): $10,000 to $14,999 = 12.1%. [ACS DP03 (2024); margin of error: +/-2.4]",
78207,ACS DP03 (2024),2024,INCOME AND BENEFITS (IN 2024 INFLATION-ADJUSTED DOLLARS),Total population,"$15,000 to $24,999",17.8,percent,2.4,"In ZIP code 78207 (San Antonio, TX), 2024, (INCOME AND BENEFITS (IN 2024 INFLATION-ADJUSTED DOLLARS)): $15,000 to $24,999 = 17.8%. [ACS DP03 (2024); margin of error: +/-2.4]",
78207,ACS DP03 (2024),2024,INCOME AND BENEFITS (IN 2024 INFLATION-ADJUSTED DOLLARS),Total population,"$25,000 to $34,999",13.4,percent,2.4,"In ZIP code 78207 (San Antonio, TX), 2024, (INCOME AND BENEFITS (IN 2024 INFLATION-ADJUSTED DOLLARS)): $25,000 to $34,999 = 13.4%. [ACS DP03 (2024); margin of error: +/-2.4]",
78207,ACS DP03 (2024),2024,INCOME AND BENEFITS (IN 2024 INFLATION-ADJUSTED DOLLARS),Total population,"$35,000 to $49,999",14.2,percent,2.3,"In ZIP code 78207 (San Antonio, TX), 2024, (INCOME AND BENEFITS (IN 2024 INFLATION-ADJUSTED DOLLARS)): $35,000 to $49,999 = 14.2%. [ACS DP03 (2024); margin of error: +/-2.3]",
78207,ACS DP03 (2024),2024,INCOME AND BENEFITS (IN 2024 INFLATION-ADJUSTED DOLLARS),Total population,"$50,000 to $74,999",14.0,percent,1.8,"In ZIP code 78207 (San Antonio, TX), 2024, (INCOME AND BENEFITS (IN 2024 INFLATION-ADJUSTED DOLLARS)): $50,000 to $74,999 = 14%. [ACS DP03 (2024); margin of error: +/-1.8]",
78207,ACS DP03 (2024),2024,INCOME AND BENEFITS (IN 2024 INFLATION-ADJUSTED DOLLARS),Total population,"$75,000 to $99,999",9.1,percent,1.9,"In ZIP code 78207 (San Antonio, TX), 2024, (INCOME AND BENEFITS (IN 2024 INFLATION-ADJUSTED DOLLARS)): $75,000 to $99,999 = 9.1%. [ACS DP03 (2024); margin of error: +/-1.9]",
78207,ACS DP03 (2024),2024,INCOME AND BENEFITS (IN 2024 INFLATION-ADJUSTED DOLLARS),Total population,"$100,000 to $149,999",6.8,percent,1.4,"In ZIP code 78207 (San Antonio, TX), 2024, (INCOME AND BENEFITS (IN 2024 INFLATION-ADJUSTED DOLLARS)): $100,000 to $149,999 = 6.8%. [ACS DP03 (2024); margin of error: +/-1.4]",
78207,ACS DP03 (2024),2024,INCOME AND BENEFITS (IN 2024 INFLATION-ADJUSTED DOLLARS),Total population,"$150,000 to $199,999",0.7,percent,0.4,"In ZIP code 78207 (San Antonio, TX), 2024, (INCOME AND BENEFITS (IN 2024 INFLATION-ADJUSTED DOLLARS)): $150,000 to $199,999 = 0.7%. [ACS DP03 (2024); margin of error: +/-0.4]",
78207,ACS DP03 (2024),2024,INCOME AND BENEFITS (IN 2024 INFLATION-ADJUSTED DOLLARS),Total population,"$200,000 or more",1.0,percent,0.6,"In ZIP code 78207 (San Antonio, TX), 2024, (INCOME AND BENEFITS (IN 2024 INFLATION-ADJUSTED DOLLARS)): $200,000 or more = 1%. [ACS DP03 (2024); margin of error: +/-0.6]",
78207,ACS DP03 (2024),2024,INCOME AND BENEFITS (IN 2024 INFLATION-ADJUSTED DOLLARS),Total population,Median household income (dollars),32472.0,count,2194.0,"In ZIP code 78207 (San Antonio, TX), 2024, (INCOME AND BENEFITS (IN 2024 INFLATION-ADJUSTED DOLLARS)): Median household income (dollars) = $32,472. [ACS DP03 (2024); margin of error: +/-2194]",
78207,ACS DP03 (2024),2024,INCOME AND BENEFITS (IN 2024 INFLATION-ADJUSTED DOLLARS),Total population,Mean household income (dollars),45608.0,count,3430.0,"In ZIP code 78207 (San Antonio, TX), 2024, (INCOME AND BENEFITS (IN 2024 INFLATION-ADJUSTED DOLLARS)): Mean household income (dollars) = $45,608. [ACS DP03 (2024); margin of error: +/-3430]",
78207,ACS DP03 (2024),2024,INCOME AND BENEFITS (IN 2024 INFLATION-ADJUSTED DOLLARS),Total population,With earnings,73.7,percent,3.1,"In ZIP code 78207 (San Antonio, TX), 2024, (INCOME AND BENEFITS (IN 2024 INFLATION-ADJUSTED DOLLARS)): With earnings = 73.7%. [ACS DP03 (2024); margin of error: +/-3.1]",
78207,ACS DP03 (2024),2024,INCOME AND BENEFITS (IN 2024 INFLATION-ADJUSTED DOLLARS),Total population,Mean earnings (dollars),47762.0,count,3789.0,"In ZIP code 78207 (San Antonio, TX), 2024, (INCOME AND BENEFITS (IN 2024 INFLATION-ADJUSTED DOLLARS)): Mean earnings (dollars) = $47,762. [ACS DP03 (2024); margin of error: +/-3789]",
78207,ACS DP03 (2024),2024,INCOME AND BENEFITS (IN 2024 INFLATION-ADJUSTED DOLLARS),Total population,With Social Security,31.4,percent,2.6,"In ZIP code 78207 (San Antonio, TX), 2024, (INCOME AND BENEFITS (IN 2024 INFLATION-ADJUSTED DOLLARS)): With Social Security = 31.4%. [ACS DP03 (2024); margin of error: +/-2.6]",
78207,ACS DP03 (2024),2024,INCOME AND BENEFITS (IN 2024 INFLATION-ADJUSTED DOLLARS),Total population,Mean Social Security income (dollars),15164.0,count,952.0,"In ZIP code 78207 (San Antonio, TX), 2024, (INCOME AND BENEFITS (IN 2024 INFLATION-ADJUSTED DOLLARS)): Mean Social Security income (dollars) = $15,164. [ACS DP03 (2024); margin of error: +/-952]",
78207,ACS DP03 (2024),2024,INCOME AND BENEFITS (IN 2024 INFLATION-ADJUSTED DOLLARS),Total population,With retirement income,12.1,percent,1.9,"In ZIP code 78207 (San Antonio, TX), 2024, (INCOME AND BENEFITS (IN 2024 INFLATION-ADJUSTED DOLLARS)): With retirement income = 12.1%. [ACS DP03 (2024); margin of error: +/-1.9]",
78207,ACS DP03 (2024),2024,INCOME AND BENEFITS (IN 2024 INFLATION-ADJUSTED DOLLARS),Total population,Mean retirement income (dollars),18180.0,count,3883.0,"In ZIP code 78207 (San Antonio, TX), 2024, (INCOME AND BENEFITS (IN 2024 INFLATION-ADJUSTED DOLLARS)): Mean retirement income (dollars) = $18,180. [ACS DP03 (2024); margin of error: +/-3883]",
78207,ACS DP03 (2024),2024,INCOME AND BENEFITS (IN 2024 INFLATION-ADJUSTED DOLLARS),Total population,With Supplemental Security Income,14.0,percent,2.2,"In ZIP code 78207 (San Antonio, TX), 2024, (INCOME AND BENEFITS (IN 2024 INFLATION-ADJUSTED DOLLARS)): With Supplemental Security Income = 14%. [ACS DP03 (2024); margin of error: +/-2.2]",
78207,ACS DP03 (2024),2024,INCOME AND BENEFITS (IN 2024 INFLATION-ADJUSTED DOLLARS),Total population,Mean Supplemental Security Income (dollars),10431.0,count,1059.0,"In ZIP code 78207 (San Antonio, TX), 2024, (INCOME AND BENEFITS (IN 2024 INFLATION-ADJUSTED DOLLARS)): Mean Supplemental Security Income (dollars) = $10,431. [ACS DP03 (2024); margin of error: +/-1059]",
78207,ACS DP03 (2024),2024,INCOME AND BENEFITS (IN 2024 INFLATION-ADJUSTED DOLLARS),Total population,With cash public assistance income,2.6,percent,0.8,"In ZIP code 78207 (San Antonio, TX), 2024, (INCOME AND BENEFITS (IN 2024 INFLATION-ADJUSTED DOLLARS)): With cash public assistance income = 2.6%. [ACS DP03 (2024); margin of error: +/-0.8]",
78207,ACS DP03 (2024),2024,INCOME AND BENEFITS (IN 2024 INFLATION-ADJUSTED DOLLARS),Total population,Mean cash public assistance income (dollars),2224.0,count,626.0,"In ZIP code 78207 (San Antonio, TX), 2024, (INCOME AND BENEFITS (IN 2024 INFLATION-ADJUSTED DOLLARS)): Mean cash public assistance income (dollars) = $2,224. [ACS DP03 (2024); margin of error: +/-626]",
78207,ACS DP03 (2024),2024,INCOME AND BENEFITS (IN 2024 INFLATION-ADJUSTED DOLLARS),Total population,With Food Stamp/SNAP benefits in the past 12 months,45.2,percent,3.2,"In ZIP code 78207 (San Antonio, TX), 2024, (INCOME AND BENEFITS (IN 2024 INFLATION-ADJUSTED DOLLARS)): With Food Stamp/SNAP benefits in the past 12 months = 45.2%. [ACS DP03 (2024); margin of error: +/-3.2]",
78207,ACS DP03 (2024),2024,INCOME AND BENEFITS (IN 2024 INFLATION-ADJUSTED DOLLARS),Total population,Families,10448.0,percent,,"In ZIP code 78207 (San Antonio, TX), 2024, (INCOME AND BENEFITS (IN 2024 INFLATION-ADJUSTED DOLLARS)): Families = 10448%. [ACS DP03 (2024)]",
78207,ACS DP03 (2024),2024,INCOME AND BENEFITS (IN 2024 INFLATION-ADJUSTED DOLLARS),Total population,"Less than $10,000",11.4,percent,2.6,"In ZIP code 78207 (San Antonio, TX), 2024, (INCOME AND BENEFITS (IN 2024 INFLATION-ADJUSTED DOLLARS)): Less than $10,000 = 11.4%. [ACS DP03 (2024); margin of error: +/-2.6]",
78207,ACS DP03 (2024),2024,INCOME AND BENEFITS (IN 2024 INFLATION-ADJUSTED DOLLARS),Total population,"$10,000 to $14,999",7.9,percent,2.5,"In ZIP code 78207 (San Antonio, TX), 2024, (INCOME AND BENEFITS (IN 2024 INFLATION-ADJUSTED DOLLARS)): $10,000 to $14,999 = 7.9%. [ACS DP03 (2024); margin of error: +/-2.5]",
78207,ACS DP03 (2024),2024,INCOME AND BENEFITS (IN 2024 INFLATION-ADJUSTED DOLLARS),Total population,"$15,000 to $24,999",15.0,percent,2.7,"In ZIP code 78207 (San Antonio, TX), 2024, (INCOME AND BENEFITS (IN 2024 INFLATION-ADJUSTED DOLLARS)): $15,000 to $24,999 = 15%. [ACS DP03 (2024); margin of error: +/-2.7]",
78207,ACS DP03 (2024),2024,INCOME AND BENEFITS (IN 2024 INFLATION-ADJUSTED DOLLARS),Total population,"$25,000 to $34,999",13.9,percent,2.9,"In ZIP code 78207 (San Antonio, TX), 2024, (INCOME AND BENEFITS (IN 2024 INFLATION-ADJUSTED DOLLARS)): $25,000 to $34,999 = 13.9%. [ACS DP03 (2024); margin of error: +/-2.9]",
78207,ACS DP03 (2024),2024,INCOME AND BENEFITS (IN 2024 INFLATION-ADJUSTED DOLLARS),Total population,"$35,000 to $49,999",15.6,percent,3.0,"In ZIP code 78207 (San Antonio, TX), 2024, (INCOME AND BENEFITS (IN 2024 INFLATION-ADJUSTED DOLLARS)): $35,000 to $49,999 = 15.6%. [ACS DP03 (2024); margin of error: +/-3]",
78207,ACS DP03 (2024),2024,INCOME AND BENEFITS (IN 2024 INFLATION-ADJUSTED DOLLARS),Total population,"$50,000 to $74,999",15.6,percent,2.2,"In ZIP code 78207 (San Antonio, TX), 2024, (INCOME AND BENEFITS (IN 2024 INFLATION-ADJUSTED DOLLARS)): $50,000 to $74,999 = 15.6%. [ACS DP03 (2024); margin of error: +/-2.2]",
78207,ACS DP03 (2024),2024,INCOME AND BENEFITS (IN 2024 INFLATION-ADJUSTED DOLLARS),Total population,"$75,000 to $99,999",11.4,percent,2.9,"In ZIP code 78207 (San Antonio, TX), 2024, (INCOME AND BENEFITS (IN 2024 INFLATION-ADJUSTED DOLLARS)): $75,000 to $99,999 = 11.4%. [ACS DP03 (2024); margin of error: +/-2.9]",
78207,ACS DP03 (2024),2024,INCOME AND BENEFITS (IN 2024 INFLATION-ADJUSTED DOLLARS),Total population,"$100,000 to $149,999",7.4,percent,1.8,"In ZIP code 78207 (San Antonio, TX), 2024, (INCOME AND BENEFITS (IN 2024 INFLATION-ADJUSTED DOLLARS)): $100,000 to $149,999 = 7.4%. [ACS DP03 (2024); margin of error: +/-1.8]",
78207,ACS DP03 (2024),2024,INCOME AND BENEFITS (IN 2024 INFLATION-ADJUSTED DOLLARS),Total population,"$150,000 to $199,999",0.9,percent,0.5,"In ZIP code 78207 (San Antonio, TX), 2024, (INCOME AND BENEFITS (IN 2024 INFLATION-ADJUSTED DOLLARS)): $150,000 to $199,999 = 0.9%. [ACS DP03 (2024); margin of error: +/-0.5]",
78207,ACS DP03 (2024),2024,INCOME AND BENEFITS (IN 2024 INFLATION-ADJUSTED DOLLARS),Total population,"$200,000 or more",0.9,percent,0.7,"In ZIP code 78207 (San Antonio, TX), 2024, (INCOME AND BENEFITS (IN 2024 INFLATION-ADJUSTED DOLLARS)): $200,000 or more = 0.9%. [ACS DP03 (2024); margin of error: +/-0.7]",
78207,ACS DP03 (2024),2024,INCOME AND BENEFITS (IN 2024 INFLATION-ADJUSTED DOLLARS),Total population,Median family income (dollars),36394.0,count,3337.0,"In ZIP code 78207 (San Antonio, TX), 2024, (INCOME AND BENEFITS (IN 2024 INFLATION-ADJUSTED DOLLARS)): Median family income (dollars) = $36,394. [ACS DP03 (2024); margin of error: +/-3337]",
78207,ACS DP03 (2024),2024,INCOME AND BENEFITS (IN 2024 INFLATION-ADJUSTED DOLLARS),Total population,Mean family income (dollars),49873.0,count,4538.0,"In ZIP code 78207 (San Antonio, TX), 2024, (INCOME AND BENEFITS (IN 2024 INFLATION-ADJUSTED DOLLARS)): Mean family income (dollars) = $49,873. [ACS DP03 (2024); margin of error: +/-4538]",
78207,ACS DP03 (2024),2024,INCOME AND BENEFITS (IN 2024 INFLATION-ADJUSTED DOLLARS),Total population,Per capita income (dollars),15875.0,count,1302.0,"In ZIP code 78207 (San Antonio, TX), 2024, (INCOME AND BENEFITS (IN 2024 INFLATION-ADJUSTED DOLLARS)): Per capita income (dollars) = $15,875. [ACS DP03 (2024); margin of error: +/-1302]",
78207,ACS DP03 (2024),2024,INCOME AND BENEFITS (IN 2024 INFLATION-ADJUSTED DOLLARS),Total population,Nonfamily households,6126.0,percent,,"In ZIP code 78207 (San Antonio, TX), 2024, (INCOME AND BENEFITS (IN 2024 INFLATION-ADJUSTED DOLLARS)): Nonfamily households = 6126%. [ACS DP03 (2024)]",
78207,ACS DP03 (2024),2024,INCOME AND BENEFITS (IN 2024 INFLATION-ADJUSTED DOLLARS),Total population,Median nonfamily income (dollars),22263.0,count,3383.0,"In ZIP code 78207 (San Antonio, TX), 2024, (INCOME AND BENEFITS (IN 2024 INFLATION-ADJUSTED DOLLARS)): Median nonfamily income (dollars) = $22,263. [ACS DP03 (2024); margin of error: +/-3383]",
78207,ACS DP03 (2024),2024,INCOME AND BENEFITS (IN 2024 INFLATION-ADJUSTED DOLLARS),Total population,Mean nonfamily income (dollars),33938.0,count,4790.0,"In ZIP code 78207 (San Antonio, TX), 2024, (INCOME AND BENEFITS (IN 2024 INFLATION-ADJUSTED DOLLARS)): Mean nonfamily income (dollars) = $33,938. [ACS DP03 (2024); margin of error: +/-4790]",
78207,ACS DP03 (2024),2024,INCOME AND BENEFITS (IN 2024 INFLATION-ADJUSTED DOLLARS),Total population,Median earnings for workers (dollars),24111.0,count,1698.0,"In ZIP code 78207 (San Antonio, TX), 2024, (INCOME AND BENEFITS (IN 2024 INFLATION-ADJUSTED DOLLARS)): Median earnings for workers (dollars) = $24,111. [ACS DP03 (2024); margin of error: +/-1698]",
78207,ACS DP03 (2024),2024,INCOME AND BENEFITS (IN 2024 INFLATION-ADJUSTED DOLLARS),Total population,"Median earnings for male full-time, year-round workers (dollars)",36925.0,count,2100.0,"In ZIP code 78207 (San Antonio, TX), 2024, (INCOME AND BENEFITS (IN 2024 INFLATION-ADJUSTED DOLLARS)): Median earnings for male full-time, year-round workers (dollars) = $36,925. [ACS DP03 (2024); margin of error: +/-2100]",
78207,ACS DP03 (2024),2024,INCOME AND BENEFITS (IN 2024 INFLATION-ADJUSTED DOLLARS),Total population,"Median earnings for female full-time, year-round workers (dollars)",32443.0,count,2473.0,"In ZIP code 78207 (San Antonio, TX), 2024, (INCOME AND BENEFITS (IN 2024 INFLATION-ADJUSTED DOLLARS)): Median earnings for female full-time, year-round workers (dollars) = $32,443. [ACS DP03 (2024); margin of error: +/-2473]",
78207,ACS DP03 (2024),2024,HEALTH INSURANCE COVERAGE,Total population,Civilian noninstitutionalized population,51189.0,percent,,"In ZIP code 78207 (San Antonio, TX), 2024, (HEALTH INSURANCE COVERAGE): Civilian noninstitutionalized population = 51189%. [ACS DP03 (2024)]",
78207,ACS DP03 (2024),2024,HEALTH INSURANCE COVERAGE,Total population,With health insurance coverage,72.9,percent,2.3,"In ZIP code 78207 (San Antonio, TX), 2024, (HEALTH INSURANCE COVERAGE): With health insurance coverage = 72.9%. [ACS DP03 (2024); margin of error: +/-2.3]",
78207,ACS DP03 (2024),2024,HEALTH INSURANCE COVERAGE,Total population,With private health insurance,27.1,percent,2.2,"In ZIP code 78207 (San Antonio, TX), 2024, (HEALTH INSURANCE COVERAGE): With private health insurance = 27.1%. [ACS DP03 (2024); margin of error: +/-2.2]",
78207,ACS DP03 (2024),2024,HEALTH INSURANCE COVERAGE,Total population,With public coverage,52.1,percent,2.5,"In ZIP code 78207 (San Antonio, TX), 2024, (HEALTH INSURANCE COVERAGE): With public coverage = 52.1%. [ACS DP03 (2024); margin of error: +/-2.5]",
78207,ACS DP03 (2024),2024,HEALTH INSURANCE COVERAGE,Total population,No health insurance coverage,27.1,percent,2.3,"In ZIP code 78207 (San Antonio, TX), 2024, (HEALTH INSURANCE COVERAGE): No health insurance coverage = 27.1%. [ACS DP03 (2024); margin of error: +/-2.3]",
78207,ACS DP03 (2024),2024,HEALTH INSURANCE COVERAGE,Total population,Civilian noninstitutionalized population under 19 years,16361.0,percent,,"In ZIP code 78207 (San Antonio, TX), 2024, (HEALTH INSURANCE COVERAGE): Civilian noninstitutionalized population under 19 years = 16361%. [ACS DP03 (2024)]",
78207,ACS DP03 (2024),2024,HEALTH INSURANCE COVERAGE,Total population,No health insurance coverage,10.8,percent,2.5,"In ZIP code 78207 (San Antonio, TX), 2024, (HEALTH INSURANCE COVERAGE): No health insurance coverage = 10.8%. [ACS DP03 (2024); margin of error: +/-2.5]",
78207,ACS DP03 (2024),2024,HEALTH INSURANCE COVERAGE,Total population,Civilian noninstitutionalized population 19 to 64 years,28753.0,percent,,"In ZIP code 78207 (San Antonio, TX), 2024, (HEALTH INSURANCE COVERAGE): Civilian noninstitutionalized population 19 to 64 years = 28753%. [ACS DP03 (2024)]",
78207,ACS DP03 (2024),2024,HEALTH INSURANCE COVERAGE,Total population,In labor force:,19454.0,percent,,"In ZIP code 78207 (San Antonio, TX), 2024, (HEALTH INSURANCE COVERAGE): In labor force: = 19454%. [ACS DP03 (2024)]",
78207,ACS DP03 (2024),2024,HEALTH INSURANCE COVERAGE,Total population,Employed:,16858.0,percent,,"In ZIP code 78207 (San Antonio, TX), 2024, (HEALTH INSURANCE COVERAGE): Employed: = 16858%. [ACS DP03 (2024)]",
78207,ACS DP03 (2024),2024,HEALTH INSURANCE COVERAGE,Total population,With health insurance coverage,59.9,percent,3.8,"In ZIP code 78207 (San Antonio, TX), 2024, (HEALTH INSURANCE COVERAGE): With health insurance coverage = 59.9%. [ACS DP03 (2024); margin of error: +/-3.8]",
78207,ACS DP03 (2024),2024,HEALTH INSURANCE COVERAGE,Total population,With private health insurance,48.5,percent,3.7,"In ZIP code 78207 (San Antonio, TX), 2024, (HEALTH INSURANCE COVERAGE): With private health insurance = 48.5%. [ACS DP03 (2024); margin of error: +/-3.7]",
78207,ACS DP03 (2024),2024,HEALTH INSURANCE COVERAGE,Total population,With public coverage,13.0,percent,2.2,"In ZIP code 78207 (San Antonio, TX), 2024, (HEALTH INSURANCE COVERAGE): With public coverage = 13%. [ACS DP03 (2024); margin of error: +/-2.2]",
78207,ACS DP03 (2024),2024,HEALTH INSURANCE COVERAGE,Total population,No health insurance coverage,40.1,percent,3.8,"In ZIP code 78207 (San Antonio, TX), 2024, (HEALTH INSURANCE COVERAGE): No health insurance coverage = 40.1%. [ACS DP03 (2024); margin of error: +/-3.8]",
78207,ACS DP03 (2024),2024,HEALTH INSURANCE COVERAGE,Total population,Unemployed:,2596.0,percent,,"In ZIP code 78207 (San Antonio, TX), 2024, (HEALTH INSURANCE COVERAGE): Unemployed: = 2596%. [ACS DP03 (2024)]",
78207,ACS DP03 (2024),2024,HEALTH INSURANCE COVERAGE,Total population,With health insurance coverage,28.7,percent,8.9,"In ZIP code 78207 (San Antonio, TX), 2024, (HEALTH INSURANCE COVERAGE): With health insurance coverage = 28.7%. [ACS DP03 (2024); margin of error: +/-8.9]",
78207,ACS DP03 (2024),2024,HEALTH INSURANCE COVERAGE,Total population,With private health insurance,13.3,percent,6.2,"In ZIP code 78207 (San Antonio, TX), 2024, (HEALTH INSURANCE COVERAGE): With private health insurance = 13.3%. [ACS DP03 (2024); margin of error: +/-6.2]",
78207,ACS DP03 (2024),2024,HEALTH INSURANCE COVERAGE,Total population,With public coverage,18.8,percent,7.8,"In ZIP code 78207 (San Antonio, TX), 2024, (HEALTH INSURANCE COVERAGE): With public coverage = 18.8%. [ACS DP03 (2024); margin of error: +/-7.8]",
78207,ACS DP03 (2024),2024,HEALTH INSURANCE COVERAGE,Total population,No health insurance coverage,71.3,percent,8.9,"In ZIP code 78207 (San Antonio, TX), 2024, (HEALTH INSURANCE COVERAGE): No health insurance coverage = 71.3%. [ACS DP03 (2024); margin of error: +/-8.9]",
78207,ACS DP03 (2024),2024,HEALTH INSURANCE COVERAGE,Total population,Not in labor force:,9299.0,percent,,"In ZIP code 78207 (San Antonio, TX), 2024, (HEALTH INSURANCE COVERAGE): Not in labor force: = 9299%. [ACS DP03 (2024)]",
78207,ACS DP03 (2024),2024,HEALTH INSURANCE COVERAGE,Total population,With health insurance coverage,64.5,percent,5.5,"In ZIP code 78207 (San Antonio, TX), 2024, (HEALTH INSURANCE COVERAGE): With health insurance coverage = 64.5%. [ACS DP03 (2024); margin of error: +/-5.5]",
78207,ACS DP03 (2024),2024,HEALTH INSURANCE COVERAGE,Total population,With private health insurance,15.5,percent,3.3,"In ZIP code 78207 (San Antonio, TX), 2024, (HEALTH INSURANCE COVERAGE): With private health insurance = 15.5%. [ACS DP03 (2024); margin of error: +/-3.3]",
78207,ACS DP03 (2024),2024,HEALTH INSURANCE COVERAGE,Total population,With public coverage,53.4,percent,5.9,"In ZIP code 78207 (San Antonio, TX), 2024, (HEALTH INSURANCE COVERAGE): With public coverage = 53.4%. [ACS DP03 (2024); margin of error: +/-5.9]",
78207,ACS DP03 (2024),2024,HEALTH INSURANCE COVERAGE,Total population,No health insurance coverage,35.5,percent,5.5,"In ZIP code 78207 (San Antonio, TX), 2024, (HEALTH INSURANCE COVERAGE): No health insurance coverage = 35.5%. [ACS DP03 (2024); margin of error: +/-5.5]",
78207,ACS DP03 (2024),2024,PERCENTAGE OF FAMILIES AND PEOPLE WHOSE INCOME IN THE PAST 12 MONTHS IS BELOW THE POVERTY LEVEL,Total population,All families,36.5,percent,3.2,"In ZIP code 78207 (San Antonio, TX), 2024, (PERCENTAGE OF FAMILIES AND PEOPLE WHOSE INCOME IN THE PAST 12 MONTHS IS BELOW THE POVERTY LEVEL): All families = 36.5%. [ACS DP03 (2024); margin of error: +/-3.2]",
78207,ACS DP03 (2024),2024,PERCENTAGE OF FAMILIES AND PEOPLE WHOSE INCOME IN THE PAST 12 MONTHS IS BELOW THE POVERTY LEVEL,Total population,With related children of the householder under 18 years,49.8,percent,6.0,"In ZIP code 78207 (San Antonio, TX), 2024, (PERCENTAGE OF FAMILIES AND PEOPLE WHOSE INCOME IN THE PAST 12 MONTHS IS BELOW THE POVERTY LEVEL): With related children of the householder under 18 years = 49.8%. [ACS DP03 (2024); margin of error: +/-6]",
78207,ACS DP03 (2024),2024,PERCENTAGE OF FAMILIES AND PEOPLE WHOSE INCOME IN THE PAST 12 MONTHS IS BELOW THE POVERTY LEVEL,Total population,With related children of the householder under 5 years only,33.2,percent,14.2,"In ZIP code 78207 (San Antonio, TX), 2024, (PERCENTAGE OF FAMILIES AND PEOPLE WHOSE INCOME IN THE PAST 12 MONTHS IS BELOW THE POVERTY LEVEL): With related children of the householder under 5 years only = 33.2%. [ACS DP03 (2024); margin of error: +/-14.2]",
78207,ACS DP03 (2024),2024,PERCENTAGE OF FAMILIES AND PEOPLE WHOSE INCOME IN THE PAST 12 MONTHS IS BELOW THE POVERTY LEVEL,Total population,Married couple families,23.5,percent,4.7,"In ZIP code 78207 (San Antonio, TX), 2024, (PERCENTAGE OF FAMILIES AND PEOPLE WHOSE INCOME IN THE PAST 12 MONTHS IS BELOW THE POVERTY LEVEL): Married couple families = 23.5%. [ACS DP03 (2024); margin of error: +/-4.7]",
78207,ACS DP03 (2024),2024,PERCENTAGE OF FAMILIES AND PEOPLE WHOSE INCOME IN THE PAST 12 MONTHS IS BELOW THE POVERTY LEVEL,Total population,With related children of the householder under 18 years,31.5,percent,8.0,"In ZIP code 78207 (San Antonio, TX), 2024, (PERCENTAGE OF FAMILIES AND PEOPLE WHOSE INCOME IN THE PAST 12 MONTHS IS BELOW THE POVERTY LEVEL): With related children of the householder under 18 years = 31.5%. [ACS DP03 (2024); margin of error: +/-8]",
78207,ACS DP03 (2024),2024,PERCENTAGE OF FAMILIES AND PEOPLE WHOSE INCOME IN THE PAST 12 MONTHS IS BELOW THE POVERTY LEVEL,Total population,With related children of the householder under 5 years only,32.6,percent,33.4,"In ZIP code 78207 (San Antonio, TX), 2024, (PERCENTAGE OF FAMILIES AND PEOPLE WHOSE INCOME IN THE PAST 12 MONTHS IS BELOW THE POVERTY LEVEL): With related children of the householder under 5 years only = 32.6%. [ACS DP03 (2024); margin of error: +/-33.4]",
78207,ACS DP03 (2024),2024,PERCENTAGE OF FAMILIES AND PEOPLE WHOSE INCOME IN THE PAST 12 MONTHS IS BELOW THE POVERTY LEVEL,Total population,"Families with female householder, no spouse present",52.7,percent,5.8,"In ZIP code 78207 (San Antonio, TX), 2024, (PERCENTAGE OF FAMILIES AND PEOPLE WHOSE INCOME IN THE PAST 12 MONTHS IS BELOW THE POVERTY LEVEL): Families with female householder, no spouse present = 52.7%. [ACS DP03 (2024); margin of error: +/-5.8]",
78207,ACS DP03 (2024),2024,PERCENTAGE OF FAMILIES AND PEOPLE WHOSE INCOME IN THE PAST 12 MONTHS IS BELOW THE POVERTY LEVEL,Total population,With related children of the householder under 18 years,64.4,percent,7.8,"In ZIP code 78207 (San Antonio, TX), 2024, (PERCENTAGE OF FAMILIES AND PEOPLE WHOSE INCOME IN THE PAST 12 MONTHS IS BELOW THE POVERTY LEVEL): With related children of the householder under 18 years = 64.4%. [ACS DP03 (2024); margin of error: +/-7.8]",
78207,ACS DP03 (2024),2024,PERCENTAGE OF FAMILIES AND PEOPLE WHOSE INCOME IN THE PAST 12 MONTHS IS BELOW THE POVERTY LEVEL,Total population,With related children of the householder under 5 years only,38.0,percent,17.8,"In ZIP code 78207 (San Antonio, TX), 2024, (PERCENTAGE OF FAMILIES AND PEOPLE WHOSE INCOME IN THE PAST 12 MONTHS IS BELOW THE POVERTY LEVEL): With related children of the householder under 5 years only = 38%. [ACS DP03 (2024); margin of error: +/-17.8]",
78207,ACS DP03 (2024),2024,PERCENTAGE OF FAMILIES AND PEOPLE WHOSE INCOME IN THE PAST 12 MONTHS IS BELOW THE POVERTY LEVEL,Total population,All people,42.2,percent,3.2,"In ZIP code 78207 (San Antonio, TX), 2024, (PERCENTAGE OF FAMILIES AND PEOPLE WHOSE INCOME IN THE PAST 12 MONTHS IS BELOW THE POVERTY LEVEL): All people = 42.2%. [ACS DP03 (2024); margin of error: +/-3.2]",
78207,ACS DP03 (2024),2024,PERCENTAGE OF FAMILIES AND PEOPLE WHOSE INCOME IN THE PAST 12 MONTHS IS BELOW THE POVERTY LEVEL,Total population,Under 18 years,59.3,percent,5.7,"In ZIP code 78207 (San Antonio, TX), 2024, (PERCENTAGE OF FAMILIES AND PEOPLE WHOSE INCOME IN THE PAST 12 MONTHS IS BELOW THE POVERTY LEVEL): Under 18 years = 59.3%. [ACS DP03 (2024); margin of error: +/-5.7]",
78207,ACS DP03 (2024),2024,PERCENTAGE OF FAMILIES AND PEOPLE WHOSE INCOME IN THE PAST 12 MONTHS IS BELOW THE POVERTY LEVEL,Total population,Related children of the householder under 18 years,59.1,percent,5.7,"In ZIP code 78207 (San Antonio, TX), 2024, (PERCENTAGE OF FAMILIES AND PEOPLE WHOSE INCOME IN THE PAST 12 MONTHS IS BELOW THE POVERTY LEVEL): Related children of the householder under 18 years = 59.1%. [ACS DP03 (2024); margin of error: +/-5.7]",
78207,ACS DP03 (2024),2024,PERCENTAGE OF FAMILIES AND PEOPLE WHOSE INCOME IN THE PAST 12 MONTHS IS BELOW THE POVERTY LEVEL,Total population,Related children of the householder under 5 years,63.9,percent,8.4,"In ZIP code 78207 (San Antonio, TX), 2024, (PERCENTAGE OF FAMILIES AND PEOPLE WHOSE INCOME IN THE PAST 12 MONTHS IS BELOW THE POVERTY LEVEL): Related children of the householder under 5 years = 63.9%. [ACS DP03 (2024); margin of error: +/-8.4]",
78207,ACS DP03 (2024),2024,PERCENTAGE OF FAMILIES AND PEOPLE WHOSE INCOME IN THE PAST 12 MONTHS IS BELOW THE POVERTY LEVEL,Total population,Related children of the householder 5 to 17 years,57.2,percent,5.9,"In ZIP code 78207 (San Antonio, TX), 2024, (PERCENTAGE OF FAMILIES AND PEOPLE WHOSE INCOME IN THE PAST 12 MONTHS IS BELOW THE POVERTY LEVEL): Related children of the householder 5 to 17 years = 57.2%. [ACS DP03 (2024); margin of error: +/-5.9]",
78207,ACS DP03 (2024),2024,PERCENTAGE OF FAMILIES AND PEOPLE WHOSE INCOME IN THE PAST 12 MONTHS IS BELOW THE POVERTY LEVEL,Total population,18 years and over,35.2,percent,3.1,"In ZIP code 78207 (San Antonio, TX), 2024, (PERCENTAGE OF FAMILIES AND PEOPLE WHOSE INCOME IN THE PAST 12 MONTHS IS BELOW THE POVERTY LEVEL): 18 years and over = 35.2%. [ACS DP03 (2024); margin of error: +/-3.1]",
78207,ACS DP03 (2024),2024,PERCENTAGE OF FAMILIES AND PEOPLE WHOSE INCOME IN THE PAST 12 MONTHS IS BELOW THE POVERTY LEVEL,Total population,18 to 64 years,37.1,percent,3.4,"In ZIP code 78207 (San Antonio, TX), 2024, (PERCENTAGE OF FAMILIES AND PEOPLE WHOSE INCOME IN THE PAST 12 MONTHS IS BELOW THE POVERTY LEVEL): 18 to 64 years = 37.1%. [ACS DP03 (2024); margin of error: +/-3.4]",
78207,ACS DP03 (2024),2024,PERCENTAGE OF FAMILIES AND PEOPLE WHOSE INCOME IN THE PAST 12 MONTHS IS BELOW THE POVERTY LEVEL,Total population,65 years and over,26.0,percent,4.2,"In ZIP code 78207 (San Antonio, TX), 2024, (PERCENTAGE OF FAMILIES AND PEOPLE WHOSE INCOME IN THE PAST 12 MONTHS IS BELOW THE POVERTY LEVEL): 65 years and over = 26%. [ACS DP03 (2024); margin of error: +/-4.2]",
78207,ACS DP03 (2024),2024,PERCENTAGE OF FAMILIES AND PEOPLE WHOSE INCOME IN THE PAST 12 MONTHS IS BELOW THE POVERTY LEVEL,Total population,People in families,41.4,percent,3.9,"In ZIP code 78207 (San Antonio, TX), 2024, (PERCENTAGE OF FAMILIES AND PEOPLE WHOSE INCOME IN THE PAST 12 MONTHS IS BELOW THE POVERTY LEVEL): People in families = 41.4%. [ACS DP03 (2024); margin of error: +/-3.9]",
78207,ACS DP03 (2024),2024,PERCENTAGE OF FAMILIES AND PEOPLE WHOSE INCOME IN THE PAST 12 MONTHS IS BELOW THE POVERTY LEVEL,Total population,Unrelated individuals 15 years and over,45.2,percent,6.0,"In ZIP code 78207 (San Antonio, TX), 2024, (PERCENTAGE OF FAMILIES AND PEOPLE WHOSE INCOME IN THE PAST 12 MONTHS IS BELOW THE POVERTY LEVEL): Unrelated individuals 15 years and over = 45.2%. [ACS DP03 (2024); margin of error: +/-6]",
78207,CDC PLACES (BRFSS) (2023),2023,Prevention,Total population,Current lack of health insurance among adults aged 18-64 years,43.0,percent,,"In ZIP code 78207 (San Antonio, TX), 2023, (Prevention): Current lack of health insurance among adults aged 18-64 years = 43%. [CDC PLACES (BRFSS) (2023); 95% CI: 39.4-46.5]",95% CI: 39.4-46.5
78207,CDC PLACES (BRFSS) (2023),2023,Health Outcomes,Total population,Arthritis among adults,26.3,percent,,"In ZIP code 78207 (San Antonio, TX), 2023, (Health Outcomes): Arthritis among adults = 26.3%. [CDC PLACES (BRFSS) (2023); 95% CI: 23.9-28.9]",95% CI: 23.9-28.9
78207,CDC PLACES (BRFSS) (2023),2023,Health Risk Behaviors,Total population,Binge drinking among adults,13.5,percent,,"In ZIP code 78207 (San Antonio, TX), 2023, (Health Risk Behaviors): Binge drinking among adults = 13.5%. [CDC PLACES (BRFSS) (2023); 95% CI: 11.4-15.7]",95% CI: 11.4-15.7
78207,CDC PLACES (BRFSS) (2023),2023,Health Outcomes,Total population,High blood pressure among adults,41.9,percent,,"In ZIP code 78207 (San Antonio, TX), 2023, (Health Outcomes): High blood pressure among adults = 41.9%. [CDC PLACES (BRFSS) (2023); 95% CI: 38.8-45.0]",95% CI: 38.8-45.0
78207,CDC PLACES (BRFSS) (2023),2023,Prevention,Total population,Taking medicine to control high blood pressure among adults with high blood pressure,74.0,percent,,"In ZIP code 78207 (San Antonio, TX), 2023, (Prevention): Taking medicine to control high blood pressure among adults with high blood pressure = 74%. [CDC PLACES (BRFSS) (2023); 95% CI: 71.3-76.5]",95% CI: 71.3-76.5
78207,CDC PLACES (BRFSS) (2023),2023,Health Outcomes,Total population,Cancer (non-skin) or melanoma among adults,4.6,percent,,"In ZIP code 78207 (San Antonio, TX), 2023, (Health Outcomes): Cancer (non-skin) or melanoma among adults = 4.6%. [CDC PLACES (BRFSS) (2023); 95% CI: 4.2-5.1]",95% CI: 4.2-5.1
78207,CDC PLACES (BRFSS) (2023),2023,Health Outcomes,Total population,Current asthma among adults,9.5,percent,,"In ZIP code 78207 (San Antonio, TX), 2023, (Health Outcomes): Current asthma among adults = 9.5%. [CDC PLACES (BRFSS) (2023); 95% CI: 8.5-10.7]",95% CI: 8.5-10.7
78207,CDC PLACES (BRFSS) (2023),2023,Health Outcomes,Total population,Coronary heart disease among adults,9.2,percent,,"In ZIP code 78207 (San Antonio, TX), 2023, (Health Outcomes): Coronary heart disease among adults = 9.2%. [CDC PLACES (BRFSS) (2023); 95% CI: 8.4-10.1]",95% CI: 8.4-10.1
78207,CDC PLACES (BRFSS) (2023),2023,Prevention,Total population,Visits to doctor for routine checkup within the past year among adults,70.1,percent,,"In ZIP code 78207 (San Antonio, TX), 2023, (Prevention): Visits to doctor for routine checkup within the past year among adults = 70.1%. [CDC PLACES (BRFSS) (2023); 95% CI: 66.7-73.4]",95% CI: 66.7-73.4
78207,CDC PLACES (BRFSS) (2023),2023,Prevention,Total population,Cholesterol screening among adults,76.7,percent,,"In ZIP code 78207 (San Antonio, TX), 2023, (Prevention): Cholesterol screening among adults = 76.7%. [CDC PLACES (BRFSS) (2023); 95% CI: 74.4-79.0]",95% CI: 74.4-79.0
78207,CDC PLACES (BRFSS) (2023),2023,Disability,Total population,Cognitive disability among adults,24.9,percent,,"In ZIP code 78207 (San Antonio, TX), 2023, (Disability): Cognitive disability among adults = 24.9%. [CDC PLACES (BRFSS) (2023); 95% CI: 22.7-27.2]",95% CI: 22.7-27.2
78207,CDC PLACES (BRFSS) (2022),2022,Prevention,Total population,Colorectal cancer screening among adults aged 45–75 years,49.3,percent,,"In ZIP code 78207 (San Antonio, TX), 2022, (Prevention): Colorectal cancer screening among adults aged 45–75 years = 49.3%. [CDC PLACES (BRFSS) (2022); 95% CI: 45.1-53.6]",95% CI: 45.1-53.6
78207,CDC PLACES (BRFSS) (2023),2023,Health Outcomes,Total population,Chronic obstructive pulmonary disease among adults,9.3,percent,,"In ZIP code 78207 (San Antonio, TX), 2023, (Health Outcomes): Chronic obstructive pulmonary disease among adults = 9.3%. [CDC PLACES (BRFSS) (2023); 95% CI: 8.4-10.3]",95% CI: 8.4-10.3
78207,CDC PLACES (BRFSS) (2023),2023,Health Risk Behaviors,Total population,Current cigarette smoking among adults,20.9,percent,,"In ZIP code 78207 (San Antonio, TX), 2023, (Health Risk Behaviors): Current cigarette smoking among adults = 20.9%. [CDC PLACES (BRFSS) (2023); 95% CI: 18.6-23.2]",95% CI: 18.6-23.2
78207,CDC PLACES (BRFSS) (2022),2022,Prevention,Total population,Visited dentist or dental clinic in the past year among adults,34.1,percent,,"In ZIP code 78207 (San Antonio, TX), 2022, (Prevention): Visited dentist or dental clinic in the past year among adults = 34.1%. [CDC PLACES (BRFSS) (2022); 95% CI: 31.5-36.9]",95% CI: 31.5-36.9
78207,CDC PLACES (BRFSS) (2023),2023,Health Outcomes,Total population,Depression among adults,23.1,percent,,"In ZIP code 78207 (San Antonio, TX), 2023, (Health Outcomes): Depression among adults = 23.1%. [CDC PLACES (BRFSS) (2023); 95% CI: 20.4-26.1]",95% CI: 20.4-26.1
78207,CDC PLACES (BRFSS) (2023),2023,Health Outcomes,Total population,Diagnosed diabetes among adults,23.5,percent,,"In ZIP code 78207 (San Antonio, TX), 2023, (Health Outcomes): Diagnosed diabetes among adults = 23.5%. [CDC PLACES (BRFSS) (2023); 95% CI: 21.3-25.8]",95% CI: 21.3-25.8
78207,CDC PLACES (BRFSS) (2023),2023,Disability,Total population,Any disability among adults,49.0,percent,,"In ZIP code 78207 (San Antonio, TX), 2023, (Disability): Any disability among adults = 49%. [CDC PLACES (BRFSS) (2023); 95% CI: 45.4-52.6]",95% CI: 45.4-52.6
78207,CDC PLACES (BRFSS) (2023),2023,Health Status,Total population,Fair or poor self-rated health status among adults,43.2,percent,,"In ZIP code 78207 (San Antonio, TX), 2023, (Health Status): Fair or poor self-rated health status among adults = 43.2%. [CDC PLACES (BRFSS) (2023); 95% CI: 40.1-46.4]",95% CI: 40.1-46.4
78207,CDC PLACES (BRFSS) (2023),2023,Disability,Total population,Hearing disability among adults,10.2,percent,,"In ZIP code 78207 (San Antonio, TX), 2023, (Disability): Hearing disability among adults = 10.2%. [CDC PLACES (BRFSS) (2023); 95% CI: 9.2-11.3]",95% CI: 9.2-11.3
78207,CDC PLACES (BRFSS) (2023),2023,Health Outcomes,Total population,High cholesterol among adults who have ever been screened,37.3,percent,,"In ZIP code 78207 (San Antonio, TX), 2023, (Health Outcomes): High cholesterol among adults who have ever been screened = 37.3%. [CDC PLACES (BRFSS) (2023); 95% CI: 34.3-40.5]",95% CI: 34.3-40.5
78207,CDC PLACES (BRFSS) (2023),2023,Disability,Total population,Independent living disability among adults,15.8,percent,,"In ZIP code 78207 (San Antonio, TX), 2023, (Disability): Independent living disability among adults = 15.8%. [CDC PLACES (BRFSS) (2023); 95% CI: 14.4-17.3]",95% CI: 14.4-17.3
78207,CDC PLACES (BRFSS) (2023),2023,Health Risk Behaviors,Total population,No leisure-time physical activity among adults,50.8,percent,,"In ZIP code 78207 (San Antonio, TX), 2023, (Health Risk Behaviors): No leisure-time physical activity among adults = 50.8%. [CDC PLACES (BRFSS) (2023); 95% CI: 46.8-54.6]",95% CI: 46.8-54.6
78207,CDC PLACES (BRFSS) (2022),2022,Prevention,Total population,Mammography use among women aged 50-74 years,63.9,percent,,"In ZIP code 78207 (San Antonio, TX), 2022, (Prevention): Mammography use among women aged 50-74 years = 63.9%. [CDC PLACES (BRFSS) (2022); 95% CI: 57.2-70.6]",95% CI: 57.2-70.6
78207,CDC PLACES (BRFSS) (2023),2023,Health Status,Total population,Frequent mental distress among adults,20.3,percent,,"In ZIP code 78207 (San Antonio, TX), 2023, (Health Status): Frequent mental distress among adults = 20.3%. [CDC PLACES (BRFSS) (2023); 95% CI: 18.4-22.5]",95% CI: 18.4-22.5
78207,CDC PLACES (BRFSS) (2023),2023,Disability,Total population,Mobility disability among adults,27.1,percent,,"In ZIP code 78207 (San Antonio, TX), 2023, (Disability): Mobility disability among adults = 27.1%. [CDC PLACES (BRFSS) (2023); 95% CI: 24.9-29.5]",95% CI: 24.9-29.5
78207,CDC PLACES (BRFSS) (2023),2023,Health Outcomes,Total population,Obesity among adults,43.0,percent,,"In ZIP code 78207 (San Antonio, TX), 2023, (Health Outcomes): Obesity among adults = 43%. [CDC PLACES (BRFSS) (2023); 95% CI: 38.3-47.8]",95% CI: 38.3-47.8
78207,CDC PLACES (BRFSS) (2023),2023,Health Status,Total population,Frequent physical distress among adults,22.5,percent,,"In ZIP code 78207 (San Antonio, TX), 2023, (Health Status): Frequent physical distress among adults = 22.5%. [CDC PLACES (BRFSS) (2023); 95% CI: 20.4-24.6]",95% CI: 20.4-24.6
78207,CDC PLACES (BRFSS) (2023),2023,Disability,Total population,Self-care disability among adults,10.0,percent,,"In ZIP code 78207 (San Antonio, TX), 2023, (Disability): Self-care disability among adults = 10%. [CDC PLACES (BRFSS) (2023); 95% CI: 9.3-10.8]",95% CI: 9.3-10.8
78207,CDC PLACES (BRFSS) (2022),2022,Health Risk Behaviors,Total population,Short sleep duration among adults,45.8,percent,,"In ZIP code 78207 (San Antonio, TX), 2022, (Health Risk Behaviors): Short sleep duration among adults = 45.8%. [CDC PLACES (BRFSS) (2022); 95% CI: 42.1-49.7]",95% CI: 42.1-49.7
78207,CDC PLACES (BRFSS) (2023),2023,Health Outcomes,Total population,Stroke among adults,5.3,percent,,"In ZIP code 78207 (San Antonio, TX), 2023, (Health Outcomes): Stroke among adults = 5.3%. [CDC PLACES (BRFSS) (2023); 95% CI: 4.9-5.7]",95% CI: 4.9-5.7
78207,CDC PLACES (BRFSS) (2022),2022,Health Outcomes,Total population,All teeth lost among adults aged >=65 years,29.9,percent,,"In ZIP code 78207 (San Antonio, TX), 2022, (Health Outcomes): All teeth lost among adults aged >=65 years = 29.9%. [CDC PLACES (BRFSS) (2022); 95% CI: 25.8-34.5]",95% CI: 25.8-34.5
78207,CDC PLACES (BRFSS) (2023),2023,Disability,Total population,Vision disability among adults,16.5,percent,,"In ZIP code 78207 (San Antonio, TX), 2023, (Disability): Vision disability among adults = 16.5%. [CDC PLACES (BRFSS) (2023); 95% CI: 15.3-17.7]",95% CI: 15.3-17.7
78207,Excel: Age Groups (2024),2024,Age Group by Race/Ethnicity,Total population,Total population - Total,55514.0,count,,"In ZIP code 78207 (San Antonio, TX), 2024, (Age Group by Race/Ethnicity): Total population - Total = 55,514. [Excel: Age Groups (2024)]",
78207,Excel: Age Groups (2024),2024,Age Group by Race/Ethnicity,Total population,Total population - White alone,39285.0,count,,"In ZIP code 78207 (San Antonio, TX), 2024, (Age Group by Race/Ethnicity): Total population - White alone = 39,285. [Excel: Age Groups (2024)]",
78207,Excel: Age Groups (2024),2024,Age Group by Race/Ethnicity,Total population,Total population - Black or African American alone,2162.0,count,,"In ZIP code 78207 (San Antonio, TX), 2024, (Age Group by Race/Ethnicity): Total population - Black or African American alone = 2,162. [Excel: Age Groups (2024)]",
78207,Excel: Age Groups (2024),2024,Age Group by Race/Ethnicity,Total population,Total population - American Indian and Alaska Native alone,765.0,count,,"In ZIP code 78207 (San Antonio, TX), 2024, (Age Group by Race/Ethnicity): Total population - American Indian and Alaska Native alone = 765. [Excel: Age Groups (2024)]",
78207,Excel: Age Groups (2024),2024,Age Group by Race/Ethnicity,Total population,Total population - Asian alone,135.0,count,,"In ZIP code 78207 (San Antonio, TX), 2024, (Age Group by Race/Ethnicity): Total population - Asian alone = 135. [Excel: Age Groups (2024)]",
78207,Excel: Age Groups (2024),2024,Age Group by Race/Ethnicity,Total population,Total population - Native Hawaiian and Other Pacific Islander alone,31.0,count,,"In ZIP code 78207 (San Antonio, TX), 2024, (Age Group by Race/Ethnicity): Total population - Native Hawaiian and Other Pacific Islander alone = 31. [Excel: Age Groups (2024)]",
78207,Excel: Age Groups (2024),2024,Age Group by Race/Ethnicity,Total population,Total population - Some other race alone,11571.0,count,,"In ZIP code 78207 (San Antonio, TX), 2024, (Age Group by Race/Ethnicity): Total population - Some other race alone = 11,571. [Excel: Age Groups (2024)]",
78207,Excel: Age Groups (2024),2024,Age Group by Race/Ethnicity,Total population,Total population - Two or more races,1565.0,count,,"In ZIP code 78207 (San Antonio, TX), 2024, (Age Group by Race/Ethnicity): Total population - Two or more races = 1,565. [Excel: Age Groups (2024)]",
78207,Excel: Age Groups (2024),2024,Age Group by Race/Ethnicity,Total population,Total population - Hispanic or Latino (any race),50435.0,count,,"In ZIP code 78207 (San Antonio, TX), 2024, (Age Group by Race/Ethnicity): Total population - Hispanic or Latino (any race) = 50,435. [Excel: Age Groups (2024)]",
78207,Excel: Age Groups (2024),2024,Age Group by Race/Ethnicity,Total population,Age 0-4 - Total,3172.0,count,,"In ZIP code 78207 (San Antonio, TX), 2024, (Age Group by Race/Ethnicity): Age 0-4 - Total = 3,172. [Excel: Age Groups (2024)]",
78207,Excel: Age Groups (2024),2024,Age Group by Race/Ethnicity,Total population,Age 0-4 - White alone,2133.0,count,,"In ZIP code 78207 (San Antonio, TX), 2024, (Age Group by Race/Ethnicity): Age 0-4 - White alone = 2,133. [Excel: Age Groups (2024)]",
78207,Excel: Age Groups (2024),2024,Age Group by Race/Ethnicity,Total population,Age 0-4 - Black or African American alone,108.0,count,,"In ZIP code 78207 (San Antonio, TX), 2024, (Age Group by Race/Ethnicity): Age 0-4 - Black or African American alone = 108. [Excel: Age Groups (2024)]",
78207,Excel: Age Groups (2024),2024,Age Group by Race/Ethnicity,Total population,Age 0-4 - American Indian and Alaska Native alone,53.0,count,,"In ZIP code 78207 (San Antonio, TX), 2024, (Age Group by Race/Ethnicity): Age 0-4 - American Indian and Alaska Native alone = 53. [Excel: Age Groups (2024)]",
78207,Excel: Age Groups (2024),2024,Age Group by Race/Ethnicity,Total population,Age 0-4 - Asian alone,4.0,count,,"In ZIP code 78207 (San Antonio, TX), 2024, (Age Group by Race/Ethnicity): Age 0-4 - Asian alone = 4. [Excel: Age Groups (2024)]",
78207,Excel: Age Groups (2024),2024,Age Group by Race/Ethnicity,Total population,Age 0-4 - Native Hawaiian and Other Pacific Islander alone,1.0,count,,"In ZIP code 78207 (San Antonio, TX), 2024, (Age Group by Race/Ethnicity): Age 0-4 - Native Hawaiian and Other Pacific Islander alone = 1. [Excel: Age Groups (2024)]",
78207,Excel: Age Groups (2024),2024,Age Group by Race/Ethnicity,Total population,Age 0-4 - Some other race alone,775.0,count,,"In ZIP code 78207 (San Antonio, TX), 2024, (Age Group by Race/Ethnicity): Age 0-4 - Some other race alone = 775. [Excel: Age Groups (2024)]",
78207,Excel: Age Groups (2024),2024,Age Group by Race/Ethnicity,Total population,Age 0-4 - Two or more races,98.0,count,,"In ZIP code 78207 (San Antonio, TX), 2024, (Age Group by Race/Ethnicity): Age 0-4 - Two or more races = 98. [Excel: Age Groups (2024)]",
78207,Excel: Age Groups (2024),2024,Age Group by Race/Ethnicity,Total population,Age 0-4 - Hispanic or Latino (any race),3001.0,count,,"In ZIP code 78207 (San Antonio, TX), 2024, (Age Group by Race/Ethnicity): Age 0-4 - Hispanic or Latino (any race) = 3,001. [Excel: Age Groups (2024)]",
78207,Excel: Age Groups (2024),2024,Age Group by Race/Ethnicity,Total population,Age 5-9 - Total,4803.0,count,,"In ZIP code 78207 (San Antonio, TX), 2024, (Age Group by Race/Ethnicity): Age 5-9 - Total = 4,803. [Excel: Age Groups (2024)]",
78207,Excel: Age Groups (2024),2024,Age Group by Race/Ethnicity,Total population,Age 5-9 - White alone,3339.0,count,,"In ZIP code 78207 (San Antonio, TX), 2024, (Age Group by Race/Ethnicity): Age 5-9 - White alone = 3,339. [Excel: Age Groups (2024)]",
78207,Excel: Age Groups (2024),2024,Age Group by Race/Ethnicity,Total population,Age 5-9 - Black or African American alone,158.0,count,,"In ZIP code 78207 (San Antonio, TX), 2024, (Age Group by Race/Ethnicity): Age 5-9 - Black or African American alone = 158. [Excel: Age Groups (2024)]",
78207,Excel: Age Groups (2024),2024,Age Group by Race/Ethnicity,Total population,Age 5-9 - American Indian and Alaska Native alone,76.0,count,,"In ZIP code 78207 (San Antonio, TX), 2024, (Age Group by Race/Ethnicity): Age 5-9 - American Indian and Alaska Native alone = 76. [Excel: Age Groups (2024)]",
78207,Excel: Age Groups (2024),2024,Age Group by Race/Ethnicity,Total population,Age 5-9 - Asian alone,10.0,count,,"In ZIP code 78207 (San Antonio, TX), 2024, (Age Group by Race/Ethnicity): Age 5-9 - Asian alone = 10. [Excel: Age Groups (2024)]",
78207,Excel: Age Groups (2024),2024,Age Group by Race/Ethnicity,Total population,Age 5-9 - Native Hawaiian and Other Pacific Islander alone,2.0,count,,"In ZIP code 78207 (San Antonio, TX), 2024, (Age Group by Race/Ethnicity): Age 5-9 - Native Hawaiian and Other Pacific Islander alone = 2. [Excel: Age Groups (2024)]",
78207,Excel: Age Groups (2024),2024,Age Group by Race/Ethnicity,Total population,Age 5-9 - Some other race alone,1079.0,count,,"In ZIP code 78207 (San Antonio, TX), 2024, (Age Group by Race/Ethnicity): Age 5-9 - Some other race alone = 1,079. [Excel: Age Groups (2024)]",
78207,Excel: Age Groups (2024),2024,Age Group by Race/Ethnicity,Total population,Age 5-9 - Two or more races,139.0,count,,"In ZIP code 78207 (San Antonio, TX), 2024, (Age Group by Race/Ethnicity): Age 5-9 - Two or more races = 139. [Excel: Age Groups (2024)]",
78207,Excel: Age Groups (2024),2024,Age Group by Race/Ethnicity,Total population,Age 5-9 - Hispanic or Latino (any race),4550.0,count,,"In ZIP code 78207 (San Antonio, TX), 2024, (Age Group by Race/Ethnicity): Age 5-9 - Hispanic or Latino (any race) = 4,550. [Excel: Age Groups (2024)]",
78207,Excel: Age Groups (2024),2024,Age Group by Race/Ethnicity,Total population,Age 10-14 - Total,4125.0,count,,"In ZIP code 78207 (San Antonio, TX), 2024, (Age Group by Race/Ethnicity): Age 10-14 - Total = 4,125. [Excel: Age Groups (2024)]",
78207,Excel: Age Groups (2024),2024,Age Group by Race/Ethnicity,Total population,Age 10-14 - White alone,2863.0,count,,"In ZIP code 78207 (San Antonio, TX), 2024, (Age Group by Race/Ethnicity): Age 10-14 - White alone = 2,863. [Excel: Age Groups (2024)]",
78207,Excel: Age Groups (2024),2024,Age Group by Race/Ethnicity,Total population,Age 10-14 - Black or African American alone,92.0,count,,"In ZIP code 78207 (San Antonio, TX), 2024, (Age Group by Race/Ethnicity): Age 10-14 - Black or African American alone = 92. [Excel: Age Groups (2024)]",
78207,Excel: Age Groups (2024),2024,Age Group by Race/Ethnicity,Total population,Age 10-14 - American Indian and Alaska Native alone,60.0,count,,"In ZIP code 78207 (San Antonio, TX), 2024, (Age Group by Race/Ethnicity): Age 10-14 - American Indian and Alaska Native alone = 60. [Excel: Age Groups (2024)]",
78207,Excel: Age Groups (2024),2024,Age Group by Race/Ethnicity,Total population,Age 10-14 - Asian alone,3.0,count,,"In ZIP code 78207 (San Antonio, TX), 2024, (Age Group by Race/Ethnicity): Age 10-14 - Asian alone = 3. [Excel: Age Groups (2024)]",
78207,Excel: Age Groups (2024),2024,Age Group by Race/Ethnicity,Total population,Age 10-14 - Native Hawaiian and Other Pacific Islander alone,3.0,count,,"In ZIP code 78207 (San Antonio, TX), 2024, (Age Group by Race/Ethnicity): Age 10-14 - Native Hawaiian and Other Pacific Islander alone = 3. [Excel: Age Groups (2024)]",
78207,Excel: Age Groups (2024),2024,Age Group by Race/Ethnicity,Total population,Age 10-14 - Some other race alone,975.0,count,,"In ZIP code 78207 (San Antonio, TX), 2024, (Age Group by Race/Ethnicity): Age 10-14 - Some other race alone = 975. [Excel: Age Groups (2024)]",
78207,Excel: Age Groups (2024),2024,Age Group by Race/Ethnicity,Total population,Age 10-14 - Two or more races,129.0,count,,"In ZIP code 78207 (San Antonio, TX), 2024, (Age Group by Race/Ethnicity): Age 10-14 - Two or more races = 129. [Excel: Age Groups (2024)]",
78207,Excel: Age Groups (2024),2024,Age Group by Race/Ethnicity,Total population,Age 10-14 - Hispanic or Latino (any race),3953.0,count,,"In ZIP code 78207 (San Antonio, TX), 2024, (Age Group by Race/Ethnicity): Age 10-14 - Hispanic or Latino (any race) = 3,953. [Excel: Age Groups (2024)]",
78207,Excel: Age Groups (2024),2024,Age Group by Race/Ethnicity,Total population,Age 15-19 - Total,4066.0,count,,"In ZIP code 78207 (San Antonio, TX), 2024, (Age Group by Race/Ethnicity): Age 15-19 - Total = 4,066. [Excel: Age Groups (2024)]",
78207,Excel: Age Groups (2024),2024,Age Group by Race/Ethnicity,Total population,Age 15-19 - White alone,2803.0,count,,"In ZIP code 78207 (San Antonio, TX), 2024, (Age Group by Race/Ethnicity): Age 15-19 - White alone = 2,803. [Excel: Age Groups (2024)]",
78207,Excel: Age Groups (2024),2024,Age Group by Race/Ethnicity,Total population,Age 15-19 - Black or African American alone,76.0,count,,"In ZIP code 78207 (San Antonio, TX), 2024, (Age Group by Race/Ethnicity): Age 15-19 - Black or African American alone = 76. [Excel: Age Groups (2024)]",
78207,Excel: Age Groups (2024),2024,Age Group by Race/Ethnicity,Total population,Age 15-19 - American Indian and Alaska Native alone,60.0,count,,"In ZIP code 78207 (San Antonio, TX), 2024, (Age Group by Race/Ethnicity): Age 15-19 - American Indian and Alaska Native alone = 60. [Excel: Age Groups (2024)]",
78207,Excel: Age Groups (2024),2024,Age Group by Race/Ethnicity,Total population,Age 15-19 - Asian alone,10.0,count,,"In ZIP code 78207 (San Antonio, TX), 2024, (Age Group by Race/Ethnicity): Age 15-19 - Asian alone = 10. [Excel: Age Groups (2024)]",
78207,Excel: Age Groups (2024),2024,Age Group by Race/Ethnicity,Total population,Age 15-19 - Native Hawaiian and Other Pacific Islander alone,4.0,count,,"In ZIP code 78207 (San Antonio, TX), 2024, (Age Group by Race/Ethnicity): Age 15-19 - Native Hawaiian and Other Pacific Islander alone = 4. [Excel: Age Groups (2024)]",
78207,Excel: Age Groups (2024),2024,Age Group by Race/Ethnicity,Total population,Age 15-19 - Some other race alone,988.0,count,,"In ZIP code 78207 (San Antonio, TX), 2024, (Age Group by Race/Ethnicity): Age 15-19 - Some other race alone = 988. [Excel: Age Groups (2024)]",
78207,Excel: Age Groups (2024),2024,Age Group by Race/Ethnicity,Total population,Age 15-19 - Two or more races,125.0,count,,"In ZIP code 78207 (San Antonio, TX), 2024, (Age Group by Race/Ethnicity): Age 15-19 - Two or more races = 125. [Excel: Age Groups (2024)]",
78207,Excel: Age Groups (2024),2024,Age Group by Race/Ethnicity,Total population,Age 15-19 - Hispanic or Latino (any race),3902.0,count,,"In ZIP code 78207 (San Antonio, TX), 2024, (Age Group by Race/Ethnicity): Age 15-19 - Hispanic or Latino (any race) = 3,902. [Excel: Age Groups (2024)]",
78207,Excel: Age Groups (2024),2024,Age Group by Race/Ethnicity,Total population,Age 20-24 - Total,5218.0,count,,"In ZIP code 78207 (San Antonio, TX), 2024, (Age Group by Race/Ethnicity): Age 20-24 - Total = 5,218. [Excel: Age Groups (2024)]",
78207,Excel: Age Groups (2024),2024,Age Group by Race/Ethnicity,Total population,Age 20-24 - White alone,3554.0,count,,"In ZIP code 78207 (San Antonio, TX), 2024, (Age Group by Race/Ethnicity): Age 20-24 - White alone = 3,554. [Excel: Age Groups (2024)]",
78207,Excel: Age Groups (2024),2024,Age Group by Race/Ethnicity,Total population,Age 20-24 - Black or African American alone,315.0,count,,"In ZIP code 78207 (San Antonio, TX), 2024, (Age Group by Race/Ethnicity): Age 20-24 - Black or African American alone = 315. [Excel: Age Groups (2024)]",
78207,Excel: Age Groups (2024),2024,Age Group by Race/Ethnicity,Total population,Age 20-24 - American Indian and Alaska Native alone,71.0,count,,"In ZIP code 78207 (San Antonio, TX), 2024, (Age Group by Race/Ethnicity): Age 20-24 - American Indian and Alaska Native alone = 71. [Excel: Age Groups (2024)]",
78207,Excel: Age Groups (2024),2024,Age Group by Race/Ethnicity,Total population,Age 20-24 - Asian alone,21.0,count,,"In ZIP code 78207 (San Antonio, TX), 2024, (Age Group by Race/Ethnicity): Age 20-24 - Asian alone = 21. [Excel: Age Groups (2024)]",
78207,Excel: Age Groups (2024),2024,Age Group by Race/Ethnicity,Total population,Age 20-24 - Native Hawaiian and Other Pacific Islander alone,3.0,count,,"In ZIP code 78207 (San Antonio, TX), 2024, (Age Group by Race/Ethnicity): Age 20-24 - Native Hawaiian and Other Pacific Islander alone = 3. [Excel: Age Groups (2024)]",
78207,Excel: Age Groups (2024),2024,Age Group by Race/Ethnicity,Total population,Age 20-24 - Some other race alone,1088.0,count,,"In ZIP code 78207 (San Antonio, TX), 2024, (Age Group by Race/Ethnicity): Age 20-24 - Some other race alone = 1,088. [Excel: Age Groups (2024)]",
78207,Excel: Age Groups (2024),2024,Age Group by Race/Ethnicity,Total population,Age 20-24 - Two or more races,166.0,count,,"In ZIP code 78207 (San Antonio, TX), 2024, (Age Group by Race/Ethnicity): Age 20-24 - Two or more races = 166. [Excel: Age Groups (2024)]",
78207,Excel: Age Groups (2024),2024,Age Group by Race/Ethnicity,Total population,Age 20-24 - Hispanic or Latino (any race),4549.0,count,,"In ZIP code 78207 (San Antonio, TX), 2024, (Age Group by Race/Ethnicity): Age 20-24 - Hispanic or Latino (any race) = 4,549. [Excel: Age Groups (2024)]",
78207,Excel: Age Groups (2024),2024,Age Group by Race/Ethnicity,Total population,Age 25-29 - Total,4634.0,count,,"In ZIP code 78207 (San Antonio, TX), 2024, (Age Group by Race/Ethnicity): Age 25-29 - Total = 4,634. [Excel: Age Groups (2024)]",
78207,Excel: Age Groups (2024),2024,Age Group by Race/Ethnicity,Total population,Age 25-29 - White alone,3255.0,count,,"In ZIP code 78207 (San Antonio, TX), 2024, (Age Group by Race/Ethnicity): Age 25-29 - White alone = 3,255. [Excel: Age Groups (2024)]",
78207,Excel: Age Groups (2024),2024,Age Group by Race/Ethnicity,Total population,Age 25-29 - Black or African American alone,239.0,count,,"In ZIP code 78207 (San Antonio, TX), 2024, (Age Group by Race/Ethnicity): Age 25-29 - Black or African American alone = 239. [Excel: Age Groups (2024)]",
78207,Excel: Age Groups (2024),2024,Age Group by Race/Ethnicity,Total population,Age 25-29 - American Indian and Alaska Native alone,54.0,count,,"In ZIP code 78207 (San Antonio, TX), 2024, (Age Group by Race/Ethnicity): Age 25-29 - American Indian and Alaska Native alone = 54. [Excel: Age Groups (2024)]",
78207,Excel: Age Groups (2024),2024,Age Group by Race/Ethnicity,Total population,Age 25-29 - Asian alone,11.0,count,,"In ZIP code 78207 (San Antonio, TX), 2024, (Age Group by Race/Ethnicity): Age 25-29 - Asian alone = 11. [Excel: Age Groups (2024)]",
78207,Excel: Age Groups (2024),2024,Age Group by Race/Ethnicity,Total population,Age 25-29 - Native Hawaiian and Other Pacific Islander alone,3.0,count,,"In ZIP code 78207 (San Antonio, TX), 2024, (Age Group by Race/Ethnicity): Age 25-29 - Native Hawaiian and Other Pacific Islander alone = 3. [Excel: Age Groups (2024)]",
78207,Excel: Age Groups (2024),2024,Age Group by Race/Ethnicity,Total population,Age 25-29 - Some other race alone,963.0,count,,"In ZIP code 78207 (San Antonio, TX), 2024, (Age Group by Race/Ethnicity): Age 25-29 - Some other race alone = 963. [Excel: Age Groups (2024)]",
78207,Excel: Age Groups (2024),2024,Age Group by Race/Ethnicity,Total population,Age 25-29 - Two or more races,109.0,count,,"In ZIP code 78207 (San Antonio, TX), 2024, (Age Group by Race/Ethnicity): Age 25-29 - Two or more races = 109. [Excel: Age Groups (2024)]",
78207,Excel: Age Groups (2024),2024,Age Group by Race/Ethnicity,Total population,Age 25-29 - Hispanic or Latino (any race),4054.0,count,,"In ZIP code 78207 (San Antonio, TX), 2024, (Age Group by Race/Ethnicity): Age 25-29 - Hispanic or Latino (any race) = 4,054. [Excel: Age Groups (2024)]",
78207,Excel: Age Groups (2024),2024,Age Group by Race/Ethnicity,Total population,Age 30-34 - Total,3920.0,count,,"In ZIP code 78207 (San Antonio, TX), 2024, (Age Group by Race/Ethnicity): Age 30-34 - Total = 3,920. [Excel: Age Groups (2024)]",
78207,Excel: Age Groups (2024),2024,Age Group by Race/Ethnicity,Total population,Age 30-34 - White alone,2762.0,count,,"In ZIP code 78207 (San Antonio, TX), 2024, (Age Group by Race/Ethnicity): Age 30-34 - White alone = 2,762. [Excel: Age Groups (2024)]",
78207,Excel: Age Groups (2024),2024,Age Group by Race/Ethnicity,Total population,Age 30-34 - Black or African American alone,222.0,count,,"In ZIP code 78207 (San Antonio, TX), 2024, (Age Group by Race/Ethnicity): Age 30-34 - Black or African American alone = 222. [Excel: Age Groups (2024)]",
78207,Excel: Age Groups (2024),2024,Age Group by Race/Ethnicity,Total population,Age 30-34 - American Indian and Alaska Native alone,54.0,count,,"In ZIP code 78207 (San Antonio, TX), 2024, (Age Group by Race/Ethnicity): Age 30-34 - American Indian and Alaska Native alone = 54. [Excel: Age Groups (2024)]",
78207,Excel: Age Groups (2024),2024,Age Group by Race/Ethnicity,Total population,Age 30-34 - Asian alone,16.0,count,,"In ZIP code 78207 (San Antonio, TX), 2024, (Age Group by Race/Ethnicity): Age 30-34 - Asian alone = 16. [Excel: Age Groups (2024)]",
78207,Excel: Age Groups (2024),2024,Age Group by Race/Ethnicity,Total population,Age 30-34 - Native Hawaiian and Other Pacific Islander alone,1.0,count,,"In ZIP code 78207 (San Antonio, TX), 2024, (Age Group by Race/Ethnicity): Age 30-34 - Native Hawaiian and Other Pacific Islander alone = 1. [Excel: Age Groups (2024)]",
78207,Excel: Age Groups (2024),2024,Age Group by Race/Ethnicity,Total population,Age 30-34 - Some other race alone,778.0,count,,"In ZIP code 78207 (San Antonio, TX), 2024, (Age Group by Race/Ethnicity): Age 30-34 - Some other race alone = 778. [Excel: Age Groups (2024)]",
78207,Excel: Age Groups (2024),2024,Age Group by Race/Ethnicity,Total population,Age 30-34 - Two or more races,87.0,count,,"In ZIP code 78207 (San Antonio, TX), 2024, (Age Group by Race/Ethnicity): Age 30-34 - Two or more races = 87. [Excel: Age Groups (2024)]",
78207,Excel: Age Groups (2024),2024,Age Group by Race/Ethnicity,Total population,Age 30-34 - Hispanic or Latino (any race),3441.0,count,,"In ZIP code 78207 (San Antonio, TX), 2024, (Age Group by Race/Ethnicity): Age 30-34 - Hispanic or Latino (any race) = 3,441. [Excel: Age Groups (2024)]",
78207,Excel: Age Groups (2024),2024,Age Group by Race/Ethnicity,Total population,Age 35-39 - Total,3432.0,count,,"In ZIP code 78207 (San Antonio, TX), 2024, (Age Group by Race/Ethnicity): Age 35-39 - Total = 3,432. [Excel: Age Groups (2024)]",
78207,Excel: Age Groups (2024),2024,Age Group by Race/Ethnicity,Total population,Age 35-39 - White alone,2448.0,count,,"In ZIP code 78207 (San Antonio, TX), 2024, (Age Group by Race/Ethnicity): Age 35-39 - White alone = 2,448. [Excel: Age Groups (2024)]",
78207,Excel: Age Groups (2024),2024,Age Group by Race/Ethnicity,Total population,Age 35-39 - Black or African American alone,139.0,count,,"In ZIP code 78207 (San Antonio, TX), 2024, (Age Group by Race/Ethnicity): Age 35-39 - Black or African American alone = 139. [Excel: Age Groups (2024)]",
78207,Excel: Age Groups (2024),2024,Age Group by Race/Ethnicity,Total population,Age 35-39 - American Indian and Alaska Native alone,38.0,count,,"In ZIP code 78207 (San Antonio, TX), 2024, (Age Group by Race/Ethnicity): Age 35-39 - American Indian and Alaska Native alone = 38. [Excel: Age Groups (2024)]",
78207,Excel: Age Groups (2024),2024,Age Group by Race/Ethnicity,Total population,Age 35-39 - Asian alone,9.0,count,,"In ZIP code 78207 (San Antonio, TX), 2024, (Age Group by Race/Ethnicity): Age 35-39 - Asian alone = 9. [Excel: Age Groups (2024)]",
78207,Excel: Age Groups (2024),2024,Age Group by Race/Ethnicity,Total population,Age 35-39 - Native Hawaiian and Other Pacific Islander alone,3.0,count,,"In ZIP code 78207 (San Antonio, TX), 2024, (Age Group by Race/Ethnicity): Age 35-39 - Native Hawaiian and Other Pacific Islander alone = 3. [Excel: Age Groups (2024)]",
78207,Excel: Age Groups (2024),2024,Age Group by Race/Ethnicity,Total population,Age 35-39 - Some other race alone,706.0,count,,"In ZIP code 78207 (San Antonio, TX), 2024, (Age Group by Race/Ethnicity): Age 35-39 - Some other race alone = 706. [Excel: Age Groups (2024)]",
78207,Excel: Age Groups (2024),2024,Age Group by Race/Ethnicity,Total population,Age 35-39 - Two or more races,89.0,count,,"In ZIP code 78207 (San Antonio, TX), 2024, (Age Group by Race/Ethnicity): Age 35-39 - Two or more races = 89. [Excel: Age Groups (2024)]",
78207,Excel: Age Groups (2024),2024,Age Group by Race/Ethnicity,Total population,Age 35-39 - Hispanic or Latino (any race),3033.0,count,,"In ZIP code 78207 (San Antonio, TX), 2024, (Age Group by Race/Ethnicity): Age 35-39 - Hispanic or Latino (any race) = 3,033. [Excel: Age Groups (2024)]",
78207,Excel: Age Groups (2024),2024,Age Group by Race/Ethnicity,Total population,Age 40-44 - Total,3259.0,count,,"In ZIP code 78207 (San Antonio, TX), 2024, (Age Group by Race/Ethnicity): Age 40-44 - Total = 3,259. [Excel: Age Groups (2024)]",
78207,Excel: Age Groups (2024),2024,Age Group by Race/Ethnicity,Total population,Age 40-44 - White alone,2270.0,count,,"In ZIP code 78207 (San Antonio, TX), 2024, (Age Group by Race/Ethnicity): Age 40-44 - White alone = 2,270. [Excel: Age Groups (2024)]",
78207,Excel: Age Groups (2024),2024,Age Group by Race/Ethnicity,Total population,Age 40-44 - Black or African American alone,163.0,count,,"In ZIP code 78207 (San Antonio, TX), 2024, (Age Group by Race/Ethnicity): Age 40-44 - Black or African American alone = 163. [Excel: Age Groups (2024)]",
78207,Excel: Age Groups (2024),2024,Age Group by Race/Ethnicity,Total population,Age 40-44 - American Indian and Alaska Native alone,41.0,count,,"In ZIP code 78207 (San Antonio, TX), 2024, (Age Group by Race/Ethnicity): Age 40-44 - American Indian and Alaska Native alone = 41. [Excel: Age Groups (2024)]",
78207,Excel: Age Groups (2024),2024,Age Group by Race/Ethnicity,Total population,Age 40-44 - Asian alone,13.0,count,,"In ZIP code 78207 (San Antonio, TX), 2024, (Age Group by Race/Ethnicity): Age 40-44 - Asian alone = 13. [Excel: Age Groups (2024)]",
78207,Excel: Age Groups (2024),2024,Age Group by Race/Ethnicity,Total population,Age 40-44 - Native Hawaiian and Other Pacific Islander alone,0.0,count,,"In ZIP code 78207 (San Antonio, TX), 2024, (Age Group by Race/Ethnicity): Age 40-44 - Native Hawaiian and Other Pacific Islander alone = 0. [Excel: Age Groups (2024)]",
78207,Excel: Age Groups (2024),2024,Age Group by Race/Ethnicity,Total population,Age 40-44 - Some other race alone,673.0,count,,"In ZIP code 78207 (San Antonio, TX), 2024, (Age Group by Race/Ethnicity): Age 40-44 - Some other race alone = 673. [Excel: Age Groups (2024)]",
78207,Excel: Age Groups (2024),2024,Age Group by Race/Ethnicity,Total population,Age 40-44 - Two or more races,99.0,count,,"In ZIP code 78207 (San Antonio, TX), 2024, (Age Group by Race/Ethnicity): Age 40-44 - Two or more races = 99. [Excel: Age Groups (2024)]",
78207,Excel: Age Groups (2024),2024,Age Group by Race/Ethnicity,Total population,Age 40-44 - Hispanic or Latino (any race),2878.0,count,,"In ZIP code 78207 (San Antonio, TX), 2024, (Age Group by Race/Ethnicity): Age 40-44 - Hispanic or Latino (any race) = 2,878. [Excel: Age Groups (2024)]",
78207,Excel: Age Groups (2024),2024,Age Group by Race/Ethnicity,Total population,Age 45-49 - Total,3410.0,count,,"In ZIP code 78207 (San Antonio, TX), 2024, (Age Group by Race/Ethnicity): Age 45-49 - Total = 3,410. [Excel: Age Groups (2024)]",
78207,Excel: Age Groups (2024),2024,Age Group by Race/Ethnicity,Total population,Age 45-49 - White alone,2360.0,count,,"In ZIP code 78207 (San Antonio, TX), 2024, (Age Group by Race/Ethnicity): Age 45-49 - White alone = 2,360. [Excel: Age Groups (2024)]",
78207,Excel: Age Groups (2024),2024,Age Group by Race/Ethnicity,Total population,Age 45-49 - Black or African American alone,150.0,count,,"In ZIP code 78207 (San Antonio, TX), 2024, (Age Group by Race/Ethnicity): Age 45-49 - Black or African American alone = 150. [Excel: Age Groups (2024)]",
78207,Excel: Age Groups (2024),2024,Age Group by Race/Ethnicity,Total population,Age 45-49 - American Indian and Alaska Native alone,63.0,count,,"In ZIP code 78207 (San Antonio, TX), 2024, (Age Group by Race/Ethnicity): Age 45-49 - American Indian and Alaska Native alone = 63. [Excel: Age Groups (2024)]",
78207,Excel: Age Groups (2024),2024,Age Group by Race/Ethnicity,Total population,Age 45-49 - Asian alone,6.0,count,,"In ZIP code 78207 (San Antonio, TX), 2024, (Age Group by Race/Ethnicity): Age 45-49 - Asian alone = 6. [Excel: Age Groups (2024)]",
78207,Excel: Age Groups (2024),2024,Age Group by Race/Ethnicity,Total population,Age 45-49 - Native Hawaiian and Other Pacific Islander alone,4.0,count,,"In ZIP code 78207 (San Antonio, TX), 2024, (Age Group by Race/Ethnicity): Age 45-49 - Native Hawaiian and Other Pacific Islander alone = 4. [Excel: Age Groups (2024)]",
78207,Excel: Age Groups (2024),2024,Age Group by Race/Ethnicity,Total population,Age 45-49 - Some other race alone,737.0,count,,"In ZIP code 78207 (San Antonio, TX), 2024, (Age Group by Race/Ethnicity): Age 45-49 - Some other race alone = 737. [Excel: Age Groups (2024)]",
78207,Excel: Age Groups (2024),2024,Age Group by Race/Ethnicity,Total population,Age 45-49 - Two or more races,90.0,count,,"In ZIP code 78207 (San Antonio, TX), 2024, (Age Group by Race/Ethnicity): Age 45-49 - Two or more races = 90. [Excel: Age Groups (2024)]",
78207,Excel: Age Groups (2024),2024,Age Group by Race/Ethnicity,Total population,Age 45-49 - Hispanic or Latino (any race),3052.0,count,,"In ZIP code 78207 (San Antonio, TX), 2024, (Age Group by Race/Ethnicity): Age 45-49 - Hispanic or Latino (any race) = 3,052. [Excel: Age Groups (2024)]",
78207,Excel: Age Groups (2024),2024,Age Group by Race/Ethnicity,Total population,Age 50-54 - Total,3388.0,count,,"In ZIP code 78207 (San Antonio, TX), 2024, (Age Group by Race/Ethnicity): Age 50-54 - Total = 3,388. [Excel: Age Groups (2024)]",
78207,Excel: Age Groups (2024),2024,Age Group by Race/Ethnicity,Total population,Age 50-54 - White alone,2377.0,count,,"In ZIP code 78207 (San Antonio, TX), 2024, (Age Group by Race/Ethnicity): Age 50-54 - White alone = 2,377. [Excel: Age Groups (2024)]",
78207,Excel: Age Groups (2024),2024,Age Group by Race/Ethnicity,Total population,Age 50-54 - Black or African American alone,164.0,count,,"In ZIP code 78207 (San Antonio, TX), 2024, (Age Group by Race/Ethnicity): Age 50-54 - Black or African American alone = 164. [Excel: Age Groups (2024)]",
78207,Excel: Age Groups (2024),2024,Age Group by Race/Ethnicity,Total population,Age 50-54 - American Indian and Alaska Native alone,46.0,count,,"In ZIP code 78207 (San Antonio, TX), 2024, (Age Group by Race/Ethnicity): Age 50-54 - American Indian and Alaska Native alone = 46. [Excel: Age Groups (2024)]",
78207,Excel: Age Groups (2024),2024,Age Group by Race/Ethnicity,Total population,Age 50-54 - Asian alone,6.0,count,,"In ZIP code 78207 (San Antonio, TX), 2024, (Age Group by Race/Ethnicity): Age 50-54 - Asian alone = 6. [Excel: Age Groups (2024)]",
78207,Excel: Age Groups (2024),2024,Age Group by Race/Ethnicity,Total population,Age 50-54 - Native Hawaiian and Other Pacific Islander alone,1.0,count,,"In ZIP code 78207 (San Antonio, TX), 2024, (Age Group by Race/Ethnicity): Age 50-54 - Native Hawaiian and Other Pacific Islander alone = 1. [Excel: Age Groups (2024)]",
78207,Excel: Age Groups (2024),2024,Age Group by Race/Ethnicity,Total population,Age 50-54 - Some other race alone,712.0,count,,"In ZIP code 78207 (San Antonio, TX), 2024, (Age Group by Race/Ethnicity): Age 50-54 - Some other race alone = 712. [Excel: Age Groups (2024)]",
78207,Excel: Age Groups (2024),2024,Age Group by Race/Ethnicity,Total population,Age 50-54 - Two or more races,82.0,count,,"In ZIP code 78207 (San Antonio, TX), 2024, (Age Group by Race/Ethnicity): Age 50-54 - Two or more races = 82. [Excel: Age Groups (2024)]",
78207,Excel: Age Groups (2024),2024,Age Group by Race/Ethnicity,Total population,Age 50-54 - Hispanic or Latino (any race),2999.0,count,,"In ZIP code 78207 (San Antonio, TX), 2024, (Age Group by Race/Ethnicity): Age 50-54 - Hispanic or Latino (any race) = 2,999. [Excel: Age Groups (2024)]",
78207,Excel: Age Groups (2024),2024,Age Group by Race/Ethnicity,Total population,Age 55-59 - Total,2901.0,count,,"In ZIP code 78207 (San Antonio, TX), 2024, (Age Group by Race/Ethnicity): Age 55-59 - Total = 2,901. [Excel: Age Groups (2024)]",
78207,Excel: Age Groups (2024),2024,Age Group by Race/Ethnicity,Total population,Age 55-59 - White alone,1999.0,count,,"In ZIP code 78207 (San Antonio, TX), 2024, (Age Group by Race/Ethnicity): Age 55-59 - White alone = 1,999. [Excel: Age Groups (2024)]",
78207,Excel: Age Groups (2024),2024,Age Group by Race/Ethnicity,Total population,Age 55-59 - Black or African American alone,99.0,count,,"In ZIP code 78207 (San Antonio, TX), 2024, (Age Group by Race/Ethnicity): Age 55-59 - Black or African American alone = 99. [Excel: Age Groups (2024)]",
78207,Excel: Age Groups (2024),2024,Age Group by Race/Ethnicity,Total population,Age 55-59 - American Indian and Alaska Native alone,48.0,count,,"In ZIP code 78207 (San Antonio, TX), 2024, (Age Group by Race/Ethnicity): Age 55-59 - American Indian and Alaska Native alone = 48. [Excel: Age Groups (2024)]",
78207,Excel: Age Groups (2024),2024,Age Group by Race/Ethnicity,Total population,Age 55-59 - Asian alone,8.0,count,,"In ZIP code 78207 (San Antonio, TX), 2024, (Age Group by Race/Ethnicity): Age 55-59 - Asian alone = 8. [Excel: Age Groups (2024)]",
78207,Excel: Age Groups (2024),2024,Age Group by Race/Ethnicity,Total population,Age 55-59 - Native Hawaiian and Other Pacific Islander alone,2.0,count,,"In ZIP code 78207 (San Antonio, TX), 2024, (Age Group by Race/Ethnicity): Age 55-59 - Native Hawaiian and Other Pacific Islander alone = 2. [Excel: Age Groups (2024)]",
78207,Excel: Age Groups (2024),2024,Age Group by Race/Ethnicity,Total population,Age 55-59 - Some other race alone,651.0,count,,"In ZIP code 78207 (San Antonio, TX), 2024, (Age Group by Race/Ethnicity): Age 55-59 - Some other race alone = 651. [Excel: Age Groups (2024)]",
78207,Excel: Age Groups (2024),2024,Age Group by Race/Ethnicity,Total population,Age 55-59 - Two or more races,94.0,count,,"In ZIP code 78207 (San Antonio, TX), 2024, (Age Group by Race/Ethnicity): Age 55-59 - Two or more races = 94. [Excel: Age Groups (2024)]",
78207,Excel: Age Groups (2024),2024,Age Group by Race/Ethnicity,Total population,Age 55-59 - Hispanic or Latino (any race),2613.0,count,,"In ZIP code 78207 (San Antonio, TX), 2024, (Age Group by Race/Ethnicity): Age 55-59 - Hispanic or Latino (any race) = 2,613. [Excel: Age Groups (2024)]",
78207,Excel: Age Groups (2024),2024,Age Group by Race/Ethnicity,Total population,Age 60-64 - Total,2420.0,count,,"In ZIP code 78207 (San Antonio, TX), 2024, (Age Group by Race/Ethnicity): Age 60-64 - Total = 2,420. [Excel: Age Groups (2024)]",
78207,Excel: Age Groups (2024),2024,Age Group by Race/Ethnicity,Total population,Age 60-64 - White alone,1805.0,count,,"In ZIP code 78207 (San Antonio, TX), 2024, (Age Group by Race/Ethnicity): Age 60-64 - White alone = 1,805. [Excel: Age Groups (2024)]",
78207,Excel: Age Groups (2024),2024,Age Group by Race/Ethnicity,Total population,Age 60-64 - Black or African American alone,74.0,count,,"In ZIP code 78207 (San Antonio, TX), 2024, (Age Group by Race/Ethnicity): Age 60-64 - Black or African American alone = 74. [Excel: Age Groups (2024)]",
78207,Excel: Age Groups (2024),2024,Age Group by Race/Ethnicity,Total population,Age 60-64 - American Indian and Alaska Native alone,34.0,count,,"In ZIP code 78207 (San Antonio, TX), 2024, (Age Group by Race/Ethnicity): Age 60-64 - American Indian and Alaska Native alone = 34. [Excel: Age Groups (2024)]",
78207,Excel: Age Groups (2024),2024,Age Group by Race/Ethnicity,Total population,Age 60-64 - Asian alone,5.0,count,,"In ZIP code 78207 (San Antonio, TX), 2024, (Age Group by Race/Ethnicity): Age 60-64 - Asian alone = 5. [Excel: Age Groups (2024)]",
78207,Excel: Age Groups (2024),2024,Age Group by Race/Ethnicity,Total population,Age 60-64 - Native Hawaiian and Other Pacific Islander alone,1.0,count,,"In ZIP code 78207 (San Antonio, TX), 2024, (Age Group by Race/Ethnicity): Age 60-64 - Native Hawaiian and Other Pacific Islander alone = 1. [Excel: Age Groups (2024)]",
78207,Excel: Age Groups (2024),2024,Age Group by Race/Ethnicity,Total population,Age 60-64 - Some other race alone,423.0,count,,"In ZIP code 78207 (San Antonio, TX), 2024, (Age Group by Race/Ethnicity): Age 60-64 - Some other race alone = 423. [Excel: Age Groups (2024)]",
78207,Excel: Age Groups (2024),2024,Age Group by Race/Ethnicity,Total population,Age 60-64 - Two or more races,78.0,count,,"In ZIP code 78207 (San Antonio, TX), 2024, (Age Group by Race/Ethnicity): Age 60-64 - Two or more races = 78. [Excel: Age Groups (2024)]",
78207,Excel: Age Groups (2024),2024,Age Group by Race/Ethnicity,Total population,Age 60-64 - Hispanic or Latino (any race),2199.0,count,,"In ZIP code 78207 (San Antonio, TX), 2024, (Age Group by Race/Ethnicity): Age 60-64 - Hispanic or Latino (any race) = 2,199. [Excel: Age Groups (2024)]",
78207,Excel: Age Groups (2024),2024,Age Group by Race/Ethnicity,Total population,Age 65-69 - Total,1849.0,count,,"In ZIP code 78207 (San Antonio, TX), 2024, (Age Group by Race/Ethnicity): Age 65-69 - Total = 1,849. [Excel: Age Groups (2024)]",
78207,Excel: Age Groups (2024),2024,Age Group by Race/Ethnicity,Total population,Age 65-69 - White alone,1387.0,count,,"In ZIP code 78207 (San Antonio, TX), 2024, (Age Group by Race/Ethnicity): Age 65-69 - White alone = 1,387. [Excel: Age Groups (2024)]",
78207,Excel: Age Groups (2024),2024,Age Group by Race/Ethnicity,Total population,Age 65-69 - Black or African American alone,40.0,count,,"In ZIP code 78207 (San Antonio, TX), 2024, (Age Group by Race/Ethnicity): Age 65-69 - Black or African American alone = 40. [Excel: Age Groups (2024)]",
78207,Excel: Age Groups (2024),2024,Age Group by Race/Ethnicity,Total population,Age 65-69 - American Indian and Alaska Native alone,24.0,count,,"In ZIP code 78207 (San Antonio, TX), 2024, (Age Group by Race/Ethnicity): Age 65-69 - American Indian and Alaska Native alone = 24. [Excel: Age Groups (2024)]",
78207,Excel: Age Groups (2024),2024,Age Group by Race/Ethnicity,Total population,Age 65-69 - Asian alone,5.0,count,,"In ZIP code 78207 (San Antonio, TX), 2024, (Age Group by Race/Ethnicity): Age 65-69 - Asian alone = 5. [Excel: Age Groups (2024)]",
78207,Excel: Age Groups (2024),2024,Age Group by Race/Ethnicity,Total population,Age 65-69 - Native Hawaiian and Other Pacific Islander alone,1.0,count,,"In ZIP code 78207 (San Antonio, TX), 2024, (Age Group by Race/Ethnicity): Age 65-69 - Native Hawaiian and Other Pacific Islander alone = 1. [Excel: Age Groups (2024)]",
78207,Excel: Age Groups (2024),2024,Age Group by Race/Ethnicity,Total population,Age 65-69 - Some other race alone,337.0,count,,"In ZIP code 78207 (San Antonio, TX), 2024, (Age Group by Race/Ethnicity): Age 65-69 - Some other race alone = 337. [Excel: Age Groups (2024)]",
78207,Excel: Age Groups (2024),2024,Age Group by Race/Ethnicity,Total population,Age 65-69 - Two or more races,55.0,count,,"In ZIP code 78207 (San Antonio, TX), 2024, (Age Group by Race/Ethnicity): Age 65-69 - Two or more races = 55. [Excel: Age Groups (2024)]",
78207,Excel: Age Groups (2024),2024,Age Group by Race/Ethnicity,Total population,Age 65-69 - Hispanic or Latino (any race),1703.0,count,,"In ZIP code 78207 (San Antonio, TX), 2024, (Age Group by Race/Ethnicity): Age 65-69 - Hispanic or Latino (any race) = 1,703. [Excel: Age Groups (2024)]",
78207,Excel: Age Groups (2024),2024,Age Group by Race/Ethnicity,Total population,Age 70-74 - Total,1361.0,count,,"In ZIP code 78207 (San Antonio, TX), 2024, (Age Group by Race/Ethnicity): Age 70-74 - Total = 1,361. [Excel: Age Groups (2024)]",
78207,Excel: Age Groups (2024),2024,Age Group by Race/Ethnicity,Total population,Age 70-74 - White alone,1038.0,count,,"In ZIP code 78207 (San Antonio, TX), 2024, (Age Group by Race/Ethnicity): Age 70-74 - White alone = 1,038. [Excel: Age Groups (2024)]",
78207,Excel: Age Groups (2024),2024,Age Group by Race/Ethnicity,Total population,Age 70-74 - Black or African American alone,29.0,count,,"In ZIP code 78207 (San Antonio, TX), 2024, (Age Group by Race/Ethnicity): Age 70-74 - Black or African American alone = 29. [Excel: Age Groups (2024)]",
78207,Excel: Age Groups (2024),2024,Age Group by Race/Ethnicity,Total population,Age 70-74 - American Indian and Alaska Native alone,6.0,count,,"In ZIP code 78207 (San Antonio, TX), 2024, (Age Group by Race/Ethnicity): Age 70-74 - American Indian and Alaska Native alone = 6. [Excel: Age Groups (2024)]",
78207,Excel: Age Groups (2024),2024,Age Group by Race/Ethnicity,Total population,Age 70-74 - Asian alone,2.0,count,,"In ZIP code 78207 (San Antonio, TX), 2024, (Age Group by Race/Ethnicity): Age 70-74 - Asian alone = 2. [Excel: Age Groups (2024)]",
78207,Excel: Age Groups (2024),2024,Age Group by Race/Ethnicity,Total population,Age 70-74 - Native Hawaiian and Other Pacific Islander alone,2.0,count,,"In ZIP code 78207 (San Antonio, TX), 2024, (Age Group by Race/Ethnicity): Age 70-74 - Native Hawaiian and Other Pacific Islander alone = 2. [Excel: Age Groups (2024)]",
78207,Excel: Age Groups (2024),2024,Age Group by Race/Ethnicity,Total population,Age 70-74 - Some other race alone,240.0,count,,"In ZIP code 78207 (San Antonio, TX), 2024, (Age Group by Race/Ethnicity): Age 70-74 - Some other race alone = 240. [Excel: Age Groups (2024)]",
78207,Excel: Age Groups (2024),2024,Age Group by Race/Ethnicity,Total population,Age 70-74 - Two or more races,44.0,count,,"In ZIP code 78207 (San Antonio, TX), 2024, (Age Group by Race/Ethnicity): Age 70-74 - Two or more races = 44. [Excel: Age Groups (2024)]",
78207,Excel: Age Groups (2024),2024,Age Group by Race/Ethnicity,Total population,Age 70-74 - Hispanic or Latino (any race),1270.0,count,,"In ZIP code 78207 (San Antonio, TX), 2024, (Age Group by Race/Ethnicity): Age 70-74 - Hispanic or Latino (any race) = 1,270. [Excel: Age Groups (2024)]",
78207,Excel: Age Groups (2024),2024,Age Group by Race/Ethnicity,Total population,Age 75-79 - Total,1181.0,count,,"In ZIP code 78207 (San Antonio, TX), 2024, (Age Group by Race/Ethnicity): Age 75-79 - Total = 1,181. [Excel: Age Groups (2024)]",
78207,Excel: Age Groups (2024),2024,Age Group by Race/Ethnicity,Total population,Age 75-79 - White alone,942.0,count,,"In ZIP code 78207 (San Antonio, TX), 2024, (Age Group by Race/Ethnicity): Age 75-79 - White alone = 942. [Excel: Age Groups (2024)]",
78207,Excel: Age Groups (2024),2024,Age Group by Race/Ethnicity,Total population,Age 75-79 - Black or African American alone,35.0,count,,"In ZIP code 78207 (San Antonio, TX), 2024, (Age Group by Race/Ethnicity): Age 75-79 - Black or African American alone = 35. [Excel: Age Groups (2024)]",
78207,Excel: Age Groups (2024),2024,Age Group by Race/Ethnicity,Total population,Age 75-79 - American Indian and Alaska Native alone,11.0,count,,"In ZIP code 78207 (San Antonio, TX), 2024, (Age Group by Race/Ethnicity): Age 75-79 - American Indian and Alaska Native alone = 11. [Excel: Age Groups (2024)]",
78207,Excel: Age Groups (2024),2024,Age Group by Race/Ethnicity,Total population,Age 75-79 - Asian alone,1.0,count,,"In ZIP code 78207 (San Antonio, TX), 2024, (Age Group by Race/Ethnicity): Age 75-79 - Asian alone = 1. [Excel: Age Groups (2024)]",
78207,Excel: Age Groups (2024),2024,Age Group by Race/Ethnicity,Total population,Age 75-79 - Native Hawaiian and Other Pacific Islander alone,0.0,count,,"In ZIP code 78207 (San Antonio, TX), 2024, (Age Group by Race/Ethnicity): Age 75-79 - Native Hawaiian and Other Pacific Islander alone = 0. [Excel: Age Groups (2024)]",
78207,Excel: Age Groups (2024),2024,Age Group by Race/Ethnicity,Total population,Age 75-79 - Some other race alone,169.0,count,,"In ZIP code 78207 (San Antonio, TX), 2024, (Age Group by Race/Ethnicity): Age 75-79 - Some other race alone = 169. [Excel: Age Groups (2024)]",
78207,Excel: Age Groups (2024),2024,Age Group by Race/Ethnicity,Total population,Age 75-79 - Two or more races,23.0,count,,"In ZIP code 78207 (San Antonio, TX), 2024, (Age Group by Race/Ethnicity): Age 75-79 - Two or more races = 23. [Excel: Age Groups (2024)]",
78207,Excel: Age Groups (2024),2024,Age Group by Race/Ethnicity,Total population,Age 75-79 - Hispanic or Latino (any race),1093.0,count,,"In ZIP code 78207 (San Antonio, TX), 2024, (Age Group by Race/Ethnicity): Age 75-79 - Hispanic or Latino (any race) = 1,093. [Excel: Age Groups (2024)]",
78207,Excel: Age Groups (2024),2024,Age Group by Race/Ethnicity,Total population,Age 80-84 - Total,1105.0,count,,"In ZIP code 78207 (San Antonio, TX), 2024, (Age Group by Race/Ethnicity): Age 80-84 - Total = 1,105. [Excel: Age Groups (2024)]",
78207,Excel: Age Groups (2024),2024,Age Group by Race/Ethnicity,Total population,Age 80-84 - White alone,906.0,count,,"In ZIP code 78207 (San Antonio, TX), 2024, (Age Group by Race/Ethnicity): Age 80-84 - White alone = 906. [Excel: Age Groups (2024)]",
78207,Excel: Age Groups (2024),2024,Age Group by Race/Ethnicity,Total population,Age 80-84 - Black or African American alone,16.0,count,,"In ZIP code 78207 (San Antonio, TX), 2024, (Age Group by Race/Ethnicity): Age 80-84 - Black or African American alone = 16. [Excel: Age Groups (2024)]",
78207,Excel: Age Groups (2024),2024,Age Group by Race/Ethnicity,Total population,Age 80-84 - American Indian and Alaska Native alone,11.0,count,,"In ZIP code 78207 (San Antonio, TX), 2024, (Age Group by Race/Ethnicity): Age 80-84 - American Indian and Alaska Native alone = 11. [Excel: Age Groups (2024)]",
78207,Excel: Age Groups (2024),2024,Age Group by Race/Ethnicity,Total population,Age 80-84 - Asian alone,3.0,count,,"In ZIP code 78207 (San Antonio, TX), 2024, (Age Group by Race/Ethnicity): Age 80-84 - Asian alone = 3. [Excel: Age Groups (2024)]",
78207,Excel: Age Groups (2024),2024,Age Group by Race/Ethnicity,Total population,Age 80-84 - Native Hawaiian and Other Pacific Islander alone,0.0,count,,"In ZIP code 78207 (San Antonio, TX), 2024, (Age Group by Race/Ethnicity): Age 80-84 - Native Hawaiian and Other Pacific Islander alone = 0. [Excel: Age Groups (2024)]",
78207,Excel: Age Groups (2024),2024,Age Group by Race/Ethnicity,Total population,Age 80-84 - Some other race alone,141.0,count,,"In ZIP code 78207 (San Antonio, TX), 2024, (Age Group by Race/Ethnicity): Age 80-84 - Some other race alone = 141. [Excel: Age Groups (2024)]",
78207,Excel: Age Groups (2024),2024,Age Group by Race/Ethnicity,Total population,Age 80-84 - Two or more races,28.0,count,,"In ZIP code 78207 (San Antonio, TX), 2024, (Age Group by Race/Ethnicity): Age 80-84 - Two or more races = 28. [Excel: Age Groups (2024)]",
78207,Excel: Age Groups (2024),2024,Age Group by Race/Ethnicity,Total population,Age 80-84 - Hispanic or Latino (any race),1021.0,count,,"In ZIP code 78207 (San Antonio, TX), 2024, (Age Group by Race/Ethnicity): Age 80-84 - Hispanic or Latino (any race) = 1,021. [Excel: Age Groups (2024)]",
78207,Excel: Age Groups (2024),2024,Age Group by Race/Ethnicity,Total population,Age 85 up - Total,1270.0,count,,"In ZIP code 78207 (San Antonio, TX), 2024, (Age Group by Race/Ethnicity): Age 85 up - Total = 1,270. [Excel: Age Groups (2024)]",
78207,Excel: Age Groups (2024),2024,Age Group by Race/Ethnicity,Total population,Age 85 up - White alone,1044.0,count,,"In ZIP code 78207 (San Antonio, TX), 2024, (Age Group by Race/Ethnicity): Age 85 up - White alone = 1,044. [Excel: Age Groups (2024)]",
78207,Excel: Age Groups (2024),2024,Age Group by Race/Ethnicity,Total population,Age 85 up - Black or African American alone,43.0,count,,"In ZIP code 78207 (San Antonio, TX), 2024, (Age Group by Race/Ethnicity): Age 85 up - Black or African American alone = 43. [Excel: Age Groups (2024)]",
78207,Excel: Age Groups (2024),2024,Age Group by Race/Ethnicity,Total population,Age 85 up - American Indian and Alaska Native alone,15.0,count,,"In ZIP code 78207 (San Antonio, TX), 2024, (Age Group by Race/Ethnicity): Age 85 up - American Indian and Alaska Native alone = 15. [Excel: Age Groups (2024)]",
78207,Excel: Age Groups (2024),2024,Age Group by Race/Ethnicity,Total population,Age 85 up - Asian alone,2.0,count,,"In ZIP code 78207 (San Antonio, TX), 2024, (Age Group by Race/Ethnicity): Age 85 up - Asian alone = 2. [Excel: Age Groups (2024)]",
78207,Excel: Age Groups (2024),2024,Age Group by Race/Ethnicity,Total population,Age 85 up - Native Hawaiian and Other Pacific Islander alone,0.0,count,,"In ZIP code 78207 (San Antonio, TX), 2024, (Age Group by Race/Ethnicity): Age 85 up - Native Hawaiian and Other Pacific Islander alone = 0. [Excel: Age Groups (2024)]",
78207,Excel: Age Groups (2024),2024,Age Group by Race/Ethnicity,Total population,Age 85 up - Some other race alone,136.0,count,,"In ZIP code 78207 (San Antonio, TX), 2024, (Age Group by Race/Ethnicity): Age 85 up - Some other race alone = 136. [Excel: Age Groups (2024)]",
78207,Excel: Age Groups (2024),2024,Age Group by Race/Ethnicity,Total population,Age 85 up - Two or more races,30.0,count,,"In ZIP code 78207 (San Antonio, TX), 2024, (Age Group by Race/Ethnicity): Age 85 up - Two or more races = 30. [Excel: Age Groups (2024)]",
78207,Excel: Age Groups (2024),2024,Age Group by Race/Ethnicity,Total population,Age 85 up - Hispanic or Latino (any race),1124.0,count,,"In ZIP code 78207 (San Antonio, TX), 2024, (Age Group by Race/Ethnicity): Age 85 up - Hispanic or Latino (any race) = 1,124. [Excel: Age Groups (2024)]",
78207,Excel: Single-Year Age by Race (2024),2024,Single-Year Age by Race/Ethnicity,Total population,Total population - Total,55514.0,count,,"In ZIP code 78207 (San Antonio, TX), 2024, (Single-Year Age by Race/Ethnicity): Total population - Total = 55,514. [Excel: Single-Year Age by Race (2024)]",
78207,Excel: Single-Year Age by Race (2024),2024,Single-Year Age by Race/Ethnicity,Total population,Total population - White alone,39285.0,count,,"In ZIP code 78207 (San Antonio, TX), 2024, (Single-Year Age by Race/Ethnicity): Total population - White alone = 39,285. [Excel: Single-Year Age by Race (2024)]",
78207,Excel: Single-Year Age by Race (2024),2024,Single-Year Age by Race/Ethnicity,Total population,Total population - Black or African American alone,2162.0,count,,"In ZIP code 78207 (San Antonio, TX), 2024, (Single-Year Age by Race/Ethnicity): Total population - Black or African American alone = 2,162. [Excel: Single-Year Age by Race (2024)]",
78207,Excel: Single-Year Age by Race (2024),2024,Single-Year Age by Race/Ethnicity,Total population,Total population - American Indian and Alaska Native alone,765.0,count,,"In ZIP code 78207 (San Antonio, TX), 2024, (Single-Year Age by Race/Ethnicity): Total population - American Indian and Alaska Native alone = 765. [Excel: Single-Year Age by Race (2024)]",
78207,Excel: Single-Year Age by Race (2024),2024,Single-Year Age by Race/Ethnicity,Total population,Total population - Asian alone,135.0,count,,"In ZIP code 78207 (San Antonio, TX), 2024, (Single-Year Age by Race/Ethnicity): Total population - Asian alone = 135. [Excel: Single-Year Age by Race (2024)]",
78207,Excel: Single-Year Age by Race (2024),2024,Single-Year Age by Race/Ethnicity,Total population,Total population - Native Hawaiian and Other Pacific Islander alone,31.0,count,,"In ZIP code 78207 (San Antonio, TX), 2024, (Single-Year Age by Race/Ethnicity): Total population - Native Hawaiian and Other Pacific Islander alone = 31. [Excel: Single-Year Age by Race (2024)]",
78207,Excel: Single-Year Age by Race (2024),2024,Single-Year Age by Race/Ethnicity,Total population,Total population - Some other race alone,11571.0,count,,"In ZIP code 78207 (San Antonio, TX), 2024, (Single-Year Age by Race/Ethnicity): Total population - Some other race alone = 11,571. [Excel: Single-Year Age by Race (2024)]",
78207,Excel: Single-Year Age by Race (2024),2024,Single-Year Age by Race/Ethnicity,Total population,Total population - Two or more races,1565.0,count,,"In ZIP code 78207 (San Antonio, TX), 2024, (Single-Year Age by Race/Ethnicity): Total population - Two or more races = 1,565. [Excel: Single-Year Age by Race (2024)]",
78207,Excel: Single-Year Age by Race (2024),2024,Single-Year Age by Race/Ethnicity,Total population,Total population - Hispanic or Latino (any race),50435.0,count,,"In ZIP code 78207 (San Antonio, TX), 2024, (Single-Year Age by Race/Ethnicity): Total population - Hispanic or Latino (any race) = 50,435. [Excel: Single-Year Age by Race (2024)]",
78207,Excel: Single-Year Age by Race (2024),2024,Single-Year Age by Race/Ethnicity,Total population,Age 0 - Total,987.0,count,,"In ZIP code 78207 (San Antonio, TX), 2024, (Single-Year Age by Race/Ethnicity): Age 0 - Total = 987. [Excel: Single-Year Age by Race (2024)]",
78207,Excel: Single-Year Age by Race (2024),2024,Single-Year Age by Race/Ethnicity,Total population,Age 0 - White alone,668.0,count,,"In ZIP code 78207 (San Antonio, TX), 2024, (Single-Year Age by Race/Ethnicity): Age 0 - White alone = 668. [Excel: Single-Year Age by Race (2024)]",
78207,Excel: Single-Year Age by Race (2024),2024,Single-Year Age by Race/Ethnicity,Total population,Age 0 - Black or African American alone,28.0,count,,"In ZIP code 78207 (San Antonio, TX), 2024, (Single-Year Age by Race/Ethnicity): Age 0 - Black or African American alone = 28. [Excel: Single-Year Age by Race (2024)]",
78207,Excel: Single-Year Age by Race (2024),2024,Single-Year Age by Race/Ethnicity,Total population,Age 0 - American Indian and Alaska Native alone,12.0,count,,"In ZIP code 78207 (San Antonio, TX), 2024, (Single-Year Age by Race/Ethnicity): Age 0 - American Indian and Alaska Native alone = 12. [Excel: Single-Year Age by Race (2024)]",
78207,Excel: Single-Year Age by Race (2024),2024,Single-Year Age by Race/Ethnicity,Total population,Age 0 - Asian alone,2.0,count,,"In ZIP code 78207 (San Antonio, TX), 2024, (Single-Year Age by Race/Ethnicity): Age 0 - Asian alone = 2. [Excel: Single-Year Age by Race (2024)]",
78207,Excel: Single-Year Age by Race (2024),2024,Single-Year Age by Race/Ethnicity,Total population,Age 0 - Native Hawaiian and Other Pacific Islander alone,0.0,count,,"In ZIP code 78207 (San Antonio, TX), 2024, (Single-Year Age by Race/Ethnicity): Age 0 - Native Hawaiian and Other Pacific Islander alone = 0. [Excel: Single-Year Age by Race (2024)]",
78207,Excel: Single-Year Age by Race (2024),2024,Single-Year Age by Race/Ethnicity,Total population,Age 0 - Some other race alone,250.0,count,,"In ZIP code 78207 (San Antonio, TX), 2024, (Single-Year Age by Race/Ethnicity): Age 0 - Some other race alone = 250. [Excel: Single-Year Age by Race (2024)]",
78207,Excel: Single-Year Age by Race (2024),2024,Single-Year Age by Race/Ethnicity,Total population,Age 0 - Two or more races,27.0,count,,"In ZIP code 78207 (San Antonio, TX), 2024, (Single-Year Age by Race/Ethnicity): Age 0 - Two or more races = 27. [Excel: Single-Year Age by Race (2024)]",
78207,Excel: Single-Year Age by Race (2024),2024,Single-Year Age by Race/Ethnicity,Total population,Age 0 - Hispanic or Latino (any race),933.0,count,,"In ZIP code 78207 (San Antonio, TX), 2024, (Single-Year Age by Race/Ethnicity): Age 0 - Hispanic or Latino (any race) = 933. [Excel: Single-Year Age by Race (2024)]",
78207,Excel: Single-Year Age by Race (2024),2024,Single-Year Age by Race/Ethnicity,Total population,Age 1 - Total,1068.0,count,,"In ZIP code 78207 (San Antonio, TX), 2024, (Single-Year Age by Race/Ethnicity): Age 1 - Total = 1,068. [Excel: Single-Year Age by Race (2024)]",
78207,Excel: Single-Year Age by Race (2024),2024,Single-Year Age by Race/Ethnicity,Total population,Age 1 - White alone,733.0,count,,"In ZIP code 78207 (San Antonio, TX), 2024, (Single-Year Age by Race/Ethnicity): Age 1 - White alone = 733. [Excel: Single-Year Age by Race (2024)]",
78207,Excel: Single-Year Age by Race (2024),2024,Single-Year Age by Race/Ethnicity,Total population,Age 1 - Black or African American alone,40.0,count,,"In ZIP code 78207 (San Antonio, TX), 2024, (Single-Year Age by Race/Ethnicity): Age 1 - Black or African American alone = 40. [Excel: Single-Year Age by Race (2024)]",
78207,Excel: Single-Year Age by Race (2024),2024,Single-Year Age by Race/Ethnicity,Total population,Age 1 - American Indian and Alaska Native alone,15.0,count,,"In ZIP code 78207 (San Antonio, TX), 2024, (Single-Year Age by Race/Ethnicity): Age 1 - American Indian and Alaska Native alone = 15. [Excel: Single-Year Age by Race (2024)]",
78207,Excel: Single-Year Age by Race (2024),2024,Single-Year Age by Race/Ethnicity,Total population,Age 1 - Asian alone,1.0,count,,"In ZIP code 78207 (San Antonio, TX), 2024, (Single-Year Age by Race/Ethnicity): Age 1 - Asian alone = 1. [Excel: Single-Year Age by Race (2024)]",
78207,Excel: Single-Year Age by Race (2024),2024,Single-Year Age by Race/Ethnicity,Total population,Age 1 - Native Hawaiian and Other Pacific Islander alone,0.0,count,,"In ZIP code 78207 (San Antonio, TX), 2024, (Single-Year Age by Race/Ethnicity): Age 1 - Native Hawaiian and Other Pacific Islander alone = 0. [Excel: Single-Year Age by Race (2024)]",
78207,Excel: Single-Year Age by Race (2024),2024,Single-Year Age by Race/Ethnicity,Total population,Age 1 - Some other race alone,246.0,count,,"In ZIP code 78207 (San Antonio, TX), 2024, (Single-Year Age by Race/Ethnicity): Age 1 - Some other race alone = 246. [Excel: Single-Year Age by Race (2024)]",
78207,Excel: Single-Year Age by Race (2024),2024,Single-Year Age by Race/Ethnicity,Total population,Age 1 - Two or more races,33.0,count,,"In ZIP code 78207 (San Antonio, TX), 2024, (Single-Year Age by Race/Ethnicity): Age 1 - Two or more races = 33. [Excel: Single-Year Age by Race (2024)]",
78207,Excel: Single-Year Age by Race (2024),2024,Single-Year Age by Race/Ethnicity,Total population,Age 1 - Hispanic or Latino (any race),1013.0,count,,"In ZIP code 78207 (San Antonio, TX), 2024, (Single-Year Age by Race/Ethnicity): Age 1 - Hispanic or Latino (any race) = 1,013. [Excel: Single-Year Age by Race (2024)]",
78207,Excel: Single-Year Age by Race (2024),2024,Single-Year Age by Race/Ethnicity,Total population,Age 2 - Total,1117.0,count,,"In ZIP code 78207 (San Antonio, TX), 2024, (Single-Year Age by Race/Ethnicity): Age 2 - Total = 1,117. [Excel: Single-Year Age by Race (2024)]",
78207,Excel: Single-Year Age by Race (2024),2024,Single-Year Age by Race/Ethnicity,Total population,Age 2 - White alone,732.0,count,,"In ZIP code 78207 (San Antonio, TX), 2024, (Single-Year Age by Race/Ethnicity): Age 2 - White alone = 732. [Excel: Single-Year Age by Race (2024)]",
78207,Excel: Single-Year Age by Race (2024),2024,Single-Year Age by Race/Ethnicity,Total population,Age 2 - Black or African American alone,40.0,count,,"In ZIP code 78207 (San Antonio, TX), 2024, (Single-Year Age by Race/Ethnicity): Age 2 - Black or African American alone = 40. [Excel: Single-Year Age by Race (2024)]",
78207,Excel: Single-Year Age by Race (2024),2024,Single-Year Age by Race/Ethnicity,Total population,Age 2 - American Indian and Alaska Native alone,26.0,count,,"In ZIP code 78207 (San Antonio, TX), 2024, (Single-Year Age by Race/Ethnicity): Age 2 - American Indian and Alaska Native alone = 26. [Excel: Single-Year Age by Race (2024)]",
78207,Excel: Single-Year Age by Race (2024),2024,Single-Year Age by Race/Ethnicity,Total population,Age 2 - Asian alone,1.0,count,,"In ZIP code 78207 (San Antonio, TX), 2024, (Single-Year Age by Race/Ethnicity): Age 2 - Asian alone = 1. [Excel: Single-Year Age by Race (2024)]",
78207,Excel: Single-Year Age by Race (2024),2024,Single-Year Age by Race/Ethnicity,Total population,Age 2 - Native Hawaiian and Other Pacific Islander alone,1.0,count,,"In ZIP code 78207 (San Antonio, TX), 2024, (Single-Year Age by Race/Ethnicity): Age 2 - Native Hawaiian and Other Pacific Islander alone = 1. [Excel: Single-Year Age by Race (2024)]",
78207,Excel: Single-Year Age by Race (2024),2024,Single-Year Age by Race/Ethnicity,Total population,Age 2 - Some other race alone,279.0,count,,"In ZIP code 78207 (San Antonio, TX), 2024, (Single-Year Age by Race/Ethnicity): Age 2 - Some other race alone = 279. [Excel: Single-Year Age by Race (2024)]",
78207,Excel: Single-Year Age by Race (2024),2024,Single-Year Age by Race/Ethnicity,Total population,Age 2 - Two or more races,38.0,count,,"In ZIP code 78207 (San Antonio, TX), 2024, (Single-Year Age by Race/Ethnicity): Age 2 - Two or more races = 38. [Excel: Single-Year Age by Race (2024)]",
78207,Excel: Single-Year Age by Race (2024),2024,Single-Year Age by Race/Ethnicity,Total population,Age 2 - Hispanic or Latino (any race),1055.0,count,,"In ZIP code 78207 (San Antonio, TX), 2024, (Single-Year Age by Race/Ethnicity): Age 2 - Hispanic or Latino (any race) = 1,055. [Excel: Single-Year Age by Race (2024)]",
78207,Excel: Single-Year Age by Race (2024),2024,Single-Year Age by Race/Ethnicity,Total population,Age 3 - Total,1054.0,count,,"In ZIP code 78207 (San Antonio, TX), 2024, (Single-Year Age by Race/Ethnicity): Age 3 - Total = 1,054. [Excel: Single-Year Age by Race (2024)]",
78207,Excel: Single-Year Age by Race (2024),2024,Single-Year Age by Race/Ethnicity,Total population,Age 3 - White alone,708.0,count,,"In ZIP code 78207 (San Antonio, TX), 2024, (Single-Year Age by Race/Ethnicity): Age 3 - White alone = 708. [Excel: Single-Year Age by Race (2024)]",
78207,Excel: Single-Year Age by Race (2024),2024,Single-Year Age by Race/Ethnicity,Total population,Age 3 - Black or African American alone,42.0,count,,"In ZIP code 78207 (San Antonio, TX), 2024, (Single-Year Age by Race/Ethnicity): Age 3 - Black or African American alone = 42. [Excel: Single-Year Age by Race (2024)]",
78207,Excel: Single-Year Age by Race (2024),2024,Single-Year Age by Race/Ethnicity,Total population,Age 3 - American Indian and Alaska Native alone,19.0,count,,"In ZIP code 78207 (San Antonio, TX), 2024, (Single-Year Age by Race/Ethnicity): Age 3 - American Indian and Alaska Native alone = 19. [Excel: Single-Year Age by Race (2024)]",
78207,Excel: Single-Year Age by Race (2024),2024,Single-Year Age by Race/Ethnicity,Total population,Age 3 - Asian alone,3.0,count,,"In ZIP code 78207 (San Antonio, TX), 2024, (Single-Year Age by Race/Ethnicity): Age 3 - Asian alone = 3. [Excel: Single-Year Age by Race (2024)]",
78207,Excel: Single-Year Age by Race (2024),2024,Single-Year Age by Race/Ethnicity,Total population,Age 3 - Native Hawaiian and Other Pacific Islander alone,0.0,count,,"In ZIP code 78207 (San Antonio, TX), 2024, (Single-Year Age by Race/Ethnicity): Age 3 - Native Hawaiian and Other Pacific Islander alone = 0. [Excel: Single-Year Age by Race (2024)]",
78207,Excel: Single-Year Age by Race (2024),2024,Single-Year Age by Race/Ethnicity,Total population,Age 3 - Some other race alone,244.0,count,,"In ZIP code 78207 (San Antonio, TX), 2024, (Single-Year Age by Race/Ethnicity): Age 3 - Some other race alone = 244. [Excel: Single-Year Age by Race (2024)]",
78207,Excel: Single-Year Age by Race (2024),2024,Single-Year Age by Race/Ethnicity,Total population,Age 3 - Two or more races,38.0,count,,"In ZIP code 78207 (San Antonio, TX), 2024, (Single-Year Age by Race/Ethnicity): Age 3 - Two or more races = 38. [Excel: Single-Year Age by Race (2024)]",
78207,Excel: Single-Year Age by Race (2024),2024,Single-Year Age by Race/Ethnicity,Total population,Age 3 - Hispanic or Latino (any race),991.0,count,,"In ZIP code 78207 (San Antonio, TX), 2024, (Single-Year Age by Race/Ethnicity): Age 3 - Hispanic or Latino (any race) = 991. [Excel: Single-Year Age by Race (2024)]",
78207,Excel: Single-Year Age by Race (2024),2024,Single-Year Age by Race/Ethnicity,Total population,Age 4 - Total,1007.0,count,,"In ZIP code 78207 (San Antonio, TX), 2024, (Single-Year Age by Race/Ethnicity): Age 4 - Total = 1,007. [Excel: Single-Year Age by Race (2024)]",
78207,Excel: Single-Year Age by Race (2024),2024,Single-Year Age by Race/Ethnicity,Total population,Age 4 - White alone,724.0,count,,"In ZIP code 78207 (San Antonio, TX), 2024, (Single-Year Age by Race/Ethnicity): Age 4 - White alone = 724. [Excel: Single-Year Age by Race (2024)]",
78207,Excel: Single-Year Age by Race (2024),2024,Single-Year Age by Race/Ethnicity,Total population,Age 4 - Black or African American alone,37.0,count,,"In ZIP code 78207 (San Antonio, TX), 2024, (Single-Year Age by Race/Ethnicity): Age 4 - Black or African American alone = 37. [Excel: Single-Year Age by Race (2024)]",
78207,Excel: Single-Year Age by Race (2024),2024,Single-Year Age by Race/Ethnicity,Total population,Age 4 - American Indian and Alaska Native alone,16.0,count,,"In ZIP code 78207 (San Antonio, TX), 2024, (Single-Year Age by Race/Ethnicity): Age 4 - American Indian and Alaska Native alone = 16. [Excel: Single-Year Age by Race (2024)]",
78207,Excel: Single-Year Age by Race (2024),2024,Single-Year Age by Race/Ethnicity,Total population,Age 4 - Asian alone,0.0,count,,"In ZIP code 78207 (San Antonio, TX), 2024, (Single-Year Age by Race/Ethnicity): Age 4 - Asian alone = 0. [Excel: Single-Year Age by Race (2024)]",
78207,Excel: Single-Year Age by Race (2024),2024,Single-Year Age by Race/Ethnicity,Total population,Age 4 - Native Hawaiian and Other Pacific Islander alone,0.0,count,,"In ZIP code 78207 (San Antonio, TX), 2024, (Single-Year Age by Race/Ethnicity): Age 4 - Native Hawaiian and Other Pacific Islander alone = 0. [Excel: Single-Year Age by Race (2024)]",
78207,Excel: Single-Year Age by Race (2024),2024,Single-Year Age by Race/Ethnicity,Total population,Age 4 - Some other race alone,211.0,count,,"In ZIP code 78207 (San Antonio, TX), 2024, (Single-Year Age by Race/Ethnicity): Age 4 - Some other race alone = 211. [Excel: Single-Year Age by Race (2024)]",
78207,Excel: Single-Year Age by Race (2024),2024,Single-Year Age by Race/Ethnicity,Total population,Age 4 - Two or more races,19.0,count,,"In ZIP code 78207 (San Antonio, TX), 2024, (Single-Year Age by Race/Ethnicity): Age 4 - Two or more races = 19. [Excel: Single-Year Age by Race (2024)]",
78207,Excel: Single-Year Age by Race (2024),2024,Single-Year Age by Race/Ethnicity,Total population,Age 4 - Hispanic or Latino (any race),956.0,count,,"In ZIP code 78207 (San Antonio, TX), 2024, (Single-Year Age by Race/Ethnicity): Age 4 - Hispanic or Latino (any race) = 956. [Excel: Single-Year Age by Race (2024)]",
78207,Excel: Single-Year Age by Race (2024),2024,Single-Year Age by Race/Ethnicity,Total population,Age 5 - Total,935.0,count,,"In ZIP code 78207 (San Antonio, TX), 2024, (Single-Year Age by Race/Ethnicity): Age 5 - Total = 935. [Excel: Single-Year Age by Race (2024)]",
78207,Excel: Single-Year Age by Race (2024),2024,Single-Year Age by Race/Ethnicity,Total population,Age 5 - White alone,647.0,count,,"In ZIP code 78207 (San Antonio, TX), 2024, (Single-Year Age by Race/Ethnicity): Age 5 - White alone = 647. [Excel: Single-Year Age by Race (2024)]",
78207,Excel: Single-Year Age by Race (2024),2024,Single-Year Age by Race/Ethnicity,Total population,Age 5 - Black or African American alone,34.0,count,,"In ZIP code 78207 (San Antonio, TX), 2024, (Single-Year Age by Race/Ethnicity): Age 5 - Black or African American alone = 34. [Excel: Single-Year Age by Race (2024)]",
78207,Excel: Single-Year Age by Race (2024),2024,Single-Year Age by Race/Ethnicity,Total population,Age 5 - American Indian and Alaska Native alone,11.0,count,,"In ZIP code 78207 (San Antonio, TX), 2024, (Single-Year Age by Race/Ethnicity): Age 5 - American Indian and Alaska Native alone = 11. [Excel: Single-Year Age by Race (2024)]",
78207,Excel: Single-Year Age by Race (2024),2024,Single-Year Age by Race/Ethnicity,Total population,Age 5 - Asian alone,3.0,count,,"In ZIP code 78207 (San Antonio, TX), 2024, (Single-Year Age by Race/Ethnicity): Age 5 - Asian alone = 3. [Excel: Single-Year Age by Race (2024)]",
78207,Excel: Single-Year Age by Race (2024),2024,Single-Year Age by Race/Ethnicity,Total population,Age 5 - Native Hawaiian and Other Pacific Islander alone,0.0,count,,"In ZIP code 78207 (San Antonio, TX), 2024, (Single-Year Age by Race/Ethnicity): Age 5 - Native Hawaiian and Other Pacific Islander alone = 0. [Excel: Single-Year Age by Race (2024)]",
78207,Excel: Single-Year Age by Race (2024),2024,Single-Year Age by Race/Ethnicity,Total population,Age 5 - Some other race alone,217.0,count,,"In ZIP code 78207 (San Antonio, TX), 2024, (Single-Year Age by Race/Ethnicity): Age 5 - Some other race alone = 217. [Excel: Single-Year Age by Race (2024)]",
78207,Excel: Single-Year Age by Race (2024),2024,Single-Year Age by Race/Ethnicity,Total population,Age 5 - Two or more races,23.0,count,,"In ZIP code 78207 (San Antonio, TX), 2024, (Single-Year Age by Race/Ethnicity): Age 5 - Two or more races = 23. [Excel: Single-Year Age by Race (2024)]",
78207,Excel: Single-Year Age by Race (2024),2024,Single-Year Age by Race/Ethnicity,Total population,Age 5 - Hispanic or Latino (any race),885.0,count,,"In ZIP code 78207 (San Antonio, TX), 2024, (Single-Year Age by Race/Ethnicity): Age 5 - Hispanic or Latino (any race) = 885. [Excel: Single-Year Age by Race (2024)]",
78207,Excel: Single-Year Age by Race (2024),2024,Single-Year Age by Race/Ethnicity,Total population,Age 6 - Total,898.0,count,,"In ZIP code 78207 (San Antonio, TX), 2024, (Single-Year Age by Race/Ethnicity): Age 6 - Total = 898. [Excel: Single-Year Age by Race (2024)]",
78207,Excel: Single-Year Age by Race (2024),2024,Single-Year Age by Race/Ethnicity,Total population,Age 6 - White alone,644.0,count,,"In ZIP code 78207 (San Antonio, TX), 2024, (Single-Year Age by Race/Ethnicity): Age 6 - White alone = 644. [Excel: Single-Year Age by Race (2024)]",
78207,Excel: Single-Year Age by Race (2024),2024,Single-Year Age by Race/Ethnicity,Total population,Age 6 - Black or African American alone,20.0,count,,"In ZIP code 78207 (San Antonio, TX), 2024, (Single-Year Age by Race/Ethnicity): Age 6 - Black or African American alone = 20. [Excel: Single-Year Age by Race (2024)]",
78207,Excel: Single-Year Age by Race (2024),2024,Single-Year Age by Race/Ethnicity,Total population,Age 6 - American Indian and Alaska Native alone,15.0,count,,"In ZIP code 78207 (San Antonio, TX), 2024, (Single-Year Age by Race/Ethnicity): Age 6 - American Indian and Alaska Native alone = 15. [Excel: Single-Year Age by Race (2024)]",
78207,Excel: Single-Year Age by Race (2024),2024,Single-Year Age by Race/Ethnicity,Total population,Age 6 - Asian alone,2.0,count,,"In ZIP code 78207 (San Antonio, TX), 2024, (Single-Year Age by Race/Ethnicity): Age 6 - Asian alone = 2. [Excel: Single-Year Age by Race (2024)]",
78207,Excel: Single-Year Age by Race (2024),2024,Single-Year Age by Race/Ethnicity,Total population,Age 6 - Native Hawaiian and Other Pacific Islander alone,1.0,count,,"In ZIP code 78207 (San Antonio, TX), 2024, (Single-Year Age by Race/Ethnicity): Age 6 - Native Hawaiian and Other Pacific Islander alone = 1. [Excel: Single-Year Age by Race (2024)]",
78207,Excel: Single-Year Age by Race (2024),2024,Single-Year Age by Race/Ethnicity,Total population,Age 6 - Some other race alone,188.0,count,,"In ZIP code 78207 (San Antonio, TX), 2024, (Single-Year Age by Race/Ethnicity): Age 6 - Some other race alone = 188. [Excel: Single-Year Age by Race (2024)]",
78207,Excel: Single-Year Age by Race (2024),2024,Single-Year Age by Race/Ethnicity,Total population,Age 6 - Two or more races,28.0,count,,"In ZIP code 78207 (San Antonio, TX), 2024, (Single-Year Age by Race/Ethnicity): Age 6 - Two or more races = 28. [Excel: Single-Year Age by Race (2024)]",
78207,Excel: Single-Year Age by Race (2024),2024,Single-Year Age by Race/Ethnicity,Total population,Age 6 - Hispanic or Latino (any race),855.0,count,,"In ZIP code 78207 (San Antonio, TX), 2024, (Single-Year Age by Race/Ethnicity): Age 6 - Hispanic or Latino (any race) = 855. [Excel: Single-Year Age by Race (2024)]",
78207,Excel: Single-Year Age by Race (2024),2024,Single-Year Age by Race/Ethnicity,Total population,Age 7 - Total,909.0,count,,"In ZIP code 78207 (San Antonio, TX), 2024, (Single-Year Age by Race/Ethnicity): Age 7 - Total = 909. [Excel: Single-Year Age by Race (2024)]",
78207,Excel: Single-Year Age by Race (2024),2024,Single-Year Age by Race/Ethnicity,Total population,Age 7 - White alone,616.0,count,,"In ZIP code 78207 (San Antonio, TX), 2024, (Single-Year Age by Race/Ethnicity): Age 7 - White alone = 616. [Excel: Single-Year Age by Race (2024)]",
78207,Excel: Single-Year Age by Race (2024),2024,Single-Year Age by Race/Ethnicity,Total population,Age 7 - Black or African American alone,25.0,count,,"In ZIP code 78207 (San Antonio, TX), 2024, (Single-Year Age by Race/Ethnicity): Age 7 - Black or African American alone = 25. [Excel: Single-Year Age by Race (2024)]",
78207,Excel: Single-Year Age by Race (2024),2024,Single-Year Age by Race/Ethnicity,Total population,Age 7 - American Indian and Alaska Native alone,15.0,count,,"In ZIP code 78207 (San Antonio, TX), 2024, (Single-Year Age by Race/Ethnicity): Age 7 - American Indian and Alaska Native alone = 15. [Excel: Single-Year Age by Race (2024)]",
78207,Excel: Single-Year Age by Race (2024),2024,Single-Year Age by Race/Ethnicity,Total population,Age 7 - Asian alone,2.0,count,,"In ZIP code 78207 (San Antonio, TX), 2024, (Single-Year Age by Race/Ethnicity): Age 7 - Asian alone = 2. [Excel: Single-Year Age by Race (2024)]",
78207,Excel: Single-Year Age by Race (2024),2024,Single-Year Age by Race/Ethnicity,Total population,Age 7 - Native Hawaiian and Other Pacific Islander alone,1.0,count,,"In ZIP code 78207 (San Antonio, TX), 2024, (Single-Year Age by Race/Ethnicity): Age 7 - Native Hawaiian and Other Pacific Islander alone = 1. [Excel: Single-Year Age by Race (2024)]",
78207,Excel: Single-Year Age by Race (2024),2024,Single-Year Age by Race/Ethnicity,Total population,Age 7 - Some other race alone,219.0,count,,"In ZIP code 78207 (San Antonio, TX), 2024, (Single-Year Age by Race/Ethnicity): Age 7 - Some other race alone = 219. [Excel: Single-Year Age by Race (2024)]",
78207,Excel: Single-Year Age by Race (2024),2024,Single-Year Age by Race/Ethnicity,Total population,Age 7 - Two or more races,31.0,count,,"In ZIP code 78207 (San Antonio, TX), 2024, (Single-Year Age by Race/Ethnicity): Age 7 - Two or more races = 31. [Excel: Single-Year Age by Race (2024)]",
78207,Excel: Single-Year Age by Race (2024),2024,Single-Year Age by Race/Ethnicity,Total population,Age 7 - Hispanic or Latino (any race),863.0,count,,"In ZIP code 78207 (San Antonio, TX), 2024, (Single-Year Age by Race/Ethnicity): Age 7 - Hispanic or Latino (any race) = 863. [Excel: Single-Year Age by Race (2024)]",
78207,Excel: Single-Year Age by Race (2024),2024,Single-Year Age by Race/Ethnicity,Total population,Age 8 - Total,843.0,count,,"In ZIP code 78207 (San Antonio, TX), 2024, (Single-Year Age by Race/Ethnicity): Age 8 - Total = 843. [Excel: Single-Year Age by Race (2024)]",
78207,Excel: Single-Year Age by Race (2024),2024,Single-Year Age by Race/Ethnicity,Total population,Age 8 - White alone,574.0,count,,"In ZIP code 78207 (San Antonio, TX), 2024, (Single-Year Age by Race/Ethnicity): Age 8 - White alone = 574. [Excel: Single-Year Age by Race (2024)]",
78207,Excel: Single-Year Age by Race (2024),2024,Single-Year Age by Race/Ethnicity,Total population,Age 8 - Black or African American alone,24.0,count,,"In ZIP code 78207 (San Antonio, TX), 2024, (Single-Year Age by Race/Ethnicity): Age 8 - Black or African American alone = 24. [Excel: Single-Year Age by Race (2024)]",
78207,Excel: Single-Year Age by Race (2024),2024,Single-Year Age by Race/Ethnicity,Total population,Age 8 - American Indian and Alaska Native alone,10.0,count,,"In ZIP code 78207 (San Antonio, TX), 2024, (Single-Year Age by Race/Ethnicity): Age 8 - American Indian and Alaska Native alone = 10. [Excel: Single-Year Age by Race (2024)]",
78207,Excel: Single-Year Age by Race (2024),2024,Single-Year Age by Race/Ethnicity,Total population,Age 8 - Asian alone,0.0,count,,"In ZIP code 78207 (San Antonio, TX), 2024, (Single-Year Age by Race/Ethnicity): Age 8 - Asian alone = 0. [Excel: Single-Year Age by Race (2024)]",
78207,Excel: Single-Year Age by Race (2024),2024,Single-Year Age by Race/Ethnicity,Total population,Age 8 - Native Hawaiian and Other Pacific Islander alone,1.0,count,,"In ZIP code 78207 (San Antonio, TX), 2024, (Single-Year Age by Race/Ethnicity): Age 8 - Native Hawaiian and Other Pacific Islander alone = 1. [Excel: Single-Year Age by Race (2024)]",
78207,Excel: Single-Year Age by Race (2024),2024,Single-Year Age by Race/Ethnicity,Total population,Age 8 - Some other race alone,206.0,count,,"In ZIP code 78207 (San Antonio, TX), 2024, (Single-Year Age by Race/Ethnicity): Age 8 - Some other race alone = 206. [Excel: Single-Year Age by Race (2024)]",
78207,Excel: Single-Year Age by Race (2024),2024,Single-Year Age by Race/Ethnicity,Total population,Age 8 - Two or more races,28.0,count,,"In ZIP code 78207 (San Antonio, TX), 2024, (Single-Year Age by Race/Ethnicity): Age 8 - Two or more races = 28. [Excel: Single-Year Age by Race (2024)]",
78207,Excel: Single-Year Age by Race (2024),2024,Single-Year Age by Race/Ethnicity,Total population,Age 8 - Hispanic or Latino (any race),805.0,count,,"In ZIP code 78207 (San Antonio, TX), 2024, (Single-Year Age by Race/Ethnicity): Age 8 - Hispanic or Latino (any race) = 805. [Excel: Single-Year Age by Race (2024)]",
78207,Excel: Single-Year Age by Race (2024),2024,Single-Year Age by Race/Ethnicity,Total population,Age 9 - Total,873.0,count,,"In ZIP code 78207 (San Antonio, TX), 2024, (Single-Year Age by Race/Ethnicity): Age 9 - Total = 873. [Excel: Single-Year Age by Race (2024)]",
78207,Excel: Single-Year Age by Race (2024),2024,Single-Year Age by Race/Ethnicity,Total population,Age 9 - White alone,608.0,count,,"In ZIP code 78207 (San Antonio, TX), 2024, (Single-Year Age by Race/Ethnicity): Age 9 - White alone = 608. [Excel: Single-Year Age by Race (2024)]",
78207,Excel: Single-Year Age by Race (2024),2024,Single-Year Age by Race/Ethnicity,Total population,Age 9 - Black or African American alone,25.0,count,,"In ZIP code 78207 (San Antonio, TX), 2024, (Single-Year Age by Race/Ethnicity): Age 9 - Black or African American alone = 25. [Excel: Single-Year Age by Race (2024)]",
78207,Excel: Single-Year Age by Race (2024),2024,Single-Year Age by Race/Ethnicity,Total population,Age 9 - American Indian and Alaska Native alone,10.0,count,,"In ZIP code 78207 (San Antonio, TX), 2024, (Single-Year Age by Race/Ethnicity): Age 9 - American Indian and Alaska Native alone = 10. [Excel: Single-Year Age by Race (2024)]",
78207,Excel: Single-Year Age by Race (2024),2024,Single-Year Age by Race/Ethnicity,Total population,Age 9 - Asian alone,1.0,count,,"In ZIP code 78207 (San Antonio, TX), 2024, (Single-Year Age by Race/Ethnicity): Age 9 - Asian alone = 1. [Excel: Single-Year Age by Race (2024)]",
78207,Excel: Single-Year Age by Race (2024),2024,Single-Year Age by Race/Ethnicity,Total population,Age 9 - Native Hawaiian and Other Pacific Islander alone,0.0,count,,"In ZIP code 78207 (San Antonio, TX), 2024, (Single-Year Age by Race/Ethnicity): Age 9 - Native Hawaiian and Other Pacific Islander alone = 0. [Excel: Single-Year Age by Race (2024)]",
78207,Excel: Single-Year Age by Race (2024),2024,Single-Year Age by Race/Ethnicity,Total population,Age 9 - Some other race alone,197.0,count,,"In ZIP code 78207 (San Antonio, TX), 2024, (Single-Year Age by Race/Ethnicity): Age 9 - Some other race alone = 197. [Excel: Single-Year Age by Race (2024)]",
78207,Excel: Single-Year Age by Race (2024),2024,Single-Year Age by Race/Ethnicity,Total population,Age 9 - Two or more races,32.0,count,,"In ZIP code 78207 (San Antonio, TX), 2024, (Single-Year Age by Race/Ethnicity): Age 9 - Two or more races = 32. [Excel: Single-Year Age by Race (2024)]",
78207,Excel: Single-Year Age by Race (2024),2024,Single-Year Age by Race/Ethnicity,Total population,Age 9 - Hispanic or Latino (any race),833.0,count,,"In ZIP code 78207 (San Antonio, TX), 2024, (Single-Year Age by Race/Ethnicity): Age 9 - Hispanic or Latino (any race) = 833. [Excel: Single-Year Age by Race (2024)]",
78207,Excel: Single-Year Age by Race (2024),2024,Single-Year Age by Race/Ethnicity,Total population,Age 10 - Total,838.0,count,,"In ZIP code 78207 (San Antonio, TX), 2024, (Single-Year Age by Race/Ethnicity): Age 10 - Total = 838. [Excel: Single-Year Age by Race (2024)]",
78207,Excel: Single-Year Age by Race (2024),2024,Single-Year Age by Race/Ethnicity,Total population,Age 10 - White alone,585.0,count,,"In ZIP code 78207 (San Antonio, TX), 2024, (Single-Year Age by Race/Ethnicity): Age 10 - White alone = 585. [Excel: Single-Year Age by Race (2024)]",
78207,Excel: Single-Year Age by Race (2024),2024,Single-Year Age by Race/Ethnicity,Total population,Age 10 - Black or African American alone,16.0,count,,"In ZIP code 78207 (San Antonio, TX), 2024, (Single-Year Age by Race/Ethnicity): Age 10 - Black or African American alone = 16. [Excel: Single-Year Age by Race (2024)]",
78207,Excel: Single-Year Age by Race (2024),2024,Single-Year Age by Race/Ethnicity,Total population,Age 10 - American Indian and Alaska Native alone,14.0,count,,"In ZIP code 78207 (San Antonio, TX), 2024, (Single-Year Age by Race/Ethnicity): Age 10 - American Indian and Alaska Native alone = 14. [Excel: Single-Year Age by Race (2024)]",
78207,Excel: Single-Year Age by Race (2024),2024,Single-Year Age by Race/Ethnicity,Total population,Age 10 - Asian alone,0.0,count,,"In ZIP code 78207 (San Antonio, TX), 2024, (Single-Year Age by Race/Ethnicity): Age 10 - Asian alone = 0. [Excel: Single-Year Age by Race (2024)]",
78207,Excel: Single-Year Age by Race (2024),2024,Single-Year Age by Race/Ethnicity,Total population,Age 10 - Native Hawaiian and Other Pacific Islander alone,0.0,count,,"In ZIP code 78207 (San Antonio, TX), 2024, (Single-Year Age by Race/Ethnicity): Age 10 - Native Hawaiian and Other Pacific Islander alone = 0. [Excel: Single-Year Age by Race (2024)]",
78207,Excel: Single-Year Age by Race (2024),2024,Single-Year Age by Race/Ethnicity,Total population,Age 10 - Some other race alone,200.0,count,,"In ZIP code 78207 (San Antonio, TX), 2024, (Single-Year Age by Race/Ethnicity): Age 10 - Some other race alone = 200. [Excel: Single-Year Age by Race (2024)]",
78207,Excel: Single-Year Age by Race (2024),2024,Single-Year Age by Race/Ethnicity,Total population,Age 10 - Two or more races,23.0,count,,"In ZIP code 78207 (San Antonio, TX), 2024, (Single-Year Age by Race/Ethnicity): Age 10 - Two or more races = 23. [Excel: Single-Year Age by Race (2024)]",
78207,Excel: Single-Year Age by Race (2024),2024,Single-Year Age by Race/Ethnicity,Total population,Age 10 - Hispanic or Latino (any race),802.0,count,,"In ZIP code 78207 (San Antonio, TX), 2024, (Single-Year Age by Race/Ethnicity): Age 10 - Hispanic or Latino (any race) = 802. [Excel: Single-Year Age by Race (2024)]",
78207,Excel: Single-Year Age by Race (2024),2024,Single-Year Age by Race/Ethnicity,Total population,Age 11 - Total,779.0,count,,"In ZIP code 78207 (San Antonio, TX), 2024, (Single-Year Age by Race/Ethnicity): Age 11 - Total = 779. [Excel: Single-Year Age by Race (2024)]",
78207,Excel: Single-Year Age by Race (2024),2024,Single-Year Age by Race/Ethnicity,Total population,Age 11 - White alone,537.0,count,,"In ZIP code 78207 (San Antonio, TX), 2024, (Single-Year Age by Race/Ethnicity): Age 11 - White alone = 537. [Excel: Single-Year Age by Race (2024)]",
78207,Excel: Single-Year Age by Race (2024),2024,Single-Year Age by Race/Ethnicity,Total population,Age 11 - Black or African American alone,17.0,count,,"In ZIP code 78207 (San Antonio, TX), 2024, (Single-Year Age by Race/Ethnicity): Age 11 - Black or African American alone = 17. [Excel: Single-Year Age by Race (2024)]",
78207,Excel: Single-Year Age by Race (2024),2024,Single-Year Age by Race/Ethnicity,Total population,Age 11 - American Indian and Alaska Native alone,11.0,count,,"In ZIP code 78207 (San Antonio, TX), 2024, (Single-Year Age by Race/Ethnicity): Age 11 - American Indian and Alaska Native alone = 11. [Excel: Single-Year Age by Race (2024)]",
78207,Excel: Single-Year Age by Race (2024),2024,Single-Year Age by Race/Ethnicity,Total population,Age 11 - Asian alone,1.0,count,,"In ZIP code 78207 (San Antonio, TX), 2024, (Single-Year Age by Race/Ethnicity): Age 11 - Asian alone = 1. [Excel: Single-Year Age by Race (2024)]",
78207,Excel: Single-Year Age by Race (2024),2024,Single-Year Age by Race/Ethnicity,Total population,Age 11 - Native Hawaiian and Other Pacific Islander alone,2.0,count,,"In ZIP code 78207 (San Antonio, TX), 2024, (Single-Year Age by Race/Ethnicity): Age 11 - Native Hawaiian and Other Pacific Islander alone = 2. [Excel: Single-Year Age by Race (2024)]",
78207,Excel: Single-Year Age by Race (2024),2024,Single-Year Age by Race/Ethnicity,Total population,Age 11 - Some other race alone,183.0,count,,"In ZIP code 78207 (San Antonio, TX), 2024, (Single-Year Age by Race/Ethnicity): Age 11 - Some other race alone = 183. [Excel: Single-Year Age by Race (2024)]",
78207,Excel: Single-Year Age by Race (2024),2024,Single-Year Age by Race/Ethnicity,Total population,Age 11 - Two or more races,28.0,count,,"In ZIP code 78207 (San Antonio, TX), 2024, (Single-Year Age by Race/Ethnicity): Age 11 - Two or more races = 28. [Excel: Single-Year Age by Race (2024)]",
78207,Excel: Single-Year Age by Race (2024),2024,Single-Year Age by Race/Ethnicity,Total population,Age 11 - Hispanic or Latino (any race),752.0,count,,"In ZIP code 78207 (San Antonio, TX), 2024, (Single-Year Age by Race/Ethnicity): Age 11 - Hispanic or Latino (any race) = 752. [Excel: Single-Year Age by Race (2024)]",
78207,Excel: Single-Year Age by Race (2024),2024,Single-Year Age by Race/Ethnicity,Total population,Age 12 - Total,792.0,count,,"In ZIP code 78207 (San Antonio, TX), 2024, (Single-Year Age by Race/Ethnicity): Age 12 - Total = 792. [Excel: Single-Year Age by Race (2024)]",
78207,Excel: Single-Year Age by Race (2024),2024,Single-Year Age by Race/Ethnicity,Total population,Age 12 - White alone,559.0,count,,"In ZIP code 78207 (San Antonio, TX), 2024, (Single-Year Age by Race/Ethnicity): Age 12 - White alone = 559. [Excel: Single-Year Age by Race (2024)]",
78207,Excel: Single-Year Age by Race (2024),2024,Single-Year Age by Race/Ethnicity,Total population,Age 12 - Black or African American alone,10.0,count,,"In ZIP code 78207 (San Antonio, TX), 2024, (Single-Year Age by Race/Ethnicity): Age 12 - Black or African American alone = 10. [Excel: Single-Year Age by Race (2024)]",
78207,Excel: Single-Year Age by Race (2024),2024,Single-Year Age by Race/Ethnicity,Total population,Age 12 - American Indian and Alaska Native alone,15.0,count,,"In ZIP code 78207 (San Antonio, TX), 2024, (Single-Year Age by Race/Ethnicity): Age 12 - American Indian and Alaska Native alone = 15. [Excel: Single-Year Age by Race (2024)]",
78207,Excel: Single-Year Age by Race (2024),2024,Single-Year Age by Race/Ethnicity,Total population,Age 12 - Asian alone,1.0,count,,"In ZIP code 78207 (San Antonio, TX), 2024, (Single-Year Age by Race/Ethnicity): Age 12 - Asian alone = 1. [Excel: Single-Year Age by Race (2024)]",
78207,Excel: Single-Year Age by Race (2024),2024,Single-Year Age by Race/Ethnicity,Total population,Age 12 - Native Hawaiian and Other Pacific Islander alone,0.0,count,,"In ZIP code 78207 (San Antonio, TX), 2024, (Single-Year Age by Race/Ethnicity): Age 12 - Native Hawaiian and Other Pacific Islander alone = 0. [Excel: Single-Year Age by Race (2024)]",
78207,Excel: Single-Year Age by Race (2024),2024,Single-Year Age by Race/Ethnicity,Total population,Age 12 - Some other race alone,189.0,count,,"In ZIP code 78207 (San Antonio, TX), 2024, (Single-Year Age by Race/Ethnicity): Age 12 - Some other race alone = 189. [Excel: Single-Year Age by Race (2024)]",
78207,Excel: Single-Year Age by Race (2024),2024,Single-Year Age by Race/Ethnicity,Total population,Age 12 - Two or more races,18.0,count,,"In ZIP code 78207 (San Antonio, TX), 2024, (Single-Year Age by Race/Ethnicity): Age 12 - Two or more races = 18. [Excel: Single-Year Age by Race (2024)]",
78207,Excel: Single-Year Age by Race (2024),2024,Single-Year Age by Race/Ethnicity,Total population,Age 12 - Hispanic or Latino (any race),761.0,count,,"In ZIP code 78207 (San Antonio, TX), 2024, (Single-Year Age by Race/Ethnicity): Age 12 - Hispanic or Latino (any race) = 761. [Excel: Single-Year Age by Race (2024)]",
78207,Excel: Single-Year Age by Race (2024),2024,Single-Year Age by Race/Ethnicity,Total population,Age 13 - Total,801.0,count,,"In ZIP code 78207 (San Antonio, TX), 2024, (Single-Year Age by Race/Ethnicity): Age 13 - Total = 801. [Excel: Single-Year Age by Race (2024)]",
78207,Excel: Single-Year Age by Race (2024),2024,Single-Year Age by Race/Ethnicity,Total population,Age 13 - White alone,556.0,count,,"In ZIP code 78207 (San Antonio, TX), 2024, (Single-Year Age by Race/Ethnicity): Age 13 - White alone = 556. [Excel: Single-Year Age by Race (2024)]",
78207,Excel: Single-Year Age by Race (2024),2024,Single-Year Age by Race/Ethnicity,Total population,Age 13 - Black or African American alone,14.0,count,,"In ZIP code 78207 (San Antonio, TX), 2024, (Single-Year Age by Race/Ethnicity): Age 13 - Black or African American alone = 14. [Excel: Single-Year Age by Race (2024)]",
78207,Excel: Single-Year Age by Race (2024),2024,Single-Year Age by Race/Ethnicity,Total population,Age 13 - American Indian and Alaska Native alone,13.0,count,,"In ZIP code 78207 (San Antonio, TX), 2024, (Single-Year Age by Race/Ethnicity): Age 13 - American Indian and Alaska Native alone = 13. [Excel: Single-Year Age by Race (2024)]",
78207,Excel: Single-Year Age by Race (2024),2024,Single-Year Age by Race/Ethnicity,Total population,Age 13 - Asian alone,2.0,count,,"In ZIP code 78207 (San Antonio, TX), 2024, (Single-Year Age by Race/Ethnicity): Age 13 - Asian alone = 2. [Excel: Single-Year Age by Race (2024)]",
78207,Excel: Single-Year Age by Race (2024),2024,Single-Year Age by Race/Ethnicity,Total population,Age 13 - Native Hawaiian and Other Pacific Islander alone,1.0,count,,"In ZIP code 78207 (San Antonio, TX), 2024, (Single-Year Age by Race/Ethnicity): Age 13 - Native Hawaiian and Other Pacific Islander alone = 1. [Excel: Single-Year Age by Race (2024)]",
78207,Excel: Single-Year Age by Race (2024),2024,Single-Year Age by Race/Ethnicity,Total population,Age 13 - Some other race alone,187.0,count,,"In ZIP code 78207 (San Antonio, TX), 2024, (Single-Year Age by Race/Ethnicity): Age 13 - Some other race alone = 187. [Excel: Single-Year Age by Race (2024)]",
78207,Excel: Single-Year Age by Race (2024),2024,Single-Year Age by Race/Ethnicity,Total population,Age 13 - Two or more races,28.0,count,,"In ZIP code 78207 (San Antonio, TX), 2024, (Single-Year Age by Race/Ethnicity): Age 13 - Two or more races = 28. [Excel: Single-Year Age by Race (2024)]",
78207,Excel: Single-Year Age by Race (2024),2024,Single-Year Age by Race/Ethnicity,Total population,Age 13 - Hispanic or Latino (any race),773.0,count,,"In ZIP code 78207 (San Antonio, TX), 2024, (Single-Year Age by Race/Ethnicity): Age 13 - Hispanic or Latino (any race) = 773. [Excel: Single-Year Age by Race (2024)]",
78207,Excel: Single-Year Age by Race (2024),2024,Single-Year Age by Race/Ethnicity,Total population,Age 14 - Total,772.0,count,,"In ZIP code 78207 (San Antonio, TX), 2024, (Single-Year Age by Race/Ethnicity): Age 14 - Total = 772. [Excel: Single-Year Age by Race (2024)]",
78207,Excel: Single-Year Age by Race (2024),2024,Single-Year Age by Race/Ethnicity,Total population,Age 14 - White alone,528.0,count,,"In ZIP code 78207 (San Antonio, TX), 2024, (Single-Year Age by Race/Ethnicity): Age 14 - White alone = 528. [Excel: Single-Year Age by Race (2024)]",
78207,Excel: Single-Year Age by Race (2024),2024,Single-Year Age by Race/Ethnicity,Total population,Age 14 - Black or African American alone,14.0,count,,"In ZIP code 78207 (San Antonio, TX), 2024, (Single-Year Age by Race/Ethnicity): Age 14 - Black or African American alone = 14. [Excel: Single-Year Age by Race (2024)]",
78207,Excel: Single-Year Age by Race (2024),2024,Single-Year Age by Race/Ethnicity,Total population,Age 14 - American Indian and Alaska Native alone,11.0,count,,"In ZIP code 78207 (San Antonio, TX), 2024, (Single-Year Age by Race/Ethnicity): Age 14 - American Indian and Alaska Native alone = 11. [Excel: Single-Year Age by Race (2024)]",
78207,Excel: Single-Year Age by Race (2024),2024,Single-Year Age by Race/Ethnicity,Total population,Age 14 - Asian alone,1.0,count,,"In ZIP code 78207 (San Antonio, TX), 2024, (Single-Year Age by Race/Ethnicity): Age 14 - Asian alone = 1. [Excel: Single-Year Age by Race (2024)]",
78207,Excel: Single-Year Age by Race (2024),2024,Single-Year Age by Race/Ethnicity,Total population,Age 14 - Native Hawaiian and Other Pacific Islander alone,1.0,count,,"In ZIP code 78207 (San Antonio, TX), 2024, (Single-Year Age by Race/Ethnicity): Age 14 - Native Hawaiian and Other Pacific Islander alone = 1. [Excel: Single-Year Age by Race (2024)]",
78207,Excel: Single-Year Age by Race (2024),2024,Single-Year Age by Race/Ethnicity,Total population,Age 14 - Some other race alone,197.0,count,,"In ZIP code 78207 (San Antonio, TX), 2024, (Single-Year Age by Race/Ethnicity): Age 14 - Some other race alone = 197. [Excel: Single-Year Age by Race (2024)]",
78207,Excel: Single-Year Age by Race (2024),2024,Single-Year Age by Race/Ethnicity,Total population,Age 14 - Two or more races,20.0,count,,"In ZIP code 78207 (San Antonio, TX), 2024, (Single-Year Age by Race/Ethnicity): Age 14 - Two or more races = 20. [Excel: Single-Year Age by Race (2024)]",
78207,Excel: Single-Year Age by Race (2024),2024,Single-Year Age by Race/Ethnicity,Total population,Age 14 - Hispanic or Latino (any race),745.0,count,,"In ZIP code 78207 (San Antonio, TX), 2024, (Single-Year Age by Race/Ethnicity): Age 14 - Hispanic or Latino (any race) = 745. [Excel: Single-Year Age by Race (2024)]",
78207,Excel: Single-Year Age by Race (2024),2024,Single-Year Age by Race/Ethnicity,Total population,Age 15 - Total,786.0,count,,"In ZIP code 78207 (San Antonio, TX), 2024, (Single-Year Age by Race/Ethnicity): Age 15 - Total = 786. [Excel: Single-Year Age by Race (2024)]",
78207,Excel: Single-Year Age by Race (2024),2024,Single-Year Age by Race/Ethnicity,Total population,Age 15 - White alone,510.0,count,,"In ZIP code 78207 (San Antonio, TX), 2024, (Single-Year Age by Race/Ethnicity): Age 15 - White alone = 510. [Excel: Single-Year Age by Race (2024)]",
78207,Excel: Single-Year Age by Race (2024),2024,Single-Year Age by Race/Ethnicity,Total population,Age 15 - Black or African American alone,18.0,count,,"In ZIP code 78207 (San Antonio, TX), 2024, (Single-Year Age by Race/Ethnicity): Age 15 - Black or African American alone = 18. [Excel: Single-Year Age by Race (2024)]",
78207,Excel: Single-Year Age by Race (2024),2024,Single-Year Age by Race/Ethnicity,Total population,Age 15 - American Indian and Alaska Native alone,17.0,count,,"In ZIP code 78207 (San Antonio, TX), 2024, (Single-Year Age by Race/Ethnicity): Age 15 - American Indian and Alaska Native alone = 17. [Excel: Single-Year Age by Race (2024)]",
78207,Excel: Single-Year Age by Race (2024),2024,Single-Year Age by Race/Ethnicity,Total population,Age 15 - Asian alone,2.0,count,,"In ZIP code 78207 (San Antonio, TX), 2024, (Single-Year Age by Race/Ethnicity): Age 15 - Asian alone = 2. [Excel: Single-Year Age by Race (2024)]",
78207,Excel: Single-Year Age by Race (2024),2024,Single-Year Age by Race/Ethnicity,Total population,Age 15 - Native Hawaiian and Other Pacific Islander alone,1.0,count,,"In ZIP code 78207 (San Antonio, TX), 2024, (Single-Year Age by Race/Ethnicity): Age 15 - Native Hawaiian and Other Pacific Islander alone = 1. [Excel: Single-Year Age by Race (2024)]",
78207,Excel: Single-Year Age by Race (2024),2024,Single-Year Age by Race/Ethnicity,Total population,Age 15 - Some other race alone,214.0,count,,"In ZIP code 78207 (San Antonio, TX), 2024, (Single-Year Age by Race/Ethnicity): Age 15 - Some other race alone = 214. [Excel: Single-Year Age by Race (2024)]",
78207,Excel: Single-Year Age by Race (2024),2024,Single-Year Age by Race/Ethnicity,Total population,Age 15 - Two or more races,24.0,count,,"In ZIP code 78207 (San Antonio, TX), 2024, (Single-Year Age by Race/Ethnicity): Age 15 - Two or more races = 24. [Excel: Single-Year Age by Race (2024)]",
78207,Excel: Single-Year Age by Race (2024),2024,Single-Year Age by Race/Ethnicity,Total population,Age 15 - Hispanic or Latino (any race),754.0,count,,"In ZIP code 78207 (San Antonio, TX), 2024, (Single-Year Age by Race/Ethnicity): Age 15 - Hispanic or Latino (any race) = 754. [Excel: Single-Year Age by Race (2024)]",
78207,Excel: Single-Year Age by Race (2024),2024,Single-Year Age by Race/Ethnicity,Total population,Age 16 - Total,854.0,count,,"In ZIP code 78207 (San Antonio, TX), 2024, (Single-Year Age by Race/Ethnicity): Age 16 - Total = 854. [Excel: Single-Year Age by Race (2024)]",
78207,Excel: Single-Year Age by Race (2024),2024,Single-Year Age by Race/Ethnicity,Total population,Age 16 - White alone,594.0,count,,"In ZIP code 78207 (San Antonio, TX), 2024, (Single-Year Age by Race/Ethnicity): Age 16 - White alone = 594. [Excel: Single-Year Age by Race (2024)]",
78207,Excel: Single-Year Age by Race (2024),2024,Single-Year Age by Race/Ethnicity,Total population,Age 16 - Black or African American alone,10.0,count,,"In ZIP code 78207 (San Antonio, TX), 2024, (Single-Year Age by Race/Ethnicity): Age 16 - Black or African American alone = 10. [Excel: Single-Year Age by Race (2024)]",
78207,Excel: Single-Year Age by Race (2024),2024,Single-Year Age by Race/Ethnicity,Total population,Age 16 - American Indian and Alaska Native alone,11.0,count,,"In ZIP code 78207 (San Antonio, TX), 2024, (Single-Year Age by Race/Ethnicity): Age 16 - American Indian and Alaska Native alone = 11. [Excel: Single-Year Age by Race (2024)]",
78207,Excel: Single-Year Age by Race (2024),2024,Single-Year Age by Race/Ethnicity,Total population,Age 16 - Asian alone,3.0,count,,"In ZIP code 78207 (San Antonio, TX), 2024, (Single-Year Age by Race/Ethnicity): Age 16 - Asian alone = 3. [Excel: Single-Year Age by Race (2024)]",
78207,Excel: Single-Year Age by Race (2024),2024,Single-Year Age by Race/Ethnicity,Total population,Age 16 - Native Hawaiian and Other Pacific Islander alone,1.0,count,,"In ZIP code 78207 (San Antonio, TX), 2024, (Single-Year Age by Race/Ethnicity): Age 16 - Native Hawaiian and Other Pacific Islander alone = 1. [Excel: Single-Year Age by Race (2024)]",
78207,Excel: Single-Year Age by Race (2024),2024,Single-Year Age by Race/Ethnicity,Total population,Age 16 - Some other race alone,201.0,count,,"In ZIP code 78207 (San Antonio, TX), 2024, (Single-Year Age by Race/Ethnicity): Age 16 - Some other race alone = 201. [Excel: Single-Year Age by Race (2024)]",
78207,Excel: Single-Year Age by Race (2024),2024,Single-Year Age by Race/Ethnicity,Total population,Age 16 - Two or more races,34.0,count,,"In ZIP code 78207 (San Antonio, TX), 2024, (Single-Year Age by Race/Ethnicity): Age 16 - Two or more races = 34. [Excel: Single-Year Age by Race (2024)]",
78207,Excel: Single-Year Age by Race (2024),2024,Single-Year Age by Race/Ethnicity,Total population,Age 16 - Hispanic or Latino (any race),821.0,count,,"In ZIP code 78207 (San Antonio, TX), 2024, (Single-Year Age by Race/Ethnicity): Age 16 - Hispanic or Latino (any race) = 821. [Excel: Single-Year Age by Race (2024)]",
78207,Excel: Single-Year Age by Race (2024),2024,Single-Year Age by Race/Ethnicity,Total population,Age 17 - Total,853.0,count,,"In ZIP code 78207 (San Antonio, TX), 2024, (Single-Year Age by Race/Ethnicity): Age 17 - Total = 853. [Excel: Single-Year Age by Race (2024)]",
78207,Excel: Single-Year Age by Race (2024),2024,Single-Year Age by Race/Ethnicity,Total population,Age 17 - White alone,615.0,count,,"In ZIP code 78207 (San Antonio, TX), 2024, (Single-Year Age by Race/Ethnicity): Age 17 - White alone = 615. [Excel: Single-Year Age by Race (2024)]",
78207,Excel: Single-Year Age by Race (2024),2024,Single-Year Age by Race/Ethnicity,Total population,Age 17 - Black or African American alone,20.0,count,,"In ZIP code 78207 (San Antonio, TX), 2024, (Single-Year Age by Race/Ethnicity): Age 17 - Black or African American alone = 20. [Excel: Single-Year Age by Race (2024)]",
78207,Excel: Single-Year Age by Race (2024),2024,Single-Year Age by Race/Ethnicity,Total population,Age 17 - American Indian and Alaska Native alone,8.0,count,,"In ZIP code 78207 (San Antonio, TX), 2024, (Single-Year Age by Race/Ethnicity): Age 17 - American Indian and Alaska Native alone = 8. [Excel: Single-Year Age by Race (2024)]",
78207,Excel: Single-Year Age by Race (2024),2024,Single-Year Age by Race/Ethnicity,Total population,Age 17 - Asian alone,2.0,count,,"In ZIP code 78207 (San Antonio, TX), 2024, (Single-Year Age by Race/Ethnicity): Age 17 - Asian alone = 2. [Excel: Single-Year Age by Race (2024)]",
78207,Excel: Single-Year Age by Race (2024),2024,Single-Year Age by Race/Ethnicity,Total population,Age 17 - Native Hawaiian and Other Pacific Islander alone,0.0,count,,"In ZIP code 78207 (San Antonio, TX), 2024, (Single-Year Age by Race/Ethnicity): Age 17 - Native Hawaiian and Other Pacific Islander alone = 0. [Excel: Single-Year Age by Race (2024)]",
78207,Excel: Single-Year Age by Race (2024),2024,Single-Year Age by Race/Ethnicity,Total population,Age 17 - Some other race alone,189.0,count,,"In ZIP code 78207 (San Antonio, TX), 2024, (Single-Year Age by Race/Ethnicity): Age 17 - Some other race alone = 189. [Excel: Single-Year Age by Race (2024)]",
78207,Excel: Single-Year Age by Race (2024),2024,Single-Year Age by Race/Ethnicity,Total population,Age 17 - Two or more races,19.0,count,,"In ZIP code 78207 (San Antonio, TX), 2024, (Single-Year Age by Race/Ethnicity): Age 17 - Two or more races = 19. [Excel: Single-Year Age by Race (2024)]",
78207,Excel: Single-Year Age by Race (2024),2024,Single-Year Age by Race/Ethnicity,Total population,Age 17 - Hispanic or Latino (any race),809.0,count,,"In ZIP code 78207 (San Antonio, TX), 2024, (Single-Year Age by Race/Ethnicity): Age 17 - Hispanic or Latino (any race) = 809. [Excel: Single-Year Age by Race (2024)]",
78207,Excel: Single-Year Age by Race (2024),2024,Single-Year Age by Race/Ethnicity,Total population,Age 18 - Total,999.0,count,,"In ZIP code 78207 (San Antonio, TX), 2024, (Single-Year Age by Race/Ethnicity): Age 18 - Total = 999. [Excel: Single-Year Age by Race (2024)]",
78207,Excel: Single-Year Age by Race (2024),2024,Single-Year Age by Race/Ethnicity,Total population,Age 18 - White alone,690.0,count,,"In ZIP code 78207 (San Antonio, TX), 2024, (Single-Year Age by Race/Ethnicity): Age 18 - White alone = 690. [Excel: Single-Year Age by Race (2024)]",
78207,Excel: Single-Year Age by Race (2024),2024,Single-Year Age by Race/Ethnicity,Total population,Age 18 - Black or African American alone,51.0,count,,"In ZIP code 78207 (San Antonio, TX), 2024, (Single-Year Age by Race/Ethnicity): Age 18 - Black or African American alone = 51. [Excel: Single-Year Age by Race (2024)]",
78207,Excel: Single-Year Age by Race (2024),2024,Single-Year Age by Race/Ethnicity,Total population,Age 18 - American Indian and Alaska Native alone,15.0,count,,"In ZIP code 78207 (San Antonio, TX), 2024, (Single-Year Age by Race/Ethnicity): Age 18 - American Indian and Alaska Native alone = 15. [Excel: Single-Year Age by Race (2024)]",
78207,Excel: Single-Year Age by Race (2024),2024,Single-Year Age by Race/Ethnicity,Total population,Age 18 - Asian alone,3.0,count,,"In ZIP code 78207 (San Antonio, TX), 2024, (Single-Year Age by Race/Ethnicity): Age 18 - Asian alone = 3. [Excel: Single-Year Age by Race (2024)]",
78207,Excel: Single-Year Age by Race (2024),2024,Single-Year Age by Race/Ethnicity,Total population,Age 18 - Native Hawaiian and Other Pacific Islander alone,2.0,count,,"In ZIP code 78207 (San Antonio, TX), 2024, (Single-Year Age by Race/Ethnicity): Age 18 - Native Hawaiian and Other Pacific Islander alone = 2. [Excel: Single-Year Age by Race (2024)]",
78207,Excel: Single-Year Age by Race (2024),2024,Single-Year Age by Race/Ethnicity,Total population,Age 18 - Some other race alone,206.0,count,,"In ZIP code 78207 (San Antonio, TX), 2024, (Single-Year Age by Race/Ethnicity): Age 18 - Some other race alone = 206. [Excel: Single-Year Age by Race (2024)]",
78207,Excel: Single-Year Age by Race (2024),2024,Single-Year Age by Race/Ethnicity,Total population,Age 18 - Two or more races,32.0,count,,"In ZIP code 78207 (San Antonio, TX), 2024, (Single-Year Age by Race/Ethnicity): Age 18 - Two or more races = 32. [Excel: Single-Year Age by Race (2024)]",
78207,Excel: Single-Year Age by Race (2024),2024,Single-Year Age by Race/Ethnicity,Total population,Age 18 - Hispanic or Latino (any race),892.0,count,,"In ZIP code 78207 (San Antonio, TX), 2024, (Single-Year Age by Race/Ethnicity): Age 18 - Hispanic or Latino (any race) = 892. [Excel: Single-Year Age by Race (2024)]",
78207,Excel: Single-Year Age by Race (2024),2024,Single-Year Age by Race/Ethnicity,Total population,Age 19 - Total,1090.0,count,,"In ZIP code 78207 (San Antonio, TX), 2024, (Single-Year Age by Race/Ethnicity): Age 19 - Total = 1,090. [Excel: Single-Year Age by Race (2024)]",
78207,Excel: Single-Year Age by Race (2024),2024,Single-Year Age by Race/Ethnicity,Total population,Age 19 - White alone,729.0,count,,"In ZIP code 78207 (San Antonio, TX), 2024, (Single-Year Age by Race/Ethnicity): Age 19 - White alone = 729. [Excel: Single-Year Age by Race (2024)]",
78207,Excel: Single-Year Age by Race (2024),2024,Single-Year Age by Race/Ethnicity,Total population,Age 19 - Black or African American alone,54.0,count,,"In ZIP code 78207 (San Antonio, TX), 2024, (Single-Year Age by Race/Ethnicity): Age 19 - Black or African American alone = 54. [Excel: Single-Year Age by Race (2024)]",
78207,Excel: Single-Year Age by Race (2024),2024,Single-Year Age by Race/Ethnicity,Total population,Age 19 - American Indian and Alaska Native alone,23.0,count,,"In ZIP code 78207 (San Antonio, TX), 2024, (Single-Year Age by Race/Ethnicity): Age 19 - American Indian and Alaska Native alone = 23. [Excel: Single-Year Age by Race (2024)]",
78207,Excel: Single-Year Age by Race (2024),2024,Single-Year Age by Race/Ethnicity,Total population,Age 19 - Asian alone,1.0,count,,"In ZIP code 78207 (San Antonio, TX), 2024, (Single-Year Age by Race/Ethnicity): Age 19 - Asian alone = 1. [Excel: Single-Year Age by Race (2024)]",
78207,Excel: Single-Year Age by Race (2024),2024,Single-Year Age by Race/Ethnicity,Total population,Age 19 - Native Hawaiian and Other Pacific Islander alone,0.0,count,,"In ZIP code 78207 (San Antonio, TX), 2024, (Single-Year Age by Race/Ethnicity): Age 19 - Native Hawaiian and Other Pacific Islander alone = 0. [Excel: Single-Year Age by Race (2024)]",
78207,Excel: Single-Year Age by Race (2024),2024,Single-Year Age by Race/Ethnicity,Total population,Age 19 - Some other race alone,238.0,count,,"In ZIP code 78207 (San Antonio, TX), 2024, (Single-Year Age by Race/Ethnicity): Age 19 - Some other race alone = 238. [Excel: Single-Year Age by Race (2024)]",
78207,Excel: Single-Year Age by Race (2024),2024,Single-Year Age by Race/Ethnicity,Total population,Age 19 - Two or more races,45.0,count,,"In ZIP code 78207 (San Antonio, TX), 2024, (Single-Year Age by Race/Ethnicity): Age 19 - Two or more races = 45. [Excel: Single-Year Age by Race (2024)]",
78207,Excel: Single-Year Age by Race (2024),2024,Single-Year Age by Race/Ethnicity,Total population,Age 19 - Hispanic or Latino (any race),958.0,count,,"In ZIP code 78207 (San Antonio, TX), 2024, (Single-Year Age by Race/Ethnicity): Age 19 - Hispanic or Latino (any race) = 958. [Excel: Single-Year Age by Race (2024)]",
78207,Excel: Single-Year Age by Race (2024),2024,Single-Year Age by Race/Ethnicity,Total population,Age 20 - Total,1084.0,count,,"In ZIP code 78207 (San Antonio, TX), 2024, (Single-Year Age by Race/Ethnicity): Age 20 - Total = 1,084. [Excel: Single-Year Age by Race (2024)]",
78207,Excel: Single-Year Age by Race (2024),2024,Single-Year Age by Race/Ethnicity,Total population,Age 20 - White alone,732.0,count,,"In ZIP code 78207 (San Antonio, TX), 2024, (Single-Year Age by Race/Ethnicity): Age 20 - White alone = 732. [Excel: Single-Year Age by Race (2024)]",
78207,Excel: Single-Year Age by Race (2024),2024,Single-Year Age by Race/Ethnicity,Total population,Age 20 - Black or African American alone,73.0,count,,"In ZIP code 78207 (San Antonio, TX), 2024, (Single-Year Age by Race/Ethnicity): Age 20 - Black or African American alone = 73. [Excel: Single-Year Age by Race (2024)]",
78207,Excel: Single-Year Age by Race (2024),2024,Single-Year Age by Race/Ethnicity,Total population,Age 20 - American Indian and Alaska Native alone,18.0,count,,"In ZIP code 78207 (San Antonio, TX), 2024, (Single-Year Age by Race/Ethnicity): Age 20 - American Indian and Alaska Native alone = 18. [Excel: Single-Year Age by Race (2024)]",
78207,Excel: Single-Year Age by Race (2024),2024,Single-Year Age by Race/Ethnicity,Total population,Age 20 - Asian alone,4.0,count,,"In ZIP code 78207 (San Antonio, TX), 2024, (Single-Year Age by Race/Ethnicity): Age 20 - Asian alone = 4. [Excel: Single-Year Age by Race (2024)]",
78207,Excel: Single-Year Age by Race (2024),2024,Single-Year Age by Race/Ethnicity,Total population,Age 20 - Native Hawaiian and Other Pacific Islander alone,0.0,count,,"In ZIP code 78207 (San Antonio, TX), 2024, (Single-Year Age by Race/Ethnicity): Age 20 - Native Hawaiian and Other Pacific Islander alone = 0. [Excel: Single-Year Age by Race (2024)]",
78207,Excel: Single-Year Age by Race (2024),2024,Single-Year Age by Race/Ethnicity,Total population,Age 20 - Some other race alone,224.0,count,,"In ZIP code 78207 (San Antonio, TX), 2024, (Single-Year Age by Race/Ethnicity): Age 20 - Some other race alone = 224. [Excel: Single-Year Age by Race (2024)]",
78207,Excel: Single-Year Age by Race (2024),2024,Single-Year Age by Race/Ethnicity,Total population,Age 20 - Two or more races,33.0,count,,"In ZIP code 78207 (San Antonio, TX), 2024, (Single-Year Age by Race/Ethnicity): Age 20 - Two or more races = 33. [Excel: Single-Year Age by Race (2024)]",
78207,Excel: Single-Year Age by Race (2024),2024,Single-Year Age by Race/Ethnicity,Total population,Age 20 - Hispanic or Latino (any race),946.0,count,,"In ZIP code 78207 (San Antonio, TX), 2024, (Single-Year Age by Race/Ethnicity): Age 20 - Hispanic or Latino (any race) = 946. [Excel: Single-Year Age by Race (2024)]",
78207,Excel: Single-Year Age by Race (2024),2024,Single-Year Age by Race/Ethnicity,Total population,Age 21 - Total,1053.0,count,,"In ZIP code 78207 (San Antonio, TX), 2024, (Single-Year Age by Race/Ethnicity): Age 21 - Total = 1,053. [Excel: Single-Year Age by Race (2024)]",
78207,Excel: Single-Year Age by Race (2024),2024,Single-Year Age by Race/Ethnicity,Total population,Age 21 - White alone,712.0,count,,"In ZIP code 78207 (San Antonio, TX), 2024, (Single-Year Age by Race/Ethnicity): Age 21 - White alone = 712. [Excel: Single-Year Age by Race (2024)]",
78207,Excel: Single-Year Age by Race (2024),2024,Single-Year Age by Race/Ethnicity,Total population,Age 21 - Black or African American alone,65.0,count,,"In ZIP code 78207 (San Antonio, TX), 2024, (Single-Year Age by Race/Ethnicity): Age 21 - Black or African American alone = 65. [Excel: Single-Year Age by Race (2024)]",
78207,Excel: Single-Year Age by Race (2024),2024,Single-Year Age by Race/Ethnicity,Total population,Age 21 - American Indian and Alaska Native alone,8.0,count,,"In ZIP code 78207 (San Antonio, TX), 2024, (Single-Year Age by Race/Ethnicity): Age 21 - American Indian and Alaska Native alone = 8. [Excel: Single-Year Age by Race (2024)]",
78207,Excel: Single-Year Age by Race (2024),2024,Single-Year Age by Race/Ethnicity,Total population,Age 21 - Asian alone,10.0,count,,"In ZIP code 78207 (San Antonio, TX), 2024, (Single-Year Age by Race/Ethnicity): Age 21 - Asian alone = 10. [Excel: Single-Year Age by Race (2024)]",
78207,Excel: Single-Year Age by Race (2024),2024,Single-Year Age by Race/Ethnicity,Total population,Age 21 - Native Hawaiian and Other Pacific Islander alone,1.0,count,,"In ZIP code 78207 (San Antonio, TX), 2024, (Single-Year Age by Race/Ethnicity): Age 21 - Native Hawaiian and Other Pacific Islander alone = 1. [Excel: Single-Year Age by Race (2024)]",
78207,Excel: Single-Year Age by Race (2024),2024,Single-Year Age by Race/Ethnicity,Total population,Age 21 - Some other race alone,224.0,count,,"In ZIP code 78207 (San Antonio, TX), 2024, (Single-Year Age by Race/Ethnicity): Age 21 - Some other race alone = 224. [Excel: Single-Year Age by Race (2024)]",
78207,Excel: Single-Year Age by Race (2024),2024,Single-Year Age by Race/Ethnicity,Total population,Age 21 - Two or more races,33.0,count,,"In ZIP code 78207 (San Antonio, TX), 2024, (Single-Year Age by Race/Ethnicity): Age 21 - Two or more races = 33. [Excel: Single-Year Age by Race (2024)]",
78207,Excel: Single-Year Age by Race (2024),2024,Single-Year Age by Race/Ethnicity,Total population,Age 21 - Hispanic or Latino (any race),898.0,count,,"In ZIP code 78207 (San Antonio, TX), 2024, (Single-Year Age by Race/Ethnicity): Age 21 - Hispanic or Latino (any race) = 898. [Excel: Single-Year Age by Race (2024)]",
78207,Excel: Single-Year Age by Race (2024),2024,Single-Year Age by Race/Ethnicity,Total population,Age 22 - Total,992.0,count,,"In ZIP code 78207 (San Antonio, TX), 2024, (Single-Year Age by Race/Ethnicity): Age 22 - Total = 992. [Excel: Single-Year Age by Race (2024)]",
78207,Excel: Single-Year Age by Race (2024),2024,Single-Year Age by Race/Ethnicity,Total population,Age 22 - White alone,691.0,count,,"In ZIP code 78207 (San Antonio, TX), 2024, (Single-Year Age by Race/Ethnicity): Age 22 - White alone = 691. [Excel: Single-Year Age by Race (2024)]",
78207,Excel: Single-Year Age by Race (2024),2024,Single-Year Age by Race/Ethnicity,Total population,Age 22 - Black or African American alone,72.0,count,,"In ZIP code 78207 (San Antonio, TX), 2024, (Single-Year Age by Race/Ethnicity): Age 22 - Black or African American alone = 72. [Excel: Single-Year Age by Race (2024)]",
78207,Excel: Single-Year Age by Race (2024),2024,Single-Year Age by Race/Ethnicity,Total population,Age 22 - American Indian and Alaska Native alone,7.0,count,,"In ZIP code 78207 (San Antonio, TX), 2024, (Single-Year Age by Race/Ethnicity): Age 22 - American Indian and Alaska Native alone = 7. [Excel: Single-Year Age by Race (2024)]",
78207,Excel: Single-Year Age by Race (2024),2024,Single-Year Age by Race/Ethnicity,Total population,Age 22 - Asian alone,3.0,count,,"In ZIP code 78207 (San Antonio, TX), 2024, (Single-Year Age by Race/Ethnicity): Age 22 - Asian alone = 3. [Excel: Single-Year Age by Race (2024)]",
78207,Excel: Single-Year Age by Race (2024),2024,Single-Year Age by Race/Ethnicity,Total population,Age 22 - Native Hawaiian and Other Pacific Islander alone,0.0,count,,"In ZIP code 78207 (San Antonio, TX), 2024, (Single-Year Age by Race/Ethnicity): Age 22 - Native Hawaiian and Other Pacific Islander alone = 0. [Excel: Single-Year Age by Race (2024)]",
78207,Excel: Single-Year Age by Race (2024),2024,Single-Year Age by Race/Ethnicity,Total population,Age 22 - Some other race alone,196.0,count,,"In ZIP code 78207 (San Antonio, TX), 2024, (Single-Year Age by Race/Ethnicity): Age 22 - Some other race alone = 196. [Excel: Single-Year Age by Race (2024)]",
78207,Excel: Single-Year Age by Race (2024),2024,Single-Year Age by Race/Ethnicity,Total population,Age 22 - Two or more races,23.0,count,,"In ZIP code 78207 (San Antonio, TX), 2024, (Single-Year Age by Race/Ethnicity): Age 22 - Two or more races = 23. [Excel: Single-Year Age by Race (2024)]",
78207,Excel: Single-Year Age by Race (2024),2024,Single-Year Age by Race/Ethnicity,Total population,Age 22 - Hispanic or Latino (any race),855.0,count,,"In ZIP code 78207 (San Antonio, TX), 2024, (Single-Year Age by Race/Ethnicity): Age 22 - Hispanic or Latino (any race) = 855. [Excel: Single-Year Age by Race (2024)]",
78207,Excel: Single-Year Age by Race (2024),2024,Single-Year Age by Race/Ethnicity,Total population,Age 23 - Total,971.0,count,,"In ZIP code 78207 (San Antonio, TX), 2024, (Single-Year Age by Race/Ethnicity): Age 23 - Total = 971. [Excel: Single-Year Age by Race (2024)]",
78207,Excel: Single-Year Age by Race (2024),2024,Single-Year Age by Race/Ethnicity,Total population,Age 23 - White alone,688.0,count,,"In ZIP code 78207 (San Antonio, TX), 2024, (Single-Year Age by Race/Ethnicity): Age 23 - White alone = 688. [Excel: Single-Year Age by Race (2024)]",
78207,Excel: Single-Year Age by Race (2024),2024,Single-Year Age by Race/Ethnicity,Total population,Age 23 - Black or African American alone,48.0,count,,"In ZIP code 78207 (San Antonio, TX), 2024, (Single-Year Age by Race/Ethnicity): Age 23 - Black or African American alone = 48. [Excel: Single-Year Age by Race (2024)]",
78207,Excel: Single-Year Age by Race (2024),2024,Single-Year Age by Race/Ethnicity,Total population,Age 23 - American Indian and Alaska Native alone,13.0,count,,"In ZIP code 78207 (San Antonio, TX), 2024, (Single-Year Age by Race/Ethnicity): Age 23 - American Indian and Alaska Native alone = 13. [Excel: Single-Year Age by Race (2024)]",
78207,Excel: Single-Year Age by Race (2024),2024,Single-Year Age by Race/Ethnicity,Total population,Age 23 - Asian alone,4.0,count,,"In ZIP code 78207 (San Antonio, TX), 2024, (Single-Year Age by Race/Ethnicity): Age 23 - Asian alone = 4. [Excel: Single-Year Age by Race (2024)]",
78207,Excel: Single-Year Age by Race (2024),2024,Single-Year Age by Race/Ethnicity,Total population,Age 23 - Native Hawaiian and Other Pacific Islander alone,0.0,count,,"In ZIP code 78207 (San Antonio, TX), 2024, (Single-Year Age by Race/Ethnicity): Age 23 - Native Hawaiian and Other Pacific Islander alone = 0. [Excel: Single-Year Age by Race (2024)]",
78207,Excel: Single-Year Age by Race (2024),2024,Single-Year Age by Race/Ethnicity,Total population,Age 23 - Some other race alone,197.0,count,,"In ZIP code 78207 (San Antonio, TX), 2024, (Single-Year Age by Race/Ethnicity): Age 23 - Some other race alone = 197. [Excel: Single-Year Age by Race (2024)]",
78207,Excel: Single-Year Age by Race (2024),2024,Single-Year Age by Race/Ethnicity,Total population,Age 23 - Two or more races,21.0,count,,"In ZIP code 78207 (San Antonio, TX), 2024, (Single-Year Age by Race/Ethnicity): Age 23 - Two or more races = 21. [Excel: Single-Year Age by Race (2024)]",
78207,Excel: Single-Year Age by Race (2024),2024,Single-Year Age by Race/Ethnicity,Total population,Age 23 - Hispanic or Latino (any race),862.0,count,,"In ZIP code 78207 (San Antonio, TX), 2024, (Single-Year Age by Race/Ethnicity): Age 23 - Hispanic or Latino (any race) = 862. [Excel: Single-Year Age by Race (2024)]",
78207,Excel: Single-Year Age by Race (2024),2024,Single-Year Age by Race/Ethnicity,Total population,Age 24 - Total,966.0,count,,"In ZIP code 78207 (San Antonio, TX), 2024, (Single-Year Age by Race/Ethnicity): Age 24 - Total = 966. [Excel: Single-Year Age by Race (2024)]",
78207,Excel: Single-Year Age by Race (2024),2024,Single-Year Age by Race/Ethnicity,Total population,Age 24 - White alone,662.0,count,,"In ZIP code 78207 (San Antonio, TX), 2024, (Single-Year Age by Race/Ethnicity): Age 24 - White alone = 662. [Excel: Single-Year Age by Race (2024)]",
78207,Excel: Single-Year Age by Race (2024),2024,Single-Year Age by Race/Ethnicity,Total population,Age 24 - Black or African American alone,51.0,count,,"In ZIP code 78207 (San Antonio, TX), 2024, (Single-Year Age by Race/Ethnicity): Age 24 - Black or African American alone = 51. [Excel: Single-Year Age by Race (2024)]",
78207,Excel: Single-Year Age by Race (2024),2024,Single-Year Age by Race/Ethnicity,Total population,Age 24 - American Indian and Alaska Native alone,15.0,count,,"In ZIP code 78207 (San Antonio, TX), 2024, (Single-Year Age by Race/Ethnicity): Age 24 - American Indian and Alaska Native alone = 15. [Excel: Single-Year Age by Race (2024)]",
78207,Excel: Single-Year Age by Race (2024),2024,Single-Year Age by Race/Ethnicity,Total population,Age 24 - Asian alone,1.0,count,,"In ZIP code 78207 (San Antonio, TX), 2024, (Single-Year Age by Race/Ethnicity): Age 24 - Asian alone = 1. [Excel: Single-Year Age by Race (2024)]",
78207,Excel: Single-Year Age by Race (2024),2024,Single-Year Age by Race/Ethnicity,Total population,Age 24 - Native Hawaiian and Other Pacific Islander alone,1.0,count,,"In ZIP code 78207 (San Antonio, TX), 2024, (Single-Year Age by Race/Ethnicity): Age 24 - Native Hawaiian and Other Pacific Islander alone = 1. [Excel: Single-Year Age by Race (2024)]",
78207,Excel: Single-Year Age by Race (2024),2024,Single-Year Age by Race/Ethnicity,Total population,Age 24 - Some other race alone,216.0,count,,"In ZIP code 78207 (San Antonio, TX), 2024, (Single-Year Age by Race/Ethnicity): Age 24 - Some other race alone = 216. [Excel: Single-Year Age by Race (2024)]",
78207,Excel: Single-Year Age by Race (2024),2024,Single-Year Age by Race/Ethnicity,Total population,Age 24 - Two or more races,20.0,count,,"In ZIP code 78207 (San Antonio, TX), 2024, (Single-Year Age by Race/Ethnicity): Age 24 - Two or more races = 20. [Excel: Single-Year Age by Race (2024)]",
78207,Excel: Single-Year Age by Race (2024),2024,Single-Year Age by Race/Ethnicity,Total population,Age 24 - Hispanic or Latino (any race),856.0,count,,"In ZIP code 78207 (San Antonio, TX), 2024, (Single-Year Age by Race/Ethnicity): Age 24 - Hispanic or Latino (any race) = 856. [Excel: Single-Year Age by Race (2024)]",
78207,Excel: Single-Year Age by Race (2024),2024,Single-Year Age by Race/Ethnicity,Total population,Age 25 - Total,937.0,count,,"In ZIP code 78207 (San Antonio, TX), 2024, (Single-Year Age by Race/Ethnicity): Age 25 - Total = 937. [Excel: Single-Year Age by Race (2024)]",
78207,Excel: Single-Year Age by Race (2024),2024,Single-Year Age by Race/Ethnicity,Total population,Age 25 - White alone,662.0,count,,"In ZIP code 78207 (San Antonio, TX), 2024, (Single-Year Age by Race/Ethnicity): Age 25 - White alone = 662. [Excel: Single-Year Age by Race (2024)]",
78207,Excel: Single-Year Age by Race (2024),2024,Single-Year Age by Race/Ethnicity,Total population,Age 25 - Black or African American alone,43.0,count,,"In ZIP code 78207 (San Antonio, TX), 2024, (Single-Year Age by Race/Ethnicity): Age 25 - Black or African American alone = 43. [Excel: Single-Year Age by Race (2024)]",
78207,Excel: Single-Year Age by Race (2024),2024,Single-Year Age by Race/Ethnicity,Total population,Age 25 - American Indian and Alaska Native alone,12.0,count,,"In ZIP code 78207 (San Antonio, TX), 2024, (Single-Year Age by Race/Ethnicity): Age 25 - American Indian and Alaska Native alone = 12. [Excel: Single-Year Age by Race (2024)]",
78207,Excel: Single-Year Age by Race (2024),2024,Single-Year Age by Race/Ethnicity,Total population,Age 25 - Asian alone,1.0,count,,"In ZIP code 78207 (San Antonio, TX), 2024, (Single-Year Age by Race/Ethnicity): Age 25 - Asian alone = 1. [Excel: Single-Year Age by Race (2024)]",
78207,Excel: Single-Year Age by Race (2024),2024,Single-Year Age by Race/Ethnicity,Total population,Age 25 - Native Hawaiian and Other Pacific Islander alone,1.0,count,,"In ZIP code 78207 (San Antonio, TX), 2024, (Single-Year Age by Race/Ethnicity): Age 25 - Native Hawaiian and Other Pacific Islander alone = 1. [Excel: Single-Year Age by Race (2024)]",
78207,Excel: Single-Year Age by Race (2024),2024,Single-Year Age by Race/Ethnicity,Total population,Age 25 - Some other race alone,194.0,count,,"In ZIP code 78207 (San Antonio, TX), 2024, (Single-Year Age by Race/Ethnicity): Age 25 - Some other race alone = 194. [Excel: Single-Year Age by Race (2024)]",
78207,Excel: Single-Year Age by Race (2024),2024,Single-Year Age by Race/Ethnicity,Total population,Age 25 - Two or more races,24.0,count,,"In ZIP code 78207 (San Antonio, TX), 2024, (Single-Year Age by Race/Ethnicity): Age 25 - Two or more races = 24. [Excel: Single-Year Age by Race (2024)]",
78207,Excel: Single-Year Age by Race (2024),2024,Single-Year Age by Race/Ethnicity,Total population,Age 25 - Hispanic or Latino (any race),834.0,count,,"In ZIP code 78207 (San Antonio, TX), 2024, (Single-Year Age by Race/Ethnicity): Age 25 - Hispanic or Latino (any race) = 834. [Excel: Single-Year Age by Race (2024)]",
78207,Excel: Single-Year Age by Race (2024),2024,Single-Year Age by Race/Ethnicity,Total population,Age 26 - Total,918.0,count,,"In ZIP code 78207 (San Antonio, TX), 2024, (Single-Year Age by Race/Ethnicity): Age 26 - Total = 918. [Excel: Single-Year Age by Race (2024)]",
78207,Excel: Single-Year Age by Race (2024),2024,Single-Year Age by Race/Ethnicity,Total population,Age 26 - White alone,632.0,count,,"In ZIP code 78207 (San Antonio, TX), 2024, (Single-Year Age by Race/Ethnicity): Age 26 - White alone = 632. [Excel: Single-Year Age by Race (2024)]",
78207,Excel: Single-Year Age by Race (2024),2024,Single-Year Age by Race/Ethnicity,Total population,Age 26 - Black or African American alone,51.0,count,,"In ZIP code 78207 (San Antonio, TX), 2024, (Single-Year Age by Race/Ethnicity): Age 26 - Black or African American alone = 51. [Excel: Single-Year Age by Race (2024)]",
78207,Excel: Single-Year Age by Race (2024),2024,Single-Year Age by Race/Ethnicity,Total population,Age 26 - American Indian and Alaska Native alone,11.0,count,,"In ZIP code 78207 (San Antonio, TX), 2024, (Single-Year Age by Race/Ethnicity): Age 26 - American Indian and Alaska Native alone = 11. [Excel: Single-Year Age by Race (2024)]",
78207,Excel: Single-Year Age by Race (2024),2024,Single-Year Age by Race/Ethnicity,Total population,Age 26 - Asian alone,5.0,count,,"In ZIP code 78207 (San Antonio, TX), 2024, (Single-Year Age by Race/Ethnicity): Age 26 - Asian alone = 5. [Excel: Single-Year Age by Race (2024)]",
78207,Excel: Single-Year Age by Race (2024),2024,Single-Year Age by Race/Ethnicity,Total population,Age 26 - Native Hawaiian and Other Pacific Islander alone,1.0,count,,"In ZIP code 78207 (San Antonio, TX), 2024, (Single-Year Age by Race/Ethnicity): Age 26 - Native Hawaiian and Other Pacific Islander alone = 1. [Excel: Single-Year Age by Race (2024)]",
78207,Excel: Single-Year Age by Race (2024),2024,Single-Year Age by Race/Ethnicity,Total population,Age 26 - Some other race alone,191.0,count,,"In ZIP code 78207 (San Antonio, TX), 2024, (Single-Year Age by Race/Ethnicity): Age 26 - Some other race alone = 191. [Excel: Single-Year Age by Race (2024)]",
78207,Excel: Single-Year Age by Race (2024),2024,Single-Year Age by Race/Ethnicity,Total population,Age 26 - Two or more races,27.0,count,,"In ZIP code 78207 (San Antonio, TX), 2024, (Single-Year Age by Race/Ethnicity): Age 26 - Two or more races = 27. [Excel: Single-Year Age by Race (2024)]",
78207,Excel: Single-Year Age by Race (2024),2024,Single-Year Age by Race/Ethnicity,Total population,Age 26 - Hispanic or Latino (any race),789.0,count,,"In ZIP code 78207 (San Antonio, TX), 2024, (Single-Year Age by Race/Ethnicity): Age 26 - Hispanic or Latino (any race) = 789. [Excel: Single-Year Age by Race (2024)]",
78207,Excel: Single-Year Age by Race (2024),2024,Single-Year Age by Race/Ethnicity,Total population,Age 27 - Total,842.0,count,,"In ZIP code 78207 (San Antonio, TX), 2024, (Single-Year Age by Race/Ethnicity): Age 27 - Total = 842. [Excel: Single-Year Age by Race (2024)]",
78207,Excel: Single-Year Age by Race (2024),2024,Single-Year Age by Race/Ethnicity,Total population,Age 27 - White alone,611.0,count,,"In ZIP code 78207 (San Antonio, TX), 2024, (Single-Year Age by Race/Ethnicity): Age 27 - White alone = 611. [Excel: Single-Year Age by Race (2024)]",
78207,Excel: Single-Year Age by Race (2024),2024,Single-Year Age by Race/Ethnicity,Total population,Age 27 - Black or African American alone,46.0,count,,"In ZIP code 78207 (San Antonio, TX), 2024, (Single-Year Age by Race/Ethnicity): Age 27 - Black or African American alone = 46. [Excel: Single-Year Age by Race (2024)]",
78207,Excel: Single-Year Age by Race (2024),2024,Single-Year Age by Race/Ethnicity,Total population,Age 27 - American Indian and Alaska Native alone,3.0,count,,"In ZIP code 78207 (San Antonio, TX), 2024, (Single-Year Age by Race/Ethnicity): Age 27 - American Indian and Alaska Native alone = 3. [Excel: Single-Year Age by Race (2024)]",
78207,Excel: Single-Year Age by Race (2024),2024,Single-Year Age by Race/Ethnicity,Total population,Age 27 - Asian alone,0.0,count,,"In ZIP code 78207 (San Antonio, TX), 2024, (Single-Year Age by Race/Ethnicity): Age 27 - Asian alone = 0. [Excel: Single-Year Age by Race (2024)]",
78207,Excel: Single-Year Age by Race (2024),2024,Single-Year Age by Race/Ethnicity,Total population,Age 27 - Native Hawaiian and Other Pacific Islander alone,0.0,count,,"In ZIP code 78207 (San Antonio, TX), 2024, (Single-Year Age by Race/Ethnicity): Age 27 - Native Hawaiian and Other Pacific Islander alone = 0. [Excel: Single-Year Age by Race (2024)]",
78207,Excel: Single-Year Age by Race (2024),2024,Single-Year Age by Race/Ethnicity,Total population,Age 27 - Some other race alone,165.0,count,,"In ZIP code 78207 (San Antonio, TX), 2024, (Single-Year Age by Race/Ethnicity): Age 27 - Some other race alone = 165. [Excel: Single-Year Age by Race (2024)]",
78207,Excel: Single-Year Age by Race (2024),2024,Single-Year Age by Race/Ethnicity,Total population,Age 27 - Two or more races,17.0,count,,"In ZIP code 78207 (San Antonio, TX), 2024, (Single-Year Age by Race/Ethnicity): Age 27 - Two or more races = 17. [Excel: Single-Year Age by Race (2024)]",
78207,Excel: Single-Year Age by Race (2024),2024,Single-Year Age by Race/Ethnicity,Total population,Age 27 - Hispanic or Latino (any race),713.0,count,,"In ZIP code 78207 (San Antonio, TX), 2024, (Single-Year Age by Race/Ethnicity): Age 27 - Hispanic or Latino (any race) = 713. [Excel: Single-Year Age by Race (2024)]",
78207,Excel: Single-Year Age by Race (2024),2024,Single-Year Age by Race/Ethnicity,Total population,Age 28 - Total,840.0,count,,"In ZIP code 78207 (San Antonio, TX), 2024, (Single-Year Age by Race/Ethnicity): Age 28 - Total = 840. [Excel: Single-Year Age by Race (2024)]",
78207,Excel: Single-Year Age by Race (2024),2024,Single-Year Age by Race/Ethnicity,Total population,Age 28 - White alone,608.0,count,,"In ZIP code 78207 (San Antonio, TX), 2024, (Single-Year Age by Race/Ethnicity): Age 28 - White alone = 608. [Excel: Single-Year Age by Race (2024)]",
78207,Excel: Single-Year Age by Race (2024),2024,Single-Year Age by Race/Ethnicity,Total population,Age 28 - Black or African American alone,43.0,count,,"In ZIP code 78207 (San Antonio, TX), 2024, (Single-Year Age by Race/Ethnicity): Age 28 - Black or African American alone = 43. [Excel: Single-Year Age by Race (2024)]",
78207,Excel: Single-Year Age by Race (2024),2024,Single-Year Age by Race/Ethnicity,Total population,Age 28 - American Indian and Alaska Native alone,12.0,count,,"In ZIP code 78207 (San Antonio, TX), 2024, (Single-Year Age by Race/Ethnicity): Age 28 - American Indian and Alaska Native alone = 12. [Excel: Single-Year Age by Race (2024)]",
78207,Excel: Single-Year Age by Race (2024),2024,Single-Year Age by Race/Ethnicity,Total population,Age 28 - Asian alone,5.0,count,,"In ZIP code 78207 (San Antonio, TX), 2024, (Single-Year Age by Race/Ethnicity): Age 28 - Asian alone = 5. [Excel: Single-Year Age by Race (2024)]",
78207,Excel: Single-Year Age by Race (2024),2024,Single-Year Age by Race/Ethnicity,Total population,Age 28 - Native Hawaiian and Other Pacific Islander alone,0.0,count,,"In ZIP code 78207 (San Antonio, TX), 2024, (Single-Year Age by Race/Ethnicity): Age 28 - Native Hawaiian and Other Pacific Islander alone = 0. [Excel: Single-Year Age by Race (2024)]",
78207,Excel: Single-Year Age by Race (2024),2024,Single-Year Age by Race/Ethnicity,Total population,Age 28 - Some other race alone,152.0,count,,"In ZIP code 78207 (San Antonio, TX), 2024, (Single-Year Age by Race/Ethnicity): Age 28 - Some other race alone = 152. [Excel: Single-Year Age by Race (2024)]",
78207,Excel: Single-Year Age by Race (2024),2024,Single-Year Age by Race/Ethnicity,Total population,Age 28 - Two or more races,20.0,count,,"In ZIP code 78207 (San Antonio, TX), 2024, (Single-Year Age by Race/Ethnicity): Age 28 - Two or more races = 20. [Excel: Single-Year Age by Race (2024)]",
78207,Excel: Single-Year Age by Race (2024),2024,Single-Year Age by Race/Ethnicity,Total population,Age 28 - Hispanic or Latino (any race),744.0,count,,"In ZIP code 78207 (San Antonio, TX), 2024, (Single-Year Age by Race/Ethnicity): Age 28 - Hispanic or Latino (any race) = 744. [Excel: Single-Year Age by Race (2024)]",
78207,Excel: Single-Year Age by Race (2024),2024,Single-Year Age by Race/Ethnicity,Total population,Age 29 - Total,803.0,count,,"In ZIP code 78207 (San Antonio, TX), 2024, (Single-Year Age by Race/Ethnicity): Age 29 - Total = 803. [Excel: Single-Year Age by Race (2024)]",
78207,Excel: Single-Year Age by Race (2024),2024,Single-Year Age by Race/Ethnicity,Total population,Age 29 - White alone,563.0,count,,"In ZIP code 78207 (San Antonio, TX), 2024, (Single-Year Age by Race/Ethnicity): Age 29 - White alone = 563. [Excel: Single-Year Age by Race (2024)]",
78207,Excel: Single-Year Age by Race (2024),2024,Single-Year Age by Race/Ethnicity,Total population,Age 29 - Black or African American alone,50.0,count,,"In ZIP code 78207 (San Antonio, TX), 2024, (Single-Year Age by Race/Ethnicity): Age 29 - Black or African American alone = 50. [Excel: Single-Year Age by Race (2024)]",
78207,Excel: Single-Year Age by Race (2024),2024,Single-Year Age by Race/Ethnicity,Total population,Age 29 - American Indian and Alaska Native alone,7.0,count,,"In ZIP code 78207 (San Antonio, TX), 2024, (Single-Year Age by Race/Ethnicity): Age 29 - American Indian and Alaska Native alone = 7. [Excel: Single-Year Age by Race (2024)]",
78207,Excel: Single-Year Age by Race (2024),2024,Single-Year Age by Race/Ethnicity,Total population,Age 29 - Asian alone,4.0,count,,"In ZIP code 78207 (San Antonio, TX), 2024, (Single-Year Age by Race/Ethnicity): Age 29 - Asian alone = 4. [Excel: Single-Year Age by Race (2024)]",
78207,Excel: Single-Year Age by Race (2024),2024,Single-Year Age by Race/Ethnicity,Total population,Age 29 - Native Hawaiian and Other Pacific Islander alone,0.0,count,,"In ZIP code 78207 (San Antonio, TX), 2024, (Single-Year Age by Race/Ethnicity): Age 29 - Native Hawaiian and Other Pacific Islander alone = 0. [Excel: Single-Year Age by Race (2024)]",
78207,Excel: Single-Year Age by Race (2024),2024,Single-Year Age by Race/Ethnicity,Total population,Age 29 - Some other race alone,163.0,count,,"In ZIP code 78207 (San Antonio, TX), 2024, (Single-Year Age by Race/Ethnicity): Age 29 - Some other race alone = 163. [Excel: Single-Year Age by Race (2024)]",
78207,Excel: Single-Year Age by Race (2024),2024,Single-Year Age by Race/Ethnicity,Total population,Age 29 - Two or more races,16.0,count,,"In ZIP code 78207 (San Antonio, TX), 2024, (Single-Year Age by Race/Ethnicity): Age 29 - Two or more races = 16. [Excel: Single-Year Age by Race (2024)]",
78207,Excel: Single-Year Age by Race (2024),2024,Single-Year Age by Race/Ethnicity,Total population,Age 29 - Hispanic or Latino (any race),695.0,count,,"In ZIP code 78207 (San Antonio, TX), 2024, (Single-Year Age by Race/Ethnicity): Age 29 - Hispanic or Latino (any race) = 695. [Excel: Single-Year Age by Race (2024)]",
78207,Excel: Single-Year Age by Race (2024),2024,Single-Year Age by Race/Ethnicity,Total population,Age 30 - Total,837.0,count,,"In ZIP code 78207 (San Antonio, TX), 2024, (Single-Year Age by Race/Ethnicity): Age 30 - Total = 837. [Excel: Single-Year Age by Race (2024)]",
78207,Excel: Single-Year Age by Race (2024),2024,Single-Year Age by Race/Ethnicity,Total population,Age 30 - White alone,569.0,count,,"In ZIP code 78207 (San Antonio, TX), 2024, (Single-Year Age by Race/Ethnicity): Age 30 - White alone = 569. [Excel: Single-Year Age by Race (2024)]",
78207,Excel: Single-Year Age by Race (2024),2024,Single-Year Age by Race/Ethnicity,Total population,Age 30 - Black or African American alone,51.0,count,,"In ZIP code 78207 (San Antonio, TX), 2024, (Single-Year Age by Race/Ethnicity): Age 30 - Black or African American alone = 51. [Excel: Single-Year Age by Race (2024)]",
78207,Excel: Single-Year Age by Race (2024),2024,Single-Year Age by Race/Ethnicity,Total population,Age 30 - American Indian and Alaska Native alone,9.0,count,,"In ZIP code 78207 (San Antonio, TX), 2024, (Single-Year Age by Race/Ethnicity): Age 30 - American Indian and Alaska Native alone = 9. [Excel: Single-Year Age by Race (2024)]",
78207,Excel: Single-Year Age by Race (2024),2024,Single-Year Age by Race/Ethnicity,Total population,Age 30 - Asian alone,2.0,count,,"In ZIP code 78207 (San Antonio, TX), 2024, (Single-Year Age by Race/Ethnicity): Age 30 - Asian alone = 2. [Excel: Single-Year Age by Race (2024)]",
78207,Excel: Single-Year Age by Race (2024),2024,Single-Year Age by Race/Ethnicity,Total population,Age 30 - Native Hawaiian and Other Pacific Islander alone,1.0,count,,"In ZIP code 78207 (San Antonio, TX), 2024, (Single-Year Age by Race/Ethnicity): Age 30 - Native Hawaiian and Other Pacific Islander alone = 1. [Excel: Single-Year Age by Race (2024)]",
78207,Excel: Single-Year Age by Race (2024),2024,Single-Year Age by Race/Ethnicity,Total population,Age 30 - Some other race alone,192.0,count,,"In ZIP code 78207 (San Antonio, TX), 2024, (Single-Year Age by Race/Ethnicity): Age 30 - Some other race alone = 192. [Excel: Single-Year Age by Race (2024)]",
78207,Excel: Single-Year Age by Race (2024),2024,Single-Year Age by Race/Ethnicity,Total population,Age 30 - Two or more races,13.0,count,,"In ZIP code 78207 (San Antonio, TX), 2024, (Single-Year Age by Race/Ethnicity): Age 30 - Two or more races = 13. [Excel: Single-Year Age by Race (2024)]",
78207,Excel: Single-Year Age by Race (2024),2024,Single-Year Age by Race/Ethnicity,Total population,Age 30 - Hispanic or Latino (any race),742.0,count,,"In ZIP code 78207 (San Antonio, TX), 2024, (Single-Year Age by Race/Ethnicity): Age 30 - Hispanic or Latino (any race) = 742. [Excel: Single-Year Age by Race (2024)]",
78207,Excel: Single-Year Age by Race (2024),2024,Single-Year Age by Race/Ethnicity,Total population,Age 31 - Total,737.0,count,,"In ZIP code 78207 (San Antonio, TX), 2024, (Single-Year Age by Race/Ethnicity): Age 31 - Total = 737. [Excel: Single-Year Age by Race (2024)]",
78207,Excel: Single-Year Age by Race (2024),2024,Single-Year Age by Race/Ethnicity,Total population,Age 31 - White alone,523.0,count,,"In ZIP code 78207 (San Antonio, TX), 2024, (Single-Year Age by Race/Ethnicity): Age 31 - White alone = 523. [Excel: Single-Year Age by Race (2024)]",
78207,Excel: Single-Year Age by Race (2024),2024,Single-Year Age by Race/Ethnicity,Total population,Age 31 - Black or African American alone,39.0,count,,"In ZIP code 78207 (San Antonio, TX), 2024, (Single-Year Age by Race/Ethnicity): Age 31 - Black or African American alone = 39. [Excel: Single-Year Age by Race (2024)]",
78207,Excel: Single-Year Age by Race (2024),2024,Single-Year Age by Race/Ethnicity,Total population,Age 31 - American Indian and Alaska Native alone,18.0,count,,"In ZIP code 78207 (San Antonio, TX), 2024, (Single-Year Age by Race/Ethnicity): Age 31 - American Indian and Alaska Native alone = 18. [Excel: Single-Year Age by Race (2024)]",
78207,Excel: Single-Year Age by Race (2024),2024,Single-Year Age by Race/Ethnicity,Total population,Age 31 - Asian alone,2.0,count,,"In ZIP code 78207 (San Antonio, TX), 2024, (Single-Year Age by Race/Ethnicity): Age 31 - Asian alone = 2. [Excel: Single-Year Age by Race (2024)]",
78207,Excel: Single-Year Age by Race (2024),2024,Single-Year Age by Race/Ethnicity,Total population,Age 31 - Native Hawaiian and Other Pacific Islander alone,0.0,count,,"In ZIP code 78207 (San Antonio, TX), 2024, (Single-Year Age by Race/Ethnicity): Age 31 - Native Hawaiian and Other Pacific Islander alone = 0. [Excel: Single-Year Age by Race (2024)]",
78207,Excel: Single-Year Age by Race (2024),2024,Single-Year Age by Race/Ethnicity,Total population,Age 31 - Some other race alone,139.0,count,,"In ZIP code 78207 (San Antonio, TX), 2024, (Single-Year Age by Race/Ethnicity): Age 31 - Some other race alone = 139. [Excel: Single-Year Age by Race (2024)]",
78207,Excel: Single-Year Age by Race (2024),2024,Single-Year Age by Race/Ethnicity,Total population,Age 31 - Two or more races,16.0,count,,"In ZIP code 78207 (San Antonio, TX), 2024, (Single-Year Age by Race/Ethnicity): Age 31 - Two or more races = 16. [Excel: Single-Year Age by Race (2024)]",
78207,Excel: Single-Year Age by Race (2024),2024,Single-Year Age by Race/Ethnicity,Total population,Age 31 - Hispanic or Latino (any race),645.0,count,,"In ZIP code 78207 (San Antonio, TX), 2024, (Single-Year Age by Race/Ethnicity): Age 31 - Hispanic or Latino (any race) = 645. [Excel: Single-Year Age by Race (2024)]",
78207,Excel: Single-Year Age by Race (2024),2024,Single-Year Age by Race/Ethnicity,Total population,Age 32 - Total,703.0,count,,"In ZIP code 78207 (San Antonio, TX), 2024, (Single-Year Age by Race/Ethnicity): Age 32 - Total = 703. [Excel: Single-Year Age by Race (2024)]",
78207,Excel: Single-Year Age by Race (2024),2024,Single-Year Age by Race/Ethnicity,Total population,Age 32 - White alone,499.0,count,,"In ZIP code 78207 (San Antonio, TX), 2024, (Single-Year Age by Race/Ethnicity): Age 32 - White alone = 499. [Excel: Single-Year Age by Race (2024)]",
78207,Excel: Single-Year Age by Race (2024),2024,Single-Year Age by Race/Ethnicity,Total population,Age 32 - Black or African American alone,39.0,count,,"In ZIP code 78207 (San Antonio, TX), 2024, (Single-Year Age by Race/Ethnicity): Age 32 - Black or African American alone = 39. [Excel: Single-Year Age by Race (2024)]",
78207,Excel: Single-Year Age by Race (2024),2024,Single-Year Age by Race/Ethnicity,Total population,Age 32 - American Indian and Alaska Native alone,8.0,count,,"In ZIP code 78207 (San Antonio, TX), 2024, (Single-Year Age by Race/Ethnicity): Age 32 - American Indian and Alaska Native alone = 8. [Excel: Single-Year Age by Race (2024)]",
78207,Excel: Single-Year Age by Race (2024),2024,Single-Year Age by Race/Ethnicity,Total population,Age 32 - Asian alone,3.0,count,,"In ZIP code 78207 (San Antonio, TX), 2024, (Single-Year Age by Race/Ethnicity): Age 32 - Asian alone = 3. [Excel: Single-Year Age by Race (2024)]",
78207,Excel: Single-Year Age by Race (2024),2024,Single-Year Age by Race/Ethnicity,Total population,Age 32 - Native Hawaiian and Other Pacific Islander alone,0.0,count,,"In ZIP code 78207 (San Antonio, TX), 2024, (Single-Year Age by Race/Ethnicity): Age 32 - Native Hawaiian and Other Pacific Islander alone = 0. [Excel: Single-Year Age by Race (2024)]",
78207,Excel: Single-Year Age by Race (2024),2024,Single-Year Age by Race/Ethnicity,Total population,Age 32 - Some other race alone,132.0,count,,"In ZIP code 78207 (San Antonio, TX), 2024, (Single-Year Age by Race/Ethnicity): Age 32 - Some other race alone = 132. [Excel: Single-Year Age by Race (2024)]",
78207,Excel: Single-Year Age by Race (2024),2024,Single-Year Age by Race/Ethnicity,Total population,Age 32 - Two or more races,22.0,count,,"In ZIP code 78207 (San Antonio, TX), 2024, (Single-Year Age by Race/Ethnicity): Age 32 - Two or more races = 22. [Excel: Single-Year Age by Race (2024)]",
78207,Excel: Single-Year Age by Race (2024),2024,Single-Year Age by Race/Ethnicity,Total population,Age 32 - Hispanic or Latino (any race),615.0,count,,"In ZIP code 78207 (San Antonio, TX), 2024, (Single-Year Age by Race/Ethnicity): Age 32 - Hispanic or Latino (any race) = 615. [Excel: Single-Year Age by Race (2024)]",
78207,Excel: Single-Year Age by Race (2024),2024,Single-Year Age by Race/Ethnicity,Total population,Age 33 - Total,702.0,count,,"In ZIP code 78207 (San Antonio, TX), 2024, (Single-Year Age by Race/Ethnicity): Age 33 - Total = 702. [Excel: Single-Year Age by Race (2024)]",
78207,Excel: Single-Year Age by Race (2024),2024,Single-Year Age by Race/Ethnicity,Total population,Age 33 - White alone,505.0,count,,"In ZIP code 78207 (San Antonio, TX), 2024, (Single-Year Age by Race/Ethnicity): Age 33 - White alone = 505. [Excel: Single-Year Age by Race (2024)]",
78207,Excel: Single-Year Age by Race (2024),2024,Single-Year Age by Race/Ethnicity,Total population,Age 33 - Black or African American alone,26.0,count,,"In ZIP code 78207 (San Antonio, TX), 2024, (Single-Year Age by Race/Ethnicity): Age 33 - Black or African American alone = 26. [Excel: Single-Year Age by Race (2024)]",
78207,Excel: Single-Year Age by Race (2024),2024,Single-Year Age by Race/Ethnicity,Total population,Age 33 - American Indian and Alaska Native alone,5.0,count,,"In ZIP code 78207 (San Antonio, TX), 2024, (Single-Year Age by Race/Ethnicity): Age 33 - American Indian and Alaska Native alone = 5. [Excel: Single-Year Age by Race (2024)]",
78207,Excel: Single-Year Age by Race (2024),2024,Single-Year Age by Race/Ethnicity,Total population,Age 33 - Asian alone,3.0,count,,"In ZIP code 78207 (San Antonio, TX), 2024, (Single-Year Age by Race/Ethnicity): Age 33 - Asian alone = 3. [Excel: Single-Year Age by Race (2024)]",
78207,Excel: Single-Year Age by Race (2024),2024,Single-Year Age by Race/Ethnicity,Total population,Age 33 - Native Hawaiian and Other Pacific Islander alone,1.0,count,,"In ZIP code 78207 (San Antonio, TX), 2024, (Single-Year Age by Race/Ethnicity): Age 33 - Native Hawaiian and Other Pacific Islander alone = 1. [Excel: Single-Year Age by Race (2024)]",
78207,Excel: Single-Year Age by Race (2024),2024,Single-Year Age by Race/Ethnicity,Total population,Age 33 - Some other race alone,143.0,count,,"In ZIP code 78207 (San Antonio, TX), 2024, (Single-Year Age by Race/Ethnicity): Age 33 - Some other race alone = 143. [Excel: Single-Year Age by Race (2024)]",
78207,Excel: Single-Year Age by Race (2024),2024,Single-Year Age by Race/Ethnicity,Total population,Age 33 - Two or more races,19.0,count,,"In ZIP code 78207 (San Antonio, TX), 2024, (Single-Year Age by Race/Ethnicity): Age 33 - Two or more races = 19. [Excel: Single-Year Age by Race (2024)]",
78207,Excel: Single-Year Age by Race (2024),2024,Single-Year Age by Race/Ethnicity,Total population,Age 33 - Hispanic or Latino (any race),617.0,count,,"In ZIP code 78207 (San Antonio, TX), 2024, (Single-Year Age by Race/Ethnicity): Age 33 - Hispanic or Latino (any race) = 617. [Excel: Single-Year Age by Race (2024)]",
78207,Excel: Single-Year Age by Race (2024),2024,Single-Year Age by Race/Ethnicity,Total population,Age 34 - Total,755.0,count,,"In ZIP code 78207 (San Antonio, TX), 2024, (Single-Year Age by Race/Ethnicity): Age 34 - Total = 755. [Excel: Single-Year Age by Race (2024)]",
78207,Excel: Single-Year Age by Race (2024),2024,Single-Year Age by Race/Ethnicity,Total population,Age 34 - White alone,532.0,count,,"In ZIP code 78207 (San Antonio, TX), 2024, (Single-Year Age by Race/Ethnicity): Age 34 - White alone = 532. [Excel: Single-Year Age by Race (2024)]",
78207,Excel: Single-Year Age by Race (2024),2024,Single-Year Age by Race/Ethnicity,Total population,Age 34 - Black or African American alone,39.0,count,,"In ZIP code 78207 (San Antonio, TX), 2024, (Single-Year Age by Race/Ethnicity): Age 34 - Black or African American alone = 39. [Excel: Single-Year Age by Race (2024)]",
78207,Excel: Single-Year Age by Race (2024),2024,Single-Year Age by Race/Ethnicity,Total population,Age 34 - American Indian and Alaska Native alone,7.0,count,,"In ZIP code 78207 (San Antonio, TX), 2024, (Single-Year Age by Race/Ethnicity): Age 34 - American Indian and Alaska Native alone = 7. [Excel: Single-Year Age by Race (2024)]",
78207,Excel: Single-Year Age by Race (2024),2024,Single-Year Age by Race/Ethnicity,Total population,Age 34 - Asian alone,5.0,count,,"In ZIP code 78207 (San Antonio, TX), 2024, (Single-Year Age by Race/Ethnicity): Age 34 - Asian alone = 5. [Excel: Single-Year Age by Race (2024)]",
78207,Excel: Single-Year Age by Race (2024),2024,Single-Year Age by Race/Ethnicity,Total population,Age 34 - Native Hawaiian and Other Pacific Islander alone,2.0,count,,"In ZIP code 78207 (San Antonio, TX), 2024, (Single-Year Age by Race/Ethnicity): Age 34 - Native Hawaiian and Other Pacific Islander alone = 2. [Excel: Single-Year Age by Race (2024)]",
78207,Excel: Single-Year Age by Race (2024),2024,Single-Year Age by Race/Ethnicity,Total population,Age 34 - Some other race alone,155.0,count,,"In ZIP code 78207 (San Antonio, TX), 2024, (Single-Year Age by Race/Ethnicity): Age 34 - Some other race alone = 155. [Excel: Single-Year Age by Race (2024)]",
78207,Excel: Single-Year Age by Race (2024),2024,Single-Year Age by Race/Ethnicity,Total population,Age 34 - Two or more races,15.0,count,,"In ZIP code 78207 (San Antonio, TX), 2024, (Single-Year Age by Race/Ethnicity): Age 34 - Two or more races = 15. [Excel: Single-Year Age by Race (2024)]",
78207,Excel: Single-Year Age by Race (2024),2024,Single-Year Age by Race/Ethnicity,Total population,Age 34 - Hispanic or Latino (any race),657.0,count,,"In ZIP code 78207 (San Antonio, TX), 2024, (Single-Year Age by Race/Ethnicity): Age 34 - Hispanic or Latino (any race) = 657. [Excel: Single-Year Age by Race (2024)]",
78207,Excel: Single-Year Age by Race (2024),2024,Single-Year Age by Race/Ethnicity,Total population,Age 35 - Total,646.0,count,,"In ZIP code 78207 (San Antonio, TX), 2024, (Single-Year Age by Race/Ethnicity): Age 35 - Total = 646. [Excel: Single-Year Age by Race (2024)]",
78207,Excel: Single-Year Age by Race (2024),2024,Single-Year Age by Race/Ethnicity,Total population,Age 35 - White alone,450.0,count,,"In ZIP code 78207 (San Antonio, TX), 2024, (Single-Year Age by Race/Ethnicity): Age 35 - White alone = 450. [Excel: Single-Year Age by Race (2024)]",
78207,Excel: Single-Year Age by Race (2024),2024,Single-Year Age by Race/Ethnicity,Total population,Age 35 - Black or African American alone,30.0,count,,"In ZIP code 78207 (San Antonio, TX), 2024, (Single-Year Age by Race/Ethnicity): Age 35 - Black or African American alone = 30. [Excel: Single-Year Age by Race (2024)]",
78207,Excel: Single-Year Age by Race (2024),2024,Single-Year Age by Race/Ethnicity,Total population,Age 35 - American Indian and Alaska Native alone,12.0,count,,"In ZIP code 78207 (San Antonio, TX), 2024, (Single-Year Age by Race/Ethnicity): Age 35 - American Indian and Alaska Native alone = 12. [Excel: Single-Year Age by Race (2024)]",
78207,Excel: Single-Year Age by Race (2024),2024,Single-Year Age by Race/Ethnicity,Total population,Age 35 - Asian alone,0.0,count,,"In ZIP code 78207 (San Antonio, TX), 2024, (Single-Year Age by Race/Ethnicity): Age 35 - Asian alone = 0. [Excel: Single-Year Age by Race (2024)]",
78207,Excel: Single-Year Age by Race (2024),2024,Single-Year Age by Race/Ethnicity,Total population,Age 35 - Native Hawaiian and Other Pacific Islander alone,0.0,count,,"In ZIP code 78207 (San Antonio, TX), 2024, (Single-Year Age by Race/Ethnicity): Age 35 - Native Hawaiian and Other Pacific Islander alone = 0. [Excel: Single-Year Age by Race (2024)]",
78207,Excel: Single-Year Age by Race (2024),2024,Single-Year Age by Race/Ethnicity,Total population,Age 35 - Some other race alone,138.0,count,,"In ZIP code 78207 (San Antonio, TX), 2024, (Single-Year Age by Race/Ethnicity): Age 35 - Some other race alone = 138. [Excel: Single-Year Age by Race (2024)]",
78207,Excel: Single-Year Age by Race (2024),2024,Single-Year Age by Race/Ethnicity,Total population,Age 35 - Two or more races,16.0,count,,"In ZIP code 78207 (San Antonio, TX), 2024, (Single-Year Age by Race/Ethnicity): Age 35 - Two or more races = 16. [Excel: Single-Year Age by Race (2024)]",
78207,Excel: Single-Year Age by Race (2024),2024,Single-Year Age by Race/Ethnicity,Total population,Age 35 - Hispanic or Latino (any race),574.0,count,,"In ZIP code 78207 (San Antonio, TX), 2024, (Single-Year Age by Race/Ethnicity): Age 35 - Hispanic or Latino (any race) = 574. [Excel: Single-Year Age by Race (2024)]",
78207,Excel: Single-Year Age by Race (2024),2024,Single-Year Age by Race/Ethnicity,Total population,Age 36 - Total,647.0,count,,"In ZIP code 78207 (San Antonio, TX), 2024, (Single-Year Age by Race/Ethnicity): Age 36 - Total = 647. [Excel: Single-Year Age by Race (2024)]",
78207,Excel: Single-Year Age by Race (2024),2024,Single-Year Age by Race/Ethnicity,Total population,Age 36 - White alone,485.0,count,,"In ZIP code 78207 (San Antonio, TX), 2024, (Single-Year Age by Race/Ethnicity): Age 36 - White alone = 485. [Excel: Single-Year Age by Race (2024)]",
78207,Excel: Single-Year Age by Race (2024),2024,Single-Year Age by Race/Ethnicity,Total population,Age 36 - Black or African American alone,21.0,count,,"In ZIP code 78207 (San Antonio, TX), 2024, (Single-Year Age by Race/Ethnicity): Age 36 - Black or African American alone = 21. [Excel: Single-Year Age by Race (2024)]",
78207,Excel: Single-Year Age by Race (2024),2024,Single-Year Age by Race/Ethnicity,Total population,Age 36 - American Indian and Alaska Native alone,7.0,count,,"In ZIP code 78207 (San Antonio, TX), 2024, (Single-Year Age by Race/Ethnicity): Age 36 - American Indian and Alaska Native alone = 7. [Excel: Single-Year Age by Race (2024)]",
78207,Excel: Single-Year Age by Race (2024),2024,Single-Year Age by Race/Ethnicity,Total population,Age 36 - Asian alone,0.0,count,,"In ZIP code 78207 (San Antonio, TX), 2024, (Single-Year Age by Race/Ethnicity): Age 36 - Asian alone = 0. [Excel: Single-Year Age by Race (2024)]",
78207,Excel: Single-Year Age by Race (2024),2024,Single-Year Age by Race/Ethnicity,Total population,Age 36 - Native Hawaiian and Other Pacific Islander alone,0.0,count,,"In ZIP code 78207 (San Antonio, TX), 2024, (Single-Year Age by Race/Ethnicity): Age 36 - Native Hawaiian and Other Pacific Islander alone = 0. [Excel: Single-Year Age by Race (2024)]",
78207,Excel: Single-Year Age by Race (2024),2024,Single-Year Age by Race/Ethnicity,Total population,Age 36 - Some other race alone,115.0,count,,"In ZIP code 78207 (San Antonio, TX), 2024, (Single-Year Age by Race/Ethnicity): Age 36 - Some other race alone = 115. [Excel: Single-Year Age by Race (2024)]",
78207,Excel: Single-Year Age by Race (2024),2024,Single-Year Age by Race/Ethnicity,Total population,Age 36 - Two or more races,19.0,count,,"In ZIP code 78207 (San Antonio, TX), 2024, (Single-Year Age by Race/Ethnicity): Age 36 - Two or more races = 19. [Excel: Single-Year Age by Race (2024)]",
78207,Excel: Single-Year Age by Race (2024),2024,Single-Year Age by Race/Ethnicity,Total population,Age 36 - Hispanic or Latino (any race),575.0,count,,"In ZIP code 78207 (San Antonio, TX), 2024, (Single-Year Age by Race/Ethnicity): Age 36 - Hispanic or Latino (any race) = 575. [Excel: Single-Year Age by Race (2024)]",
78207,Excel: Single-Year Age by Race (2024),2024,Single-Year Age by Race/Ethnicity,Total population,Age 37 - Total,682.0,count,,"In ZIP code 78207 (San Antonio, TX), 2024, (Single-Year Age by Race/Ethnicity): Age 37 - Total = 682. [Excel: Single-Year Age by Race (2024)]",
78207,Excel: Single-Year Age by Race (2024),2024,Single-Year Age by Race/Ethnicity,Total population,Age 37 - White alone,476.0,count,,"In ZIP code 78207 (San Antonio, TX), 2024, (Single-Year Age by Race/Ethnicity): Age 37 - White alone = 476. [Excel: Single-Year Age by Race (2024)]",
78207,Excel: Single-Year Age by Race (2024),2024,Single-Year Age by Race/Ethnicity,Total population,Age 37 - Black or African American alone,23.0,count,,"In ZIP code 78207 (San Antonio, TX), 2024, (Single-Year Age by Race/Ethnicity): Age 37 - Black or African American alone = 23. [Excel: Single-Year Age by Race (2024)]",
78207,Excel: Single-Year Age by Race (2024),2024,Single-Year Age by Race/Ethnicity,Total population,Age 37 - American Indian and Alaska Native alone,7.0,count,,"In ZIP code 78207 (San Antonio, TX), 2024, (Single-Year Age by Race/Ethnicity): Age 37 - American Indian and Alaska Native alone = 7. [Excel: Single-Year Age by Race (2024)]",
78207,Excel: Single-Year Age by Race (2024),2024,Single-Year Age by Race/Ethnicity,Total population,Age 37 - Asian alone,1.0,count,,"In ZIP code 78207 (San Antonio, TX), 2024, (Single-Year Age by Race/Ethnicity): Age 37 - Asian alone = 1. [Excel: Single-Year Age by Race (2024)]",
78207,Excel: Single-Year Age by Race (2024),2024,Single-Year Age by Race/Ethnicity,Total population,Age 37 - Native Hawaiian and Other Pacific Islander alone,0.0,count,,"In ZIP code 78207 (San Antonio, TX), 2024, (Single-Year Age by Race/Ethnicity): Age 37 - Native Hawaiian and Other Pacific Islander alone = 0. [Excel: Single-Year Age by Race (2024)]",
78207,Excel: Single-Year Age by Race (2024),2024,Single-Year Age by Race/Ethnicity,Total population,Age 37 - Some other race alone,155.0,count,,"In ZIP code 78207 (San Antonio, TX), 2024, (Single-Year Age by Race/Ethnicity): Age 37 - Some other race alone = 155. [Excel: Single-Year Age by Race (2024)]",
78207,Excel: Single-Year Age by Race (2024),2024,Single-Year Age by Race/Ethnicity,Total population,Age 37 - Two or more races,20.0,count,,"In ZIP code 78207 (San Antonio, TX), 2024, (Single-Year Age by Race/Ethnicity): Age 37 - Two or more races = 20. [Excel: Single-Year Age by Race (2024)]",
78207,Excel: Single-Year Age by Race (2024),2024,Single-Year Age by Race/Ethnicity,Total population,Age 37 - Hispanic or Latino (any race),610.0,count,,"In ZIP code 78207 (San Antonio, TX), 2024, (Single-Year Age by Race/Ethnicity): Age 37 - Hispanic or Latino (any race) = 610. [Excel: Single-Year Age by Race (2024)]",
78207,Excel: Single-Year Age by Race (2024),2024,Single-Year Age by Race/Ethnicity,Total population,Age 38 - Total,637.0,count,,"In ZIP code 78207 (San Antonio, TX), 2024, (Single-Year Age by Race/Ethnicity): Age 38 - Total = 637. [Excel: Single-Year Age by Race (2024)]",
78207,Excel: Single-Year Age by Race (2024),2024,Single-Year Age by Race/Ethnicity,Total population,Age 38 - White alone,428.0,count,,"In ZIP code 78207 (San Antonio, TX), 2024, (Single-Year Age by Race/Ethnicity): Age 38 - White alone = 428. [Excel: Single-Year Age by Race (2024)]",
78207,Excel: Single-Year Age by Race (2024),2024,Single-Year Age by Race/Ethnicity,Total population,Age 38 - Black or African American alone,37.0,count,,"In ZIP code 78207 (San Antonio, TX), 2024, (Single-Year Age by Race/Ethnicity): Age 38 - Black or African American alone = 37. [Excel: Single-Year Age by Race (2024)]",
78207,Excel: Single-Year Age by Race (2024),2024,Single-Year Age by Race/Ethnicity,Total population,Age 38 - American Indian and Alaska Native alone,8.0,count,,"In ZIP code 78207 (San Antonio, TX), 2024, (Single-Year Age by Race/Ethnicity): Age 38 - American Indian and Alaska Native alone = 8. [Excel: Single-Year Age by Race (2024)]",
78207,Excel: Single-Year Age by Race (2024),2024,Single-Year Age by Race/Ethnicity,Total population,Age 38 - Asian alone,1.0,count,,"In ZIP code 78207 (San Antonio, TX), 2024, (Single-Year Age by Race/Ethnicity): Age 38 - Asian alone = 1. [Excel: Single-Year Age by Race (2024)]",
78207,Excel: Single-Year Age by Race (2024),2024,Single-Year Age by Race/Ethnicity,Total population,Age 38 - Native Hawaiian and Other Pacific Islander alone,0.0,count,,"In ZIP code 78207 (San Antonio, TX), 2024, (Single-Year Age by Race/Ethnicity): Age 38 - Native Hawaiian and Other Pacific Islander alone = 0. [Excel: Single-Year Age by Race (2024)]",
78207,Excel: Single-Year Age by Race (2024),2024,Single-Year Age by Race/Ethnicity,Total population,Age 38 - Some other race alone,137.0,count,,"In ZIP code 78207 (San Antonio, TX), 2024, (Single-Year Age by Race/Ethnicity): Age 38 - Some other race alone = 137. [Excel: Single-Year Age by Race (2024)]",
78207,Excel: Single-Year Age by Race (2024),2024,Single-Year Age by Race/Ethnicity,Total population,Age 38 - Two or more races,26.0,count,,"In ZIP code 78207 (San Antonio, TX), 2024, (Single-Year Age by Race/Ethnicity): Age 38 - Two or more races = 26. [Excel: Single-Year Age by Race (2024)]",
78207,Excel: Single-Year Age by Race (2024),2024,Single-Year Age by Race/Ethnicity,Total population,Age 38 - Hispanic or Latino (any race),563.0,count,,"In ZIP code 78207 (San Antonio, TX), 2024, (Single-Year Age by Race/Ethnicity): Age 38 - Hispanic or Latino (any race) = 563. [Excel: Single-Year Age by Race (2024)]",
78207,Excel: Single-Year Age by Race (2024),2024,Single-Year Age by Race/Ethnicity,Total population,Age 39 - Total,679.0,count,,"In ZIP code 78207 (San Antonio, TX), 2024, (Single-Year Age by Race/Ethnicity): Age 39 - Total = 679. [Excel: Single-Year Age by Race (2024)]",
78207,Excel: Single-Year Age by Race (2024),2024,Single-Year Age by Race/Ethnicity,Total population,Age 39 - White alone,493.0,count,,"In ZIP code 78207 (San Antonio, TX), 2024, (Single-Year Age by Race/Ethnicity): Age 39 - White alone = 493. [Excel: Single-Year Age by Race (2024)]",
78207,Excel: Single-Year Age by Race (2024),2024,Single-Year Age by Race/Ethnicity,Total population,Age 39 - Black or African American alone,33.0,count,,"In ZIP code 78207 (San Antonio, TX), 2024, (Single-Year Age by Race/Ethnicity): Age 39 - Black or African American alone = 33. [Excel: Single-Year Age by Race (2024)]",
78207,Excel: Single-Year Age by Race (2024),2024,Single-Year Age by Race/Ethnicity,Total population,Age 39 - American Indian and Alaska Native alone,9.0,count,,"In ZIP code 78207 (San Antonio, TX), 2024, (Single-Year Age by Race/Ethnicity): Age 39 - American Indian and Alaska Native alone = 9. [Excel: Single-Year Age by Race (2024)]",
78207,Excel: Single-Year Age by Race (2024),2024,Single-Year Age by Race/Ethnicity,Total population,Age 39 - Asian alone,2.0,count,,"In ZIP code 78207 (San Antonio, TX), 2024, (Single-Year Age by Race/Ethnicity): Age 39 - Asian alone = 2. [Excel: Single-Year Age by Race (2024)]",
78207,Excel: Single-Year Age by Race (2024),2024,Single-Year Age by Race/Ethnicity,Total population,Age 39 - Native Hawaiian and Other Pacific Islander alone,0.0,count,,"In ZIP code 78207 (San Antonio, TX), 2024, (Single-Year Age by Race/Ethnicity): Age 39 - Native Hawaiian and Other Pacific Islander alone = 0. [Excel: Single-Year Age by Race (2024)]",
78207,Excel: Single-Year Age by Race (2024),2024,Single-Year Age by Race/Ethnicity,Total population,Age 39 - Some other race alone,124.0,count,,"In ZIP code 78207 (San Antonio, TX), 2024, (Single-Year Age by Race/Ethnicity): Age 39 - Some other race alone = 124. [Excel: Single-Year Age by Race (2024)]",
78207,Excel: Single-Year Age by Race (2024),2024,Single-Year Age by Race/Ethnicity,Total population,Age 39 - Two or more races,18.0,count,,"In ZIP code 78207 (San Antonio, TX), 2024, (Single-Year Age by Race/Ethnicity): Age 39 - Two or more races = 18. [Excel: Single-Year Age by Race (2024)]",
78207,Excel: Single-Year Age by Race (2024),2024,Single-Year Age by Race/Ethnicity,Total population,Age 39 - Hispanic or Latino (any race),603.0,count,,"In ZIP code 78207 (San Antonio, TX), 2024, (Single-Year Age by Race/Ethnicity): Age 39 - Hispanic or Latino (any race) = 603. [Excel: Single-Year Age by Race (2024)]",
78207,Excel: Single-Year Age by Race (2024),2024,Single-Year Age by Race/Ethnicity,Total population,Age 40 - Total,656.0,count,,"In ZIP code 78207 (San Antonio, TX), 2024, (Single-Year Age by Race/Ethnicity): Age 40 - Total = 656. [Excel: Single-Year Age by Race (2024)]",
78207,Excel: Single-Year Age by Race (2024),2024,Single-Year Age by Race/Ethnicity,Total population,Age 40 - White alone,459.0,count,,"In ZIP code 78207 (San Antonio, TX), 2024, (Single-Year Age by Race/Ethnicity): Age 40 - White alone = 459. [Excel: Single-Year Age by Race (2024)]",
78207,Excel: Single-Year Age by Race (2024),2024,Single-Year Age by Race/Ethnicity,Total population,Age 40 - Black or African American alone,31.0,count,,"In ZIP code 78207 (San Antonio, TX), 2024, (Single-Year Age by Race/Ethnicity): Age 40 - Black or African American alone = 31. [Excel: Single-Year Age by Race (2024)]",
78207,Excel: Single-Year Age by Race (2024),2024,Single-Year Age by Race/Ethnicity,Total population,Age 40 - American Indian and Alaska Native alone,8.0,count,,"In ZIP code 78207 (San Antonio, TX), 2024, (Single-Year Age by Race/Ethnicity): Age 40 - American Indian and Alaska Native alone = 8. [Excel: Single-Year Age by Race (2024)]",
78207,Excel: Single-Year Age by Race (2024),2024,Single-Year Age by Race/Ethnicity,Total population,Age 40 - Asian alone,4.0,count,,"In ZIP code 78207 (San Antonio, TX), 2024, (Single-Year Age by Race/Ethnicity): Age 40 - Asian alone = 4. [Excel: Single-Year Age by Race (2024)]",
78207,Excel: Single-Year Age by Race (2024),2024,Single-Year Age by Race/Ethnicity,Total population,Age 40 - Native Hawaiian and Other Pacific Islander alone,0.0,count,,"In ZIP code 78207 (San Antonio, TX), 2024, (Single-Year Age by Race/Ethnicity): Age 40 - Native Hawaiian and Other Pacific Islander alone = 0. [Excel: Single-Year Age by Race (2024)]",
78207,Excel: Single-Year Age by Race (2024),2024,Single-Year Age by Race/Ethnicity,Total population,Age 40 - Some other race alone,140.0,count,,"In ZIP code 78207 (San Antonio, TX), 2024, (Single-Year Age by Race/Ethnicity): Age 40 - Some other race alone = 140. [Excel: Single-Year Age by Race (2024)]",
78207,Excel: Single-Year Age by Race (2024),2024,Single-Year Age by Race/Ethnicity,Total population,Age 40 - Two or more races,14.0,count,,"In ZIP code 78207 (San Antonio, TX), 2024, (Single-Year Age by Race/Ethnicity): Age 40 - Two or more races = 14. [Excel: Single-Year Age by Race (2024)]",
78207,Excel: Single-Year Age by Race (2024),2024,Single-Year Age by Race/Ethnicity,Total population,Age 40 - Hispanic or Latino (any race),573.0,count,,"In ZIP code 78207 (San Antonio, TX), 2024, (Single-Year Age by Race/Ethnicity): Age 40 - Hispanic or Latino (any race) = 573. [Excel: Single-Year Age by Race (2024)]",
78207,Excel: Single-Year Age by Race (2024),2024,Single-Year Age by Race/Ethnicity,Total population,Age 41 - Total,663.0,count,,"In ZIP code 78207 (San Antonio, TX), 2024, (Single-Year Age by Race/Ethnicity): Age 41 - Total = 663. [Excel: Single-Year Age by Race (2024)]",
78207,Excel: Single-Year Age by Race (2024),2024,Single-Year Age by Race/Ethnicity,Total population,Age 41 - White alone,484.0,count,,"In ZIP code 78207 (San Antonio, TX), 2024, (Single-Year Age by Race/Ethnicity): Age 41 - White alone = 484. [Excel: Single-Year Age by Race (2024)]",
78207,Excel: Single-Year Age by Race (2024),2024,Single-Year Age by Race/Ethnicity,Total population,Age 41 - Black or African American alone,32.0,count,,"In ZIP code 78207 (San Antonio, TX), 2024, (Single-Year Age by Race/Ethnicity): Age 41 - Black or African American alone = 32. [Excel: Single-Year Age by Race (2024)]",
78207,Excel: Single-Year Age by Race (2024),2024,Single-Year Age by Race/Ethnicity,Total population,Age 41 - American Indian and Alaska Native alone,3.0,count,,"In ZIP code 78207 (San Antonio, TX), 2024, (Single-Year Age by Race/Ethnicity): Age 41 - American Indian and Alaska Native alone = 3. [Excel: Single-Year Age by Race (2024)]",
78207,Excel: Single-Year Age by Race (2024),2024,Single-Year Age by Race/Ethnicity,Total population,Age 41 - Asian alone,3.0,count,,"In ZIP code 78207 (San Antonio, TX), 2024, (Single-Year Age by Race/Ethnicity): Age 41 - Asian alone = 3. [Excel: Single-Year Age by Race (2024)]",
78207,Excel: Single-Year Age by Race (2024),2024,Single-Year Age by Race/Ethnicity,Total population,Age 41 - Native Hawaiian and Other Pacific Islander alone,0.0,count,,"In ZIP code 78207 (San Antonio, TX), 2024, (Single-Year Age by Race/Ethnicity): Age 41 - Native Hawaiian and Other Pacific Islander alone = 0. [Excel: Single-Year Age by Race (2024)]",
78207,Excel: Single-Year Age by Race (2024),2024,Single-Year Age by Race/Ethnicity,Total population,Age 41 - Some other race alone,121.0,count,,"In ZIP code 78207 (San Antonio, TX), 2024, (Single-Year Age by Race/Ethnicity): Age 41 - Some other race alone = 121. [Excel: Single-Year Age by Race (2024)]",
78207,Excel: Single-Year Age by Race (2024),2024,Single-Year Age by Race/Ethnicity,Total population,Age 41 - Two or more races,20.0,count,,"In ZIP code 78207 (San Antonio, TX), 2024, (Single-Year Age by Race/Ethnicity): Age 41 - Two or more races = 20. [Excel: Single-Year Age by Race (2024)]",
78207,Excel: Single-Year Age by Race (2024),2024,Single-Year Age by Race/Ethnicity,Total population,Age 41 - Hispanic or Latino (any race),589.0,count,,"In ZIP code 78207 (San Antonio, TX), 2024, (Single-Year Age by Race/Ethnicity): Age 41 - Hispanic or Latino (any race) = 589. [Excel: Single-Year Age by Race (2024)]",
78207,Excel: Single-Year Age by Race (2024),2024,Single-Year Age by Race/Ethnicity,Total population,Age 42 - Total,624.0,count,,"In ZIP code 78207 (San Antonio, TX), 2024, (Single-Year Age by Race/Ethnicity): Age 42 - Total = 624. [Excel: Single-Year Age by Race (2024)]",
78207,Excel: Single-Year Age by Race (2024),2024,Single-Year Age by Race/Ethnicity,Total population,Age 42 - White alone,406.0,count,,"In ZIP code 78207 (San Antonio, TX), 2024, (Single-Year Age by Race/Ethnicity): Age 42 - White alone = 406. [Excel: Single-Year Age by Race (2024)]",
78207,Excel: Single-Year Age by Race (2024),2024,Single-Year Age by Race/Ethnicity,Total population,Age 42 - Black or African American alone,30.0,count,,"In ZIP code 78207 (San Antonio, TX), 2024, (Single-Year Age by Race/Ethnicity): Age 42 - Black or African American alone = 30. [Excel: Single-Year Age by Race (2024)]",
78207,Excel: Single-Year Age by Race (2024),2024,Single-Year Age by Race/Ethnicity,Total population,Age 42 - American Indian and Alaska Native alone,13.0,count,,"In ZIP code 78207 (San Antonio, TX), 2024, (Single-Year Age by Race/Ethnicity): Age 42 - American Indian and Alaska Native alone = 13. [Excel: Single-Year Age by Race (2024)]",
78207,Excel: Single-Year Age by Race (2024),2024,Single-Year Age by Race/Ethnicity,Total population,Age 42 - Asian alone,3.0,count,,"In ZIP code 78207 (San Antonio, TX), 2024, (Single-Year Age by Race/Ethnicity): Age 42 - Asian alone = 3. [Excel: Single-Year Age by Race (2024)]",
78207,Excel: Single-Year Age by Race (2024),2024,Single-Year Age by Race/Ethnicity,Total population,Age 42 - Native Hawaiian and Other Pacific Islander alone,0.0,count,,"In ZIP code 78207 (San Antonio, TX), 2024, (Single-Year Age by Race/Ethnicity): Age 42 - Native Hawaiian and Other Pacific Islander alone = 0. [Excel: Single-Year Age by Race (2024)]",
78207,Excel: Single-Year Age by Race (2024),2024,Single-Year Age by Race/Ethnicity,Total population,Age 42 - Some other race alone,151.0,count,,"In ZIP code 78207 (San Antonio, TX), 2024, (Single-Year Age by Race/Ethnicity): Age 42 - Some other race alone = 151. [Excel: Single-Year Age by Race (2024)]",
78207,Excel: Single-Year Age by Race (2024),2024,Single-Year Age by Race/Ethnicity,Total population,Age 42 - Two or more races,21.0,count,,"In ZIP code 78207 (San Antonio, TX), 2024, (Single-Year Age by Race/Ethnicity): Age 42 - Two or more races = 21. [Excel: Single-Year Age by Race (2024)]",
78207,Excel: Single-Year Age by Race (2024),2024,Single-Year Age by Race/Ethnicity,Total population,Age 42 - Hispanic or Latino (any race),550.0,count,,"In ZIP code 78207 (San Antonio, TX), 2024, (Single-Year Age by Race/Ethnicity): Age 42 - Hispanic or Latino (any race) = 550. [Excel: Single-Year Age by Race (2024)]",
78207,Excel: Single-Year Age by Race (2024),2024,Single-Year Age by Race/Ethnicity,Total population,Age 43 - Total,650.0,count,,"In ZIP code 78207 (San Antonio, TX), 2024, (Single-Year Age by Race/Ethnicity): Age 43 - Total = 650. [Excel: Single-Year Age by Race (2024)]",
78207,Excel: Single-Year Age by Race (2024),2024,Single-Year Age by Race/Ethnicity,Total population,Age 43 - White alone,459.0,count,,"In ZIP code 78207 (San Antonio, TX), 2024, (Single-Year Age by Race/Ethnicity): Age 43 - White alone = 459. [Excel: Single-Year Age by Race (2024)]",
78207,Excel: Single-Year Age by Race (2024),2024,Single-Year Age by Race/Ethnicity,Total population,Age 43 - Black or African American alone,37.0,count,,"In ZIP code 78207 (San Antonio, TX), 2024, (Single-Year Age by Race/Ethnicity): Age 43 - Black or African American alone = 37. [Excel: Single-Year Age by Race (2024)]",
78207,Excel: Single-Year Age by Race (2024),2024,Single-Year Age by Race/Ethnicity,Total population,Age 43 - American Indian and Alaska Native alone,14.0,count,,"In ZIP code 78207 (San Antonio, TX), 2024, (Single-Year Age by Race/Ethnicity): Age 43 - American Indian and Alaska Native alone = 14. [Excel: Single-Year Age by Race (2024)]",
78207,Excel: Single-Year Age by Race (2024),2024,Single-Year Age by Race/Ethnicity,Total population,Age 43 - Asian alone,1.0,count,,"In ZIP code 78207 (San Antonio, TX), 2024, (Single-Year Age by Race/Ethnicity): Age 43 - Asian alone = 1. [Excel: Single-Year Age by Race (2024)]",
78207,Excel: Single-Year Age by Race (2024),2024,Single-Year Age by Race/Ethnicity,Total population,Age 43 - Native Hawaiian and Other Pacific Islander alone,1.0,count,,"In ZIP code 78207 (San Antonio, TX), 2024, (Single-Year Age by Race/Ethnicity): Age 43 - Native Hawaiian and Other Pacific Islander alone = 1. [Excel: Single-Year Age by Race (2024)]",
78207,Excel: Single-Year Age by Race (2024),2024,Single-Year Age by Race/Ethnicity,Total population,Age 43 - Some other race alone,120.0,count,,"In ZIP code 78207 (San Antonio, TX), 2024, (Single-Year Age by Race/Ethnicity): Age 43 - Some other race alone = 120. [Excel: Single-Year Age by Race (2024)]",
78207,Excel: Single-Year Age by Race (2024),2024,Single-Year Age by Race/Ethnicity,Total population,Age 43 - Two or more races,18.0,count,,"In ZIP code 78207 (San Antonio, TX), 2024, (Single-Year Age by Race/Ethnicity): Age 43 - Two or more races = 18. [Excel: Single-Year Age by Race (2024)]",
78207,Excel: Single-Year Age by Race (2024),2024,Single-Year Age by Race/Ethnicity,Total population,Age 43 - Hispanic or Latino (any race),575.0,count,,"In ZIP code 78207 (San Antonio, TX), 2024, (Single-Year Age by Race/Ethnicity): Age 43 - Hispanic or Latino (any race) = 575. [Excel: Single-Year Age by Race (2024)]",
78207,Excel: Single-Year Age by Race (2024),2024,Single-Year Age by Race/Ethnicity,Total population,Age 44 - Total,681.0,count,,"In ZIP code 78207 (San Antonio, TX), 2024, (Single-Year Age by Race/Ethnicity): Age 44 - Total = 681. [Excel: Single-Year Age by Race (2024)]",
78207,Excel: Single-Year Age by Race (2024),2024,Single-Year Age by Race/Ethnicity,Total population,Age 44 - White alone,477.0,count,,"In ZIP code 78207 (San Antonio, TX), 2024, (Single-Year Age by Race/Ethnicity): Age 44 - White alone = 477. [Excel: Single-Year Age by Race (2024)]",
78207,Excel: Single-Year Age by Race (2024),2024,Single-Year Age by Race/Ethnicity,Total population,Age 44 - Black or African American alone,32.0,count,,"In ZIP code 78207 (San Antonio, TX), 2024, (Single-Year Age by Race/Ethnicity): Age 44 - Black or African American alone = 32. [Excel: Single-Year Age by Race (2024)]",
78207,Excel: Single-Year Age by Race (2024),2024,Single-Year Age by Race/Ethnicity,Total population,Age 44 - American Indian and Alaska Native alone,11.0,count,,"In ZIP code 78207 (San Antonio, TX), 2024, (Single-Year Age by Race/Ethnicity): Age 44 - American Indian and Alaska Native alone = 11. [Excel: Single-Year Age by Race (2024)]",
78207,Excel: Single-Year Age by Race (2024),2024,Single-Year Age by Race/Ethnicity,Total population,Age 44 - Asian alone,2.0,count,,"In ZIP code 78207 (San Antonio, TX), 2024, (Single-Year Age by Race/Ethnicity): Age 44 - Asian alone = 2. [Excel: Single-Year Age by Race (2024)]",
78207,Excel: Single-Year Age by Race (2024),2024,Single-Year Age by Race/Ethnicity,Total population,Age 44 - Native Hawaiian and Other Pacific Islander alone,1.0,count,,"In ZIP code 78207 (San Antonio, TX), 2024, (Single-Year Age by Race/Ethnicity): Age 44 - Native Hawaiian and Other Pacific Islander alone = 1. [Excel: Single-Year Age by Race (2024)]",
78207,Excel: Single-Year Age by Race (2024),2024,Single-Year Age by Race/Ethnicity,Total population,Age 44 - Some other race alone,147.0,count,,"In ZIP code 78207 (San Antonio, TX), 2024, (Single-Year Age by Race/Ethnicity): Age 44 - Some other race alone = 147. [Excel: Single-Year Age by Race (2024)]",
78207,Excel: Single-Year Age by Race (2024),2024,Single-Year Age by Race/Ethnicity,Total population,Age 44 - Two or more races,11.0,count,,"In ZIP code 78207 (San Antonio, TX), 2024, (Single-Year Age by Race/Ethnicity): Age 44 - Two or more races = 11. [Excel: Single-Year Age by Race (2024)]",
78207,Excel: Single-Year Age by Race (2024),2024,Single-Year Age by Race/Ethnicity,Total population,Age 44 - Hispanic or Latino (any race),606.0,count,,"In ZIP code 78207 (San Antonio, TX), 2024, (Single-Year Age by Race/Ethnicity): Age 44 - Hispanic or Latino (any race) = 606. [Excel: Single-Year Age by Race (2024)]",
78207,Excel: Single-Year Age by Race (2024),2024,Single-Year Age by Race/Ethnicity,Total population,Age 45 - Total,703.0,count,,"In ZIP code 78207 (San Antonio, TX), 2024, (Single-Year Age by Race/Ethnicity): Age 45 - Total = 703. [Excel: Single-Year Age by Race (2024)]",
78207,Excel: Single-Year Age by Race (2024),2024,Single-Year Age by Race/Ethnicity,Total population,Age 45 - White alone,474.0,count,,"In ZIP code 78207 (San Antonio, TX), 2024, (Single-Year Age by Race/Ethnicity): Age 45 - White alone = 474. [Excel: Single-Year Age by Race (2024)]",
78207,Excel: Single-Year Age by Race (2024),2024,Single-Year Age by Race/Ethnicity,Total population,Age 45 - Black or African American alone,31.0,count,,"In ZIP code 78207 (San Antonio, TX), 2024, (Single-Year Age by Race/Ethnicity): Age 45 - Black or African American alone = 31. [Excel: Single-Year Age by Race (2024)]",
78207,Excel: Single-Year Age by Race (2024),2024,Single-Year Age by Race/Ethnicity,Total population,Age 45 - American Indian and Alaska Native alone,9.0,count,,"In ZIP code 78207 (San Antonio, TX), 2024, (Single-Year Age by Race/Ethnicity): Age 45 - American Indian and Alaska Native alone = 9. [Excel: Single-Year Age by Race (2024)]",
78207,Excel: Single-Year Age by Race (2024),2024,Single-Year Age by Race/Ethnicity,Total population,Age 45 - Asian alone,1.0,count,,"In ZIP code 78207 (San Antonio, TX), 2024, (Single-Year Age by Race/Ethnicity): Age 45 - Asian alone = 1. [Excel: Single-Year Age by Race (2024)]",
78207,Excel: Single-Year Age by Race (2024),2024,Single-Year Age by Race/Ethnicity,Total population,Age 45 - Native Hawaiian and Other Pacific Islander alone,1.0,count,,"In ZIP code 78207 (San Antonio, TX), 2024, (Single-Year Age by Race/Ethnicity): Age 45 - Native Hawaiian and Other Pacific Islander alone = 1. [Excel: Single-Year Age by Race (2024)]",
78207,Excel: Single-Year Age by Race (2024),2024,Single-Year Age by Race/Ethnicity,Total population,Age 45 - Some other race alone,168.0,count,,"In ZIP code 78207 (San Antonio, TX), 2024, (Single-Year Age by Race/Ethnicity): Age 45 - Some other race alone = 168. [Excel: Single-Year Age by Race (2024)]",
78207,Excel: Single-Year Age by Race (2024),2024,Single-Year Age by Race/Ethnicity,Total population,Age 45 - Two or more races,19.0,count,,"In ZIP code 78207 (San Antonio, TX), 2024, (Single-Year Age by Race/Ethnicity): Age 45 - Two or more races = 19. [Excel: Single-Year Age by Race (2024)]",
78207,Excel: Single-Year Age by Race (2024),2024,Single-Year Age by Race/Ethnicity,Total population,Age 45 - Hispanic or Latino (any race),625.0,count,,"In ZIP code 78207 (San Antonio, TX), 2024, (Single-Year Age by Race/Ethnicity): Age 45 - Hispanic or Latino (any race) = 625. [Excel: Single-Year Age by Race (2024)]",
78207,Excel: Single-Year Age by Race (2024),2024,Single-Year Age by Race/Ethnicity,Total population,Age 46 - Total,642.0,count,,"In ZIP code 78207 (San Antonio, TX), 2024, (Single-Year Age by Race/Ethnicity): Age 46 - Total = 642. [Excel: Single-Year Age by Race (2024)]",
78207,Excel: Single-Year Age by Race (2024),2024,Single-Year Age by Race/Ethnicity,Total population,Age 46 - White alone,437.0,count,,"In ZIP code 78207 (San Antonio, TX), 2024, (Single-Year Age by Race/Ethnicity): Age 46 - White alone = 437. [Excel: Single-Year Age by Race (2024)]",
78207,Excel: Single-Year Age by Race (2024),2024,Single-Year Age by Race/Ethnicity,Total population,Age 46 - Black or African American alone,20.0,count,,"In ZIP code 78207 (San Antonio, TX), 2024, (Single-Year Age by Race/Ethnicity): Age 46 - Black or African American alone = 20. [Excel: Single-Year Age by Race (2024)]",
78207,Excel: Single-Year Age by Race (2024),2024,Single-Year Age by Race/Ethnicity,Total population,Age 46 - American Indian and Alaska Native alone,15.0,count,,"In ZIP code 78207 (San Antonio, TX), 2024, (Single-Year Age by Race/Ethnicity): Age 46 - American Indian and Alaska Native alone = 15. [Excel: Single-Year Age by Race (2024)]",
78207,Excel: Single-Year Age by Race (2024),2024,Single-Year Age by Race/Ethnicity,Total population,Age 46 - Asian alone,1.0,count,,"In ZIP code 78207 (San Antonio, TX), 2024, (Single-Year Age by Race/Ethnicity): Age 46 - Asian alone = 1. [Excel: Single-Year Age by Race (2024)]",
78207,Excel: Single-Year Age by Race (2024),2024,Single-Year Age by Race/Ethnicity,Total population,Age 46 - Native Hawaiian and Other Pacific Islander alone,1.0,count,,"In ZIP code 78207 (San Antonio, TX), 2024, (Single-Year Age by Race/Ethnicity): Age 46 - Native Hawaiian and Other Pacific Islander alone = 1. [Excel: Single-Year Age by Race (2024)]",
78207,Excel: Single-Year Age by Race (2024),2024,Single-Year Age by Race/Ethnicity,Total population,Age 46 - Some other race alone,150.0,count,,"In ZIP code 78207 (San Antonio, TX), 2024, (Single-Year Age by Race/Ethnicity): Age 46 - Some other race alone = 150. [Excel: Single-Year Age by Race (2024)]",
78207,Excel: Single-Year Age by Race (2024),2024,Single-Year Age by Race/Ethnicity,Total population,Age 46 - Two or more races,18.0,count,,"In ZIP code 78207 (San Antonio, TX), 2024, (Single-Year Age by Race/Ethnicity): Age 46 - Two or more races = 18. [Excel: Single-Year Age by Race (2024)]",
78207,Excel: Single-Year Age by Race (2024),2024,Single-Year Age by Race/Ethnicity,Total population,Age 46 - Hispanic or Latino (any race),585.0,count,,"In ZIP code 78207 (San Antonio, TX), 2024, (Single-Year Age by Race/Ethnicity): Age 46 - Hispanic or Latino (any race) = 585. [Excel: Single-Year Age by Race (2024)]",
78207,Excel: Single-Year Age by Race (2024),2024,Single-Year Age by Race/Ethnicity,Total population,Age 47 - Total,734.0,count,,"In ZIP code 78207 (San Antonio, TX), 2024, (Single-Year Age by Race/Ethnicity): Age 47 - Total = 734. [Excel: Single-Year Age by Race (2024)]",
78207,Excel: Single-Year Age by Race (2024),2024,Single-Year Age by Race/Ethnicity,Total population,Age 47 - White alone,513.0,count,,"In ZIP code 78207 (San Antonio, TX), 2024, (Single-Year Age by Race/Ethnicity): Age 47 - White alone = 513. [Excel: Single-Year Age by Race (2024)]",
78207,Excel: Single-Year Age by Race (2024),2024,Single-Year Age by Race/Ethnicity,Total population,Age 47 - Black or African American alone,30.0,count,,"In ZIP code 78207 (San Antonio, TX), 2024, (Single-Year Age by Race/Ethnicity): Age 47 - Black or African American alone = 30. [Excel: Single-Year Age by Race (2024)]",
78207,Excel: Single-Year Age by Race (2024),2024,Single-Year Age by Race/Ethnicity,Total population,Age 47 - American Indian and Alaska Native alone,14.0,count,,"In ZIP code 78207 (San Antonio, TX), 2024, (Single-Year Age by Race/Ethnicity): Age 47 - American Indian and Alaska Native alone = 14. [Excel: Single-Year Age by Race (2024)]",
78207,Excel: Single-Year Age by Race (2024),2024,Single-Year Age by Race/Ethnicity,Total population,Age 47 - Asian alone,1.0,count,,"In ZIP code 78207 (San Antonio, TX), 2024, (Single-Year Age by Race/Ethnicity): Age 47 - Asian alone = 1. [Excel: Single-Year Age by Race (2024)]",
78207,Excel: Single-Year Age by Race (2024),2024,Single-Year Age by Race/Ethnicity,Total population,Age 47 - Native Hawaiian and Other Pacific Islander alone,0.0,count,,"In ZIP code 78207 (San Antonio, TX), 2024, (Single-Year Age by Race/Ethnicity): Age 47 - Native Hawaiian and Other Pacific Islander alone = 0. [Excel: Single-Year Age by Race (2024)]",
78207,Excel: Single-Year Age by Race (2024),2024,Single-Year Age by Race/Ethnicity,Total population,Age 47 - Some other race alone,152.0,count,,"In ZIP code 78207 (San Antonio, TX), 2024, (Single-Year Age by Race/Ethnicity): Age 47 - Some other race alone = 152. [Excel: Single-Year Age by Race (2024)]",
78207,Excel: Single-Year Age by Race (2024),2024,Single-Year Age by Race/Ethnicity,Total population,Age 47 - Two or more races,24.0,count,,"In ZIP code 78207 (San Antonio, TX), 2024, (Single-Year Age by Race/Ethnicity): Age 47 - Two or more races = 24. [Excel: Single-Year Age by Race (2024)]",
78207,Excel: Single-Year Age by Race (2024),2024,Single-Year Age by Race/Ethnicity,Total population,Age 47 - Hispanic or Latino (any race),661.0,count,,"In ZIP code 78207 (San Antonio, TX), 2024, (Single-Year Age by Race/Ethnicity): Age 47 - Hispanic or Latino (any race) = 661. [Excel: Single-Year Age by Race (2024)]",
78207,Excel: Single-Year Age by Race (2024),2024,Single-Year Age by Race/Ethnicity,Total population,Age 48 - Total,719.0,count,,"In ZIP code 78207 (San Antonio, TX), 2024, (Single-Year Age by Race/Ethnicity): Age 48 - Total = 719. [Excel: Single-Year Age by Race (2024)]",
78207,Excel: Single-Year Age by Race (2024),2024,Single-Year Age by Race/Ethnicity,Total population,Age 48 - White alone,495.0,count,,"In ZIP code 78207 (San Antonio, TX), 2024, (Single-Year Age by Race/Ethnicity): Age 48 - White alone = 495. [Excel: Single-Year Age by Race (2024)]",
78207,Excel: Single-Year Age by Race (2024),2024,Single-Year Age by Race/Ethnicity,Total population,Age 48 - Black or African American alone,43.0,count,,"In ZIP code 78207 (San Antonio, TX), 2024, (Single-Year Age by Race/Ethnicity): Age 48 - Black or African American alone = 43. [Excel: Single-Year Age by Race (2024)]",
78207,Excel: Single-Year Age by Race (2024),2024,Single-Year Age by Race/Ethnicity,Total population,Age 48 - American Indian and Alaska Native alone,9.0,count,,"In ZIP code 78207 (San Antonio, TX), 2024, (Single-Year Age by Race/Ethnicity): Age 48 - American Indian and Alaska Native alone = 9. [Excel: Single-Year Age by Race (2024)]",
78207,Excel: Single-Year Age by Race (2024),2024,Single-Year Age by Race/Ethnicity,Total population,Age 48 - Asian alone,3.0,count,,"In ZIP code 78207 (San Antonio, TX), 2024, (Single-Year Age by Race/Ethnicity): Age 48 - Asian alone = 3. [Excel: Single-Year Age by Race (2024)]",
78207,Excel: Single-Year Age by Race (2024),2024,Single-Year Age by Race/Ethnicity,Total population,Age 48 - Native Hawaiian and Other Pacific Islander alone,0.0,count,,"In ZIP code 78207 (San Antonio, TX), 2024, (Single-Year Age by Race/Ethnicity): Age 48 - Native Hawaiian and Other Pacific Islander alone = 0. [Excel: Single-Year Age by Race (2024)]",
78207,Excel: Single-Year Age by Race (2024),2024,Single-Year Age by Race/Ethnicity,Total population,Age 48 - Some other race alone,148.0,count,,"In ZIP code 78207 (San Antonio, TX), 2024, (Single-Year Age by Race/Ethnicity): Age 48 - Some other race alone = 148. [Excel: Single-Year Age by Race (2024)]",
78207,Excel: Single-Year Age by Race (2024),2024,Single-Year Age by Race/Ethnicity,Total population,Age 48 - Two or more races,21.0,count,,"In ZIP code 78207 (San Antonio, TX), 2024, (Single-Year Age by Race/Ethnicity): Age 48 - Two or more races = 21. [Excel: Single-Year Age by Race (2024)]",
78207,Excel: Single-Year Age by Race (2024),2024,Single-Year Age by Race/Ethnicity,Total population,Age 48 - Hispanic or Latino (any race),625.0,count,,"In ZIP code 78207 (San Antonio, TX), 2024, (Single-Year Age by Race/Ethnicity): Age 48 - Hispanic or Latino (any race) = 625. [Excel: Single-Year Age by Race (2024)]",
78207,Excel: Single-Year Age by Race (2024),2024,Single-Year Age by Race/Ethnicity,Total population,Age 49 - Total,677.0,count,,"In ZIP code 78207 (San Antonio, TX), 2024, (Single-Year Age by Race/Ethnicity): Age 49 - Total = 677. [Excel: Single-Year Age by Race (2024)]",
78207,Excel: Single-Year Age by Race (2024),2024,Single-Year Age by Race/Ethnicity,Total population,Age 49 - White alone,472.0,count,,"In ZIP code 78207 (San Antonio, TX), 2024, (Single-Year Age by Race/Ethnicity): Age 49 - White alone = 472. [Excel: Single-Year Age by Race (2024)]",
78207,Excel: Single-Year Age by Race (2024),2024,Single-Year Age by Race/Ethnicity,Total population,Age 49 - Black or African American alone,30.0,count,,"In ZIP code 78207 (San Antonio, TX), 2024, (Single-Year Age by Race/Ethnicity): Age 49 - Black or African American alone = 30. [Excel: Single-Year Age by Race (2024)]",
78207,Excel: Single-Year Age by Race (2024),2024,Single-Year Age by Race/Ethnicity,Total population,Age 49 - American Indian and Alaska Native alone,13.0,count,,"In ZIP code 78207 (San Antonio, TX), 2024, (Single-Year Age by Race/Ethnicity): Age 49 - American Indian and Alaska Native alone = 13. [Excel: Single-Year Age by Race (2024)]",
78207,Excel: Single-Year Age by Race (2024),2024,Single-Year Age by Race/Ethnicity,Total population,Age 49 - Asian alone,0.0,count,,"In ZIP code 78207 (San Antonio, TX), 2024, (Single-Year Age by Race/Ethnicity): Age 49 - Asian alone = 0. [Excel: Single-Year Age by Race (2024)]",
78207,Excel: Single-Year Age by Race (2024),2024,Single-Year Age by Race/Ethnicity,Total population,Age 49 - Native Hawaiian and Other Pacific Islander alone,1.0,count,,"In ZIP code 78207 (San Antonio, TX), 2024, (Single-Year Age by Race/Ethnicity): Age 49 - Native Hawaiian and Other Pacific Islander alone = 1. [Excel: Single-Year Age by Race (2024)]",
78207,Excel: Single-Year Age by Race (2024),2024,Single-Year Age by Race/Ethnicity,Total population,Age 49 - Some other race alone,149.0,count,,"In ZIP code 78207 (San Antonio, TX), 2024, (Single-Year Age by Race/Ethnicity): Age 49 - Some other race alone = 149. [Excel: Single-Year Age by Race (2024)]",
78207,Excel: Single-Year Age by Race (2024),2024,Single-Year Age by Race/Ethnicity,Total population,Age 49 - Two or more races,12.0,count,,"In ZIP code 78207 (San Antonio, TX), 2024, (Single-Year Age by Race/Ethnicity): Age 49 - Two or more races = 12. [Excel: Single-Year Age by Race (2024)]",
78207,Excel: Single-Year Age by Race (2024),2024,Single-Year Age by Race/Ethnicity,Total population,Age 49 - Hispanic or Latino (any race),599.0,count,,"In ZIP code 78207 (San Antonio, TX), 2024, (Single-Year Age by Race/Ethnicity): Age 49 - Hispanic or Latino (any race) = 599. [Excel: Single-Year Age by Race (2024)]",
78207,Excel: Single-Year Age by Race (2024),2024,Single-Year Age by Race/Ethnicity,Total population,Age 50 - Total,751.0,count,,"In ZIP code 78207 (San Antonio, TX), 2024, (Single-Year Age by Race/Ethnicity): Age 50 - Total = 751. [Excel: Single-Year Age by Race (2024)]",
78207,Excel: Single-Year Age by Race (2024),2024,Single-Year Age by Race/Ethnicity,Total population,Age 50 - White alone,518.0,count,,"In ZIP code 78207 (San Antonio, TX), 2024, (Single-Year Age by Race/Ethnicity): Age 50 - White alone = 518. [Excel: Single-Year Age by Race (2024)]",
78207,Excel: Single-Year Age by Race (2024),2024,Single-Year Age by Race/Ethnicity,Total population,Age 50 - Black or African American alone,43.0,count,,"In ZIP code 78207 (San Antonio, TX), 2024, (Single-Year Age by Race/Ethnicity): Age 50 - Black or African American alone = 43. [Excel: Single-Year Age by Race (2024)]",
78207,Excel: Single-Year Age by Race (2024),2024,Single-Year Age by Race/Ethnicity,Total population,Age 50 - American Indian and Alaska Native alone,8.0,count,,"In ZIP code 78207 (San Antonio, TX), 2024, (Single-Year Age by Race/Ethnicity): Age 50 - American Indian and Alaska Native alone = 8. [Excel: Single-Year Age by Race (2024)]",
78207,Excel: Single-Year Age by Race (2024),2024,Single-Year Age by Race/Ethnicity,Total population,Age 50 - Asian alone,1.0,count,,"In ZIP code 78207 (San Antonio, TX), 2024, (Single-Year Age by Race/Ethnicity): Age 50 - Asian alone = 1. [Excel: Single-Year Age by Race (2024)]",
78207,Excel: Single-Year Age by Race (2024),2024,Single-Year Age by Race/Ethnicity,Total population,Age 50 - Native Hawaiian and Other Pacific Islander alone,0.0,count,,"In ZIP code 78207 (San Antonio, TX), 2024, (Single-Year Age by Race/Ethnicity): Age 50 - Native Hawaiian and Other Pacific Islander alone = 0. [Excel: Single-Year Age by Race (2024)]",
78207,Excel: Single-Year Age by Race (2024),2024,Single-Year Age by Race/Ethnicity,Total population,Age 50 - Some other race alone,172.0,count,,"In ZIP code 78207 (San Antonio, TX), 2024, (Single-Year Age by Race/Ethnicity): Age 50 - Some other race alone = 172. [Excel: Single-Year Age by Race (2024)]",
78207,Excel: Single-Year Age by Race (2024),2024,Single-Year Age by Race/Ethnicity,Total population,Age 50 - Two or more races,9.0,count,,"In ZIP code 78207 (San Antonio, TX), 2024, (Single-Year Age by Race/Ethnicity): Age 50 - Two or more races = 9. [Excel: Single-Year Age by Race (2024)]",
78207,Excel: Single-Year Age by Race (2024),2024,Single-Year Age by Race/Ethnicity,Total population,Age 50 - Hispanic or Latino (any race),668.0,count,,"In ZIP code 78207 (San Antonio, TX), 2024, (Single-Year Age by Race/Ethnicity): Age 50 - Hispanic or Latino (any race) = 668. [Excel: Single-Year Age by Race (2024)]",
78207,Excel: Single-Year Age by Race (2024),2024,Single-Year Age by Race/Ethnicity,Total population,Age 51 - Total,637.0,count,,"In ZIP code 78207 (San Antonio, TX), 2024, (Single-Year Age by Race/Ethnicity): Age 51 - Total = 637. [Excel: Single-Year Age by Race (2024)]",
78207,Excel: Single-Year Age by Race (2024),2024,Single-Year Age by Race/Ethnicity,Total population,Age 51 - White alone,455.0,count,,"In ZIP code 78207 (San Antonio, TX), 2024, (Single-Year Age by Race/Ethnicity): Age 51 - White alone = 455. [Excel: Single-Year Age by Race (2024)]",
78207,Excel: Single-Year Age by Race (2024),2024,Single-Year Age by Race/Ethnicity,Total population,Age 51 - Black or African American alone,25.0,count,,"In ZIP code 78207 (San Antonio, TX), 2024, (Single-Year Age by Race/Ethnicity): Age 51 - Black or African American alone = 25. [Excel: Single-Year Age by Race (2024)]",
78207,Excel: Single-Year Age by Race (2024),2024,Single-Year Age by Race/Ethnicity,Total population,Age 51 - American Indian and Alaska Native alone,10.0,count,,"In ZIP code 78207 (San Antonio, TX), 2024, (Single-Year Age by Race/Ethnicity): Age 51 - American Indian and Alaska Native alone = 10. [Excel: Single-Year Age by Race (2024)]",
78207,Excel: Single-Year Age by Race (2024),2024,Single-Year Age by Race/Ethnicity,Total population,Age 51 - Asian alone,1.0,count,,"In ZIP code 78207 (San Antonio, TX), 2024, (Single-Year Age by Race/Ethnicity): Age 51 - Asian alone = 1. [Excel: Single-Year Age by Race (2024)]",
78207,Excel: Single-Year Age by Race (2024),2024,Single-Year Age by Race/Ethnicity,Total population,Age 51 - Native Hawaiian and Other Pacific Islander alone,0.0,count,,"In ZIP code 78207 (San Antonio, TX), 2024, (Single-Year Age by Race/Ethnicity): Age 51 - Native Hawaiian and Other Pacific Islander alone = 0. [Excel: Single-Year Age by Race (2024)]",
78207,Excel: Single-Year Age by Race (2024),2024,Single-Year Age by Race/Ethnicity,Total population,Age 51 - Some other race alone,122.0,count,,"In ZIP code 78207 (San Antonio, TX), 2024, (Single-Year Age by Race/Ethnicity): Age 51 - Some other race alone = 122. [Excel: Single-Year Age by Race (2024)]",
78207,Excel: Single-Year Age by Race (2024),2024,Single-Year Age by Race/Ethnicity,Total population,Age 51 - Two or more races,24.0,count,,"In ZIP code 78207 (San Antonio, TX), 2024, (Single-Year Age by Race/Ethnicity): Age 51 - Two or more races = 24. [Excel: Single-Year Age by Race (2024)]",
78207,Excel: Single-Year Age by Race (2024),2024,Single-Year Age by Race/Ethnicity,Total population,Age 51 - Hispanic or Latino (any race),572.0,count,,"In ZIP code 78207 (San Antonio, TX), 2024, (Single-Year Age by Race/Ethnicity): Age 51 - Hispanic or Latino (any race) = 572. [Excel: Single-Year Age by Race (2024)]",
78207,Excel: Single-Year Age by Race (2024),2024,Single-Year Age by Race/Ethnicity,Total population,Age 52 - Total,604.0,count,,"In ZIP code 78207 (San Antonio, TX), 2024, (Single-Year Age by Race/Ethnicity): Age 52 - Total = 604. [Excel: Single-Year Age by Race (2024)]",
78207,Excel: Single-Year Age by Race (2024),2024,Single-Year Age by Race/Ethnicity,Total population,Age 52 - White alone,437.0,count,,"In ZIP code 78207 (San Antonio, TX), 2024, (Single-Year Age by Race/Ethnicity): Age 52 - White alone = 437. [Excel: Single-Year Age by Race (2024)]",
78207,Excel: Single-Year Age by Race (2024),2024,Single-Year Age by Race/Ethnicity,Total population,Age 52 - Black or African American alone,23.0,count,,"In ZIP code 78207 (San Antonio, TX), 2024, (Single-Year Age by Race/Ethnicity): Age 52 - Black or African American alone = 23. [Excel: Single-Year Age by Race (2024)]",
78207,Excel: Single-Year Age by Race (2024),2024,Single-Year Age by Race/Ethnicity,Total population,Age 52 - American Indian and Alaska Native alone,6.0,count,,"In ZIP code 78207 (San Antonio, TX), 2024, (Single-Year Age by Race/Ethnicity): Age 52 - American Indian and Alaska Native alone = 6. [Excel: Single-Year Age by Race (2024)]",
78207,Excel: Single-Year Age by Race (2024),2024,Single-Year Age by Race/Ethnicity,Total population,Age 52 - Asian alone,1.0,count,,"In ZIP code 78207 (San Antonio, TX), 2024, (Single-Year Age by Race/Ethnicity): Age 52 - Asian alone = 1. [Excel: Single-Year Age by Race (2024)]",
78207,Excel: Single-Year Age by Race (2024),2024,Single-Year Age by Race/Ethnicity,Total population,Age 52 - Native Hawaiian and Other Pacific Islander alone,0.0,count,,"In ZIP code 78207 (San Antonio, TX), 2024, (Single-Year Age by Race/Ethnicity): Age 52 - Native Hawaiian and Other Pacific Islander alone = 0. [Excel: Single-Year Age by Race (2024)]",
78207,Excel: Single-Year Age by Race (2024),2024,Single-Year Age by Race/Ethnicity,Total population,Age 52 - Some other race alone,121.0,count,,"In ZIP code 78207 (San Antonio, TX), 2024, (Single-Year Age by Race/Ethnicity): Age 52 - Some other race alone = 121. [Excel: Single-Year Age by Race (2024)]",
78207,Excel: Single-Year Age by Race (2024),2024,Single-Year Age by Race/Ethnicity,Total population,Age 52 - Two or more races,16.0,count,,"In ZIP code 78207 (San Antonio, TX), 2024, (Single-Year Age by Race/Ethnicity): Age 52 - Two or more races = 16. [Excel: Single-Year Age by Race (2024)]",
78207,Excel: Single-Year Age by Race (2024),2024,Single-Year Age by Race/Ethnicity,Total population,Age 52 - Hispanic or Latino (any race),535.0,count,,"In ZIP code 78207 (San Antonio, TX), 2024, (Single-Year Age by Race/Ethnicity): Age 52 - Hispanic or Latino (any race) = 535. [Excel: Single-Year Age by Race (2024)]",
78207,Excel: Single-Year Age by Race (2024),2024,Single-Year Age by Race/Ethnicity,Total population,Age 53 - Total,661.0,count,,"In ZIP code 78207 (San Antonio, TX), 2024, (Single-Year Age by Race/Ethnicity): Age 53 - Total = 661. [Excel: Single-Year Age by Race (2024)]",
78207,Excel: Single-Year Age by Race (2024),2024,Single-Year Age by Race/Ethnicity,Total population,Age 53 - White alone,454.0,count,,"In ZIP code 78207 (San Antonio, TX), 2024, (Single-Year Age by Race/Ethnicity): Age 53 - White alone = 454. [Excel: Single-Year Age by Race (2024)]",
78207,Excel: Single-Year Age by Race (2024),2024,Single-Year Age by Race/Ethnicity,Total population,Age 53 - Black or African American alone,27.0,count,,"In ZIP code 78207 (San Antonio, TX), 2024, (Single-Year Age by Race/Ethnicity): Age 53 - Black or African American alone = 27. [Excel: Single-Year Age by Race (2024)]",
78207,Excel: Single-Year Age by Race (2024),2024,Single-Year Age by Race/Ethnicity,Total population,Age 53 - American Indian and Alaska Native alone,9.0,count,,"In ZIP code 78207 (San Antonio, TX), 2024, (Single-Year Age by Race/Ethnicity): Age 53 - American Indian and Alaska Native alone = 9. [Excel: Single-Year Age by Race (2024)]",
78207,Excel: Single-Year Age by Race (2024),2024,Single-Year Age by Race/Ethnicity,Total population,Age 53 - Asian alone,3.0,count,,"In ZIP code 78207 (San Antonio, TX), 2024, (Single-Year Age by Race/Ethnicity): Age 53 - Asian alone = 3. [Excel: Single-Year Age by Race (2024)]",
78207,Excel: Single-Year Age by Race (2024),2024,Single-Year Age by Race/Ethnicity,Total population,Age 53 - Native Hawaiian and Other Pacific Islander alone,0.0,count,,"In ZIP code 78207 (San Antonio, TX), 2024, (Single-Year Age by Race/Ethnicity): Age 53 - Native Hawaiian and Other Pacific Islander alone = 0. [Excel: Single-Year Age by Race (2024)]",
78207,Excel: Single-Year Age by Race (2024),2024,Single-Year Age by Race/Ethnicity,Total population,Age 53 - Some other race alone,147.0,count,,"In ZIP code 78207 (San Antonio, TX), 2024, (Single-Year Age by Race/Ethnicity): Age 53 - Some other race alone = 147. [Excel: Single-Year Age by Race (2024)]",
78207,Excel: Single-Year Age by Race (2024),2024,Single-Year Age by Race/Ethnicity,Total population,Age 53 - Two or more races,21.0,count,,"In ZIP code 78207 (San Antonio, TX), 2024, (Single-Year Age by Race/Ethnicity): Age 53 - Two or more races = 21. [Excel: Single-Year Age by Race (2024)]",
78207,Excel: Single-Year Age by Race (2024),2024,Single-Year Age by Race/Ethnicity,Total population,Age 53 - Hispanic or Latino (any race),593.0,count,,"In ZIP code 78207 (San Antonio, TX), 2024, (Single-Year Age by Race/Ethnicity): Age 53 - Hispanic or Latino (any race) = 593. [Excel: Single-Year Age by Race (2024)]",
78207,Excel: Single-Year Age by Race (2024),2024,Single-Year Age by Race/Ethnicity,Total population,Age 54 - Total,620.0,count,,"In ZIP code 78207 (San Antonio, TX), 2024, (Single-Year Age by Race/Ethnicity): Age 54 - Total = 620. [Excel: Single-Year Age by Race (2024)]",
78207,Excel: Single-Year Age by Race (2024),2024,Single-Year Age by Race/Ethnicity,Total population,Age 54 - White alone,415.0,count,,"In ZIP code 78207 (San Antonio, TX), 2024, (Single-Year Age by Race/Ethnicity): Age 54 - White alone = 415. [Excel: Single-Year Age by Race (2024)]",
78207,Excel: Single-Year Age by Race (2024),2024,Single-Year Age by Race/Ethnicity,Total population,Age 54 - Black or African American alone,21.0,count,,"In ZIP code 78207 (San Antonio, TX), 2024, (Single-Year Age by Race/Ethnicity): Age 54 - Black or African American alone = 21. [Excel: Single-Year Age by Race (2024)]",
78207,Excel: Single-Year Age by Race (2024),2024,Single-Year Age by Race/Ethnicity,Total population,Age 54 - American Indian and Alaska Native alone,12.0,count,,"In ZIP code 78207 (San Antonio, TX), 2024, (Single-Year Age by Race/Ethnicity): Age 54 - American Indian and Alaska Native alone = 12. [Excel: Single-Year Age by Race (2024)]",
78207,Excel: Single-Year Age by Race (2024),2024,Single-Year Age by Race/Ethnicity,Total population,Age 54 - Asian alone,2.0,count,,"In ZIP code 78207 (San Antonio, TX), 2024, (Single-Year Age by Race/Ethnicity): Age 54 - Asian alone = 2. [Excel: Single-Year Age by Race (2024)]",
78207,Excel: Single-Year Age by Race (2024),2024,Single-Year Age by Race/Ethnicity,Total population,Age 54 - Native Hawaiian and Other Pacific Islander alone,0.0,count,,"In ZIP code 78207 (San Antonio, TX), 2024, (Single-Year Age by Race/Ethnicity): Age 54 - Native Hawaiian and Other Pacific Islander alone = 0. [Excel: Single-Year Age by Race (2024)]",
78207,Excel: Single-Year Age by Race (2024),2024,Single-Year Age by Race/Ethnicity,Total population,Age 54 - Some other race alone,151.0,count,,"In ZIP code 78207 (San Antonio, TX), 2024, (Single-Year Age by Race/Ethnicity): Age 54 - Some other race alone = 151. [Excel: Single-Year Age by Race (2024)]",
78207,Excel: Single-Year Age by Race (2024),2024,Single-Year Age by Race/Ethnicity,Total population,Age 54 - Two or more races,19.0,count,,"In ZIP code 78207 (San Antonio, TX), 2024, (Single-Year Age by Race/Ethnicity): Age 54 - Two or more races = 19. [Excel: Single-Year Age by Race (2024)]",
78207,Excel: Single-Year Age by Race (2024),2024,Single-Year Age by Race/Ethnicity,Total population,Age 54 - Hispanic or Latino (any race),561.0,count,,"In ZIP code 78207 (San Antonio, TX), 2024, (Single-Year Age by Race/Ethnicity): Age 54 - Hispanic or Latino (any race) = 561. [Excel: Single-Year Age by Race (2024)]",
78207,Excel: Single-Year Age by Race (2024),2024,Single-Year Age by Race/Ethnicity,Total population,Age 55 - Total,576.0,count,,"In ZIP code 78207 (San Antonio, TX), 2024, (Single-Year Age by Race/Ethnicity): Age 55 - Total = 576. [Excel: Single-Year Age by Race (2024)]",
78207,Excel: Single-Year Age by Race (2024),2024,Single-Year Age by Race/Ethnicity,Total population,Age 55 - White alone,413.0,count,,"In ZIP code 78207 (San Antonio, TX), 2024, (Single-Year Age by Race/Ethnicity): Age 55 - White alone = 413. [Excel: Single-Year Age by Race (2024)]",
78207,Excel: Single-Year Age by Race (2024),2024,Single-Year Age by Race/Ethnicity,Total population,Age 55 - Black or African American alone,12.0,count,,"In ZIP code 78207 (San Antonio, TX), 2024, (Single-Year Age by Race/Ethnicity): Age 55 - Black or African American alone = 12. [Excel: Single-Year Age by Race (2024)]",
78207,Excel: Single-Year Age by Race (2024),2024,Single-Year Age by Race/Ethnicity,Total population,Age 55 - American Indian and Alaska Native alone,8.0,count,,"In ZIP code 78207 (San Antonio, TX), 2024, (Single-Year Age by Race/Ethnicity): Age 55 - American Indian and Alaska Native alone = 8. [Excel: Single-Year Age by Race (2024)]",
78207,Excel: Single-Year Age by Race (2024),2024,Single-Year Age by Race/Ethnicity,Total population,Age 55 - Asian alone,1.0,count,,"In ZIP code 78207 (San Antonio, TX), 2024, (Single-Year Age by Race/Ethnicity): Age 55 - Asian alone = 1. [Excel: Single-Year Age by Race (2024)]",
78207,Excel: Single-Year Age by Race (2024),2024,Single-Year Age by Race/Ethnicity,Total population,Age 55 - Native Hawaiian and Other Pacific Islander alone,0.0,count,,"In ZIP code 78207 (San Antonio, TX), 2024, (Single-Year Age by Race/Ethnicity): Age 55 - Native Hawaiian and Other Pacific Islander alone = 0. [Excel: Single-Year Age by Race (2024)]",
78207,Excel: Single-Year Age by Race (2024),2024,Single-Year Age by Race/Ethnicity,Total population,Age 55 - Some other race alone,122.0,count,,"In ZIP code 78207 (San Antonio, TX), 2024, (Single-Year Age by Race/Ethnicity): Age 55 - Some other race alone = 122. [Excel: Single-Year Age by Race (2024)]",
78207,Excel: Single-Year Age by Race (2024),2024,Single-Year Age by Race/Ethnicity,Total population,Age 55 - Two or more races,20.0,count,,"In ZIP code 78207 (San Antonio, TX), 2024, (Single-Year Age by Race/Ethnicity): Age 55 - Two or more races = 20. [Excel: Single-Year Age by Race (2024)]",
78207,Excel: Single-Year Age by Race (2024),2024,Single-Year Age by Race/Ethnicity,Total population,Age 55 - Hispanic or Latino (any race),520.0,count,,"In ZIP code 78207 (San Antonio, TX), 2024, (Single-Year Age by Race/Ethnicity): Age 55 - Hispanic or Latino (any race) = 520. [Excel: Single-Year Age by Race (2024)]",
78207,Excel: Single-Year Age by Race (2024),2024,Single-Year Age by Race/Ethnicity,Total population,Age 56 - Total,543.0,count,,"In ZIP code 78207 (San Antonio, TX), 2024, (Single-Year Age by Race/Ethnicity): Age 56 - Total = 543. [Excel: Single-Year Age by Race (2024)]",
78207,Excel: Single-Year Age by Race (2024),2024,Single-Year Age by Race/Ethnicity,Total population,Age 56 - White alone,378.0,count,,"In ZIP code 78207 (San Antonio, TX), 2024, (Single-Year Age by Race/Ethnicity): Age 56 - White alone = 378. [Excel: Single-Year Age by Race (2024)]",
78207,Excel: Single-Year Age by Race (2024),2024,Single-Year Age by Race/Ethnicity,Total population,Age 56 - Black or African American alone,21.0,count,,"In ZIP code 78207 (San Antonio, TX), 2024, (Single-Year Age by Race/Ethnicity): Age 56 - Black or African American alone = 21. [Excel: Single-Year Age by Race (2024)]",
78207,Excel: Single-Year Age by Race (2024),2024,Single-Year Age by Race/Ethnicity,Total population,Age 56 - American Indian and Alaska Native alone,12.0,count,,"In ZIP code 78207 (San Antonio, TX), 2024, (Single-Year Age by Race/Ethnicity): Age 56 - American Indian and Alaska Native alone = 12. [Excel: Single-Year Age by Race (2024)]",
78207,Excel: Single-Year Age by Race (2024),2024,Single-Year Age by Race/Ethnicity,Total population,Age 56 - Asian alone,2.0,count,,"In ZIP code 78207 (San Antonio, TX), 2024, (Single-Year Age by Race/Ethnicity): Age 56 - Asian alone = 2. [Excel: Single-Year Age by Race (2024)]",
78207,Excel: Single-Year Age by Race (2024),2024,Single-Year Age by Race/Ethnicity,Total population,Age 56 - Native Hawaiian and Other Pacific Islander alone,0.0,count,,"In ZIP code 78207 (San Antonio, TX), 2024, (Single-Year Age by Race/Ethnicity): Age 56 - Native Hawaiian and Other Pacific Islander alone = 0. [Excel: Single-Year Age by Race (2024)]",
78207,Excel: Single-Year Age by Race (2024),2024,Single-Year Age by Race/Ethnicity,Total population,Age 56 - Some other race alone,114.0,count,,"In ZIP code 78207 (San Antonio, TX), 2024, (Single-Year Age by Race/Ethnicity): Age 56 - Some other race alone = 114. [Excel: Single-Year Age by Race (2024)]",
78207,Excel: Single-Year Age by Race (2024),2024,Single-Year Age by Race/Ethnicity,Total population,Age 56 - Two or more races,16.0,count,,"In ZIP code 78207 (San Antonio, TX), 2024, (Single-Year Age by Race/Ethnicity): Age 56 - Two or more races = 16. [Excel: Single-Year Age by Race (2024)]",
78207,Excel: Single-Year Age by Race (2024),2024,Single-Year Age by Race/Ethnicity,Total population,Age 56 - Hispanic or Latino (any race),489.0,count,,"In ZIP code 78207 (San Antonio, TX), 2024, (Single-Year Age by Race/Ethnicity): Age 56 - Hispanic or Latino (any race) = 489. [Excel: Single-Year Age by Race (2024)]",
78207,Excel: Single-Year Age by Race (2024),2024,Single-Year Age by Race/Ethnicity,Total population,Age 57 - Total,501.0,count,,"In ZIP code 78207 (San Antonio, TX), 2024, (Single-Year Age by Race/Ethnicity): Age 57 - Total = 501. [Excel: Single-Year Age by Race (2024)]",
78207,Excel: Single-Year Age by Race (2024),2024,Single-Year Age by Race/Ethnicity,Total population,Age 57 - White alone,339.0,count,,"In ZIP code 78207 (San Antonio, TX), 2024, (Single-Year Age by Race/Ethnicity): Age 57 - White alone = 339. [Excel: Single-Year Age by Race (2024)]",
78207,Excel: Single-Year Age by Race (2024),2024,Single-Year Age by Race/Ethnicity,Total population,Age 57 - Black or African American alone,18.0,count,,"In ZIP code 78207 (San Antonio, TX), 2024, (Single-Year Age by Race/Ethnicity): Age 57 - Black or African American alone = 18. [Excel: Single-Year Age by Race (2024)]",
78207,Excel: Single-Year Age by Race (2024),2024,Single-Year Age by Race/Ethnicity,Total population,Age 57 - American Indian and Alaska Native alone,7.0,count,,"In ZIP code 78207 (San Antonio, TX), 2024, (Single-Year Age by Race/Ethnicity): Age 57 - American Indian and Alaska Native alone = 7. [Excel: Single-Year Age by Race (2024)]",
78207,Excel: Single-Year Age by Race (2024),2024,Single-Year Age by Race/Ethnicity,Total population,Age 57 - Asian alone,0.0,count,,"In ZIP code 78207 (San Antonio, TX), 2024, (Single-Year Age by Race/Ethnicity): Age 57 - Asian alone = 0. [Excel: Single-Year Age by Race (2024)]",
78207,Excel: Single-Year Age by Race (2024),2024,Single-Year Age by Race/Ethnicity,Total population,Age 57 - Native Hawaiian and Other Pacific Islander alone,2.0,count,,"In ZIP code 78207 (San Antonio, TX), 2024, (Single-Year Age by Race/Ethnicity): Age 57 - Native Hawaiian and Other Pacific Islander alone = 2. [Excel: Single-Year Age by Race (2024)]",
78207,Excel: Single-Year Age by Race (2024),2024,Single-Year Age by Race/Ethnicity,Total population,Age 57 - Some other race alone,117.0,count,,"In ZIP code 78207 (San Antonio, TX), 2024, (Single-Year Age by Race/Ethnicity): Age 57 - Some other race alone = 117. [Excel: Single-Year Age by Race (2024)]",
78207,Excel: Single-Year Age by Race (2024),2024,Single-Year Age by Race/Ethnicity,Total population,Age 57 - Two or more races,18.0,count,,"In ZIP code 78207 (San Antonio, TX), 2024, (Single-Year Age by Race/Ethnicity): Age 57 - Two or more races = 18. [Excel: Single-Year Age by Race (2024)]",
78207,Excel: Single-Year Age by Race (2024),2024,Single-Year Age by Race/Ethnicity,Total population,Age 57 - Hispanic or Latino (any race),450.0,count,,"In ZIP code 78207 (San Antonio, TX), 2024, (Single-Year Age by Race/Ethnicity): Age 57 - Hispanic or Latino (any race) = 450. [Excel: Single-Year Age by Race (2024)]",
78207,Excel: Single-Year Age by Race (2024),2024,Single-Year Age by Race/Ethnicity,Total population,Age 58 - Total,507.0,count,,"In ZIP code 78207 (San Antonio, TX), 2024, (Single-Year Age by Race/Ethnicity): Age 58 - Total = 507. [Excel: Single-Year Age by Race (2024)]",
78207,Excel: Single-Year Age by Race (2024),2024,Single-Year Age by Race/Ethnicity,Total population,Age 58 - White alone,376.0,count,,"In ZIP code 78207 (San Antonio, TX), 2024, (Single-Year Age by Race/Ethnicity): Age 58 - White alone = 376. [Excel: Single-Year Age by Race (2024)]",
78207,Excel: Single-Year Age by Race (2024),2024,Single-Year Age by Race/Ethnicity,Total population,Age 58 - Black or African American alone,19.0,count,,"In ZIP code 78207 (San Antonio, TX), 2024, (Single-Year Age by Race/Ethnicity): Age 58 - Black or African American alone = 19. [Excel: Single-Year Age by Race (2024)]",
78207,Excel: Single-Year Age by Race (2024),2024,Single-Year Age by Race/Ethnicity,Total population,Age 58 - American Indian and Alaska Native alone,8.0,count,,"In ZIP code 78207 (San Antonio, TX), 2024, (Single-Year Age by Race/Ethnicity): Age 58 - American Indian and Alaska Native alone = 8. [Excel: Single-Year Age by Race (2024)]",
78207,Excel: Single-Year Age by Race (2024),2024,Single-Year Age by Race/Ethnicity,Total population,Age 58 - Asian alone,0.0,count,,"In ZIP code 78207 (San Antonio, TX), 2024, (Single-Year Age by Race/Ethnicity): Age 58 - Asian alone = 0. [Excel: Single-Year Age by Race (2024)]",
78207,Excel: Single-Year Age by Race (2024),2024,Single-Year Age by Race/Ethnicity,Total population,Age 58 - Native Hawaiian and Other Pacific Islander alone,0.0,count,,"In ZIP code 78207 (San Antonio, TX), 2024, (Single-Year Age by Race/Ethnicity): Age 58 - Native Hawaiian and Other Pacific Islander alone = 0. [Excel: Single-Year Age by Race (2024)]",
78207,Excel: Single-Year Age by Race (2024),2024,Single-Year Age by Race/Ethnicity,Total population,Age 58 - Some other race alone,93.0,count,,"In ZIP code 78207 (San Antonio, TX), 2024, (Single-Year Age by Race/Ethnicity): Age 58 - Some other race alone = 93. [Excel: Single-Year Age by Race (2024)]",
78207,Excel: Single-Year Age by Race (2024),2024,Single-Year Age by Race/Ethnicity,Total population,Age 58 - Two or more races,11.0,count,,"In ZIP code 78207 (San Antonio, TX), 2024, (Single-Year Age by Race/Ethnicity): Age 58 - Two or more races = 11. [Excel: Single-Year Age by Race (2024)]",
78207,Excel: Single-Year Age by Race (2024),2024,Single-Year Age by Race/Ethnicity,Total population,Age 58 - Hispanic or Latino (any race),456.0,count,,"In ZIP code 78207 (San Antonio, TX), 2024, (Single-Year Age by Race/Ethnicity): Age 58 - Hispanic or Latino (any race) = 456. [Excel: Single-Year Age by Race (2024)]",
78207,Excel: Single-Year Age by Race (2024),2024,Single-Year Age by Race/Ethnicity,Total population,Age 59 - Total,510.0,count,,"In ZIP code 78207 (San Antonio, TX), 2024, (Single-Year Age by Race/Ethnicity): Age 59 - Total = 510. [Excel: Single-Year Age by Race (2024)]",
78207,Excel: Single-Year Age by Race (2024),2024,Single-Year Age by Race/Ethnicity,Total population,Age 59 - White alone,381.0,count,,"In ZIP code 78207 (San Antonio, TX), 2024, (Single-Year Age by Race/Ethnicity): Age 59 - White alone = 381. [Excel: Single-Year Age by Race (2024)]",
78207,Excel: Single-Year Age by Race (2024),2024,Single-Year Age by Race/Ethnicity,Total population,Age 59 - Black or African American alone,17.0,count,,"In ZIP code 78207 (San Antonio, TX), 2024, (Single-Year Age by Race/Ethnicity): Age 59 - Black or African American alone = 17. [Excel: Single-Year Age by Race (2024)]",
78207,Excel: Single-Year Age by Race (2024),2024,Single-Year Age by Race/Ethnicity,Total population,Age 59 - American Indian and Alaska Native alone,8.0,count,,"In ZIP code 78207 (San Antonio, TX), 2024, (Single-Year Age by Race/Ethnicity): Age 59 - American Indian and Alaska Native alone = 8. [Excel: Single-Year Age by Race (2024)]",
78207,Excel: Single-Year Age by Race (2024),2024,Single-Year Age by Race/Ethnicity,Total population,Age 59 - Asian alone,0.0,count,,"In ZIP code 78207 (San Antonio, TX), 2024, (Single-Year Age by Race/Ethnicity): Age 59 - Asian alone = 0. [Excel: Single-Year Age by Race (2024)]",
78207,Excel: Single-Year Age by Race (2024),2024,Single-Year Age by Race/Ethnicity,Total population,Age 59 - Native Hawaiian and Other Pacific Islander alone,0.0,count,,"In ZIP code 78207 (San Antonio, TX), 2024, (Single-Year Age by Race/Ethnicity): Age 59 - Native Hawaiian and Other Pacific Islander alone = 0. [Excel: Single-Year Age by Race (2024)]",
78207,Excel: Single-Year Age by Race (2024),2024,Single-Year Age by Race/Ethnicity,Total population,Age 59 - Some other race alone,88.0,count,,"In ZIP code 78207 (San Antonio, TX), 2024, (Single-Year Age by Race/Ethnicity): Age 59 - Some other race alone = 88. [Excel: Single-Year Age by Race (2024)]",
78207,Excel: Single-Year Age by Race (2024),2024,Single-Year Age by Race/Ethnicity,Total population,Age 59 - Two or more races,16.0,count,,"In ZIP code 78207 (San Antonio, TX), 2024, (Single-Year Age by Race/Ethnicity): Age 59 - Two or more races = 16. [Excel: Single-Year Age by Race (2024)]",
78207,Excel: Single-Year Age by Race (2024),2024,Single-Year Age by Race/Ethnicity,Total population,Age 59 - Hispanic or Latino (any race),462.0,count,,"In ZIP code 78207 (San Antonio, TX), 2024, (Single-Year Age by Race/Ethnicity): Age 59 - Hispanic or Latino (any race) = 462. [Excel: Single-Year Age by Race (2024)]",
78207,Excel: Single-Year Age by Race (2024),2024,Single-Year Age by Race/Ethnicity,Total population,Age 60 - Total,517.0,count,,"In ZIP code 78207 (San Antonio, TX), 2024, (Single-Year Age by Race/Ethnicity): Age 60 - Total = 517. [Excel: Single-Year Age by Race (2024)]",
78207,Excel: Single-Year Age by Race (2024),2024,Single-Year Age by Race/Ethnicity,Total population,Age 60 - White alone,376.0,count,,"In ZIP code 78207 (San Antonio, TX), 2024, (Single-Year Age by Race/Ethnicity): Age 60 - White alone = 376. [Excel: Single-Year Age by Race (2024)]",
78207,Excel: Single-Year Age by Race (2024),2024,Single-Year Age by Race/Ethnicity,Total population,Age 60 - Black or African American alone,19.0,count,,"In ZIP code 78207 (San Antonio, TX), 2024, (Single-Year Age by Race/Ethnicity): Age 60 - Black or African American alone = 19. [Excel: Single-Year Age by Race (2024)]",
78207,Excel: Single-Year Age by Race (2024),2024,Single-Year Age by Race/Ethnicity,Total population,Age 60 - American Indian and Alaska Native alone,8.0,count,,"In ZIP code 78207 (San Antonio, TX), 2024, (Single-Year Age by Race/Ethnicity): Age 60 - American Indian and Alaska Native alone = 8. [Excel: Single-Year Age by Race (2024)]",
78207,Excel: Single-Year Age by Race (2024),2024,Single-Year Age by Race/Ethnicity,Total population,Age 60 - Asian alone,1.0,count,,"In ZIP code 78207 (San Antonio, TX), 2024, (Single-Year Age by Race/Ethnicity): Age 60 - Asian alone = 1. [Excel: Single-Year Age by Race (2024)]",
78207,Excel: Single-Year Age by Race (2024),2024,Single-Year Age by Race/Ethnicity,Total population,Age 60 - Native Hawaiian and Other Pacific Islander alone,1.0,count,,"In ZIP code 78207 (San Antonio, TX), 2024, (Single-Year Age by Race/Ethnicity): Age 60 - Native Hawaiian and Other Pacific Islander alone = 1. [Excel: Single-Year Age by Race (2024)]",
78207,Excel: Single-Year Age by Race (2024),2024,Single-Year Age by Race/Ethnicity,Total population,Age 60 - Some other race alone,98.0,count,,"In ZIP code 78207 (San Antonio, TX), 2024, (Single-Year Age by Race/Ethnicity): Age 60 - Some other race alone = 98. [Excel: Single-Year Age by Race (2024)]",
78207,Excel: Single-Year Age by Race (2024),2024,Single-Year Age by Race/Ethnicity,Total population,Age 60 - Two or more races,14.0,count,,"In ZIP code 78207 (San Antonio, TX), 2024, (Single-Year Age by Race/Ethnicity): Age 60 - Two or more races = 14. [Excel: Single-Year Age by Race (2024)]",
78207,Excel: Single-Year Age by Race (2024),2024,Single-Year Age by Race/Ethnicity,Total population,Age 60 - Hispanic or Latino (any race),476.0,count,,"In ZIP code 78207 (San Antonio, TX), 2024, (Single-Year Age by Race/Ethnicity): Age 60 - Hispanic or Latino (any race) = 476. [Excel: Single-Year Age by Race (2024)]",
78207,Excel: Single-Year Age by Race (2024),2024,Single-Year Age by Race/Ethnicity,Total population,Age 61 - Total,472.0,count,,"In ZIP code 78207 (San Antonio, TX), 2024, (Single-Year Age by Race/Ethnicity): Age 61 - Total = 472. [Excel: Single-Year Age by Race (2024)]",
78207,Excel: Single-Year Age by Race (2024),2024,Single-Year Age by Race/Ethnicity,Total population,Age 61 - White alone,356.0,count,,"In ZIP code 78207 (San Antonio, TX), 2024, (Single-Year Age by Race/Ethnicity): Age 61 - White alone = 356. [Excel: Single-Year Age by Race (2024)]",
78207,Excel: Single-Year Age by Race (2024),2024,Single-Year Age by Race/Ethnicity,Total population,Age 61 - Black or African American alone,11.0,count,,"In ZIP code 78207 (San Antonio, TX), 2024, (Single-Year Age by Race/Ethnicity): Age 61 - Black or African American alone = 11. [Excel: Single-Year Age by Race (2024)]",
78207,Excel: Single-Year Age by Race (2024),2024,Single-Year Age by Race/Ethnicity,Total population,Age 61 - American Indian and Alaska Native alone,5.0,count,,"In ZIP code 78207 (San Antonio, TX), 2024, (Single-Year Age by Race/Ethnicity): Age 61 - American Indian and Alaska Native alone = 5. [Excel: Single-Year Age by Race (2024)]",
78207,Excel: Single-Year Age by Race (2024),2024,Single-Year Age by Race/Ethnicity,Total population,Age 61 - Asian alone,1.0,count,,"In ZIP code 78207 (San Antonio, TX), 2024, (Single-Year Age by Race/Ethnicity): Age 61 - Asian alone = 1. [Excel: Single-Year Age by Race (2024)]",
78207,Excel: Single-Year Age by Race (2024),2024,Single-Year Age by Race/Ethnicity,Total population,Age 61 - Native Hawaiian and Other Pacific Islander alone,0.0,count,,"In ZIP code 78207 (San Antonio, TX), 2024, (Single-Year Age by Race/Ethnicity): Age 61 - Native Hawaiian and Other Pacific Islander alone = 0. [Excel: Single-Year Age by Race (2024)]",
78207,Excel: Single-Year Age by Race (2024),2024,Single-Year Age by Race/Ethnicity,Total population,Age 61 - Some other race alone,76.0,count,,"In ZIP code 78207 (San Antonio, TX), 2024, (Single-Year Age by Race/Ethnicity): Age 61 - Some other race alone = 76. [Excel: Single-Year Age by Race (2024)]",
78207,Excel: Single-Year Age by Race (2024),2024,Single-Year Age by Race/Ethnicity,Total population,Age 61 - Two or more races,23.0,count,,"In ZIP code 78207 (San Antonio, TX), 2024, (Single-Year Age by Race/Ethnicity): Age 61 - Two or more races = 23. [Excel: Single-Year Age by Race (2024)]",
78207,Excel: Single-Year Age by Race (2024),2024,Single-Year Age by Race/Ethnicity,Total population,Age 61 - Hispanic or Latino (any race),428.0,count,,"In ZIP code 78207 (San Antonio, TX), 2024, (Single-Year Age by Race/Ethnicity): Age 61 - Hispanic or Latino (any race) = 428. [Excel: Single-Year Age by Race (2024)]",
78207,Excel: Single-Year Age by Race (2024),2024,Single-Year Age by Race/Ethnicity,Total population,Age 62 - Total,414.0,count,,"In ZIP code 78207 (San Antonio, TX), 2024, (Single-Year Age by Race/Ethnicity): Age 62 - Total = 414. [Excel: Single-Year Age by Race (2024)]",
78207,Excel: Single-Year Age by Race (2024),2024,Single-Year Age by Race/Ethnicity,Total population,Age 62 - White alone,316.0,count,,"In ZIP code 78207 (San Antonio, TX), 2024, (Single-Year Age by Race/Ethnicity): Age 62 - White alone = 316. [Excel: Single-Year Age by Race (2024)]",
78207,Excel: Single-Year Age by Race (2024),2024,Single-Year Age by Race/Ethnicity,Total population,Age 62 - Black or African American alone,8.0,count,,"In ZIP code 78207 (San Antonio, TX), 2024, (Single-Year Age by Race/Ethnicity): Age 62 - Black or African American alone = 8. [Excel: Single-Year Age by Race (2024)]",
78207,Excel: Single-Year Age by Race (2024),2024,Single-Year Age by Race/Ethnicity,Total population,Age 62 - American Indian and Alaska Native alone,5.0,count,,"In ZIP code 78207 (San Antonio, TX), 2024, (Single-Year Age by Race/Ethnicity): Age 62 - American Indian and Alaska Native alone = 5. [Excel: Single-Year Age by Race (2024)]",
78207,Excel: Single-Year Age by Race (2024),2024,Single-Year Age by Race/Ethnicity,Total population,Age 62 - Asian alone,3.0,count,,"In ZIP code 78207 (San Antonio, TX), 2024, (Single-Year Age by Race/Ethnicity): Age 62 - Asian alone = 3. [Excel: Single-Year Age by Race (2024)]",
78207,Excel: Single-Year Age by Race (2024),2024,Single-Year Age by Race/Ethnicity,Total population,Age 62 - Native Hawaiian and Other Pacific Islander alone,0.0,count,,"In ZIP code 78207 (San Antonio, TX), 2024, (Single-Year Age by Race/Ethnicity): Age 62 - Native Hawaiian and Other Pacific Islander alone = 0. [Excel: Single-Year Age by Race (2024)]",
78207,Excel: Single-Year Age by Race (2024),2024,Single-Year Age by Race/Ethnicity,Total population,Age 62 - Some other race alone,68.0,count,,"In ZIP code 78207 (San Antonio, TX), 2024, (Single-Year Age by Race/Ethnicity): Age 62 - Some other race alone = 68. [Excel: Single-Year Age by Race (2024)]",
78207,Excel: Single-Year Age by Race (2024),2024,Single-Year Age by Race/Ethnicity,Total population,Age 62 - Two or more races,14.0,count,,"In ZIP code 78207 (San Antonio, TX), 2024, (Single-Year Age by Race/Ethnicity): Age 62 - Two or more races = 14. [Excel: Single-Year Age by Race (2024)]",
78207,Excel: Single-Year Age by Race (2024),2024,Single-Year Age by Race/Ethnicity,Total population,Age 62 - Hispanic or Latino (any race),377.0,count,,"In ZIP code 78207 (San Antonio, TX), 2024, (Single-Year Age by Race/Ethnicity): Age 62 - Hispanic or Latino (any race) = 377. [Excel: Single-Year Age by Race (2024)]",
78207,Excel: Single-Year Age by Race (2024),2024,Single-Year Age by Race/Ethnicity,Total population,Age 63 - Total,423.0,count,,"In ZIP code 78207 (San Antonio, TX), 2024, (Single-Year Age by Race/Ethnicity): Age 63 - Total = 423. [Excel: Single-Year Age by Race (2024)]",
78207,Excel: Single-Year Age by Race (2024),2024,Single-Year Age by Race/Ethnicity,Total population,Age 63 - White alone,313.0,count,,"In ZIP code 78207 (San Antonio, TX), 2024, (Single-Year Age by Race/Ethnicity): Age 63 - White alone = 313. [Excel: Single-Year Age by Race (2024)]",
78207,Excel: Single-Year Age by Race (2024),2024,Single-Year Age by Race/Ethnicity,Total population,Age 63 - Black or African American alone,12.0,count,,"In ZIP code 78207 (San Antonio, TX), 2024, (Single-Year Age by Race/Ethnicity): Age 63 - Black or African American alone = 12. [Excel: Single-Year Age by Race (2024)]",
78207,Excel: Single-Year Age by Race (2024),2024,Single-Year Age by Race/Ethnicity,Total population,Age 63 - American Indian and Alaska Native alone,3.0,count,,"In ZIP code 78207 (San Antonio, TX), 2024, (Single-Year Age by Race/Ethnicity): Age 63 - American Indian and Alaska Native alone = 3. [Excel: Single-Year Age by Race (2024)]",
78207,Excel: Single-Year Age by Race (2024),2024,Single-Year Age by Race/Ethnicity,Total population,Age 63 - Asian alone,1.0,count,,"In ZIP code 78207 (San Antonio, TX), 2024, (Single-Year Age by Race/Ethnicity): Age 63 - Asian alone = 1. [Excel: Single-Year Age by Race (2024)]",
78207,Excel: Single-Year Age by Race (2024),2024,Single-Year Age by Race/Ethnicity,Total population,Age 63 - Native Hawaiian and Other Pacific Islander alone,0.0,count,,"In ZIP code 78207 (San Antonio, TX), 2024, (Single-Year Age by Race/Ethnicity): Age 63 - Native Hawaiian and Other Pacific Islander alone = 0. [Excel: Single-Year Age by Race (2024)]",
78207,Excel: Single-Year Age by Race (2024),2024,Single-Year Age by Race/Ethnicity,Total population,Age 63 - Some other race alone,83.0,count,,"In ZIP code 78207 (San Antonio, TX), 2024, (Single-Year Age by Race/Ethnicity): Age 63 - Some other race alone = 83. [Excel: Single-Year Age by Race (2024)]",
78207,Excel: Single-Year Age by Race (2024),2024,Single-Year Age by Race/Ethnicity,Total population,Age 63 - Two or more races,11.0,count,,"In ZIP code 78207 (San Antonio, TX), 2024, (Single-Year Age by Race/Ethnicity): Age 63 - Two or more races = 11. [Excel: Single-Year Age by Race (2024)]",
78207,Excel: Single-Year Age by Race (2024),2024,Single-Year Age by Race/Ethnicity,Total population,Age 63 - Hispanic or Latino (any race),378.0,count,,"In ZIP code 78207 (San Antonio, TX), 2024, (Single-Year Age by Race/Ethnicity): Age 63 - Hispanic or Latino (any race) = 378. [Excel: Single-Year Age by Race (2024)]",
78207,Excel: Single-Year Age by Race (2024),2024,Single-Year Age by Race/Ethnicity,Total population,Age 64 - Total,393.0,count,,"In ZIP code 78207 (San Antonio, TX), 2024, (Single-Year Age by Race/Ethnicity): Age 64 - Total = 393. [Excel: Single-Year Age by Race (2024)]",
78207,Excel: Single-Year Age by Race (2024),2024,Single-Year Age by Race/Ethnicity,Total population,Age 64 - White alone,304.0,count,,"In ZIP code 78207 (San Antonio, TX), 2024, (Single-Year Age by Race/Ethnicity): Age 64 - White alone = 304. [Excel: Single-Year Age by Race (2024)]",
78207,Excel: Single-Year Age by Race (2024),2024,Single-Year Age by Race/Ethnicity,Total population,Age 64 - Black or African American alone,9.0,count,,"In ZIP code 78207 (San Antonio, TX), 2024, (Single-Year Age by Race/Ethnicity): Age 64 - Black or African American alone = 9. [Excel: Single-Year Age by Race (2024)]",
78207,Excel: Single-Year Age by Race (2024),2024,Single-Year Age by Race/Ethnicity,Total population,Age 64 - American Indian and Alaska Native alone,5.0,count,,"In ZIP code 78207 (San Antonio, TX), 2024, (Single-Year Age by Race/Ethnicity): Age 64 - American Indian and Alaska Native alone = 5. [Excel: Single-Year Age by Race (2024)]",
78207,Excel: Single-Year Age by Race (2024),2024,Single-Year Age by Race/Ethnicity,Total population,Age 64 - Asian alone,3.0,count,,"In ZIP code 78207 (San Antonio, TX), 2024, (Single-Year Age by Race/Ethnicity): Age 64 - Asian alone = 3. [Excel: Single-Year Age by Race (2024)]",
78207,Excel: Single-Year Age by Race (2024),2024,Single-Year Age by Race/Ethnicity,Total population,Age 64 - Native Hawaiian and Other Pacific Islander alone,0.0,count,,"In ZIP code 78207 (San Antonio, TX), 2024, (Single-Year Age by Race/Ethnicity): Age 64 - Native Hawaiian and Other Pacific Islander alone = 0. [Excel: Single-Year Age by Race (2024)]",
78207,Excel: Single-Year Age by Race (2024),2024,Single-Year Age by Race/Ethnicity,Total population,Age 64 - Some other race alone,65.0,count,,"In ZIP code 78207 (San Antonio, TX), 2024, (Single-Year Age by Race/Ethnicity): Age 64 - Some other race alone = 65. [Excel: Single-Year Age by Race (2024)]",
78207,Excel: Single-Year Age by Race (2024),2024,Single-Year Age by Race/Ethnicity,Total population,Age 64 - Two or more races,7.0,count,,"In ZIP code 78207 (San Antonio, TX), 2024, (Single-Year Age by Race/Ethnicity): Age 64 - Two or more races = 7. [Excel: Single-Year Age by Race (2024)]",
78207,Excel: Single-Year Age by Race (2024),2024,Single-Year Age by Race/Ethnicity,Total population,Age 64 - Hispanic or Latino (any race),360.0,count,,"In ZIP code 78207 (San Antonio, TX), 2024, (Single-Year Age by Race/Ethnicity): Age 64 - Hispanic or Latino (any race) = 360. [Excel: Single-Year Age by Race (2024)]",
78207,Excel: Single-Year Age by Race (2024),2024,Single-Year Age by Race/Ethnicity,Total population,Age 65 - Total,383.0,count,,"In ZIP code 78207 (San Antonio, TX), 2024, (Single-Year Age by Race/Ethnicity): Age 65 - Total = 383. [Excel: Single-Year Age by Race (2024)]",
78207,Excel: Single-Year Age by Race (2024),2024,Single-Year Age by Race/Ethnicity,Total population,Age 65 - White alone,287.0,count,,"In ZIP code 78207 (San Antonio, TX), 2024, (Single-Year Age by Race/Ethnicity): Age 65 - White alone = 287. [Excel: Single-Year Age by Race (2024)]",
78207,Excel: Single-Year Age by Race (2024),2024,Single-Year Age by Race/Ethnicity,Total population,Age 65 - Black or African American alone,7.0,count,,"In ZIP code 78207 (San Antonio, TX), 2024, (Single-Year Age by Race/Ethnicity): Age 65 - Black or African American alone = 7. [Excel: Single-Year Age by Race (2024)]",
78207,Excel: Single-Year Age by Race (2024),2024,Single-Year Age by Race/Ethnicity,Total population,Age 65 - American Indian and Alaska Native alone,7.0,count,,"In ZIP code 78207 (San Antonio, TX), 2024, (Single-Year Age by Race/Ethnicity): Age 65 - American Indian and Alaska Native alone = 7. [Excel: Single-Year Age by Race (2024)]",
78207,Excel: Single-Year Age by Race (2024),2024,Single-Year Age by Race/Ethnicity,Total population,Age 65 - Asian alone,1.0,count,,"In ZIP code 78207 (San Antonio, TX), 2024, (Single-Year Age by Race/Ethnicity): Age 65 - Asian alone = 1. [Excel: Single-Year Age by Race (2024)]",
78207,Excel: Single-Year Age by Race (2024),2024,Single-Year Age by Race/Ethnicity,Total population,Age 65 - Native Hawaiian and Other Pacific Islander alone,1.0,count,,"In ZIP code 78207 (San Antonio, TX), 2024, (Single-Year Age by Race/Ethnicity): Age 65 - Native Hawaiian and Other Pacific Islander alone = 1. [Excel: Single-Year Age by Race (2024)]",
78207,Excel: Single-Year Age by Race (2024),2024,Single-Year Age by Race/Ethnicity,Total population,Age 65 - Some other race alone,67.0,count,,"In ZIP code 78207 (San Antonio, TX), 2024, (Single-Year Age by Race/Ethnicity): Age 65 - Some other race alone = 67. [Excel: Single-Year Age by Race (2024)]",
78207,Excel: Single-Year Age by Race (2024),2024,Single-Year Age by Race/Ethnicity,Total population,Age 65 - Two or more races,13.0,count,,"In ZIP code 78207 (San Antonio, TX), 2024, (Single-Year Age by Race/Ethnicity): Age 65 - Two or more races = 13. [Excel: Single-Year Age by Race (2024)]",
78207,Excel: Single-Year Age by Race (2024),2024,Single-Year Age by Race/Ethnicity,Total population,Age 65 - Hispanic or Latino (any race),355.0,count,,"In ZIP code 78207 (San Antonio, TX), 2024, (Single-Year Age by Race/Ethnicity): Age 65 - Hispanic or Latino (any race) = 355. [Excel: Single-Year Age by Race (2024)]",
78207,Excel: Single-Year Age by Race (2024),2024,Single-Year Age by Race/Ethnicity,Total population,Age 66 - Total,314.0,count,,"In ZIP code 78207 (San Antonio, TX), 2024, (Single-Year Age by Race/Ethnicity): Age 66 - Total = 314. [Excel: Single-Year Age by Race (2024)]",
78207,Excel: Single-Year Age by Race (2024),2024,Single-Year Age by Race/Ethnicity,Total population,Age 66 - White alone,223.0,count,,"In ZIP code 78207 (San Antonio, TX), 2024, (Single-Year Age by Race/Ethnicity): Age 66 - White alone = 223. [Excel: Single-Year Age by Race (2024)]",
78207,Excel: Single-Year Age by Race (2024),2024,Single-Year Age by Race/Ethnicity,Total population,Age 66 - Black or African American alone,5.0,count,,"In ZIP code 78207 (San Antonio, TX), 2024, (Single-Year Age by Race/Ethnicity): Age 66 - Black or African American alone = 5. [Excel: Single-Year Age by Race (2024)]",
78207,Excel: Single-Year Age by Race (2024),2024,Single-Year Age by Race/Ethnicity,Total population,Age 66 - American Indian and Alaska Native alone,5.0,count,,"In ZIP code 78207 (San Antonio, TX), 2024, (Single-Year Age by Race/Ethnicity): Age 66 - American Indian and Alaska Native alone = 5. [Excel: Single-Year Age by Race (2024)]",
78207,Excel: Single-Year Age by Race (2024),2024,Single-Year Age by Race/Ethnicity,Total population,Age 66 - Asian alone,0.0,count,,"In ZIP code 78207 (San Antonio, TX), 2024, (Single-Year Age by Race/Ethnicity): Age 66 - Asian alone = 0. [Excel: Single-Year Age by Race (2024)]",
78207,Excel: Single-Year Age by Race (2024),2024,Single-Year Age by Race/Ethnicity,Total population,Age 66 - Native Hawaiian and Other Pacific Islander alone,0.0,count,,"In ZIP code 78207 (San Antonio, TX), 2024, (Single-Year Age by Race/Ethnicity): Age 66 - Native Hawaiian and Other Pacific Islander alone = 0. [Excel: Single-Year Age by Race (2024)]",
78207,Excel: Single-Year Age by Race (2024),2024,Single-Year Age by Race/Ethnicity,Total population,Age 66 - Some other race alone,69.0,count,,"In ZIP code 78207 (San Antonio, TX), 2024, (Single-Year Age by Race/Ethnicity): Age 66 - Some other race alone = 69. [Excel: Single-Year Age by Race (2024)]",
78207,Excel: Single-Year Age by Race (2024),2024,Single-Year Age by Race/Ethnicity,Total population,Age 66 - Two or more races,12.0,count,,"In ZIP code 78207 (San Antonio, TX), 2024, (Single-Year Age by Race/Ethnicity): Age 66 - Two or more races = 12. [Excel: Single-Year Age by Race (2024)]",
78207,Excel: Single-Year Age by Race (2024),2024,Single-Year Age by Race/Ethnicity,Total population,Age 66 - Hispanic or Latino (any race),299.0,count,,"In ZIP code 78207 (San Antonio, TX), 2024, (Single-Year Age by Race/Ethnicity): Age 66 - Hispanic or Latino (any race) = 299. [Excel: Single-Year Age by Race (2024)]",
78207,Excel: Single-Year Age by Race (2024),2024,Single-Year Age by Race/Ethnicity,Total population,Age 67 - Total,336.0,count,,"In ZIP code 78207 (San Antonio, TX), 2024, (Single-Year Age by Race/Ethnicity): Age 67 - Total = 336. [Excel: Single-Year Age by Race (2024)]",
78207,Excel: Single-Year Age by Race (2024),2024,Single-Year Age by Race/Ethnicity,Total population,Age 67 - White alone,260.0,count,,"In ZIP code 78207 (San Antonio, TX), 2024, (Single-Year Age by Race/Ethnicity): Age 67 - White alone = 260. [Excel: Single-Year Age by Race (2024)]",
78207,Excel: Single-Year Age by Race (2024),2024,Single-Year Age by Race/Ethnicity,Total population,Age 67 - Black or African American alone,7.0,count,,"In ZIP code 78207 (San Antonio, TX), 2024, (Single-Year Age by Race/Ethnicity): Age 67 - Black or African American alone = 7. [Excel: Single-Year Age by Race (2024)]",
78207,Excel: Single-Year Age by Race (2024),2024,Single-Year Age by Race/Ethnicity,Total population,Age 67 - American Indian and Alaska Native alone,4.0,count,,"In ZIP code 78207 (San Antonio, TX), 2024, (Single-Year Age by Race/Ethnicity): Age 67 - American Indian and Alaska Native alone = 4. [Excel: Single-Year Age by Race (2024)]",
78207,Excel: Single-Year Age by Race (2024),2024,Single-Year Age by Race/Ethnicity,Total population,Age 67 - Asian alone,0.0,count,,"In ZIP code 78207 (San Antonio, TX), 2024, (Single-Year Age by Race/Ethnicity): Age 67 - Asian alone = 0. [Excel: Single-Year Age by Race (2024)]",
78207,Excel: Single-Year Age by Race (2024),2024,Single-Year Age by Race/Ethnicity,Total population,Age 67 - Native Hawaiian and Other Pacific Islander alone,0.0,count,,"In ZIP code 78207 (San Antonio, TX), 2024, (Single-Year Age by Race/Ethnicity): Age 67 - Native Hawaiian and Other Pacific Islander alone = 0. [Excel: Single-Year Age by Race (2024)]",
78207,Excel: Single-Year Age by Race (2024),2024,Single-Year Age by Race/Ethnicity,Total population,Age 67 - Some other race alone,53.0,count,,"In ZIP code 78207 (San Antonio, TX), 2024, (Single-Year Age by Race/Ethnicity): Age 67 - Some other race alone = 53. [Excel: Single-Year Age by Race (2024)]",
78207,Excel: Single-Year Age by Race (2024),2024,Single-Year Age by Race/Ethnicity,Total population,Age 67 - Two or more races,12.0,count,,"In ZIP code 78207 (San Antonio, TX), 2024, (Single-Year Age by Race/Ethnicity): Age 67 - Two or more races = 12. [Excel: Single-Year Age by Race (2024)]",
78207,Excel: Single-Year Age by Race (2024),2024,Single-Year Age by Race/Ethnicity,Total population,Age 67 - Hispanic or Latino (any race),311.0,count,,"In ZIP code 78207 (San Antonio, TX), 2024, (Single-Year Age by Race/Ethnicity): Age 67 - Hispanic or Latino (any race) = 311. [Excel: Single-Year Age by Race (2024)]",
78207,Excel: Single-Year Age by Race (2024),2024,Single-Year Age by Race/Ethnicity,Total population,Age 68 - Total,292.0,count,,"In ZIP code 78207 (San Antonio, TX), 2024, (Single-Year Age by Race/Ethnicity): Age 68 - Total = 292. [Excel: Single-Year Age by Race (2024)]",
78207,Excel: Single-Year Age by Race (2024),2024,Single-Year Age by Race/Ethnicity,Total population,Age 68 - White alone,212.0,count,,"In ZIP code 78207 (San Antonio, TX), 2024, (Single-Year Age by Race/Ethnicity): Age 68 - White alone = 212. [Excel: Single-Year Age by Race (2024)]",
78207,Excel: Single-Year Age by Race (2024),2024,Single-Year Age by Race/Ethnicity,Total population,Age 68 - Black or African American alone,8.0,count,,"In ZIP code 78207 (San Antonio, TX), 2024, (Single-Year Age by Race/Ethnicity): Age 68 - Black or African American alone = 8. [Excel: Single-Year Age by Race (2024)]",
78207,Excel: Single-Year Age by Race (2024),2024,Single-Year Age by Race/Ethnicity,Total population,Age 68 - American Indian and Alaska Native alone,1.0,count,,"In ZIP code 78207 (San Antonio, TX), 2024, (Single-Year Age by Race/Ethnicity): Age 68 - American Indian and Alaska Native alone = 1. [Excel: Single-Year Age by Race (2024)]",
78207,Excel: Single-Year Age by Race (2024),2024,Single-Year Age by Race/Ethnicity,Total population,Age 68 - Asian alone,0.0,count,,"In ZIP code 78207 (San Antonio, TX), 2024, (Single-Year Age by Race/Ethnicity): Age 68 - Asian alone = 0. [Excel: Single-Year Age by Race (2024)]",
78207,Excel: Single-Year Age by Race (2024),2024,Single-Year Age by Race/Ethnicity,Total population,Age 68 - Native Hawaiian and Other Pacific Islander alone,1.0,count,,"In ZIP code 78207 (San Antonio, TX), 2024, (Single-Year Age by Race/Ethnicity): Age 68 - Native Hawaiian and Other Pacific Islander alone = 1. [Excel: Single-Year Age by Race (2024)]",
78207,Excel: Single-Year Age by Race (2024),2024,Single-Year Age by Race/Ethnicity,Total population,Age 68 - Some other race alone,59.0,count,,"In ZIP code 78207 (San Antonio, TX), 2024, (Single-Year Age by Race/Ethnicity): Age 68 - Some other race alone = 59. [Excel: Single-Year Age by Race (2024)]",
78207,Excel: Single-Year Age by Race (2024),2024,Single-Year Age by Race/Ethnicity,Total population,Age 68 - Two or more races,11.0,count,,"In ZIP code 78207 (San Antonio, TX), 2024, (Single-Year Age by Race/Ethnicity): Age 68 - Two or more races = 11. [Excel: Single-Year Age by Race (2024)]",
78207,Excel: Single-Year Age by Race (2024),2024,Single-Year Age by Race/Ethnicity,Total population,Age 68 - Hispanic or Latino (any race),269.0,count,,"In ZIP code 78207 (San Antonio, TX), 2024, (Single-Year Age by Race/Ethnicity): Age 68 - Hispanic or Latino (any race) = 269. [Excel: Single-Year Age by Race (2024)]",
78207,Excel: Single-Year Age by Race (2024),2024,Single-Year Age by Race/Ethnicity,Total population,Age 69 - Total,285.0,count,,"In ZIP code 78207 (San Antonio, TX), 2024, (Single-Year Age by Race/Ethnicity): Age 69 - Total = 285. [Excel: Single-Year Age by Race (2024)]",
78207,Excel: Single-Year Age by Race (2024),2024,Single-Year Age by Race/Ethnicity,Total population,Age 69 - White alone,213.0,count,,"In ZIP code 78207 (San Antonio, TX), 2024, (Single-Year Age by Race/Ethnicity): Age 69 - White alone = 213. [Excel: Single-Year Age by Race (2024)]",
78207,Excel: Single-Year Age by Race (2024),2024,Single-Year Age by Race/Ethnicity,Total population,Age 69 - Black or African American alone,9.0,count,,"In ZIP code 78207 (San Antonio, TX), 2024, (Single-Year Age by Race/Ethnicity): Age 69 - Black or African American alone = 9. [Excel: Single-Year Age by Race (2024)]",
78207,Excel: Single-Year Age by Race (2024),2024,Single-Year Age by Race/Ethnicity,Total population,Age 69 - American Indian and Alaska Native alone,2.0,count,,"In ZIP code 78207 (San Antonio, TX), 2024, (Single-Year Age by Race/Ethnicity): Age 69 - American Indian and Alaska Native alone = 2. [Excel: Single-Year Age by Race (2024)]",
78207,Excel: Single-Year Age by Race (2024),2024,Single-Year Age by Race/Ethnicity,Total population,Age 69 - Asian alone,1.0,count,,"In ZIP code 78207 (San Antonio, TX), 2024, (Single-Year Age by Race/Ethnicity): Age 69 - Asian alone = 1. [Excel: Single-Year Age by Race (2024)]",
78207,Excel: Single-Year Age by Race (2024),2024,Single-Year Age by Race/Ethnicity,Total population,Age 69 - Native Hawaiian and Other Pacific Islander alone,1.0,count,,"In ZIP code 78207 (San Antonio, TX), 2024, (Single-Year Age by Race/Ethnicity): Age 69 - Native Hawaiian and Other Pacific Islander alone = 1. [Excel: Single-Year Age by Race (2024)]",
78207,Excel: Single-Year Age by Race (2024),2024,Single-Year Age by Race/Ethnicity,Total population,Age 69 - Some other race alone,53.0,count,,"In ZIP code 78207 (San Antonio, TX), 2024, (Single-Year Age by Race/Ethnicity): Age 69 - Some other race alone = 53. [Excel: Single-Year Age by Race (2024)]",
78207,Excel: Single-Year Age by Race (2024),2024,Single-Year Age by Race/Ethnicity,Total population,Age 69 - Two or more races,6.0,count,,"In ZIP code 78207 (San Antonio, TX), 2024, (Single-Year Age by Race/Ethnicity): Age 69 - Two or more races = 6. [Excel: Single-Year Age by Race (2024)]",
78207,Excel: Single-Year Age by Race (2024),2024,Single-Year Age by Race/Ethnicity,Total population,Age 69 - Hispanic or Latino (any race),262.0,count,,"In ZIP code 78207 (San Antonio, TX), 2024, (Single-Year Age by Race/Ethnicity): Age 69 - Hispanic or Latino (any race) = 262. [Excel: Single-Year Age by Race (2024)]",
78207,Excel: Single-Year Age by Race (2024),2024,Single-Year Age by Race/Ethnicity,Total population,Age 70 - Total,275.0,count,,"In ZIP code 78207 (San Antonio, TX), 2024, (Single-Year Age by Race/Ethnicity): Age 70 - Total = 275. [Excel: Single-Year Age by Race (2024)]",
78207,Excel: Single-Year Age by Race (2024),2024,Single-Year Age by Race/Ethnicity,Total population,Age 70 - White alone,211.0,count,,"In ZIP code 78207 (San Antonio, TX), 2024, (Single-Year Age by Race/Ethnicity): Age 70 - White alone = 211. [Excel: Single-Year Age by Race (2024)]",
78207,Excel: Single-Year Age by Race (2024),2024,Single-Year Age by Race/Ethnicity,Total population,Age 70 - Black or African American alone,5.0,count,,"In ZIP code 78207 (San Antonio, TX), 2024, (Single-Year Age by Race/Ethnicity): Age 70 - Black or African American alone = 5. [Excel: Single-Year Age by Race (2024)]",
78207,Excel: Single-Year Age by Race (2024),2024,Single-Year Age by Race/Ethnicity,Total population,Age 70 - American Indian and Alaska Native alone,1.0,count,,"In ZIP code 78207 (San Antonio, TX), 2024, (Single-Year Age by Race/Ethnicity): Age 70 - American Indian and Alaska Native alone = 1. [Excel: Single-Year Age by Race (2024)]",
78207,Excel: Single-Year Age by Race (2024),2024,Single-Year Age by Race/Ethnicity,Total population,Age 70 - Asian alone,1.0,count,,"In ZIP code 78207 (San Antonio, TX), 2024, (Single-Year Age by Race/Ethnicity): Age 70 - Asian alone = 1. [Excel: Single-Year Age by Race (2024)]",
78207,Excel: Single-Year Age by Race (2024),2024,Single-Year Age by Race/Ethnicity,Total population,Age 70 - Native Hawaiian and Other Pacific Islander alone,0.0,count,,"In ZIP code 78207 (San Antonio, TX), 2024, (Single-Year Age by Race/Ethnicity): Age 70 - Native Hawaiian and Other Pacific Islander alone = 0. [Excel: Single-Year Age by Race (2024)]",
78207,Excel: Single-Year Age by Race (2024),2024,Single-Year Age by Race/Ethnicity,Total population,Age 70 - Some other race alone,47.0,count,,"In ZIP code 78207 (San Antonio, TX), 2024, (Single-Year Age by Race/Ethnicity): Age 70 - Some other race alone = 47. [Excel: Single-Year Age by Race (2024)]",
78207,Excel: Single-Year Age by Race (2024),2024,Single-Year Age by Race/Ethnicity,Total population,Age 70 - Two or more races,10.0,count,,"In ZIP code 78207 (San Antonio, TX), 2024, (Single-Year Age by Race/Ethnicity): Age 70 - Two or more races = 10. [Excel: Single-Year Age by Race (2024)]",
78207,Excel: Single-Year Age by Race (2024),2024,Single-Year Age by Race/Ethnicity,Total population,Age 70 - Hispanic or Latino (any race),265.0,count,,"In ZIP code 78207 (San Antonio, TX), 2024, (Single-Year Age by Race/Ethnicity): Age 70 - Hispanic or Latino (any race) = 265. [Excel: Single-Year Age by Race (2024)]",
78207,Excel: Single-Year Age by Race (2024),2024,Single-Year Age by Race/Ethnicity,Total population,Age 71 - Total,247.0,count,,"In ZIP code 78207 (San Antonio, TX), 2024, (Single-Year Age by Race/Ethnicity): Age 71 - Total = 247. [Excel: Single-Year Age by Race (2024)]",
78207,Excel: Single-Year Age by Race (2024),2024,Single-Year Age by Race/Ethnicity,Total population,Age 71 - White alone,197.0,count,,"In ZIP code 78207 (San Antonio, TX), 2024, (Single-Year Age by Race/Ethnicity): Age 71 - White alone = 197. [Excel: Single-Year Age by Race (2024)]",
78207,Excel: Single-Year Age by Race (2024),2024,Single-Year Age by Race/Ethnicity,Total population,Age 71 - Black or African American alone,3.0,count,,"In ZIP code 78207 (San Antonio, TX), 2024, (Single-Year Age by Race/Ethnicity): Age 71 - Black or African American alone = 3. [Excel: Single-Year Age by Race (2024)]",
78207,Excel: Single-Year Age by Race (2024),2024,Single-Year Age by Race/Ethnicity,Total population,Age 71 - American Indian and Alaska Native alone,1.0,count,,"In ZIP code 78207 (San Antonio, TX), 2024, (Single-Year Age by Race/Ethnicity): Age 71 - American Indian and Alaska Native alone = 1. [Excel: Single-Year Age by Race (2024)]",
78207,Excel: Single-Year Age by Race (2024),2024,Single-Year Age by Race/Ethnicity,Total population,Age 71 - Asian alone,0.0,count,,"In ZIP code 78207 (San Antonio, TX), 2024, (Single-Year Age by Race/Ethnicity): Age 71 - Asian alone = 0. [Excel: Single-Year Age by Race (2024)]",
78207,Excel: Single-Year Age by Race (2024),2024,Single-Year Age by Race/Ethnicity,Total population,Age 71 - Native Hawaiian and Other Pacific Islander alone,0.0,count,,"In ZIP code 78207 (San Antonio, TX), 2024, (Single-Year Age by Race/Ethnicity): Age 71 - Native Hawaiian and Other Pacific Islander alone = 0. [Excel: Single-Year Age by Race (2024)]",
78207,Excel: Single-Year Age by Race (2024),2024,Single-Year Age by Race/Ethnicity,Total population,Age 71 - Some other race alone,38.0,count,,"In ZIP code 78207 (San Antonio, TX), 2024, (Single-Year Age by Race/Ethnicity): Age 71 - Some other race alone = 38. [Excel: Single-Year Age by Race (2024)]",
78207,Excel: Single-Year Age by Race (2024),2024,Single-Year Age by Race/Ethnicity,Total population,Age 71 - Two or more races,8.0,count,,"In ZIP code 78207 (San Antonio, TX), 2024, (Single-Year Age by Race/Ethnicity): Age 71 - Two or more races = 8. [Excel: Single-Year Age by Race (2024)]",
78207,Excel: Single-Year Age by Race (2024),2024,Single-Year Age by Race/Ethnicity,Total population,Age 71 - Hispanic or Latino (any race),228.0,count,,"In ZIP code 78207 (San Antonio, TX), 2024, (Single-Year Age by Race/Ethnicity): Age 71 - Hispanic or Latino (any race) = 228. [Excel: Single-Year Age by Race (2024)]",
78207,Excel: Single-Year Age by Race (2024),2024,Single-Year Age by Race/Ethnicity,Total population,Age 72 - Total,262.0,count,,"In ZIP code 78207 (San Antonio, TX), 2024, (Single-Year Age by Race/Ethnicity): Age 72 - Total = 262. [Excel: Single-Year Age by Race (2024)]",
78207,Excel: Single-Year Age by Race (2024),2024,Single-Year Age by Race/Ethnicity,Total population,Age 72 - White alone,205.0,count,,"In ZIP code 78207 (San Antonio, TX), 2024, (Single-Year Age by Race/Ethnicity): Age 72 - White alone = 205. [Excel: Single-Year Age by Race (2024)]",
78207,Excel: Single-Year Age by Race (2024),2024,Single-Year Age by Race/Ethnicity,Total population,Age 72 - Black or African American alone,4.0,count,,"In ZIP code 78207 (San Antonio, TX), 2024, (Single-Year Age by Race/Ethnicity): Age 72 - Black or African American alone = 4. [Excel: Single-Year Age by Race (2024)]",
78207,Excel: Single-Year Age by Race (2024),2024,Single-Year Age by Race/Ethnicity,Total population,Age 72 - American Indian and Alaska Native alone,1.0,count,,"In ZIP code 78207 (San Antonio, TX), 2024, (Single-Year Age by Race/Ethnicity): Age 72 - American Indian and Alaska Native alone = 1. [Excel: Single-Year Age by Race (2024)]",
78207,Excel: Single-Year Age by Race (2024),2024,Single-Year Age by Race/Ethnicity,Total population,Age 72 - Asian alone,0.0,count,,"In ZIP code 78207 (San Antonio, TX), 2024, (Single-Year Age by Race/Ethnicity): Age 72 - Asian alone = 0. [Excel: Single-Year Age by Race (2024)]",
78207,Excel: Single-Year Age by Race (2024),2024,Single-Year Age by Race/Ethnicity,Total population,Age 72 - Native Hawaiian and Other Pacific Islander alone,0.0,count,,"In ZIP code 78207 (San Antonio, TX), 2024, (Single-Year Age by Race/Ethnicity): Age 72 - Native Hawaiian and Other Pacific Islander alone = 0. [Excel: Single-Year Age by Race (2024)]",
78207,Excel: Single-Year Age by Race (2024),2024,Single-Year Age by Race/Ethnicity,Total population,Age 72 - Some other race alone,43.0,count,,"In ZIP code 78207 (San Antonio, TX), 2024, (Single-Year Age by Race/Ethnicity): Age 72 - Some other race alone = 43. [Excel: Single-Year Age by Race (2024)]",
78207,Excel: Single-Year Age by Race (2024),2024,Single-Year Age by Race/Ethnicity,Total population,Age 72 - Two or more races,9.0,count,,"In ZIP code 78207 (San Antonio, TX), 2024, (Single-Year Age by Race/Ethnicity): Age 72 - Two or more races = 9. [Excel: Single-Year Age by Race (2024)]",
78207,Excel: Single-Year Age by Race (2024),2024,Single-Year Age by Race/Ethnicity,Total population,Age 72 - Hispanic or Latino (any race),246.0,count,,"In ZIP code 78207 (San Antonio, TX), 2024, (Single-Year Age by Race/Ethnicity): Age 72 - Hispanic or Latino (any race) = 246. [Excel: Single-Year Age by Race (2024)]",
78207,Excel: Single-Year Age by Race (2024),2024,Single-Year Age by Race/Ethnicity,Total population,Age 73 - Total,246.0,count,,"In ZIP code 78207 (San Antonio, TX), 2024, (Single-Year Age by Race/Ethnicity): Age 73 - Total = 246. [Excel: Single-Year Age by Race (2024)]",
78207,Excel: Single-Year Age by Race (2024),2024,Single-Year Age by Race/Ethnicity,Total population,Age 73 - White alone,192.0,count,,"In ZIP code 78207 (San Antonio, TX), 2024, (Single-Year Age by Race/Ethnicity): Age 73 - White alone = 192. [Excel: Single-Year Age by Race (2024)]",
78207,Excel: Single-Year Age by Race (2024),2024,Single-Year Age by Race/Ethnicity,Total population,Age 73 - Black or African American alone,10.0,count,,"In ZIP code 78207 (San Antonio, TX), 2024, (Single-Year Age by Race/Ethnicity): Age 73 - Black or African American alone = 10. [Excel: Single-Year Age by Race (2024)]",
78207,Excel: Single-Year Age by Race (2024),2024,Single-Year Age by Race/Ethnicity,Total population,Age 73 - American Indian and Alaska Native alone,2.0,count,,"In ZIP code 78207 (San Antonio, TX), 2024, (Single-Year Age by Race/Ethnicity): Age 73 - American Indian and Alaska Native alone = 2. [Excel: Single-Year Age by Race (2024)]",
78207,Excel: Single-Year Age by Race (2024),2024,Single-Year Age by Race/Ethnicity,Total population,Age 73 - Asian alone,0.0,count,,"In ZIP code 78207 (San Antonio, TX), 2024, (Single-Year Age by Race/Ethnicity): Age 73 - Asian alone = 0. [Excel: Single-Year Age by Race (2024)]",
78207,Excel: Single-Year Age by Race (2024),2024,Single-Year Age by Race/Ethnicity,Total population,Age 73 - Native Hawaiian and Other Pacific Islander alone,0.0,count,,"In ZIP code 78207 (San Antonio, TX), 2024, (Single-Year Age by Race/Ethnicity): Age 73 - Native Hawaiian and Other Pacific Islander alone = 0. [Excel: Single-Year Age by Race (2024)]",
78207,Excel: Single-Year Age by Race (2024),2024,Single-Year Age by Race/Ethnicity,Total population,Age 73 - Some other race alone,37.0,count,,"In ZIP code 78207 (San Antonio, TX), 2024, (Single-Year Age by Race/Ethnicity): Age 73 - Some other race alone = 37. [Excel: Single-Year Age by Race (2024)]",
78207,Excel: Single-Year Age by Race (2024),2024,Single-Year Age by Race/Ethnicity,Total population,Age 73 - Two or more races,5.0,count,,"In ZIP code 78207 (San Antonio, TX), 2024, (Single-Year Age by Race/Ethnicity): Age 73 - Two or more races = 5. [Excel: Single-Year Age by Race (2024)]",
78207,Excel: Single-Year Age by Race (2024),2024,Single-Year Age by Race/Ethnicity,Total population,Age 73 - Hispanic or Latino (any race),228.0,count,,"In ZIP code 78207 (San Antonio, TX), 2024, (Single-Year Age by Race/Ethnicity): Age 73 - Hispanic or Latino (any race) = 228. [Excel: Single-Year Age by Race (2024)]",
78207,Excel: Single-Year Age by Race (2024),2024,Single-Year Age by Race/Ethnicity,Total population,Age 74 - Total,242.0,count,,"In ZIP code 78207 (San Antonio, TX), 2024, (Single-Year Age by Race/Ethnicity): Age 74 - Total = 242. [Excel: Single-Year Age by Race (2024)]",
78207,Excel: Single-Year Age by Race (2024),2024,Single-Year Age by Race/Ethnicity,Total population,Age 74 - White alone,197.0,count,,"In ZIP code 78207 (San Antonio, TX), 2024, (Single-Year Age by Race/Ethnicity): Age 74 - White alone = 197. [Excel: Single-Year Age by Race (2024)]",
78207,Excel: Single-Year Age by Race (2024),2024,Single-Year Age by Race/Ethnicity,Total population,Age 74 - Black or African American alone,2.0,count,,"In ZIP code 78207 (San Antonio, TX), 2024, (Single-Year Age by Race/Ethnicity): Age 74 - Black or African American alone = 2. [Excel: Single-Year Age by Race (2024)]",
78207,Excel: Single-Year Age by Race (2024),2024,Single-Year Age by Race/Ethnicity,Total population,Age 74 - American Indian and Alaska Native alone,3.0,count,,"In ZIP code 78207 (San Antonio, TX), 2024, (Single-Year Age by Race/Ethnicity): Age 74 - American Indian and Alaska Native alone = 3. [Excel: Single-Year Age by Race (2024)]",
78207,Excel: Single-Year Age by Race (2024),2024,Single-Year Age by Race/Ethnicity,Total population,Age 74 - Asian alone,0.0,count,,"In ZIP code 78207 (San Antonio, TX), 2024, (Single-Year Age by Race/Ethnicity): Age 74 - Asian alone = 0. [Excel: Single-Year Age by Race (2024)]",
78207,Excel: Single-Year Age by Race (2024),2024,Single-Year Age by Race/Ethnicity,Total population,Age 74 - Native Hawaiian and Other Pacific Islander alone,0.0,count,,"In ZIP code 78207 (San Antonio, TX), 2024, (Single-Year Age by Race/Ethnicity): Age 74 - Native Hawaiian and Other Pacific Islander alone = 0. [Excel: Single-Year Age by Race (2024)]",
78207,Excel: Single-Year Age by Race (2024),2024,Single-Year Age by Race/Ethnicity,Total population,Age 74 - Some other race alone,35.0,count,,"In ZIP code 78207 (San Antonio, TX), 2024, (Single-Year Age by Race/Ethnicity): Age 74 - Some other race alone = 35. [Excel: Single-Year Age by Race (2024)]",
78207,Excel: Single-Year Age by Race (2024),2024,Single-Year Age by Race/Ethnicity,Total population,Age 74 - Two or more races,5.0,count,,"In ZIP code 78207 (San Antonio, TX), 2024, (Single-Year Age by Race/Ethnicity): Age 74 - Two or more races = 5. [Excel: Single-Year Age by Race (2024)]",
78207,Excel: Single-Year Age by Race (2024),2024,Single-Year Age by Race/Ethnicity,Total population,Age 74 - Hispanic or Latino (any race),233.0,count,,"In ZIP code 78207 (San Antonio, TX), 2024, (Single-Year Age by Race/Ethnicity): Age 74 - Hispanic or Latino (any race) = 233. [Excel: Single-Year Age by Race (2024)]",
78207,Excel: Single-Year Age by Race (2024),2024,Single-Year Age by Race/Ethnicity,Total population,Age 75 - Total,242.0,count,,"In ZIP code 78207 (San Antonio, TX), 2024, (Single-Year Age by Race/Ethnicity): Age 75 - Total = 242. [Excel: Single-Year Age by Race (2024)]",
78207,Excel: Single-Year Age by Race (2024),2024,Single-Year Age by Race/Ethnicity,Total population,Age 75 - White alone,190.0,count,,"In ZIP code 78207 (San Antonio, TX), 2024, (Single-Year Age by Race/Ethnicity): Age 75 - White alone = 190. [Excel: Single-Year Age by Race (2024)]",
78207,Excel: Single-Year Age by Race (2024),2024,Single-Year Age by Race/Ethnicity,Total population,Age 75 - Black or African American alone,9.0,count,,"In ZIP code 78207 (San Antonio, TX), 2024, (Single-Year Age by Race/Ethnicity): Age 75 - Black or African American alone = 9. [Excel: Single-Year Age by Race (2024)]",
78207,Excel: Single-Year Age by Race (2024),2024,Single-Year Age by Race/Ethnicity,Total population,Age 75 - American Indian and Alaska Native alone,4.0,count,,"In ZIP code 78207 (San Antonio, TX), 2024, (Single-Year Age by Race/Ethnicity): Age 75 - American Indian and Alaska Native alone = 4. [Excel: Single-Year Age by Race (2024)]",
78207,Excel: Single-Year Age by Race (2024),2024,Single-Year Age by Race/Ethnicity,Total population,Age 75 - Asian alone,0.0,count,,"In ZIP code 78207 (San Antonio, TX), 2024, (Single-Year Age by Race/Ethnicity): Age 75 - Asian alone = 0. [Excel: Single-Year Age by Race (2024)]",
78207,Excel: Single-Year Age by Race (2024),2024,Single-Year Age by Race/Ethnicity,Total population,Age 75 - Native Hawaiian and Other Pacific Islander alone,0.0,count,,"In ZIP code 78207 (San Antonio, TX), 2024, (Single-Year Age by Race/Ethnicity): Age 75 - Native Hawaiian and Other Pacific Islander alone = 0. [Excel: Single-Year Age by Race (2024)]",
78207,Excel: Single-Year Age by Race (2024),2024,Single-Year Age by Race/Ethnicity,Total population,Age 75 - Some other race alone,32.0,count,,"In ZIP code 78207 (San Antonio, TX), 2024, (Single-Year Age by Race/Ethnicity): Age 75 - Some other race alone = 32. [Excel: Single-Year Age by Race (2024)]",
78207,Excel: Single-Year Age by Race (2024),2024,Single-Year Age by Race/Ethnicity,Total population,Age 75 - Two or more races,7.0,count,,"In ZIP code 78207 (San Antonio, TX), 2024, (Single-Year Age by Race/Ethnicity): Age 75 - Two or more races = 7. [Excel: Single-Year Age by Race (2024)]",
78207,Excel: Single-Year Age by Race (2024),2024,Single-Year Age by Race/Ethnicity,Total population,Age 75 - Hispanic or Latino (any race),217.0,count,,"In ZIP code 78207 (San Antonio, TX), 2024, (Single-Year Age by Race/Ethnicity): Age 75 - Hispanic or Latino (any race) = 217. [Excel: Single-Year Age by Race (2024)]",
78207,Excel: Single-Year Age by Race (2024),2024,Single-Year Age by Race/Ethnicity,Total population,Age 76 - Total,229.0,count,,"In ZIP code 78207 (San Antonio, TX), 2024, (Single-Year Age by Race/Ethnicity): Age 76 - Total = 229. [Excel: Single-Year Age by Race (2024)]",
78207,Excel: Single-Year Age by Race (2024),2024,Single-Year Age by Race/Ethnicity,Total population,Age 76 - White alone,185.0,count,,"In ZIP code 78207 (San Antonio, TX), 2024, (Single-Year Age by Race/Ethnicity): Age 76 - White alone = 185. [Excel: Single-Year Age by Race (2024)]",
78207,Excel: Single-Year Age by Race (2024),2024,Single-Year Age by Race/Ethnicity,Total population,Age 76 - Black or African American alone,5.0,count,,"In ZIP code 78207 (San Antonio, TX), 2024, (Single-Year Age by Race/Ethnicity): Age 76 - Black or African American alone = 5. [Excel: Single-Year Age by Race (2024)]",
78207,Excel: Single-Year Age by Race (2024),2024,Single-Year Age by Race/Ethnicity,Total population,Age 76 - American Indian and Alaska Native alone,1.0,count,,"In ZIP code 78207 (San Antonio, TX), 2024, (Single-Year Age by Race/Ethnicity): Age 76 - American Indian and Alaska Native alone = 1. [Excel: Single-Year Age by Race (2024)]",
78207,Excel: Single-Year Age by Race (2024),2024,Single-Year Age by Race/Ethnicity,Total population,Age 76 - Asian alone,1.0,count,,"In ZIP code 78207 (San Antonio, TX), 2024, (Single-Year Age by Race/Ethnicity): Age 76 - Asian alone = 1. [Excel: Single-Year Age by Race (2024)]",
78207,Excel: Single-Year Age by Race (2024),2024,Single-Year Age by Race/Ethnicity,Total population,Age 76 - Native Hawaiian and Other Pacific Islander alone,0.0,count,,"In ZIP code 78207 (San Antonio, TX), 2024, (Single-Year Age by Race/Ethnicity): Age 76 - Native Hawaiian and Other Pacific Islander alone = 0. [Excel: Single-Year Age by Race (2024)]",
78207,Excel: Single-Year Age by Race (2024),2024,Single-Year Age by Race/Ethnicity,Total population,Age 76 - Some other race alone,33.0,count,,"In ZIP code 78207 (San Antonio, TX), 2024, (Single-Year Age by Race/Ethnicity): Age 76 - Some other race alone = 33. [Excel: Single-Year Age by Race (2024)]",
78207,Excel: Single-Year Age by Race (2024),2024,Single-Year Age by Race/Ethnicity,Total population,Age 76 - Two or more races,4.0,count,,"In ZIP code 78207 (San Antonio, TX), 2024, (Single-Year Age by Race/Ethnicity): Age 76 - Two or more races = 4. [Excel: Single-Year Age by Race (2024)]",
78207,Excel: Single-Year Age by Race (2024),2024,Single-Year Age by Race/Ethnicity,Total population,Age 76 - Hispanic or Latino (any race),208.0,count,,"In ZIP code 78207 (San Antonio, TX), 2024, (Single-Year Age by Race/Ethnicity): Age 76 - Hispanic or Latino (any race) = 208. [Excel: Single-Year Age by Race (2024)]",
78207,Excel: Single-Year Age by Race (2024),2024,Single-Year Age by Race/Ethnicity,Total population,Age 77 - Total,222.0,count,,"In ZIP code 78207 (San Antonio, TX), 2024, (Single-Year Age by Race/Ethnicity): Age 77 - Total = 222. [Excel: Single-Year Age by Race (2024)]",
78207,Excel: Single-Year Age by Race (2024),2024,Single-Year Age by Race/Ethnicity,Total population,Age 77 - White alone,178.0,count,,"In ZIP code 78207 (San Antonio, TX), 2024, (Single-Year Age by Race/Ethnicity): Age 77 - White alone = 178. [Excel: Single-Year Age by Race (2024)]",
78207,Excel: Single-Year Age by Race (2024),2024,Single-Year Age by Race/Ethnicity,Total population,Age 77 - Black or African American alone,9.0,count,,"In ZIP code 78207 (San Antonio, TX), 2024, (Single-Year Age by Race/Ethnicity): Age 77 - Black or African American alone = 9. [Excel: Single-Year Age by Race (2024)]",
78207,Excel: Single-Year Age by Race (2024),2024,Single-Year Age by Race/Ethnicity,Total population,Age 77 - American Indian and Alaska Native alone,1.0,count,,"In ZIP code 78207 (San Antonio, TX), 2024, (Single-Year Age by Race/Ethnicity): Age 77 - American Indian and Alaska Native alone = 1. [Excel: Single-Year Age by Race (2024)]",
78207,Excel: Single-Year Age by Race (2024),2024,Single-Year Age by Race/Ethnicity,Total population,Age 77 - Asian alone,0.0,count,,"In ZIP code 78207 (San Antonio, TX), 2024, (Single-Year Age by Race/Ethnicity): Age 77 - Asian alone = 0. [Excel: Single-Year Age by Race (2024)]",
78207,Excel: Single-Year Age by Race (2024),2024,Single-Year Age by Race/Ethnicity,Total population,Age 77 - Native Hawaiian and Other Pacific Islander alone,0.0,count,,"In ZIP code 78207 (San Antonio, TX), 2024, (Single-Year Age by Race/Ethnicity): Age 77 - Native Hawaiian and Other Pacific Islander alone = 0. [Excel: Single-Year Age by Race (2024)]",
78207,Excel: Single-Year Age by Race (2024),2024,Single-Year Age by Race/Ethnicity,Total population,Age 77 - Some other race alone,32.0,count,,"In ZIP code 78207 (San Antonio, TX), 2024, (Single-Year Age by Race/Ethnicity): Age 77 - Some other race alone = 32. [Excel: Single-Year Age by Race (2024)]",
78207,Excel: Single-Year Age by Race (2024),2024,Single-Year Age by Race/Ethnicity,Total population,Age 77 - Two or more races,2.0,count,,"In ZIP code 78207 (San Antonio, TX), 2024, (Single-Year Age by Race/Ethnicity): Age 77 - Two or more races = 2. [Excel: Single-Year Age by Race (2024)]",
78207,Excel: Single-Year Age by Race (2024),2024,Single-Year Age by Race/Ethnicity,Total population,Age 77 - Hispanic or Latino (any race),207.0,count,,"In ZIP code 78207 (San Antonio, TX), 2024, (Single-Year Age by Race/Ethnicity): Age 77 - Hispanic or Latino (any race) = 207. [Excel: Single-Year Age by Race (2024)]",
78207,Excel: Single-Year Age by Race (2024),2024,Single-Year Age by Race/Ethnicity,Total population,Age 78 - Total,271.0,count,,"In ZIP code 78207 (San Antonio, TX), 2024, (Single-Year Age by Race/Ethnicity): Age 78 - Total = 271. [Excel: Single-Year Age by Race (2024)]",
78207,Excel: Single-Year Age by Race (2024),2024,Single-Year Age by Race/Ethnicity,Total population,Age 78 - White alone,225.0,count,,"In ZIP code 78207 (San Antonio, TX), 2024, (Single-Year Age by Race/Ethnicity): Age 78 - White alone = 225. [Excel: Single-Year Age by Race (2024)]",
78207,Excel: Single-Year Age by Race (2024),2024,Single-Year Age by Race/Ethnicity,Total population,Age 78 - Black or African American alone,3.0,count,,"In ZIP code 78207 (San Antonio, TX), 2024, (Single-Year Age by Race/Ethnicity): Age 78 - Black or African American alone = 3. [Excel: Single-Year Age by Race (2024)]",
78207,Excel: Single-Year Age by Race (2024),2024,Single-Year Age by Race/Ethnicity,Total population,Age 78 - American Indian and Alaska Native alone,1.0,count,,"In ZIP code 78207 (San Antonio, TX), 2024, (Single-Year Age by Race/Ethnicity): Age 78 - American Indian and Alaska Native alone = 1. [Excel: Single-Year Age by Race (2024)]",
78207,Excel: Single-Year Age by Race (2024),2024,Single-Year Age by Race/Ethnicity,Total population,Age 78 - Asian alone,0.0,count,,"In ZIP code 78207 (San Antonio, TX), 2024, (Single-Year Age by Race/Ethnicity): Age 78 - Asian alone = 0. [Excel: Single-Year Age by Race (2024)]",
78207,Excel: Single-Year Age by Race (2024),2024,Single-Year Age by Race/Ethnicity,Total population,Age 78 - Native Hawaiian and Other Pacific Islander alone,0.0,count,,"In ZIP code 78207 (San Antonio, TX), 2024, (Single-Year Age by Race/Ethnicity): Age 78 - Native Hawaiian and Other Pacific Islander alone = 0. [Excel: Single-Year Age by Race (2024)]",
78207,Excel: Single-Year Age by Race (2024),2024,Single-Year Age by Race/Ethnicity,Total population,Age 78 - Some other race alone,31.0,count,,"In ZIP code 78207 (San Antonio, TX), 2024, (Single-Year Age by Race/Ethnicity): Age 78 - Some other race alone = 31. [Excel: Single-Year Age by Race (2024)]",
78207,Excel: Single-Year Age by Race (2024),2024,Single-Year Age by Race/Ethnicity,Total population,Age 78 - Two or more races,11.0,count,,"In ZIP code 78207 (San Antonio, TX), 2024, (Single-Year Age by Race/Ethnicity): Age 78 - Two or more races = 11. [Excel: Single-Year Age by Race (2024)]",
78207,Excel: Single-Year Age by Race (2024),2024,Single-Year Age by Race/Ethnicity,Total population,Age 78 - Hispanic or Latino (any race),256.0,count,,"In ZIP code 78207 (San Antonio, TX), 2024, (Single-Year Age by Race/Ethnicity): Age 78 - Hispanic or Latino (any race) = 256. [Excel: Single-Year Age by Race (2024)]",
78207,Excel: Single-Year Age by Race (2024),2024,Single-Year Age by Race/Ethnicity,Total population,Age 79 - Total,219.0,count,,"In ZIP code 78207 (San Antonio, TX), 2024, (Single-Year Age by Race/Ethnicity): Age 79 - Total = 219. [Excel: Single-Year Age by Race (2024)]",
78207,Excel: Single-Year Age by Race (2024),2024,Single-Year Age by Race/Ethnicity,Total population,Age 79 - White alone,181.0,count,,"In ZIP code 78207 (San Antonio, TX), 2024, (Single-Year Age by Race/Ethnicity): Age 79 - White alone = 181. [Excel: Single-Year Age by Race (2024)]",
78207,Excel: Single-Year Age by Race (2024),2024,Single-Year Age by Race/Ethnicity,Total population,Age 79 - Black or African American alone,3.0,count,,"In ZIP code 78207 (San Antonio, TX), 2024, (Single-Year Age by Race/Ethnicity): Age 79 - Black or African American alone = 3. [Excel: Single-Year Age by Race (2024)]",
78207,Excel: Single-Year Age by Race (2024),2024,Single-Year Age by Race/Ethnicity,Total population,Age 79 - American Indian and Alaska Native alone,0.0,count,,"In ZIP code 78207 (San Antonio, TX), 2024, (Single-Year Age by Race/Ethnicity): Age 79 - American Indian and Alaska Native alone = 0. [Excel: Single-Year Age by Race (2024)]",
78207,Excel: Single-Year Age by Race (2024),2024,Single-Year Age by Race/Ethnicity,Total population,Age 79 - Asian alone,1.0,count,,"In ZIP code 78207 (San Antonio, TX), 2024, (Single-Year Age by Race/Ethnicity): Age 79 - Asian alone = 1. [Excel: Single-Year Age by Race (2024)]",
78207,Excel: Single-Year Age by Race (2024),2024,Single-Year Age by Race/Ethnicity,Total population,Age 79 - Native Hawaiian and Other Pacific Islander alone,0.0,count,,"In ZIP code 78207 (San Antonio, TX), 2024, (Single-Year Age by Race/Ethnicity): Age 79 - Native Hawaiian and Other Pacific Islander alone = 0. [Excel: Single-Year Age by Race (2024)]",
78207,Excel: Single-Year Age by Race (2024),2024,Single-Year Age by Race/Ethnicity,Total population,Age 79 - Some other race alone,28.0,count,,"In ZIP code 78207 (San Antonio, TX), 2024, (Single-Year Age by Race/Ethnicity): Age 79 - Some other race alone = 28. [Excel: Single-Year Age by Race (2024)]",
78207,Excel: Single-Year Age by Race (2024),2024,Single-Year Age by Race/Ethnicity,Total population,Age 79 - Two or more races,6.0,count,,"In ZIP code 78207 (San Antonio, TX), 2024, (Single-Year Age by Race/Ethnicity): Age 79 - Two or more races = 6. [Excel: Single-Year Age by Race (2024)]",
78207,Excel: Single-Year Age by Race (2024),2024,Single-Year Age by Race/Ethnicity,Total population,Age 79 - Hispanic or Latino (any race),198.0,count,,"In ZIP code 78207 (San Antonio, TX), 2024, (Single-Year Age by Race/Ethnicity): Age 79 - Hispanic or Latino (any race) = 198. [Excel: Single-Year Age by Race (2024)]",
78207,Excel: Single-Year Age by Race (2024),2024,Single-Year Age by Race/Ethnicity,Total population,Age 80 - Total,245.0,count,,"In ZIP code 78207 (San Antonio, TX), 2024, (Single-Year Age by Race/Ethnicity): Age 80 - Total = 245. [Excel: Single-Year Age by Race (2024)]",
78207,Excel: Single-Year Age by Race (2024),2024,Single-Year Age by Race/Ethnicity,Total population,Age 80 - White alone,194.0,count,,"In ZIP code 78207 (San Antonio, TX), 2024, (Single-Year Age by Race/Ethnicity): Age 80 - White alone = 194. [Excel: Single-Year Age by Race (2024)]",
78207,Excel: Single-Year Age by Race (2024),2024,Single-Year Age by Race/Ethnicity,Total population,Age 80 - Black or African American alone,4.0,count,,"In ZIP code 78207 (San Antonio, TX), 2024, (Single-Year Age by Race/Ethnicity): Age 80 - Black or African American alone = 4. [Excel: Single-Year Age by Race (2024)]",
78207,Excel: Single-Year Age by Race (2024),2024,Single-Year Age by Race/Ethnicity,Total population,Age 80 - American Indian and Alaska Native alone,6.0,count,,"In ZIP code 78207 (San Antonio, TX), 2024, (Single-Year Age by Race/Ethnicity): Age 80 - American Indian and Alaska Native alone = 6. [Excel: Single-Year Age by Race (2024)]",
78207,Excel: Single-Year Age by Race (2024),2024,Single-Year Age by Race/Ethnicity,Total population,Age 80 - Asian alone,0.0,count,,"In ZIP code 78207 (San Antonio, TX), 2024, (Single-Year Age by Race/Ethnicity): Age 80 - Asian alone = 0. [Excel: Single-Year Age by Race (2024)]",
78207,Excel: Single-Year Age by Race (2024),2024,Single-Year Age by Race/Ethnicity,Total population,Age 80 - Native Hawaiian and Other Pacific Islander alone,0.0,count,,"In ZIP code 78207 (San Antonio, TX), 2024, (Single-Year Age by Race/Ethnicity): Age 80 - Native Hawaiian and Other Pacific Islander alone = 0. [Excel: Single-Year Age by Race (2024)]",
78207,Excel: Single-Year Age by Race (2024),2024,Single-Year Age by Race/Ethnicity,Total population,Age 80 - Some other race alone,38.0,count,,"In ZIP code 78207 (San Antonio, TX), 2024, (Single-Year Age by Race/Ethnicity): Age 80 - Some other race alone = 38. [Excel: Single-Year Age by Race (2024)]",
78207,Excel: Single-Year Age by Race (2024),2024,Single-Year Age by Race/Ethnicity,Total population,Age 80 - Two or more races,3.0,count,,"In ZIP code 78207 (San Antonio, TX), 2024, (Single-Year Age by Race/Ethnicity): Age 80 - Two or more races = 3. [Excel: Single-Year Age by Race (2024)]",
78207,Excel: Single-Year Age by Race (2024),2024,Single-Year Age by Race/Ethnicity,Total population,Age 80 - Hispanic or Latino (any race),228.0,count,,"In ZIP code 78207 (San Antonio, TX), 2024, (Single-Year Age by Race/Ethnicity): Age 80 - Hispanic or Latino (any race) = 228. [Excel: Single-Year Age by Race (2024)]",
78207,Excel: Single-Year Age by Race (2024),2024,Single-Year Age by Race/Ethnicity,Total population,Age 81 - Total,175.0,count,,"In ZIP code 78207 (San Antonio, TX), 2024, (Single-Year Age by Race/Ethnicity): Age 81 - Total = 175. [Excel: Single-Year Age by Race (2024)]",
78207,Excel: Single-Year Age by Race (2024),2024,Single-Year Age by Race/Ethnicity,Total population,Age 81 - White alone,144.0,count,,"In ZIP code 78207 (San Antonio, TX), 2024, (Single-Year Age by Race/Ethnicity): Age 81 - White alone = 144. [Excel: Single-Year Age by Race (2024)]",
78207,Excel: Single-Year Age by Race (2024),2024,Single-Year Age by Race/Ethnicity,Total population,Age 81 - Black or African American alone,4.0,count,,"In ZIP code 78207 (San Antonio, TX), 2024, (Single-Year Age by Race/Ethnicity): Age 81 - Black or African American alone = 4. [Excel: Single-Year Age by Race (2024)]",
78207,Excel: Single-Year Age by Race (2024),2024,Single-Year Age by Race/Ethnicity,Total population,Age 81 - American Indian and Alaska Native alone,0.0,count,,"In ZIP code 78207 (San Antonio, TX), 2024, (Single-Year Age by Race/Ethnicity): Age 81 - American Indian and Alaska Native alone = 0. [Excel: Single-Year Age by Race (2024)]",
78207,Excel: Single-Year Age by Race (2024),2024,Single-Year Age by Race/Ethnicity,Total population,Age 81 - Asian alone,1.0,count,,"In ZIP code 78207 (San Antonio, TX), 2024, (Single-Year Age by Race/Ethnicity): Age 81 - Asian alone = 1. [Excel: Single-Year Age by Race (2024)]",
78207,Excel: Single-Year Age by Race (2024),2024,Single-Year Age by Race/Ethnicity,Total population,Age 81 - Native Hawaiian and Other Pacific Islander alone,0.0,count,,"In ZIP code 78207 (San Antonio, TX), 2024, (Single-Year Age by Race/Ethnicity): Age 81 - Native Hawaiian and Other Pacific Islander alone = 0. [Excel: Single-Year Age by Race (2024)]",
78207,Excel: Single-Year Age by Race (2024),2024,Single-Year Age by Race/Ethnicity,Total population,Age 81 - Some other race alone,23.0,count,,"In ZIP code 78207 (San Antonio, TX), 2024, (Single-Year Age by Race/Ethnicity): Age 81 - Some other race alone = 23. [Excel: Single-Year Age by Race (2024)]",
78207,Excel: Single-Year Age by Race (2024),2024,Single-Year Age by Race/Ethnicity,Total population,Age 81 - Two or more races,3.0,count,,"In ZIP code 78207 (San Antonio, TX), 2024, (Single-Year Age by Race/Ethnicity): Age 81 - Two or more races = 3. [Excel: Single-Year Age by Race (2024)]",
78207,Excel: Single-Year Age by Race (2024),2024,Single-Year Age by Race/Ethnicity,Total population,Age 81 - Hispanic or Latino (any race),158.0,count,,"In ZIP code 78207 (San Antonio, TX), 2024, (Single-Year Age by Race/Ethnicity): Age 81 - Hispanic or Latino (any race) = 158. [Excel: Single-Year Age by Race (2024)]",
78207,Excel: Single-Year Age by Race (2024),2024,Single-Year Age by Race/Ethnicity,Total population,Age 82 - Total,195.0,count,,"In ZIP code 78207 (San Antonio, TX), 2024, (Single-Year Age by Race/Ethnicity): Age 82 - Total = 195. [Excel: Single-Year Age by Race (2024)]",
78207,Excel: Single-Year Age by Race (2024),2024,Single-Year Age by Race/Ethnicity,Total population,Age 82 - White alone,162.0,count,,"In ZIP code 78207 (San Antonio, TX), 2024, (Single-Year Age by Race/Ethnicity): Age 82 - White alone = 162. [Excel: Single-Year Age by Race (2024)]",
78207,Excel: Single-Year Age by Race (2024),2024,Single-Year Age by Race/Ethnicity,Total population,Age 82 - Black or African American alone,2.0,count,,"In ZIP code 78207 (San Antonio, TX), 2024, (Single-Year Age by Race/Ethnicity): Age 82 - Black or African American alone = 2. [Excel: Single-Year Age by Race (2024)]",
78207,Excel: Single-Year Age by Race (2024),2024,Single-Year Age by Race/Ethnicity,Total population,Age 82 - American Indian and Alaska Native alone,4.0,count,,"In ZIP code 78207 (San Antonio, TX), 2024, (Single-Year Age by Race/Ethnicity): Age 82 - American Indian and Alaska Native alone = 4. [Excel: Single-Year Age by Race (2024)]",
78207,Excel: Single-Year Age by Race (2024),2024,Single-Year Age by Race/Ethnicity,Total population,Age 82 - Asian alone,1.0,count,,"In ZIP code 78207 (San Antonio, TX), 2024, (Single-Year Age by Race/Ethnicity): Age 82 - Asian alone = 1. [Excel: Single-Year Age by Race (2024)]",
78207,Excel: Single-Year Age by Race (2024),2024,Single-Year Age by Race/Ethnicity,Total population,Age 82 - Native Hawaiian and Other Pacific Islander alone,0.0,count,,"In ZIP code 78207 (San Antonio, TX), 2024, (Single-Year Age by Race/Ethnicity): Age 82 - Native Hawaiian and Other Pacific Islander alone = 0. [Excel: Single-Year Age by Race (2024)]",
78207,Excel: Single-Year Age by Race (2024),2024,Single-Year Age by Race/Ethnicity,Total population,Age 82 - Some other race alone,21.0,count,,"In ZIP code 78207 (San Antonio, TX), 2024, (Single-Year Age by Race/Ethnicity): Age 82 - Some other race alone = 21. [Excel: Single-Year Age by Race (2024)]",
78207,Excel: Single-Year Age by Race (2024),2024,Single-Year Age by Race/Ethnicity,Total population,Age 82 - Two or more races,5.0,count,,"In ZIP code 78207 (San Antonio, TX), 2024, (Single-Year Age by Race/Ethnicity): Age 82 - Two or more races = 5. [Excel: Single-Year Age by Race (2024)]",
78207,Excel: Single-Year Age by Race (2024),2024,Single-Year Age by Race/Ethnicity,Total population,Age 82 - Hispanic or Latino (any race),181.0,count,,"In ZIP code 78207 (San Antonio, TX), 2024, (Single-Year Age by Race/Ethnicity): Age 82 - Hispanic or Latino (any race) = 181. [Excel: Single-Year Age by Race (2024)]",
78207,Excel: Single-Year Age by Race (2024),2024,Single-Year Age by Race/Ethnicity,Total population,Age 83 - Total,179.0,count,,"In ZIP code 78207 (San Antonio, TX), 2024, (Single-Year Age by Race/Ethnicity): Age 83 - Total = 179. [Excel: Single-Year Age by Race (2024)]",
78207,Excel: Single-Year Age by Race (2024),2024,Single-Year Age by Race/Ethnicity,Total population,Age 83 - White alone,151.0,count,,"In ZIP code 78207 (San Antonio, TX), 2024, (Single-Year Age by Race/Ethnicity): Age 83 - White alone = 151. [Excel: Single-Year Age by Race (2024)]",
78207,Excel: Single-Year Age by Race (2024),2024,Single-Year Age by Race/Ethnicity,Total population,Age 83 - Black or African American alone,4.0,count,,"In ZIP code 78207 (San Antonio, TX), 2024, (Single-Year Age by Race/Ethnicity): Age 83 - Black or African American alone = 4. [Excel: Single-Year Age by Race (2024)]",
78207,Excel: Single-Year Age by Race (2024),2024,Single-Year Age by Race/Ethnicity,Total population,Age 83 - American Indian and Alaska Native alone,0.0,count,,"In ZIP code 78207 (San Antonio, TX), 2024, (Single-Year Age by Race/Ethnicity): Age 83 - American Indian and Alaska Native alone = 0. [Excel: Single-Year Age by Race (2024)]",
78207,Excel: Single-Year Age by Race (2024),2024,Single-Year Age by Race/Ethnicity,Total population,Age 83 - Asian alone,1.0,count,,"In ZIP code 78207 (San Antonio, TX), 2024, (Single-Year Age by Race/Ethnicity): Age 83 - Asian alone = 1. [Excel: Single-Year Age by Race (2024)]",
78207,Excel: Single-Year Age by Race (2024),2024,Single-Year Age by Race/Ethnicity,Total population,Age 83 - Native Hawaiian and Other Pacific Islander alone,0.0,count,,"In ZIP code 78207 (San Antonio, TX), 2024, (Single-Year Age by Race/Ethnicity): Age 83 - Native Hawaiian and Other Pacific Islander alone = 0. [Excel: Single-Year Age by Race (2024)]",
78207,Excel: Single-Year Age by Race (2024),2024,Single-Year Age by Race/Ethnicity,Total population,Age 83 - Some other race alone,19.0,count,,"In ZIP code 78207 (San Antonio, TX), 2024, (Single-Year Age by Race/Ethnicity): Age 83 - Some other race alone = 19. [Excel: Single-Year Age by Race (2024)]",
78207,Excel: Single-Year Age by Race (2024),2024,Single-Year Age by Race/Ethnicity,Total population,Age 83 - Two or more races,4.0,count,,"In ZIP code 78207 (San Antonio, TX), 2024, (Single-Year Age by Race/Ethnicity): Age 83 - Two or more races = 4. [Excel: Single-Year Age by Race (2024)]",
78207,Excel: Single-Year Age by Race (2024),2024,Single-Year Age by Race/Ethnicity,Total population,Age 83 - Hispanic or Latino (any race),162.0,count,,"In ZIP code 78207 (San Antonio, TX), 2024, (Single-Year Age by Race/Ethnicity): Age 83 - Hispanic or Latino (any race) = 162. [Excel: Single-Year Age by Race (2024)]",
78207,Excel: Single-Year Age by Race (2024),2024,Single-Year Age by Race/Ethnicity,Total population,Age 84 - Total,171.0,count,,"In ZIP code 78207 (San Antonio, TX), 2024, (Single-Year Age by Race/Ethnicity): Age 84 - Total = 171. [Excel: Single-Year Age by Race (2024)]",
78207,Excel: Single-Year Age by Race (2024),2024,Single-Year Age by Race/Ethnicity,Total population,Age 84 - White alone,143.0,count,,"In ZIP code 78207 (San Antonio, TX), 2024, (Single-Year Age by Race/Ethnicity): Age 84 - White alone = 143. [Excel: Single-Year Age by Race (2024)]",
78207,Excel: Single-Year Age by Race (2024),2024,Single-Year Age by Race/Ethnicity,Total population,Age 84 - Black or African American alone,6.0,count,,"In ZIP code 78207 (San Antonio, TX), 2024, (Single-Year Age by Race/Ethnicity): Age 84 - Black or African American alone = 6. [Excel: Single-Year Age by Race (2024)]",
78207,Excel: Single-Year Age by Race (2024),2024,Single-Year Age by Race/Ethnicity,Total population,Age 84 - American Indian and Alaska Native alone,4.0,count,,"In ZIP code 78207 (San Antonio, TX), 2024, (Single-Year Age by Race/Ethnicity): Age 84 - American Indian and Alaska Native alone = 4. [Excel: Single-Year Age by Race (2024)]",
78207,Excel: Single-Year Age by Race (2024),2024,Single-Year Age by Race/Ethnicity,Total population,Age 84 - Asian alone,0.0,count,,"In ZIP code 78207 (San Antonio, TX), 2024, (Single-Year Age by Race/Ethnicity): Age 84 - Asian alone = 0. [Excel: Single-Year Age by Race (2024)]",
78207,Excel: Single-Year Age by Race (2024),2024,Single-Year Age by Race/Ethnicity,Total population,Age 84 - Native Hawaiian and Other Pacific Islander alone,0.0,count,,"In ZIP code 78207 (San Antonio, TX), 2024, (Single-Year Age by Race/Ethnicity): Age 84 - Native Hawaiian and Other Pacific Islander alone = 0. [Excel: Single-Year Age by Race (2024)]",
78207,Excel: Single-Year Age by Race (2024),2024,Single-Year Age by Race/Ethnicity,Total population,Age 84 - Some other race alone,10.0,count,,"In ZIP code 78207 (San Antonio, TX), 2024, (Single-Year Age by Race/Ethnicity): Age 84 - Some other race alone = 10. [Excel: Single-Year Age by Race (2024)]",
78207,Excel: Single-Year Age by Race (2024),2024,Single-Year Age by Race/Ethnicity,Total population,Age 84 - Two or more races,8.0,count,,"In ZIP code 78207 (San Antonio, TX), 2024, (Single-Year Age by Race/Ethnicity): Age 84 - Two or more races = 8. [Excel: Single-Year Age by Race (2024)]",
78207,Excel: Single-Year Age by Race (2024),2024,Single-Year Age by Race/Ethnicity,Total population,Age 84 - Hispanic or Latino (any race),153.0,count,,"In ZIP code 78207 (San Antonio, TX), 2024, (Single-Year Age by Race/Ethnicity): Age 84 - Hispanic or Latino (any race) = 153. [Excel: Single-Year Age by Race (2024)]",
78207,Excel: Single-Year Age by Race (2024),2024,Single-Year Age by Race/Ethnicity,Total population,Age 85 - Total,182.0,count,,"In ZIP code 78207 (San Antonio, TX), 2024, (Single-Year Age by Race/Ethnicity): Age 85 - Total = 182. [Excel: Single-Year Age by Race (2024)]",
78207,Excel: Single-Year Age by Race (2024),2024,Single-Year Age by Race/Ethnicity,Total population,Age 85 - White alone,147.0,count,,"In ZIP code 78207 (San Antonio, TX), 2024, (Single-Year Age by Race/Ethnicity): Age 85 - White alone = 147. [Excel: Single-Year Age by Race (2024)]",
78207,Excel: Single-Year Age by Race (2024),2024,Single-Year Age by Race/Ethnicity,Total population,Age 85 - Black or African American alone,6.0,count,,"In ZIP code 78207 (San Antonio, TX), 2024, (Single-Year Age by Race/Ethnicity): Age 85 - Black or African American alone = 6. [Excel: Single-Year Age by Race (2024)]",
78207,Excel: Single-Year Age by Race (2024),2024,Single-Year Age by Race/Ethnicity,Total population,Age 85 - American Indian and Alaska Native alone,3.0,count,,"In ZIP code 78207 (San Antonio, TX), 2024, (Single-Year Age by Race/Ethnicity): Age 85 - American Indian and Alaska Native alone = 3. [Excel: Single-Year Age by Race (2024)]",
78207,Excel: Single-Year Age by Race (2024),2024,Single-Year Age by Race/Ethnicity,Total population,Age 85 - Asian alone,0.0,count,,"In ZIP code 78207 (San Antonio, TX), 2024, (Single-Year Age by Race/Ethnicity): Age 85 - Asian alone = 0. [Excel: Single-Year Age by Race (2024)]",
78207,Excel: Single-Year Age by Race (2024),2024,Single-Year Age by Race/Ethnicity,Total population,Age 85 - Native Hawaiian and Other Pacific Islander alone,0.0,count,,"In ZIP code 78207 (San Antonio, TX), 2024, (Single-Year Age by Race/Ethnicity): Age 85 - Native Hawaiian and Other Pacific Islander alone = 0. [Excel: Single-Year Age by Race (2024)]",
78207,Excel: Single-Year Age by Race (2024),2024,Single-Year Age by Race/Ethnicity,Total population,Age 85 - Some other race alone,24.0,count,,"In ZIP code 78207 (San Antonio, TX), 2024, (Single-Year Age by Race/Ethnicity): Age 85 - Some other race alone = 24. [Excel: Single-Year Age by Race (2024)]",
78207,Excel: Single-Year Age by Race (2024),2024,Single-Year Age by Race/Ethnicity,Total population,Age 85 - Two or more races,2.0,count,,"In ZIP code 78207 (San Antonio, TX), 2024, (Single-Year Age by Race/Ethnicity): Age 85 - Two or more races = 2. [Excel: Single-Year Age by Race (2024)]",
78207,Excel: Single-Year Age by Race (2024),2024,Single-Year Age by Race/Ethnicity,Total population,Age 85 - Hispanic or Latino (any race),166.0,count,,"In ZIP code 78207 (San Antonio, TX), 2024, (Single-Year Age by Race/Ethnicity): Age 85 - Hispanic or Latino (any race) = 166. [Excel: Single-Year Age by Race (2024)]",
78207,Excel: Single-Year Age by Race (2024),2024,Single-Year Age by Race/Ethnicity,Total population,Age 86 - Total,151.0,count,,"In ZIP code 78207 (San Antonio, TX), 2024, (Single-Year Age by Race/Ethnicity): Age 86 - Total = 151. [Excel: Single-Year Age by Race (2024)]",
78207,Excel: Single-Year Age by Race (2024),2024,Single-Year Age by Race/Ethnicity,Total population,Age 86 - White alone,132.0,count,,"In ZIP code 78207 (San Antonio, TX), 2024, (Single-Year Age by Race/Ethnicity): Age 86 - White alone = 132. [Excel: Single-Year Age by Race (2024)]",
78207,Excel: Single-Year Age by Race (2024),2024,Single-Year Age by Race/Ethnicity,Total population,Age 86 - Black or African American alone,3.0,count,,"In ZIP code 78207 (San Antonio, TX), 2024, (Single-Year Age by Race/Ethnicity): Age 86 - Black or African American alone = 3. [Excel: Single-Year Age by Race (2024)]",
78207,Excel: Single-Year Age by Race (2024),2024,Single-Year Age by Race/Ethnicity,Total population,Age 86 - American Indian and Alaska Native alone,2.0,count,,"In ZIP code 78207 (San Antonio, TX), 2024, (Single-Year Age by Race/Ethnicity): Age 86 - American Indian and Alaska Native alone = 2. [Excel: Single-Year Age by Race (2024)]",
78207,Excel: Single-Year Age by Race (2024),2024,Single-Year Age by Race/Ethnicity,Total population,Age 86 - Asian alone,0.0,count,,"In ZIP code 78207 (San Antonio, TX), 2024, (Single-Year Age by Race/Ethnicity): Age 86 - Asian alone = 0. [Excel: Single-Year Age by Race (2024)]",
78207,Excel: Single-Year Age by Race (2024),2024,Single-Year Age by Race/Ethnicity,Total population,Age 86 - Native Hawaiian and Other Pacific Islander alone,0.0,count,,"In ZIP code 78207 (San Antonio, TX), 2024, (Single-Year Age by Race/Ethnicity): Age 86 - Native Hawaiian and Other Pacific Islander alone = 0. [Excel: Single-Year Age by Race (2024)]",
78207,Excel: Single-Year Age by Race (2024),2024,Single-Year Age by Race/Ethnicity,Total population,Age 86 - Some other race alone,14.0,count,,"In ZIP code 78207 (San Antonio, TX), 2024, (Single-Year Age by Race/Ethnicity): Age 86 - Some other race alone = 14. [Excel: Single-Year Age by Race (2024)]",
78207,Excel: Single-Year Age by Race (2024),2024,Single-Year Age by Race/Ethnicity,Total population,Age 86 - Two or more races,0.0,count,,"In ZIP code 78207 (San Antonio, TX), 2024, (Single-Year Age by Race/Ethnicity): Age 86 - Two or more races = 0. [Excel: Single-Year Age by Race (2024)]",
78207,Excel: Single-Year Age by Race (2024),2024,Single-Year Age by Race/Ethnicity,Total population,Age 86 - Hispanic or Latino (any race),134.0,count,,"In ZIP code 78207 (San Antonio, TX), 2024, (Single-Year Age by Race/Ethnicity): Age 86 - Hispanic or Latino (any race) = 134. [Excel: Single-Year Age by Race (2024)]",
78207,Excel: Single-Year Age by Race (2024),2024,Single-Year Age by Race/Ethnicity,Total population,Age 87 - Total,115.0,count,,"In ZIP code 78207 (San Antonio, TX), 2024, (Single-Year Age by Race/Ethnicity): Age 87 - Total = 115. [Excel: Single-Year Age by Race (2024)]",
78207,Excel: Single-Year Age by Race (2024),2024,Single-Year Age by Race/Ethnicity,Total population,Age 87 - White alone,99.0,count,,"In ZIP code 78207 (San Antonio, TX), 2024, (Single-Year Age by Race/Ethnicity): Age 87 - White alone = 99. [Excel: Single-Year Age by Race (2024)]",
78207,Excel: Single-Year Age by Race (2024),2024,Single-Year Age by Race/Ethnicity,Total population,Age 87 - Black or African American alone,5.0,count,,"In ZIP code 78207 (San Antonio, TX), 2024, (Single-Year Age by Race/Ethnicity): Age 87 - Black or African American alone = 5. [Excel: Single-Year Age by Race (2024)]",
78207,Excel: Single-Year Age by Race (2024),2024,Single-Year Age by Race/Ethnicity,Total population,Age 87 - American Indian and Alaska Native alone,0.0,count,,"In ZIP code 78207 (San Antonio, TX), 2024, (Single-Year Age by Race/Ethnicity): Age 87 - American Indian and Alaska Native alone = 0. [Excel: Single-Year Age by Race (2024)]",
78207,Excel: Single-Year Age by Race (2024),2024,Single-Year Age by Race/Ethnicity,Total population,Age 87 - Asian alone,0.0,count,,"In ZIP code 78207 (San Antonio, TX), 2024, (Single-Year Age by Race/Ethnicity): Age 87 - Asian alone = 0. [Excel: Single-Year Age by Race (2024)]",
78207,Excel: Single-Year Age by Race (2024),2024,Single-Year Age by Race/Ethnicity,Total population,Age 87 - Native Hawaiian and Other Pacific Islander alone,0.0,count,,"In ZIP code 78207 (San Antonio, TX), 2024, (Single-Year Age by Race/Ethnicity): Age 87 - Native Hawaiian and Other Pacific Islander alone = 0. [Excel: Single-Year Age by Race (2024)]",
78207,Excel: Single-Year Age by Race (2024),2024,Single-Year Age by Race/Ethnicity,Total population,Age 87 - Some other race alone,8.0,count,,"In ZIP code 78207 (San Antonio, TX), 2024, (Single-Year Age by Race/Ethnicity): Age 87 - Some other race alone = 8. [Excel: Single-Year Age by Race (2024)]",
78207,Excel: Single-Year Age by Race (2024),2024,Single-Year Age by Race/Ethnicity,Total population,Age 87 - Two or more races,3.0,count,,"In ZIP code 78207 (San Antonio, TX), 2024, (Single-Year Age by Race/Ethnicity): Age 87 - Two or more races = 3. [Excel: Single-Year Age by Race (2024)]",
78207,Excel: Single-Year Age by Race (2024),2024,Single-Year Age by Race/Ethnicity,Total population,Age 87 - Hispanic or Latino (any race),104.0,count,,"In ZIP code 78207 (San Antonio, TX), 2024, (Single-Year Age by Race/Ethnicity): Age 87 - Hispanic or Latino (any race) = 104. [Excel: Single-Year Age by Race (2024)]",
78207,Excel: Single-Year Age by Race (2024),2024,Single-Year Age by Race/Ethnicity,Total population,Age 88 - Total,104.0,count,,"In ZIP code 78207 (San Antonio, TX), 2024, (Single-Year Age by Race/Ethnicity): Age 88 - Total = 104. [Excel: Single-Year Age by Race (2024)]",
78207,Excel: Single-Year Age by Race (2024),2024,Single-Year Age by Race/Ethnicity,Total population,Age 88 - White alone,87.0,count,,"In ZIP code 78207 (San Antonio, TX), 2024, (Single-Year Age by Race/Ethnicity): Age 88 - White alone = 87. [Excel: Single-Year Age by Race (2024)]",
78207,Excel: Single-Year Age by Race (2024),2024,Single-Year Age by Race/Ethnicity,Total population,Age 88 - Black or African American alone,4.0,count,,"In ZIP code 78207 (San Antonio, TX), 2024, (Single-Year Age by Race/Ethnicity): Age 88 - Black or African American alone = 4. [Excel: Single-Year Age by Race (2024)]",
78207,Excel: Single-Year Age by Race (2024),2024,Single-Year Age by Race/Ethnicity,Total population,Age 88 - American Indian and Alaska Native alone,1.0,count,,"In ZIP code 78207 (San Antonio, TX), 2024, (Single-Year Age by Race/Ethnicity): Age 88 - American Indian and Alaska Native alone = 1. [Excel: Single-Year Age by Race (2024)]",
78207,Excel: Single-Year Age by Race (2024),2024,Single-Year Age by Race/Ethnicity,Total population,Age 88 - Asian alone,1.0,count,,"In ZIP code 78207 (San Antonio, TX), 2024, (Single-Year Age by Race/Ethnicity): Age 88 - Asian alone = 1. [Excel: Single-Year Age by Race (2024)]",
78207,Excel: Single-Year Age by Race (2024),2024,Single-Year Age by Race/Ethnicity,Total population,Age 88 - Native Hawaiian and Other Pacific Islander alone,0.0,count,,"In ZIP code 78207 (San Antonio, TX), 2024, (Single-Year Age by Race/Ethnicity): Age 88 - Native Hawaiian and Other Pacific Islander alone = 0. [Excel: Single-Year Age by Race (2024)]",
78207,Excel: Single-Year Age by Race (2024),2024,Single-Year Age by Race/Ethnicity,Total population,Age 88 - Some other race alone,10.0,count,,"In ZIP code 78207 (San Antonio, TX), 2024, (Single-Year Age by Race/Ethnicity): Age 88 - Some other race alone = 10. [Excel: Single-Year Age by Race (2024)]",
78207,Excel: Single-Year Age by Race (2024),2024,Single-Year Age by Race/Ethnicity,Total population,Age 88 - Two or more races,1.0,count,,"In ZIP code 78207 (San Antonio, TX), 2024, (Single-Year Age by Race/Ethnicity): Age 88 - Two or more races = 1. [Excel: Single-Year Age by Race (2024)]",
78207,Excel: Single-Year Age by Race (2024),2024,Single-Year Age by Race/Ethnicity,Total population,Age 88 - Hispanic or Latino (any race),89.0,count,,"In ZIP code 78207 (San Antonio, TX), 2024, (Single-Year Age by Race/Ethnicity): Age 88 - Hispanic or Latino (any race) = 89. [Excel: Single-Year Age by Race (2024)]",
78207,Excel: Single-Year Age by Race (2024),2024,Single-Year Age by Race/Ethnicity,Total population,Age 89 - Total,76.0,count,,"In ZIP code 78207 (San Antonio, TX), 2024, (Single-Year Age by Race/Ethnicity): Age 89 - Total = 76. [Excel: Single-Year Age by Race (2024)]",
78207,Excel: Single-Year Age by Race (2024),2024,Single-Year Age by Race/Ethnicity,Total population,Age 89 - White alone,58.0,count,,"In ZIP code 78207 (San Antonio, TX), 2024, (Single-Year Age by Race/Ethnicity): Age 89 - White alone = 58. [Excel: Single-Year Age by Race (2024)]",
78207,Excel: Single-Year Age by Race (2024),2024,Single-Year Age by Race/Ethnicity,Total population,Age 89 - Black or African American alone,4.0,count,,"In ZIP code 78207 (San Antonio, TX), 2024, (Single-Year Age by Race/Ethnicity): Age 89 - Black or African American alone = 4. [Excel: Single-Year Age by Race (2024)]",
78207,Excel: Single-Year Age by Race (2024),2024,Single-Year Age by Race/Ethnicity,Total population,Age 89 - American Indian and Alaska Native alone,0.0,count,,"In ZIP code 78207 (San Antonio, TX), 2024, (Single-Year Age by Race/Ethnicity): Age 89 - American Indian and Alaska Native alone = 0. [Excel: Single-Year Age by Race (2024)]",
78207,Excel: Single-Year Age by Race (2024),2024,Single-Year Age by Race/Ethnicity,Total population,Age 89 - Asian alone,0.0,count,,"In ZIP code 78207 (San Antonio, TX), 2024, (Single-Year Age by Race/Ethnicity): Age 89 - Asian alone = 0. [Excel: Single-Year Age by Race (2024)]",
78207,Excel: Single-Year Age by Race (2024),2024,Single-Year Age by Race/Ethnicity,Total population,Age 89 - Native Hawaiian and Other Pacific Islander alone,0.0,count,,"In ZIP code 78207 (San Antonio, TX), 2024, (Single-Year Age by Race/Ethnicity): Age 89 - Native Hawaiian and Other Pacific Islander alone = 0. [Excel: Single-Year Age by Race (2024)]",
78207,Excel: Single-Year Age by Race (2024),2024,Single-Year Age by Race/Ethnicity,Total population,Age 89 - Some other race alone,11.0,count,,"In ZIP code 78207 (San Antonio, TX), 2024, (Single-Year Age by Race/Ethnicity): Age 89 - Some other race alone = 11. [Excel: Single-Year Age by Race (2024)]",
78207,Excel: Single-Year Age by Race (2024),2024,Single-Year Age by Race/Ethnicity,Total population,Age 89 - Two or more races,3.0,count,,"In ZIP code 78207 (San Antonio, TX), 2024, (Single-Year Age by Race/Ethnicity): Age 89 - Two or more races = 3. [Excel: Single-Year Age by Race (2024)]",
78207,Excel: Single-Year Age by Race (2024),2024,Single-Year Age by Race/Ethnicity,Total population,Age 89 - Hispanic or Latino (any race),66.0,count,,"In ZIP code 78207 (San Antonio, TX), 2024, (Single-Year Age by Race/Ethnicity): Age 89 - Hispanic or Latino (any race) = 66. [Excel: Single-Year Age by Race (2024)]",
78207,Excel: Single-Year Age by Race (2024),2024,Single-Year Age by Race/Ethnicity,Total population,Age 90 - Total,73.0,count,,"In ZIP code 78207 (San Antonio, TX), 2024, (Single-Year Age by Race/Ethnicity): Age 90 - Total = 73. [Excel: Single-Year Age by Race (2024)]",
78207,Excel: Single-Year Age by Race (2024),2024,Single-Year Age by Race/Ethnicity,Total population,Age 90 - White alone,59.0,count,,"In ZIP code 78207 (San Antonio, TX), 2024, (Single-Year Age by Race/Ethnicity): Age 90 - White alone = 59. [Excel: Single-Year Age by Race (2024)]",
78207,Excel: Single-Year Age by Race (2024),2024,Single-Year Age by Race/Ethnicity,Total population,Age 90 - Black or African American alone,2.0,count,,"In ZIP code 78207 (San Antonio, TX), 2024, (Single-Year Age by Race/Ethnicity): Age 90 - Black or African American alone = 2. [Excel: Single-Year Age by Race (2024)]",
78207,Excel: Single-Year Age by Race (2024),2024,Single-Year Age by Race/Ethnicity,Total population,Age 90 - American Indian and Alaska Native alone,2.0,count,,"In ZIP code 78207 (San Antonio, TX), 2024, (Single-Year Age by Race/Ethnicity): Age 90 - American Indian and Alaska Native alone = 2. [Excel: Single-Year Age by Race (2024)]",
78207,Excel: Single-Year Age by Race (2024),2024,Single-Year Age by Race/Ethnicity,Total population,Age 90 - Asian alone,0.0,count,,"In ZIP code 78207 (San Antonio, TX), 2024, (Single-Year Age by Race/Ethnicity): Age 90 - Asian alone = 0. [Excel: Single-Year Age by Race (2024)]",
78207,Excel: Single-Year Age by Race (2024),2024,Single-Year Age by Race/Ethnicity,Total population,Age 90 - Native Hawaiian and Other Pacific Islander alone,0.0,count,,"In ZIP code 78207 (San Antonio, TX), 2024, (Single-Year Age by Race/Ethnicity): Age 90 - Native Hawaiian and Other Pacific Islander alone = 0. [Excel: Single-Year Age by Race (2024)]",
78207,Excel: Single-Year Age by Race (2024),2024,Single-Year Age by Race/Ethnicity,Total population,Age 90 - Some other race alone,8.0,count,,"In ZIP code 78207 (San Antonio, TX), 2024, (Single-Year Age by Race/Ethnicity): Age 90 - Some other race alone = 8. [Excel: Single-Year Age by Race (2024)]",
78207,Excel: Single-Year Age by Race (2024),2024,Single-Year Age by Race/Ethnicity,Total population,Age 90 - Two or more races,2.0,count,,"In ZIP code 78207 (San Antonio, TX), 2024, (Single-Year Age by Race/Ethnicity): Age 90 - Two or more races = 2. [Excel: Single-Year Age by Race (2024)]",
78207,Excel: Single-Year Age by Race (2024),2024,Single-Year Age by Race/Ethnicity,Total population,Age 90 - Hispanic or Latino (any race),67.0,count,,"In ZIP code 78207 (San Antonio, TX), 2024, (Single-Year Age by Race/Ethnicity): Age 90 - Hispanic or Latino (any race) = 67. [Excel: Single-Year Age by Race (2024)]",
78207,Excel: Single-Year Age by Race (2024),2024,Single-Year Age by Race/Ethnicity,Total population,Age 91 - Total,58.0,count,,"In ZIP code 78207 (San Antonio, TX), 2024, (Single-Year Age by Race/Ethnicity): Age 91 - Total = 58. [Excel: Single-Year Age by Race (2024)]",
78207,Excel: Single-Year Age by Race (2024),2024,Single-Year Age by Race/Ethnicity,Total population,Age 91 - White alone,43.0,count,,"In ZIP code 78207 (San Antonio, TX), 2024, (Single-Year Age by Race/Ethnicity): Age 91 - White alone = 43. [Excel: Single-Year Age by Race (2024)]",
78207,Excel: Single-Year Age by Race (2024),2024,Single-Year Age by Race/Ethnicity,Total population,Age 91 - Black or African American alone,3.0,count,,"In ZIP code 78207 (San Antonio, TX), 2024, (Single-Year Age by Race/Ethnicity): Age 91 - Black or African American alone = 3. [Excel: Single-Year Age by Race (2024)]",
78207,Excel: Single-Year Age by Race (2024),2024,Single-Year Age by Race/Ethnicity,Total population,Age 91 - American Indian and Alaska Native alone,1.0,count,,"In ZIP code 78207 (San Antonio, TX), 2024, (Single-Year Age by Race/Ethnicity): Age 91 - American Indian and Alaska Native alone = 1. [Excel: Single-Year Age by Race (2024)]",
78207,Excel: Single-Year Age by Race (2024),2024,Single-Year Age by Race/Ethnicity,Total population,Age 91 - Asian alone,0.0,count,,"In ZIP code 78207 (San Antonio, TX), 2024, (Single-Year Age by Race/Ethnicity): Age 91 - Asian alone = 0. [Excel: Single-Year Age by Race (2024)]",
78207,Excel: Single-Year Age by Race (2024),2024,Single-Year Age by Race/Ethnicity,Total population,Age 91 - Native Hawaiian and Other Pacific Islander alone,0.0,count,,"In ZIP code 78207 (San Antonio, TX), 2024, (Single-Year Age by Race/Ethnicity): Age 91 - Native Hawaiian and Other Pacific Islander alone = 0. [Excel: Single-Year Age by Race (2024)]",
78207,Excel: Single-Year Age by Race (2024),2024,Single-Year Age by Race/Ethnicity,Total population,Age 91 - Some other race alone,10.0,count,,"In ZIP code 78207 (San Antonio, TX), 2024, (Single-Year Age by Race/Ethnicity): Age 91 - Some other race alone = 10. [Excel: Single-Year Age by Race (2024)]",
78207,Excel: Single-Year Age by Race (2024),2024,Single-Year Age by Race/Ethnicity,Total population,Age 91 - Two or more races,1.0,count,,"In ZIP code 78207 (San Antonio, TX), 2024, (Single-Year Age by Race/Ethnicity): Age 91 - Two or more races = 1. [Excel: Single-Year Age by Race (2024)]",
78207,Excel: Single-Year Age by Race (2024),2024,Single-Year Age by Race/Ethnicity,Total population,Age 91 - Hispanic or Latino (any race),50.0,count,,"In ZIP code 78207 (San Antonio, TX), 2024, (Single-Year Age by Race/Ethnicity): Age 91 - Hispanic or Latino (any race) = 50. [Excel: Single-Year Age by Race (2024)]",
78207,Excel: Single-Year Age by Race (2024),2024,Single-Year Age by Race/Ethnicity,Total population,Age 92 - Total,26.0,count,,"In ZIP code 78207 (San Antonio, TX), 2024, (Single-Year Age by Race/Ethnicity): Age 92 - Total = 26. [Excel: Single-Year Age by Race (2024)]",
78207,Excel: Single-Year Age by Race (2024),2024,Single-Year Age by Race/Ethnicity,Total population,Age 92 - White alone,18.0,count,,"In ZIP code 78207 (San Antonio, TX), 2024, (Single-Year Age by Race/Ethnicity): Age 92 - White alone = 18. [Excel: Single-Year Age by Race (2024)]",
78207,Excel: Single-Year Age by Race (2024),2024,Single-Year Age by Race/Ethnicity,Total population,Age 92 - Black or African American alone,2.0,count,,"In ZIP code 78207 (San Antonio, TX), 2024, (Single-Year Age by Race/Ethnicity): Age 92 - Black or African American alone = 2. [Excel: Single-Year Age by Race (2024)]",
78207,Excel: Single-Year Age by Race (2024),2024,Single-Year Age by Race/Ethnicity,Total population,Age 92 - American Indian and Alaska Native alone,0.0,count,,"In ZIP code 78207 (San Antonio, TX), 2024, (Single-Year Age by Race/Ethnicity): Age 92 - American Indian and Alaska Native alone = 0. [Excel: Single-Year Age by Race (2024)]",
78207,Excel: Single-Year Age by Race (2024),2024,Single-Year Age by Race/Ethnicity,Total population,Age 92 - Asian alone,0.0,count,,"In ZIP code 78207 (San Antonio, TX), 2024, (Single-Year Age by Race/Ethnicity): Age 92 - Asian alone = 0. [Excel: Single-Year Age by Race (2024)]",
78207,Excel: Single-Year Age by Race (2024),2024,Single-Year Age by Race/Ethnicity,Total population,Age 92 - Native Hawaiian and Other Pacific Islander alone,0.0,count,,"In ZIP code 78207 (San Antonio, TX), 2024, (Single-Year Age by Race/Ethnicity): Age 92 - Native Hawaiian and Other Pacific Islander alone = 0. [Excel: Single-Year Age by Race (2024)]",
78207,Excel: Single-Year Age by Race (2024),2024,Single-Year Age by Race/Ethnicity,Total population,Age 92 - Some other race alone,5.0,count,,"In ZIP code 78207 (San Antonio, TX), 2024, (Single-Year Age by Race/Ethnicity): Age 92 - Some other race alone = 5. [Excel: Single-Year Age by Race (2024)]",
78207,Excel: Single-Year Age by Race (2024),2024,Single-Year Age by Race/Ethnicity,Total population,Age 92 - Two or more races,1.0,count,,"In ZIP code 78207 (San Antonio, TX), 2024, (Single-Year Age by Race/Ethnicity): Age 92 - Two or more races = 1. [Excel: Single-Year Age by Race (2024)]",
78207,Excel: Single-Year Age by Race (2024),2024,Single-Year Age by Race/Ethnicity,Total population,Age 92 - Hispanic or Latino (any race),22.0,count,,"In ZIP code 78207 (San Antonio, TX), 2024, (Single-Year Age by Race/Ethnicity): Age 92 - Hispanic or Latino (any race) = 22. [Excel: Single-Year Age by Race (2024)]",
78207,Excel: Single-Year Age by Race (2024),2024,Single-Year Age by Race/Ethnicity,Total population,Age 93 - Total,29.0,count,,"In ZIP code 78207 (San Antonio, TX), 2024, (Single-Year Age by Race/Ethnicity): Age 93 - Total = 29. [Excel: Single-Year Age by Race (2024)]",
78207,Excel: Single-Year Age by Race (2024),2024,Single-Year Age by Race/Ethnicity,Total population,Age 93 - White alone,24.0,count,,"In ZIP code 78207 (San Antonio, TX), 2024, (Single-Year Age by Race/Ethnicity): Age 93 - White alone = 24. [Excel: Single-Year Age by Race (2024)]",
78207,Excel: Single-Year Age by Race (2024),2024,Single-Year Age by Race/Ethnicity,Total population,Age 93 - Black or African American alone,1.0,count,,"In ZIP code 78207 (San Antonio, TX), 2024, (Single-Year Age by Race/Ethnicity): Age 93 - Black or African American alone = 1. [Excel: Single-Year Age by Race (2024)]",
78207,Excel: Single-Year Age by Race (2024),2024,Single-Year Age by Race/Ethnicity,Total population,Age 93 - American Indian and Alaska Native alone,2.0,count,,"In ZIP code 78207 (San Antonio, TX), 2024, (Single-Year Age by Race/Ethnicity): Age 93 - American Indian and Alaska Native alone = 2. [Excel: Single-Year Age by Race (2024)]",
78207,Excel: Single-Year Age by Race (2024),2024,Single-Year Age by Race/Ethnicity,Total population,Age 93 - Asian alone,0.0,count,,"In ZIP code 78207 (San Antonio, TX), 2024, (Single-Year Age by Race/Ethnicity): Age 93 - Asian alone = 0. [Excel: Single-Year Age by Race (2024)]",
78207,Excel: Single-Year Age by Race (2024),2024,Single-Year Age by Race/Ethnicity,Total population,Age 93 - Native Hawaiian and Other Pacific Islander alone,0.0,count,,"In ZIP code 78207 (San Antonio, TX), 2024, (Single-Year Age by Race/Ethnicity): Age 93 - Native Hawaiian and Other Pacific Islander alone = 0. [Excel: Single-Year Age by Race (2024)]",
78207,Excel: Single-Year Age by Race (2024),2024,Single-Year Age by Race/Ethnicity,Total population,Age 93 - Some other race alone,2.0,count,,"In ZIP code 78207 (San Antonio, TX), 2024, (Single-Year Age by Race/Ethnicity): Age 93 - Some other race alone = 2. [Excel: Single-Year Age by Race (2024)]",
78207,Excel: Single-Year Age by Race (2024),2024,Single-Year Age by Race/Ethnicity,Total population,Age 93 - Two or more races,0.0,count,,"In ZIP code 78207 (San Antonio, TX), 2024, (Single-Year Age by Race/Ethnicity): Age 93 - Two or more races = 0. [Excel: Single-Year Age by Race (2024)]",
78207,Excel: Single-Year Age by Race (2024),2024,Single-Year Age by Race/Ethnicity,Total population,Age 93 - Hispanic or Latino (any race),18.0,count,,"In ZIP code 78207 (San Antonio, TX), 2024, (Single-Year Age by Race/Ethnicity): Age 93 - Hispanic or Latino (any race) = 18. [Excel: Single-Year Age by Race (2024)]",
78207,Excel: Single-Year Age by Race (2024),2024,Single-Year Age by Race/Ethnicity,Total population,Age 94 - Total,25.0,count,,"In ZIP code 78207 (San Antonio, TX), 2024, (Single-Year Age by Race/Ethnicity): Age 94 - Total = 25. [Excel: Single-Year Age by Race (2024)]",
78207,Excel: Single-Year Age by Race (2024),2024,Single-Year Age by Race/Ethnicity,Total population,Age 94 - White alone,18.0,count,,"In ZIP code 78207 (San Antonio, TX), 2024, (Single-Year Age by Race/Ethnicity): Age 94 - White alone = 18. [Excel: Single-Year Age by Race (2024)]",
78207,Excel: Single-Year Age by Race (2024),2024,Single-Year Age by Race/Ethnicity,Total population,Age 94 - Black or African American alone,1.0,count,,"In ZIP code 78207 (San Antonio, TX), 2024, (Single-Year Age by Race/Ethnicity): Age 94 - Black or African American alone = 1. [Excel: Single-Year Age by Race (2024)]",
78207,Excel: Single-Year Age by Race (2024),2024,Single-Year Age by Race/Ethnicity,Total population,Age 94 - American Indian and Alaska Native alone,0.0,count,,"In ZIP code 78207 (San Antonio, TX), 2024, (Single-Year Age by Race/Ethnicity): Age 94 - American Indian and Alaska Native alone = 0. [Excel: Single-Year Age by Race (2024)]",
78207,Excel: Single-Year Age by Race (2024),2024,Single-Year Age by Race/Ethnicity,Total population,Age 94 - Asian alone,0.0,count,,"In ZIP code 78207 (San Antonio, TX), 2024, (Single-Year Age by Race/Ethnicity): Age 94 - Asian alone = 0. [Excel: Single-Year Age by Race (2024)]",
78207,Excel: Single-Year Age by Race (2024),2024,Single-Year Age by Race/Ethnicity,Total population,Age 94 - Native Hawaiian and Other Pacific Islander alone,0.0,count,,"In ZIP code 78207 (San Antonio, TX), 2024, (Single-Year Age by Race/Ethnicity): Age 94 - Native Hawaiian and Other Pacific Islander alone = 0. [Excel: Single-Year Age by Race (2024)]",
78207,Excel: Single-Year Age by Race (2024),2024,Single-Year Age by Race/Ethnicity,Total population,Age 94 - Some other race alone,6.0,count,,"In ZIP code 78207 (San Antonio, TX), 2024, (Single-Year Age by Race/Ethnicity): Age 94 - Some other race alone = 6. [Excel: Single-Year Age by Race (2024)]",
78207,Excel: Single-Year Age by Race (2024),2024,Single-Year Age by Race/Ethnicity,Total population,Age 94 - Two or more races,0.0,count,,"In ZIP code 78207 (San Antonio, TX), 2024, (Single-Year Age by Race/Ethnicity): Age 94 - Two or more races = 0. [Excel: Single-Year Age by Race (2024)]",
78207,Excel: Single-Year Age by Race (2024),2024,Single-Year Age by Race/Ethnicity,Total population,Age 94 - Hispanic or Latino (any race),21.0,count,,"In ZIP code 78207 (San Antonio, TX), 2024, (Single-Year Age by Race/Ethnicity): Age 94 - Hispanic or Latino (any race) = 21. [Excel: Single-Year Age by Race (2024)]",
78207,Excel: Single-Year Age by Race (2024),2024,Single-Year Age by Race/Ethnicity,Total population,Age 95 - Total,21.0,count,,"In ZIP code 78207 (San Antonio, TX), 2024, (Single-Year Age by Race/Ethnicity): Age 95 - Total = 21. [Excel: Single-Year Age by Race (2024)]",
78207,Excel: Single-Year Age by Race (2024),2024,Single-Year Age by Race/Ethnicity,Total population,Age 95 - White alone,14.0,count,,"In ZIP code 78207 (San Antonio, TX), 2024, (Single-Year Age by Race/Ethnicity): Age 95 - White alone = 14. [Excel: Single-Year Age by Race (2024)]",
78207,Excel: Single-Year Age by Race (2024),2024,Single-Year Age by Race/Ethnicity,Total population,Age 95 - Black or African American alone,0.0,count,,"In ZIP code 78207 (San Antonio, TX), 2024, (Single-Year Age by Race/Ethnicity): Age 95 - Black or African American alone = 0. [Excel: Single-Year Age by Race (2024)]",
78207,Excel: Single-Year Age by Race (2024),2024,Single-Year Age by Race/Ethnicity,Total population,Age 95 - American Indian and Alaska Native alone,0.0,count,,"In ZIP code 78207 (San Antonio, TX), 2024, (Single-Year Age by Race/Ethnicity): Age 95 - American Indian and Alaska Native alone = 0. [Excel: Single-Year Age by Race (2024)]",
78207,Excel: Single-Year Age by Race (2024),2024,Single-Year Age by Race/Ethnicity,Total population,Age 95 - Asian alone,0.0,count,,"In ZIP code 78207 (San Antonio, TX), 2024, (Single-Year Age by Race/Ethnicity): Age 95 - Asian alone = 0. [Excel: Single-Year Age by Race (2024)]",
78207,Excel: Single-Year Age by Race (2024),2024,Single-Year Age by Race/Ethnicity,Total population,Age 95 - Native Hawaiian and Other Pacific Islander alone,0.0,count,,"In ZIP code 78207 (San Antonio, TX), 2024, (Single-Year Age by Race/Ethnicity): Age 95 - Native Hawaiian and Other Pacific Islander alone = 0. [Excel: Single-Year Age by Race (2024)]",
78207,Excel: Single-Year Age by Race (2024),2024,Single-Year Age by Race/Ethnicity,Total population,Age 95 - Some other race alone,7.0,count,,"In ZIP code 78207 (San Antonio, TX), 2024, (Single-Year Age by Race/Ethnicity): Age 95 - Some other race alone = 7. [Excel: Single-Year Age by Race (2024)]",
78207,Excel: Single-Year Age by Race (2024),2024,Single-Year Age by Race/Ethnicity,Total population,Age 95 - Two or more races,0.0,count,,"In ZIP code 78207 (San Antonio, TX), 2024, (Single-Year Age by Race/Ethnicity): Age 95 - Two or more races = 0. [Excel: Single-Year Age by Race (2024)]",
78207,Excel: Single-Year Age by Race (2024),2024,Single-Year Age by Race/Ethnicity,Total population,Age 95 - Hispanic or Latino (any race),19.0,count,,"In ZIP code 78207 (San Antonio, TX), 2024, (Single-Year Age by Race/Ethnicity): Age 95 - Hispanic or Latino (any race) = 19. [Excel: Single-Year Age by Race (2024)]",
78207,Excel: Single-Year Age by Race (2024),2024,Single-Year Age by Race/Ethnicity,Total population,Age 96 - Total,15.0,count,,"In ZIP code 78207 (San Antonio, TX), 2024, (Single-Year Age by Race/Ethnicity): Age 96 - Total = 15. [Excel: Single-Year Age by Race (2024)]",
78207,Excel: Single-Year Age by Race (2024),2024,Single-Year Age by Race/Ethnicity,Total population,Age 96 - White alone,14.0,count,,"In ZIP code 78207 (San Antonio, TX), 2024, (Single-Year Age by Race/Ethnicity): Age 96 - White alone = 14. [Excel: Single-Year Age by Race (2024)]",
78207,Excel: Single-Year Age by Race (2024),2024,Single-Year Age by Race/Ethnicity,Total population,Age 96 - Black or African American alone,0.0,count,,"In ZIP code 78207 (San Antonio, TX), 2024, (Single-Year Age by Race/Ethnicity): Age 96 - Black or African American alone = 0. [Excel: Single-Year Age by Race (2024)]",
78207,Excel: Single-Year Age by Race (2024),2024,Single-Year Age by Race/Ethnicity,Total population,Age 96 - American Indian and Alaska Native alone,0.0,count,,"In ZIP code 78207 (San Antonio, TX), 2024, (Single-Year Age by Race/Ethnicity): Age 96 - American Indian and Alaska Native alone = 0. [Excel: Single-Year Age by Race (2024)]",
78207,Excel: Single-Year Age by Race (2024),2024,Single-Year Age by Race/Ethnicity,Total population,Age 96 - Asian alone,0.0,count,,"In ZIP code 78207 (San Antonio, TX), 2024, (Single-Year Age by Race/Ethnicity): Age 96 - Asian alone = 0. [Excel: Single-Year Age by Race (2024)]",
78207,Excel: Single-Year Age by Race (2024),2024,Single-Year Age by Race/Ethnicity,Total population,Age 96 - Native Hawaiian and Other Pacific Islander alone,0.0,count,,"In ZIP code 78207 (San Antonio, TX), 2024, (Single-Year Age by Race/Ethnicity): Age 96 - Native Hawaiian and Other Pacific Islander alone = 0. [Excel: Single-Year Age by Race (2024)]",
78207,Excel: Single-Year Age by Race (2024),2024,Single-Year Age by Race/Ethnicity,Total population,Age 96 - Some other race alone,0.0,count,,"In ZIP code 78207 (San Antonio, TX), 2024, (Single-Year Age by Race/Ethnicity): Age 96 - Some other race alone = 0. [Excel: Single-Year Age by Race (2024)]",
78207,Excel: Single-Year Age by Race (2024),2024,Single-Year Age by Race/Ethnicity,Total population,Age 96 - Two or more races,1.0,count,,"In ZIP code 78207 (San Antonio, TX), 2024, (Single-Year Age by Race/Ethnicity): Age 96 - Two or more races = 1. [Excel: Single-Year Age by Race (2024)]",
78207,Excel: Single-Year Age by Race (2024),2024,Single-Year Age by Race/Ethnicity,Total population,Age 96 - Hispanic or Latino (any race),15.0,count,,"In ZIP code 78207 (San Antonio, TX), 2024, (Single-Year Age by Race/Ethnicity): Age 96 - Hispanic or Latino (any race) = 15. [Excel: Single-Year Age by Race (2024)]",
78207,Excel: Single-Year Age by Race (2024),2024,Single-Year Age by Race/Ethnicity,Total population,Age 97 - Total,17.0,count,,"In ZIP code 78207 (San Antonio, TX), 2024, (Single-Year Age by Race/Ethnicity): Age 97 - Total = 17. [Excel: Single-Year Age by Race (2024)]",
78207,Excel: Single-Year Age by Race (2024),2024,Single-Year Age by Race/Ethnicity,Total population,Age 97 - White alone,14.0,count,,"In ZIP code 78207 (San Antonio, TX), 2024, (Single-Year Age by Race/Ethnicity): Age 97 - White alone = 14. [Excel: Single-Year Age by Race (2024)]",
78207,Excel: Single-Year Age by Race (2024),2024,Single-Year Age by Race/Ethnicity,Total population,Age 97 - Black or African American alone,0.0,count,,"In ZIP code 78207 (San Antonio, TX), 2024, (Single-Year Age by Race/Ethnicity): Age 97 - Black or African American alone = 0. [Excel: Single-Year Age by Race (2024)]",
78207,Excel: Single-Year Age by Race (2024),2024,Single-Year Age by Race/Ethnicity,Total population,Age 97 - American Indian and Alaska Native alone,0.0,count,,"In ZIP code 78207 (San Antonio, TX), 2024, (Single-Year Age by Race/Ethnicity): Age 97 - American Indian and Alaska Native alone = 0. [Excel: Single-Year Age by Race (2024)]",
78207,Excel: Single-Year Age by Race (2024),2024,Single-Year Age by Race/Ethnicity,Total population,Age 97 - Asian alone,0.0,count,,"In ZIP code 78207 (San Antonio, TX), 2024, (Single-Year Age by Race/Ethnicity): Age 97 - Asian alone = 0. [Excel: Single-Year Age by Race (2024)]",
78207,Excel: Single-Year Age by Race (2024),2024,Single-Year Age by Race/Ethnicity,Total population,Age 97 - Native Hawaiian and Other Pacific Islander alone,0.0,count,,"In ZIP code 78207 (San Antonio, TX), 2024, (Single-Year Age by Race/Ethnicity): Age 97 - Native Hawaiian and Other Pacific Islander alone = 0. [Excel: Single-Year Age by Race (2024)]",
78207,Excel: Single-Year Age by Race (2024),2024,Single-Year Age by Race/Ethnicity,Total population,Age 97 - Some other race alone,1.0,count,,"In ZIP code 78207 (San Antonio, TX), 2024, (Single-Year Age by Race/Ethnicity): Age 97 - Some other race alone = 1. [Excel: Single-Year Age by Race (2024)]",
78207,Excel: Single-Year Age by Race (2024),2024,Single-Year Age by Race/Ethnicity,Total population,Age 97 - Two or more races,2.0,count,,"In ZIP code 78207 (San Antonio, TX), 2024, (Single-Year Age by Race/Ethnicity): Age 97 - Two or more races = 2. [Excel: Single-Year Age by Race (2024)]",
78207,Excel: Single-Year Age by Race (2024),2024,Single-Year Age by Race/Ethnicity,Total population,Age 97 - Hispanic or Latino (any race),14.0,count,,"In ZIP code 78207 (San Antonio, TX), 2024, (Single-Year Age by Race/Ethnicity): Age 97 - Hispanic or Latino (any race) = 14. [Excel: Single-Year Age by Race (2024)]",
78207,Excel: Single-Year Age by Race (2024),2024,Single-Year Age by Race/Ethnicity,Total population,Age 98 - Total,7.0,count,,"In ZIP code 78207 (San Antonio, TX), 2024, (Single-Year Age by Race/Ethnicity): Age 98 - Total = 7. [Excel: Single-Year Age by Race (2024)]",
78207,Excel: Single-Year Age by Race (2024),2024,Single-Year Age by Race/Ethnicity,Total population,Age 98 - White alone,6.0,count,,"In ZIP code 78207 (San Antonio, TX), 2024, (Single-Year Age by Race/Ethnicity): Age 98 - White alone = 6. [Excel: Single-Year Age by Race (2024)]",
78207,Excel: Single-Year Age by Race (2024),2024,Single-Year Age by Race/Ethnicity,Total population,Age 98 - Black or African American alone,1.0,count,,"In ZIP code 78207 (San Antonio, TX), 2024, (Single-Year Age by Race/Ethnicity): Age 98 - Black or African American alone = 1. [Excel: Single-Year Age by Race (2024)]",
78207,Excel: Single-Year Age by Race (2024),2024,Single-Year Age by Race/Ethnicity,Total population,Age 98 - American Indian and Alaska Native alone,0.0,count,,"In ZIP code 78207 (San Antonio, TX), 2024, (Single-Year Age by Race/Ethnicity): Age 98 - American Indian and Alaska Native alone = 0. [Excel: Single-Year Age by Race (2024)]",
78207,Excel: Single-Year Age by Race (2024),2024,Single-Year Age by Race/Ethnicity,Total population,Age 98 - Asian alone,0.0,count,,"In ZIP code 78207 (San Antonio, TX), 2024, (Single-Year Age by Race/Ethnicity): Age 98 - Asian alone = 0. [Excel: Single-Year Age by Race (2024)]",
78207,Excel: Single-Year Age by Race (2024),2024,Single-Year Age by Race/Ethnicity,Total population,Age 98 - Native Hawaiian and Other Pacific Islander alone,0.0,count,,"In ZIP code 78207 (San Antonio, TX), 2024, (Single-Year Age by Race/Ethnicity): Age 98 - Native Hawaiian and Other Pacific Islander alone = 0. [Excel: Single-Year Age by Race (2024)]",
78207,Excel: Single-Year Age by Race (2024),2024,Single-Year Age by Race/Ethnicity,Total population,Age 98 - Some other race alone,0.0,count,,"In ZIP code 78207 (San Antonio, TX), 2024, (Single-Year Age by Race/Ethnicity): Age 98 - Some other race alone = 0. [Excel: Single-Year Age by Race (2024)]",
78207,Excel: Single-Year Age by Race (2024),2024,Single-Year Age by Race/Ethnicity,Total population,Age 98 - Two or more races,0.0,count,,"In ZIP code 78207 (San Antonio, TX), 2024, (Single-Year Age by Race/Ethnicity): Age 98 - Two or more races = 0. [Excel: Single-Year Age by Race (2024)]",
78207,Excel: Single-Year Age by Race (2024),2024,Single-Year Age by Race/Ethnicity,Total population,Age 98 - Hispanic or Latino (any race),5.0,count,,"In ZIP code 78207 (San Antonio, TX), 2024, (Single-Year Age by Race/Ethnicity): Age 98 - Hispanic or Latino (any race) = 5. [Excel: Single-Year Age by Race (2024)]",
78207,Excel: Single-Year Age by Race (2024),2024,Single-Year Age by Race/Ethnicity,Total population,Age 99 - Total,7.0,count,,"In ZIP code 78207 (San Antonio, TX), 2024, (Single-Year Age by Race/Ethnicity): Age 99 - Total = 7. [Excel: Single-Year Age by Race (2024)]",
78207,Excel: Single-Year Age by Race (2024),2024,Single-Year Age by Race/Ethnicity,Total population,Age 99 - White alone,6.0,count,,"In ZIP code 78207 (San Antonio, TX), 2024, (Single-Year Age by Race/Ethnicity): Age 99 - White alone = 6. [Excel: Single-Year Age by Race (2024)]",
78207,Excel: Single-Year Age by Race (2024),2024,Single-Year Age by Race/Ethnicity,Total population,Age 99 - Black or African American alone,0.0,count,,"In ZIP code 78207 (San Antonio, TX), 2024, (Single-Year Age by Race/Ethnicity): Age 99 - Black or African American alone = 0. [Excel: Single-Year Age by Race (2024)]",
78207,Excel: Single-Year Age by Race (2024),2024,Single-Year Age by Race/Ethnicity,Total population,Age 99 - American Indian and Alaska Native alone,0.0,count,,"In ZIP code 78207 (San Antonio, TX), 2024, (Single-Year Age by Race/Ethnicity): Age 99 - American Indian and Alaska Native alone = 0. [Excel: Single-Year Age by Race (2024)]",
78207,Excel: Single-Year Age by Race (2024),2024,Single-Year Age by Race/Ethnicity,Total population,Age 99 - Asian alone,0.0,count,,"In ZIP code 78207 (San Antonio, TX), 2024, (Single-Year Age by Race/Ethnicity): Age 99 - Asian alone = 0. [Excel: Single-Year Age by Race (2024)]",
78207,Excel: Single-Year Age by Race (2024),2024,Single-Year Age by Race/Ethnicity,Total population,Age 99 - Native Hawaiian and Other Pacific Islander alone,0.0,count,,"In ZIP code 78207 (San Antonio, TX), 2024, (Single-Year Age by Race/Ethnicity): Age 99 - Native Hawaiian and Other Pacific Islander alone = 0. [Excel: Single-Year Age by Race (2024)]",
78207,Excel: Single-Year Age by Race (2024),2024,Single-Year Age by Race/Ethnicity,Total population,Age 99 - Some other race alone,0.0,count,,"In ZIP code 78207 (San Antonio, TX), 2024, (Single-Year Age by Race/Ethnicity): Age 99 - Some other race alone = 0. [Excel: Single-Year Age by Race (2024)]",
78207,Excel: Single-Year Age by Race (2024),2024,Single-Year Age by Race/Ethnicity,Total population,Age 99 - Two or more races,1.0,count,,"In ZIP code 78207 (San Antonio, TX), 2024, (Single-Year Age by Race/Ethnicity): Age 99 - Two or more races = 1. [Excel: Single-Year Age by Race (2024)]",
78207,Excel: Single-Year Age by Race (2024),2024,Single-Year Age by Race/Ethnicity,Total population,Age 99 - Hispanic or Latino (any race),7.0,count,,"In ZIP code 78207 (San Antonio, TX), 2024, (Single-Year Age by Race/Ethnicity): Age 99 - Hispanic or Latino (any race) = 7. [Excel: Single-Year Age by Race (2024)]",
78207,Excel: Single-Year Age by Race (2024),2024,Single-Year Age by Race/Ethnicity,Total population,Age 100-104 - Total,11.0,count,,"In ZIP code 78207 (San Antonio, TX), 2024, (Single-Year Age by Race/Ethnicity): Age 100-104 - Total = 11. [Excel: Single-Year Age by Race (2024)]",
78207,Excel: Single-Year Age by Race (2024),2024,Single-Year Age by Race/Ethnicity,Total population,Age 100-104 - White alone,8.0,count,,"In ZIP code 78207 (San Antonio, TX), 2024, (Single-Year Age by Race/Ethnicity): Age 100-104 - White alone = 8. [Excel: Single-Year Age by Race (2024)]",
78207,Excel: Single-Year Age by Race (2024),2024,Single-Year Age by Race/Ethnicity,Total population,Age 100-104 - Black or African American alone,1.0,count,,"In ZIP code 78207 (San Antonio, TX), 2024, (Single-Year Age by Race/Ethnicity): Age 100-104 - Black or African American alone = 1. [Excel: Single-Year Age by Race (2024)]",
78207,Excel: Single-Year Age by Race (2024),2024,Single-Year Age by Race/Ethnicity,Total population,Age 100-104 - American Indian and Alaska Native alone,0.0,count,,"In ZIP code 78207 (San Antonio, TX), 2024, (Single-Year Age by Race/Ethnicity): Age 100-104 - American Indian and Alaska Native alone = 0. [Excel: Single-Year Age by Race (2024)]",
78207,Excel: Single-Year Age by Race (2024),2024,Single-Year Age by Race/Ethnicity,Total population,Age 100-104 - Asian alone,0.0,count,,"In ZIP code 78207 (San Antonio, TX), 2024, (Single-Year Age by Race/Ethnicity): Age 100-104 - Asian alone = 0. [Excel: Single-Year Age by Race (2024)]",
78207,Excel: Single-Year Age by Race (2024),2024,Single-Year Age by Race/Ethnicity,Total population,Age 100-104 - Native Hawaiian and Other Pacific Islander alone,0.0,count,,"In ZIP code 78207 (San Antonio, TX), 2024, (Single-Year Age by Race/Ethnicity): Age 100-104 - Native Hawaiian and Other Pacific Islander alone = 0. [Excel: Single-Year Age by Race (2024)]",
78207,Excel: Single-Year Age by Race (2024),2024,Single-Year Age by Race/Ethnicity,Total population,Age 100-104 - Some other race alone,1.0,count,,"In ZIP code 78207 (San Antonio, TX), 2024, (Single-Year Age by Race/Ethnicity): Age 100-104 - Some other race alone = 1. [Excel: Single-Year Age by Race (2024)]",
78207,Excel: Single-Year Age by Race (2024),2024,Single-Year Age by Race/Ethnicity,Total population,Age 100-104 - Two or more races,1.0,count,,"In ZIP code 78207 (San Antonio, TX), 2024, (Single-Year Age by Race/Ethnicity): Age 100-104 - Two or more races = 1. [Excel: Single-Year Age by Race (2024)]",
78207,Excel: Single-Year Age by Race (2024),2024,Single-Year Age by Race/Ethnicity,Total population,Age 100-104 - Hispanic or Latino (any race),9.0,count,,"In ZIP code 78207 (San Antonio, TX), 2024, (Single-Year Age by Race/Ethnicity): Age 100-104 - Hispanic or Latino (any race) = 9. [Excel: Single-Year Age by Race (2024)]",
78207,Excel: Single-Year Age by Race (2024),2024,Single-Year Age by Race/Ethnicity,Total population,Age 105-110 - Total,3.0,count,,"In ZIP code 78207 (San Antonio, TX), 2024, (Single-Year Age by Race/Ethnicity): Age 105-110 - Total = 3. [Excel: Single-Year Age by Race (2024)]",
78207,Excel: Single-Year Age by Race (2024),2024,Single-Year Age by Race/Ethnicity,Total population,Age 105-110 - White alone,3.0,count,,"In ZIP code 78207 (San Antonio, TX), 2024, (Single-Year Age by Race/Ethnicity): Age 105-110 - White alone = 3. [Excel: Single-Year Age by Race (2024)]",
78207,Excel: Single-Year Age by Race (2024),2024,Single-Year Age by Race/Ethnicity,Total population,Age 105-110 - Black or African American alone,0.0,count,,"In ZIP code 78207 (San Antonio, TX), 2024, (Single-Year Age by Race/Ethnicity): Age 105-110 - Black or African American alone = 0. [Excel: Single-Year Age by Race (2024)]",
78207,Excel: Single-Year Age by Race (2024),2024,Single-Year Age by Race/Ethnicity,Total population,Age 105-110 - American Indian and Alaska Native alone,0.0,count,,"In ZIP code 78207 (San Antonio, TX), 2024, (Single-Year Age by Race/Ethnicity): Age 105-110 - American Indian and Alaska Native alone = 0. [Excel: Single-Year Age by Race (2024)]",
78207,Excel: Single-Year Age by Race (2024),2024,Single-Year Age by Race/Ethnicity,Total population,Age 105-110 - Asian alone,0.0,count,,"In ZIP code 78207 (San Antonio, TX), 2024, (Single-Year Age by Race/Ethnicity): Age 105-110 - Asian alone = 0. [Excel: Single-Year Age by Race (2024)]",
78207,Excel: Single-Year Age by Race (2024),2024,Single-Year Age by Race/Ethnicity,Total population,Age 105-110 - Native Hawaiian and Other Pacific Islander alone,0.0,count,,"In ZIP code 78207 (San Antonio, TX), 2024, (Single-Year Age by Race/Ethnicity): Age 105-110 - Native Hawaiian and Other Pacific Islander alone = 0. [Excel: Single-Year Age by Race (2024)]",
78207,Excel: Single-Year Age by Race (2024),2024,Single-Year Age by Race/Ethnicity,Total population,Age 105-110 - Some other race alone,0.0,count,,"In ZIP code 78207 (San Antonio, TX), 2024, (Single-Year Age by Race/Ethnicity): Age 105-110 - Some other race alone = 0. [Excel: Single-Year Age by Race (2024)]",
78207,Excel: Single-Year Age by Race (2024),2024,Single-Year Age by Race/Ethnicity,Total population,Age 105-110 - Two or more races,0.0,count,,"In ZIP code 78207 (San Antonio, TX), 2024, (Single-Year Age by Race/Ethnicity): Age 105-110 - Two or more races = 0. [Excel: Single-Year Age by Race (2024)]",
78207,Excel: Single-Year Age by Race (2024),2024,Single-Year Age by Race/Ethnicity,Total population,Age 105-110 - Hispanic or Latino (any race),3.0,count,,"In ZIP code 78207 (San Antonio, TX), 2024, (Single-Year Age by Race/Ethnicity): Age 105-110 - Hispanic or Latino (any race) = 3. [Excel: Single-Year Age by Race (2024)]",
78207,Excel: Single-Year Age by Race (2024),2024,Single-Year Age by Race/Ethnicity,Total population,Age 110 up - Total,0.0,count,,"In ZIP code 78207 (San Antonio, TX), 2024, (Single-Year Age by Race/Ethnicity): Age 110 up - Total = 0. [Excel: Single-Year Age by Race (2024)]",
78207,Excel: Single-Year Age by Race (2024),2024,Single-Year Age by Race/Ethnicity,Total population,Age 110 up - White alone,0.0,count,,"In ZIP code 78207 (San Antonio, TX), 2024, (Single-Year Age by Race/Ethnicity): Age 110 up - White alone = 0. [Excel: Single-Year Age by Race (2024)]",
78207,Excel: Single-Year Age by Race (2024),2024,Single-Year Age by Race/Ethnicity,Total population,Age 110 up - Black or African American alone,0.0,count,,"In ZIP code 78207 (San Antonio, TX), 2024, (Single-Year Age by Race/Ethnicity): Age 110 up - Black or African American alone = 0. [Excel: Single-Year Age by Race (2024)]",
78207,Excel: Single-Year Age by Race (2024),2024,Single-Year Age by Race/Ethnicity,Total population,Age 110 up - American Indian and Alaska Native alone,0.0,count,,"In ZIP code 78207 (San Antonio, TX), 2024, (Single-Year Age by Race/Ethnicity): Age 110 up - American Indian and Alaska Native alone = 0. [Excel: Single-Year Age by Race (2024)]",
78207,Excel: Single-Year Age by Race (2024),2024,Single-Year Age by Race/Ethnicity,Total population,Age 110 up - Asian alone,0.0,count,,"In ZIP code 78207 (San Antonio, TX), 2024, (Single-Year Age by Race/Ethnicity): Age 110 up - Asian alone = 0. [Excel: Single-Year Age by Race (2024)]",
78207,Excel: Single-Year Age by Race (2024),2024,Single-Year Age by Race/Ethnicity,Total population,Age 110 up - Native Hawaiian and Other Pacific Islander alone,0.0,count,,"In ZIP code 78207 (San Antonio, TX), 2024, (Single-Year Age by Race/Ethnicity): Age 110 up - Native Hawaiian and Other Pacific Islander alone = 0. [Excel: Single-Year Age by Race (2024)]",
78207,Excel: Single-Year Age by Race (2024),2024,Single-Year Age by Race/Ethnicity,Total population,Age 110 up - Some other race alone,0.0,count,,"In ZIP code 78207 (San Antonio, TX), 2024, (Single-Year Age by Race/Ethnicity): Age 110 up - Some other race alone = 0. [Excel: Single-Year Age by Race (2024)]",
78207,Excel: Single-Year Age by Race (2024),2024,Single-Year Age by Race/Ethnicity,Total population,Age 110 up - Two or more races,0.0,count,,"In ZIP code 78207 (San Antonio, TX), 2024, (Single-Year Age by Race/Ethnicity): Age 110 up - Two or more races = 0. [Excel: Single-Year Age by Race (2024)]",
78207,Excel: Single-Year Age by Race (2024),2024,Single-Year Age by Race/Ethnicity,Total population,Age 110 up - Hispanic or Latino (any race),0.0,count,,"In ZIP code 78207 (San Antonio, TX), 2024, (Single-Year Age by Race/Ethnicity): Age 110 up - Hispanic or Latino (any race) = 0. [Excel: Single-Year Age by Race (2024)]",
78207,Excel: Master Dataset (2024),2024,Demographics,Total population,Population,55474.0,count,,"In ZIP code 78207 (San Antonio, TX), 2024, (Demographics): Population = 55,474. [Excel: Master Dataset (2024)]",
78207,Excel: Master Dataset (2024),2024,Demographics,Total population,Hispanic_Latino_Percent,88.0,percent,,"In ZIP code 78207 (San Antonio, TX), 2024, (Demographics): Hispanic_Latino_Percent = 88%. [Excel: Master Dataset (2024)]",
78207,Excel: Master Dataset (2024),2024,Demographics,Total population,Median_Age,32.8,count,,"In ZIP code 78207 (San Antonio, TX), 2024, (Demographics): Median_Age = $33. [Excel: Master Dataset (2024)]",
78207,Excel: Master Dataset (2024),2024,Demographics,Total population,Foreign_Born_Percent,19.2,percent,,"In ZIP code 78207 (San Antonio, TX), 2024, (Demographics): Foreign_Born_Percent = 19.2%. [Excel: Master Dataset (2024)]",
78207,Excel: Master Dataset (2024),2024,Demographics,Total population,White (non Hispanic),20063.0,count,,"In ZIP code 78207 (San Antonio, TX), 2024, (Demographics): White (non Hispanic) = 20,063. [Excel: Master Dataset (2024)]",
78207,Excel: Master Dataset (2024),2024,Demographics,Total population,Black or African American,2113.0,count,,"In ZIP code 78207 (San Antonio, TX), 2024, (Demographics): Black or African American = 2,113. [Excel: Master Dataset (2024)]",
78207,Excel: Master Dataset (2024),2024,Demographics,Total population,American Indian,768.0,count,,"In ZIP code 78207 (San Antonio, TX), 2024, (Demographics): American Indian = 768. [Excel: Master Dataset (2024)]",
78207,Excel: Master Dataset (2024),2024,Demographics,Total population,Asian,302.0,count,,"In ZIP code 78207 (San Antonio, TX), 2024, (Demographics): Asian = 302. [Excel: Master Dataset (2024)]",
78207,Excel: Master Dataset (2024),2024,Demographics,Total population,Two or More Races / Other,13330.0,count,,"In ZIP code 78207 (San Antonio, TX), 2024, (Demographics): Two or More Races / Other = 13,330. [Excel: Master Dataset (2024)]",
78207,Excel: Master Dataset (2024),2024,Demographics,Total population,Foreign Born (total),10628.0,count,,"In ZIP code 78207 (San Antonio, TX), 2024, (Demographics): Foreign Born (total) = 10,628. [Excel: Master Dataset (2024)]",
78207,Excel: Master Dataset (2024),2024,Demographics,Total population,Not a U.S. Citizen,7934.0,count,,"In ZIP code 78207 (San Antonio, TX), 2024, (Demographics): Not a U.S. Citizen = 7,934. [Excel: Master Dataset (2024)]",
78207,Excel: Master Dataset (2024),2024,Demographics,Total population,Male,26660.0,count,,"In ZIP code 78207 (San Antonio, TX), 2024, (Demographics): Male = 26,660. [Excel: Master Dataset (2024)]",
78207,Excel: Master Dataset (2024),2024,Demographics,Total population,Median age,33.3,count,,"In ZIP code 78207 (San Antonio, TX), 2024, (Demographics): Median age = $33. [Excel: Master Dataset (2024)]",
78207,Excel: Master Dataset (2024),2024,Demographics,Total population,Female,25045.0,count,,"In ZIP code 78207 (San Antonio, TX), 2024, (Demographics): Female = 25,045. [Excel: Master Dataset (2024)]",
78207,Excel: Master Dataset (2024),2024,Demographics,Total population,Median age,34.6,count,,"In ZIP code 78207 (San Antonio, TX), 2024, (Demographics): Median age = $35. [Excel: Master Dataset (2024)]",
78207,Excel: Master Dataset (2024),2024,Demographics,Total population,Moved in prior year,13013.0,count,,"In ZIP code 78207 (San Antonio, TX), 2024, (Demographics): Moved in prior year = 13,013. [Excel: Master Dataset (2024)]",
78207,Excel: Master Dataset (2024),2024,Demographics,Total population,Veterans,1516.0,count,,"In ZIP code 78207 (San Antonio, TX), 2024, (Demographics): Veterans = 1,516. [Excel: Master Dataset (2024)]",
78207,Excel: Master Dataset (2024),2024,Demographics,Total population,Median_Household_Income,32472.0,count,,"In ZIP code 78207 (San Antonio, TX), 2024, (Demographics): Median_Household_Income = $32,472. [Excel: Master Dataset (2024)]",
78207,Excel: Master Dataset (2024),2024,Demographics,Total population,Per_Capita_Income,15875.0,count,,"In ZIP code 78207 (San Antonio, TX), 2024, (Demographics): Per_Capita_Income = $15,875. [Excel: Master Dataset (2024)]",
78207,Excel: Master Dataset (2024),2024,Demographics,Total population,Poverty_Rate,42.2,count,,"In ZIP code 78207 (San Antonio, TX), 2024, (Demographics): Poverty_Rate = 42. [Excel: Master Dataset (2024)]",
78207,Excel: Master Dataset (2024),2024,Demographics,Total population,Unemployment_Rate,13.5,count,,"In ZIP code 78207 (San Antonio, TX), 2024, (Demographics): Unemployment_Rate = 14. [Excel: Master Dataset (2024)]",
78207,Excel: Master Dataset (2024),2024,Demographics,Total population,Labor Force Participation,0.516,percent,,"In ZIP code 78207 (San Antonio, TX), 2024, (Demographics): Labor Force Participation = 0.516%. [Excel: Master Dataset (2024)]",
78207,Excel: Master Dataset (2024),2024,Demographics,Total population,Not in Labor Force,0.4854,percent,,"In ZIP code 78207 (San Antonio, TX), 2024, (Demographics): Not in Labor Force = 0.4854%. [Excel: Master Dataset (2024)]",
78207,Excel: Master Dataset (2024),2024,Demographics,Total population,Employment Rate,18341.0,count,,"In ZIP code 78207 (San Antonio, TX), 2024, (Demographics): Employment Rate = 18,341. [Excel: Master Dataset (2024)]",
78207,Excel: Master Dataset (2024),2024,Demographics,Total population,Total Businesses,631.0,count,,"In ZIP code 78207 (San Antonio, TX), 2024, (Demographics): Total Businesses = 631. [Excel: Master Dataset (2024)]",
78207,Excel: Master Dataset (2024),2024,Demographics,Total population,Est. Total Employees,14917.0,count,,"In ZIP code 78207 (San Antonio, TX), 2024, (Demographics): Est. Total Employees = 14,917. [Excel: Master Dataset (2024)]",
78207,Excel: Master Dataset (2024),2024,Demographics,Total population,Largest Occupation Service,0.309,percent,,"In ZIP code 78207 (San Antonio, TX), 2024, (Demographics): Largest Occupation Service = 0.309%. [Excel: Master Dataset (2024)]",
78207,Excel: Master Dataset (2024),2024,Demographics,Total population,Median Male Income,36925.0,count,,"In ZIP code 78207 (San Antonio, TX), 2024, (Demographics): Median Male Income = $36,925. [Excel: Master Dataset (2024)]",
78207,Excel: Master Dataset (2024),2024,Demographics,Total population,Median Female Income,32443.0,count,,"In ZIP code 78207 (San Antonio, TX), 2024, (Demographics): Median Female Income = $32,443. [Excel: Master Dataset (2024)]",
78207,Excel: Master Dataset (2024),2024,Demographics,Total population,Median Family Income,36394.0,count,,"In ZIP code 78207 (San Antonio, TX), 2024, (Demographics): Median Family Income = $36,394. [Excel: Master Dataset (2024)]",
78207,Excel: Master Dataset (2024),2024,Demographics,Total population,Median NonFamily Income,22263.0,count,,"In ZIP code 78207 (San Antonio, TX), 2024, (Demographics): Median NonFamily Income = $22,263. [Excel: Master Dataset (2024)]",
78207,Excel: Master Dataset (2024),2024,Demographics,Total population,Uninsured_Rate,25.48,count,,"In ZIP code 78207 (San Antonio, TX), 2024, (Demographics): Uninsured_Rate = 25. [Excel: Master Dataset (2024)]",
78207,Excel: Master Dataset (2024),2024,Demographics,Total population,Public_Coverage,52.0,count,,"In ZIP code 78207 (San Antonio, TX), 2024, (Demographics): Public_Coverage = 52. [Excel: Master Dataset (2024)]",
78207,Excel: Master Dataset (2024),2024,Demographics,Total population,Private_Coverage,28.4,count,,"In ZIP code 78207 (San Antonio, TX), 2024, (Demographics): Private_Coverage = 28. [Excel: Master Dataset (2024)]",
78207,Excel: Master Dataset (2024),2024,Demographics,Total population,YoY change in FV calls,0.05,percent,,"In ZIP code 78207 (San Antonio, TX), 2024, (Demographics): YoY change in FV calls = 0.05%. [Excel: Master Dataset (2024)]",
78207,Excel: Master Dataset (2024),2024,Demographics,Total population,YoY change in FV incident reports,0.2,percent,,"In ZIP code 78207 (San Antonio, TX), 2024, (Demographics): YoY change in FV incident reports = 0.2%. [Excel: Master Dataset (2024)]",
78207,Excel: Master Dataset (2024),2024,Demographics,Total population,SAPD mental health 911 calls (citywide),32000.0,percent,,"In ZIP code 78207 (San Antonio, TX), 2024, (Demographics): SAPD mental health 911 calls (citywide) = 32000%. [Excel: Master Dataset (2024)]",
78207,Excel: Master Dataset (2024),2024,Demographics,Total population,SAPD mental health 911 calls (citywide),28800.0,count,,"In ZIP code 78207 (San Antonio, TX), 2024, (Demographics): SAPD mental health 911 calls (citywide) = 28,800. [Excel: Master Dataset (2024)]",
78207,Excel: Master Dataset (2024),2024,Demographics,Total population,Renter_Occupied,57.1,count,,"In ZIP code 78207 (San Antonio, TX), 2024, (Demographics): Renter_Occupied = 57. [Excel: Master Dataset (2024)]",
78207,Excel: Master Dataset (2024),2024,Demographics,Total population,Median_Home_Value,106700.0,count,,"In ZIP code 78207 (San Antonio, TX), 2024, (Demographics): Median_Home_Value = $106,700. [Excel: Master Dataset (2024)]",
78207,Excel: Master Dataset (2024),2024,Demographics,Total population,Median_Rent,857.0,count,,"In ZIP code 78207 (San Antonio, TX), 2024, (Demographics): Median_Rent = $857. [Excel: Master Dataset (2024)]",
78207,Excel: Master Dataset (2024),2024,Demographics,Total population,Vacancy_Rate,10.91,count,,"In ZIP code 78207 (San Antonio, TX), 2024, (Demographics): Vacancy_Rate = 11. [Excel: Master Dataset (2024)]",
78207,Excel: Master Dataset (2024),2024,Demographics,Total population,Total Housing Units,18637.0,count,,"In ZIP code 78207 (San Antonio, TX), 2024, (Demographics): Total Housing Units = 18,637. [Excel: Master Dataset (2024)]",
78207,Excel: Master Dataset (2024),2024,Demographics,Total population,Total Households,15979.0,count,,"In ZIP code 78207 (San Antonio, TX), 2024, (Demographics): Total Households = 15,979. [Excel: Master Dataset (2024)]",
78207,Excel: Master Dataset (2024),2024,Demographics,Total population,Renter Occupied,0.5708,percent,,"In ZIP code 78207 (San Antonio, TX), 2024, (Demographics): Renter Occupied = 0.5708%. [Excel: Master Dataset (2024)]",
78207,Excel: Master Dataset (2024),2024,Demographics,Total population,Median Home Value (ACS 2024),106700.0,count,,"In ZIP code 78207 (San Antonio, TX), 2024, (Demographics): Median Home Value (ACS 2024) = $106,700. [Excel: Master Dataset (2024)]",
78207,Excel: Master Dataset (2024),2024,Demographics,Total population,Median Home Value (ACS 2023),93200.0,count,,"In ZIP code 78207 (San Antonio, TX), 2024, (Demographics): Median Home Value (ACS 2023) = $93,200. [Excel: Master Dataset (2024)]",
78207,Excel: Master Dataset (2024),2024,Demographics,Total population,Vacancy Rate,0.1091,percent,,"In ZIP code 78207 (San Antonio, TX), 2024, (Demographics): Vacancy Rate = 0.1091%. [Excel: Master Dataset (2024)]",
78207,Excel: Master Dataset (2024),2024,Demographics,Total population,Persons Per Household,2.9,count,,"In ZIP code 78207 (San Antonio, TX), 2024, (Demographics): Persons Per Household = 3. [Excel: Master Dataset (2024)]",
78207,Excel: Master Dataset (2024),2024,Demographics,Total population,Less_Than_HS,36.4,percent,,"In ZIP code 78207 (San Antonio, TX), 2024, (Demographics): Less_Than_HS = 36.4%. [Excel: Master Dataset (2024)]",
78207,Excel: Master Dataset (2024),2024,Demographics,Total population,Bachelors_or_Higher,6.3,percent,,"In ZIP code 78207 (San Antonio, TX), 2024, (Demographics): Bachelors_or_Higher = 6.3%. [Excel: Master Dataset (2024)]",
78207,Excel: Master Dataset (2024),2024,Demographics,Total population,Public Schools with Address in 78207,21.0,count,,"In ZIP code 78207 (San Antonio, TX), 2024, (Demographics): Public Schools with Address in 78207 = 21. [Excel: Master Dataset (2024)]",
78207,Excel: Master Dataset (2024),2024,Demographics,Total population,Less than High School,36.4,percent,,"In ZIP code 78207 (San Antonio, TX), 2024, (Demographics): Less than High School = 36.4%. [Excel: Master Dataset (2024)]",
78207,Excel: Master Dataset (2024),2024,Demographics,Total population,HS Grad or Higher,63.6,percent,,"In ZIP code 78207 (San Antonio, TX), 2024, (Demographics): HS Grad or Higher = 63.6%. [Excel: Master Dataset (2024)]",
78207,Excel: Master Dataset (2024),2024,Demographics,Total population,Some College / Associate's,20.0,percent,,"In ZIP code 78207 (San Antonio, TX), 2024, (Demographics): Some College / Associate's = 20%. [Excel: Master Dataset (2024)]",
78207,Excel: Master Dataset (2024),2024,Demographics,Total population,Bachelor's Degree or Higher,6.3,percent,,"In ZIP code 78207 (San Antonio, TX), 2024, (Demographics): Bachelor's Degree or Higher = 6.3%. [Excel: Master Dataset (2024)]",
78207,Excel: Master Dataset (2024),2024,Demographics,Total population,Walk_Score,81.0,count,,"In ZIP code 78207 (San Antonio, TX), 2024, (Demographics): Walk_Score = 81. [Excel: Master Dataset (2024)]",
78207,Excel: Master Dataset (2024),2024,Demographics,Total population,Distressed_Index,98.0,count,,"In ZIP code 78207 (San Antonio, TX), 2024, (Demographics): Distressed_Index = 98. [Excel: Master Dataset (2024)]",
78207,Excel: Master Dataset (2024),2024,Demographics,Total population,Life_Expectancy,72.0,count,,"In ZIP code 78207 (San Antonio, TX), 2024, (Demographics): Life_Expectancy = 72. [Excel: Master Dataset (2024)]",
