SwProjectID,ProjectCategory,CouncilDistrict,ProjectStreet,FromStreet,ToStreet,SideOfStreet,EstTotalCost,FiscalYear,ScheduleStart,ScheduleFinish,ActualStart,ActualFinish,PercentComplete,ProjectType,ProjectManager,Contact,ProjectLength,SidewalkInstalledFeet,ProjectStatus,ProjectLimits,Shape_Length
519,IMP,5,S Rosillo,Saunders,W Cesar Chavez Blvd,Both Sides,55972.08,2024,2023-11-06,2023-11-29,2023-12-04,2023-12-08,100.0,Sidewalks,Ahmed Al saadi,Keith Schoonmaker: 210-303-4800,687.28,687.28,Completed,S Rosillo - Both Sides ( Saunders To W Cesar Chavez Blvd ) ,668.6850880996697
762,IMP,9,Stone Oak Pkwy,Oak Centre Dr,E Sonterra Blvd,West Side,124540.79,2024,2024-07-08,2024-08-09,Not Available,Not Available,0.0,Sidewalks,Justin Gawlik,Erick Wildestorm: 210-461-1540,1146.89,1146.89,Planning,Stone Oak Pkwy - West Side ( Oak Centre Dr To E Sonterra Blvd ) ,1146.894716259536
890,SW Repair,1,W Elsmere Place,Grant Ave,Michigan Ave,North Side,56453.76,2024,Not Available,Not Available,Not Available,Not Available,0.0,Unknown,Unknown,Unknown,588.06,588.06,Planning,W Elsmere Place - North Side ( Grant Ave To Michigan Ave ) ,588.056132264677
1066,IMP,6,Castleridge Dr,Crestfield,Pinn Rd,Both Sides,144838.6,2024,2024-09-10,2024-12-12,Not Available,Not Available,0.0,Sidewalks,Ahmed Al saadi,Keith Schoonmaker: 210-303-4800,1778.47,1778.47,Planning,Castleridge Dr - Both Sides ( Crestfield To Pinn Rd ) ,1778.472885690844
1077,IMP,6,Culebra Rd,Tom Slick Ave,Alamo Downs Pkwy,North Side,69414.57,2024,2024-08-05,2024-08-30,Not Available,Not Available,0.0,Sidewalks,Ahmed Al saadi,Keith Schoonmaker: 210-303-4800,852.34,852.34,Planning,Culebra Rd - North Side ( Tom Slick Ave To Alamo Downs Pkwy ) ,800.5971628166076
1121,IMP,5,S Sabinas,Buena Vista St,W Cesar Chavez Blvd,Both Sides,92853.4,2024,2023-11-06,2024-01-12,2023-11-28,2023-12-31,100.0,Sidewalks,Ahmed Al saadi,Keith Schoonmaker: 210-303-4800,995.0,995.0,Completed,S Sabinas - Both Sides ( Buena Vista St To W Cesar Chavez Blvd ) ,996.47007971338
1148,IMP,5,N Smith St,W Martin St,W Travis St,Both Sides,99307.41,2024,2024-08-05,2024-08-16,Not Available,Not Available,0.0,Sidewalks,Ahmed Al saadi,Keith Schoonmaker: 210-303-4800,1064.16,1064.16,Planning,N Smith St - Both Sides ( W Martin St To W Travis St ) ,1040.8210841266057
1165,IMP,10,Everest Ave,Lorenz Rd,W Terra Alta,East Side,107480.21,2024,2024-02-19,2024-05-24,2024-02-19,2024-04-06,100.0,Sidewalks,Kevin Guerrero,Erick Wildestorm: 210-461-1540,989.78,989.78,Completed,Everest Ave - East Side ( Lorenz Rd To W Terra Alta ) ,960.0370140662604
1434,SW Repair,10,Parmenter Dr,Coleridge,Chesterton,Both Sides,169598.4,2024,Not Available,Not Available,Not Available,Not Available,0.0,Unknown,Unknown,Unknown,1766.65,1766.65,Planning,Parmenter Dr - Both Sides ( Coleridge To Chesterton ) ,1766.6505395637598
1450,IMP,3,E Petaluma Blvd,Barranca Ave,Bascum Blvd,North Side,230232.57,2024,2024-02-01,2024-04-30,2024-02-01,2024-04-11,100.0,Sidewalks,Amir Bahreini,Erick Wildestorm: 210-461-1540,2467.13,2467.13,Punchlists,E Petaluma Blvd - North Side ( Barranca Ave To Bascum Blvd ) ,2467.125132202251
1452,IMP,3,Kopplow,Barranca Ave,Bascum Blvd,North Side,218293.21,2024,2024-01-15,2024-04-15,2023-12-14,2024-03-08,100.0,Sidewalks,Amir Bahreini,Erick Wildestorm: 210-461-1540,2339.19,2339.19,Complete,Kopplow - North Side ( Barranca Ave To Bascum Blvd ) ,2339.1938367726607
1461,IMP,1,Cherry Ridge Dr,Deneice,Greenridge Dr,South Side,221302.08,2024,2024-04-22,2024-06-30,Not Available,Not Available,2.0,Sidewalks,Luis Ocura,Erick Wildestorm: 210-461-1540,2037.96,2037.96,Precon,Cherry Ridge Dr - South Side ( Deneice To Greenridge Dr ) ,2038.0507281631667
1462,IMP,1,Trudell,Vance Jackson,West Ave,North Side,239796.01,2024,2024-06-10,2024-08-09,Not Available,Not Available,0.0,Sidewalks,Luis Ocura,Erick Wildestorm: 210-461-1540,2569.61,2569.61,Planning,Trudell - North Side ( Vance Jackson To West Ave ) ,2569.6068505896264
1464,IMP,7,W Craig Place,N Elmendorf,N Zarzamora,Both Sides,143057.55,2024,2024-04-15,2024-07-22,2024-04-15,Not Available,75.0,Sidewalks,Emanuel Saldana,Keith Schoonmaker: 210-303-4800,1317.41,1317.41,Construction,W Craig Place - Both Sides ( N Elmendorf To N Zarzamora ) ,1317.4127297963678
1489,IMP,2,Silver Lake Dr,Manhattan,Longleaf,Both Sides,111899.08,2024,2023-11-01,2024-02-26,2023-11-06,2024-01-16,100.0,Sidewalks,Luis Ocura,Erick Wildestorm: 210-461-1540,1788.0,1199.09,Completed,Silver Lake Dr - Both Sides ( Manhattan To Longleaf ) ,1197.080989158672
1498,IMP,3,S Pine St,Ada St,Bonnell Dr,Both Sides,123050.82,2024,2024-01-22,2024-03-30,2024-01-29,2024-03-14,100.0,Sidewalks,Amir Bahreini,Erick Wildestorm: 210-461-1540,1318.59,1318.59,Complete,S Pine St - Both Sides ( Ada St To Bonnell Dr ) ,1274.9495521587437
1524,IMP,5,N Spring,W Martin St,Perez St,Both Sides,147777.96,2024,2023-11-06,2023-12-21,2023-11-08,2023-12-08,100.0,Sidewalks,Ahmed Al saadi,Keith Schoonmaker: 210-303-4800,1360.88,1360.88,Completed,N Spring - Both Sides ( W Martin St To Perez St ) ,964.8787321544372
1539,IMP,3,Enfield,Harcourt Ave,Nash Blvd,East Side,83174.25,2024,2024-06-01,2024-06-30,Not Available,Not Available,0.0,Sidewalks,Amir Bahreini,Erick Wildestorm: 210-461-1540,891.28,891.28,Planning,Enfield - East Side ( Harcourt Ave To Nash Blvd ) ,891.2751135350104
1559,IMP,6,Perryton,Rich Quail,Levelland,East Side,21132.87,2024,2024-08-05,2024-08-16,Not Available,Not Available,0.0,Sidewalks,Ahmed Al saadi,Keith Schoonmaker: 210-303-4800,259.49,259.49,Planning,Perryton - East Side ( Rich Quail To Levelland ) ,259.48793294629513
1576,IMP,8,Babcock Rd,Sunset Haven Dr,Spring Time Dr,West Side,70124.16,2024,2024-06-17,2024-07-05,Not Available,Not Available,0.0,Sidewalks,Amir Bahreini,Keith Schoonmaker: 210-303-4800,645.77,645.77,Planning,Babcock Rd - West Side ( Sunset Haven Dr To Spring Time Dr ) ,643.7550373945754
1578,IMP,10,Casa Pinto,Casa Oro,Casa Grande,West Side,76491.6,2024,2024-03-18,2024-04-24,2024-03-18,Not Available,99.0,Sidewalks,Kevin Guerrero,Erick Wildestorm: 210-461-1540,819.67,819.67,Construction,Casa Pinto - West Side ( Casa Oro To Casa Grande ) ,819.6660574334601
1582,IMP,10,Los Ranchitos,Palacio,Las Vegas,East Side,42512.49,2024,2024-12-31,2024-12-31,Not Available,Not Available,0.0,Sidewalks,Manuel Barrera,Erick Wildestorm: 210-461-1540,522.01,522.01,Cancelled,Los Ranchitos - East Side ( Palacio To Las Vegas ) ,522.0131132851654
1591,IMP,6,Havenbrook,Palmgrove,Grassfield,South Side,109969.09,2024,2024-04-11,2024-05-15,2024-04-15,Not Available,75.0,Sidewalks,Ahmed Al saadi,Keith Schoonmaker: 210-303-4800,1012.7,1012.7,Construction,Havenbrook - South Side ( Palmgrove To Grassfield ) ,1012.6960786581192
1595,IMP,6,Clearcrest,Timbercreek Dr,Singing Brook,East Side,122247.33,2024,2024-08-08,2024-09-30,Not Available,Not Available,0.0,Sidewalks,Ahmed Al saadi,Keith Schoonmaker: 210-303-4800,1309.98,1309.98,Planning,Clearcrest - East Side ( Timbercreek Dr To Singing Brook ) ,1309.976168288408
1609,IMP,6,Fairpoint,Cooks Pt,Galespoint,North Side,16617.49,2024,2024-07-01,2024-09-30,Not Available,Not Available,0.0,Sidewalks,Ahmed Al saadi,Keith Schoonmaker: 210-303-4800,178.07,178.07,Planning,Fairpoint - North Side ( Cooks Pt To Galespoint ) ,178.06882159679063
1615,IMP,6,Ridge Post,Ridge Path,Ridgebrook,West Side,26065.69,2024,2024-07-29,2024-08-09,Not Available,Not Available,0.0,Sidewalks,Ahmed Al saadi,Keith Schoonmaker: 210-303-4800,320.06,320.06,Planning,Ridge Post - West Side ( Ridge Path To Ridgebrook ) ,320.0639374300864
1625,IMP,5,Stains,Griggs Ave,Benrus,Both Sides,54551.77,2024,2024-06-01,2024-08-01,Not Available,Not Available,0.0,Sidewalks,Ahmed Al saadi,Keith Schoonmaker: 210-303-4800,669.84,669.84,Planning,Stains - Both Sides ( Griggs Ave To Benrus ) ,669.8439364158563
1646,IMP,3,Sublett Dr,Bushick,Kellis Ave,Both Sides,208812.83,2024,2023-11-01,2024-01-30,2023-11-06,2023-12-21,100.0,Sidewalks,Amir Bahreini,Erick Wildestorm: 210-461-1540,2237.6,2237.6,Completed,Sublett Dr - Both Sides ( Bushick To Kellis Ave ) ,2237.601719546281
1673,IMP,5,Stoneside Dr,Cul-de-sac,Moonrise Dr,Both Sides,70897.07,2024,2024-02-01,2024-03-01,2024-02-02,2024-03-02,100.0,Sidewalks,Ahmed Al saadi,Keith Schoonmaker: 210-303-4800,759.72,759.72,Completed,Stoneside Dr - Both Sides ( Cul-de-sac To Moonrise Dr ) ,759.7191596391698
1675,IMP,5,Fig,Griggs Ave,Dead End,Both Sides,166817.04,2024,2023-12-15,2024-02-17,2023-12-15,2024-03-01,100.0,Sidewalks,Ahmed Al saadi,Keith Schoonmaker: 210-303-4800,1536.21,1536.21,Complete,Fig - Both Sides ( Griggs Ave To Dead End ) ,1213.057136676365
1678,SW Repair,6,French Meadow,Bobtail,Grissom Rd,Both Sides,144000.0,2024,Not Available,Not Available,Not Available,Not Available,0.0,Unknown,Unknown,Unknown,1914.36,1500.0,Planning,French Meadow - Both Sides ( Bobtail To Grissom Rd ) ,1914.358970773893
1723,IMP,4,Ebbtide Dr,Parallel Dr,Springvale Dr,Both Sides,286920.45,2024,2024-05-06,2024-08-28,Not Available,Not Available,1.0,Sidewalks,Emanuel Saldana,Keith Schoonmaker: 210-303-4800,3523.09,3523.09,Precon,Ebbtide Dr - Both Sides ( Parallel Dr To Springvale Dr ) ,3523.0862647785157
1726,IMP,7,Mcneel Rd,Anaconda,City Limits,East Side,96332.36,2024,2023-10-01,2024-04-16,2023-10-17,2024-04-04,100.0,Sidewalks,Emanuel Saldana,Keith Schoonmaker: 210-303-4800,887.12,887.12,Punchlists,Mcneel Rd - East Side ( Anaconda To City Limits ) ,874.2795892324161
1740,IMP,10,Middlebury Dr,Salisbury Dr,Nacogdoches Rd,East Side,226880.34,2024,2024-02-19,2024-05-09,2024-02-19,Not Available,100.0,Sidewalks,Kevin Guerrero,Erick Wildestorm: 210-461-1540,2089.33,2089.33,Completed,Middlebury Dr - East Side ( Salisbury Dr To Nacogdoches Rd ) ,2089.326208885451
1748,IMP,5,Brentwood Place,Thompson Place,W Jewell,Both Sides,325946.23,2024,2024-02-19,2024-05-31,2024-02-05,2024-04-22,100.0,Sidewalks,Ahmed Al saadi,Keith Schoonmaker: 210-303-4800,3492.78,3492.78,Punchlists,Brentwood Place - Both Sides ( Thompson Place To W Jewell ) ,3482.586081245208
1803,SW Repair,5,W Houston St,N Calaveras,Dead End,Both Sides,38587.5,2024,Not Available,Not Available,Not Available,Not Available,0.0,Unknown,Unknown,Unknown,5288.51,858.0,Complete,W Houston St - Both Sides ( N Calaveras To Dead End ) ,5330.610725924242
1809,SW Repair,2,Nolan St,N New Braunfels Ave,N Gevers St,Both Sides,13965.0,2024,Not Available,Not Available,Not Available,Not Available,0.0,Unknown,Unknown,Unknown,2563.27,285.0,Unknown,Nolan St - Both Sides ( N New Braunfels Ave To N Gevers St ) ,2643.637958194078
1813,SW Repair,2,Round Table,King Arthur,Midcrown Dr,Both Sides,17505.25,2024,Not Available,Not Available,Not Available,Not Available,0.0,Unknown,Unknown,Unknown,7948.69,357.0,Unknown,Round Table - Both Sides ( King Arthur To Midcrown Dr ) ,7948.687882079229
1815,SW Repair,3,Lasses,Quig,Abram,Both Sides,11843.76,2024,Not Available,Not Available,Not Available,Not Available,0.0,Unknown,Unknown,Unknown,2436.1,244.0,Complete,Lasses - Both Sides ( Quig To Abram ) ,2436.103836763801
1817,SW Repair,3,Springview Dr,Cul-de-sac,Tee St,Both Sides,43686.0,2024,Not Available,Not Available,Not Available,Not Available,0.0,Unknown,Unknown,Unknown,5768.41,900.0,Complete,Springview Dr - Both Sides ( Cul-de-sac To Tee St ) ,5931.706284118563
1819,SW Repair,3,Treehouse Dr,Gittinger,Tee St,Both Sides,23056.5,2024,Not Available,Not Available,Not Available,Not Available,0.0,Unknown,Unknown,Unknown,2372.92,475.0,Complete,Treehouse Dr - Both Sides ( Gittinger To Tee St ) ,2372.9235751104275
1820,SW Repair,4,Dartmoor Dr,Ray Ellison Blvd,Sw Loop 410 Access Rd,Both Sides,27240.65,2024,Not Available,Not Available,Not Available,Not Available,0.0,Unknown,Unknown,Unknown,4637.98,561.0,Construction,Dartmoor Dr - Both Sides ( Ray Ellison Blvd To Sw Loop 410 Access Rd ) ,4637.978876258078
1822,SW Repair,4,Whitecliff,Ray Ellison Blvd,Sw Loop 410 Access Rd,Both Sides,26056.27,2024,Not Available,Not Available,Not Available,Not Available,0.0,Unknown,Unknown,Unknown,4606.09,537.0,Unknown,Whitecliff - Both Sides ( Ray Ellison Blvd To Sw Loop 410 Access Rd ) ,4606.090201204232
1826,SW Repair,5,Taft Blvd,Nogalitos St,Dead End,Both Sides,56497.5,2024,Not Available,Not Available,Not Available,Not Available,0.0,Unknown,Unknown,Unknown,8093.91,1256.0,Complete,Taft Blvd - Both Sides ( Nogalitos St To Dead End ) ,8105.097210521807
1830,SW Repair,7,Chimneyhill,Lockridge,Wendover,Both Sides,12911.64,2024,Not Available,Not Available,Not Available,Not Available,0.0,Unknown,Unknown,Unknown,1478.66,266.0,Unknown,Chimneyhill - Both Sides ( Lockridge To Wendover ) ,1478.6576602526068
1834,SW Repair,7,Kings Cross,Old Tezel Rd,Tezel Rd,Both Sides,20144.1,2024,Not Available,Not Available,Not Available,Not Available,0.0,Unknown,Unknown,Unknown,3037.69,415.0,Unknown,Kings Cross - Both Sides ( Old Tezel Rd To Tezel Rd ) ,3066.22101153967
1835,SW Repair,8,Spring Rose Dr,Spring Time Dr,Spring Trl,Both Sides,11892.3,2024,Not Available,Not Available,Not Available,Not Available,0.0,Unknown,Unknown,Unknown,1995.38,245.0,Unknown,Spring Rose Dr - Both Sides ( Spring Time Dr To Spring Trl ) ,1995.3817163806536
1836,SW Repair,8,Forest Rock Dr,Crested Walk,Sage Trl,Both Sides,17561.77,2024,Not Available,Not Available,Not Available,Not Available,0.0,Unknown,Unknown,Unknown,2535.51,362.0,Unknown,Forest Rock Dr - Both Sides ( Crested Walk To Sage Trl ) ,2604.1191658069793
1845,SW Repair,10,Eagle Nest Dr,Edgefield Dr,Baraeswood,Both Sides,37327.26,2024,Not Available,Not Available,Not Available,Not Available,0.0,Unknown,Unknown,Unknown,5393.23,901.0,Unknown,Eagle Nest Dr - Both Sides ( Edgefield Dr To Baraeswood ) ,5393.23254521871
1848,SW Repair,1,Executive Dr,Blanco Rd,Cul-de-sac,Both Sides,9028.44,2024,Not Available,Not Available,Not Available,Not Available,0.0,Unknown,Unknown,Unknown,1063.1,186.0,Unknown,Executive Dr - Both Sides ( Blanco Rd To Cul-de-sac ) ,1316.4120328506826
1850,SW Repair,5,W Travis St,N Calaveras,Dead End,Both Sides,38250.0,2024,Not Available,Not Available,Not Available,Not Available,0.0,Unknown,Unknown,Unknown,5786.16,850.0,Complete,W Travis St - Both Sides ( N Calaveras To Dead End ) ,5717.098300163554
1852,SW Repair,2,Argonne Dr,Susanwood Dr,Carol Crest,Both Sides,20305.6,2024,Not Available,Not Available,Not Available,Not Available,0.0,Unknown,Unknown,Unknown,2163.67,414.0,Unknown,Argonne Dr - Both Sides ( Susanwood Dr To Carol Crest ) ,2163.6735466591335
1853,SW Repair,2,Kay Ann Dr,Susanwood Dr,Carol Crest,Both Sides,20305.6,2024,Not Available,Not Available,Not Available,Not Available,0.0,Unknown,Unknown,Unknown,2344.42,414.0,Unknown,Kay Ann Dr - Both Sides ( Susanwood Dr To Carol Crest ) ,2130.877924878965
1854,SW Repair,2,Belinda Lee,Susanwood Dr,Carol Crest,Both Sides,19756.8,2024,Not Available,Not Available,Not Available,Not Available,0.0,Unknown,Unknown,Unknown,1488.78,403.0,Unknown,Belinda Lee - Both Sides ( Susanwood Dr To Carol Crest ) ,1488.782073626949
1856,SW Repair,3,Montrose,S Presa St,Groos Ave,Both Sides,284544.96,2024,Not Available,Not Available,Not Available,Not Available,0.0,Unknown,Unknown,Unknown,2964.01,901.0,Unknown,Montrose - Both Sides ( S Presa St To Groos Ave ) ,2964.012377686002
1857,SW Repair,3,Ward Ave,S Presa St,Devoto Ave,Both Sides,13833.9,2024,Not Available,Not Available,Not Available,Not Available,0.0,Unknown,Unknown,Unknown,2055.74,285.0,Construction,Ward Ave - Both Sides ( S Presa St To Devoto Ave ) ,2055.737701438004
1858,SW Repair,4,Ravenswood Dr,Dead End,Harrow Dr,Both Sides,17668.56,2024,Not Available,Not Available,Not Available,Not Available,0.0,Unknown,Unknown,Unknown,2276.69,364.0,Construction,Ravenswood Dr - Both Sides ( Dead End To Harrow Dr ) ,2276.692528526826
1860,SW Repair,4,Charing Cross,Ravenswood Dr,Sw Loop 410 Access Rd,Both Sides,9101.25,2024,Not Available,Not Available,Not Available,Not Available,0.0,Unknown,Unknown,Unknown,1377.15,188.0,Unknown,Charing Cross - Both Sides ( Ravenswood Dr To Sw Loop 410 Access Rd ) ,1377.154327652703
1861,SW Repair,4,Threadneedle,Ravenswood Dr,Sw Loop 410 Access Rd,Both Sides,9101.25,2024,Not Available,Not Available,Not Available,Not Available,0.0,Unknown,Unknown,Unknown,1434.92,188.0,Unknown,Threadneedle - Both Sides ( Ravenswood Dr To Sw Loop 410 Access Rd ) ,1434.9221241283096
1863,SW Repair,6,Meadow Glade,Sw Loop 410 Access Rd,Meadow Knoll,Both Sides,36099.0,2024,Not Available,Not Available,Not Available,Not Available,0.0,Unknown,Unknown,Unknown,5370.72,802.0,Unknown,Meadow Glade - Both Sides ( Sw Loop 410 Access Rd To Meadow Knoll ) ,5370.722519155852
1865,SW Repair,7,Oldstead,Chesterhill,Fairburn,Both Sides,23609.86,2024,Not Available,Not Available,Not Available,Not Available,0.0,Unknown,Unknown,Unknown,3013.44,486.0,Unknown,Oldstead - Both Sides ( Chesterhill To Fairburn ) ,3013.443844356554
1869,SW Repair,9,Santa Fe Trail Dr,Adobe Crossing Dr,Queensland,Both Sides,27536.74,2024,Not Available,Not Available,Not Available,Not Available,0.0,Unknown,Unknown,Unknown,3573.64,567.0,Unknown,Santa Fe Trail Dr - Both Sides ( Adobe Crossing Dr To Queensland ) ,3481.141908251798
1872,SW Repair,1,Veradero,W Silver Sands,Cul-de-sac,Both Sides,27182.4,2024,Not Available,Not Available,Not Available,Not Available,0.0,Unknown,Unknown,Unknown,1290.82,560.0,Unknown,Veradero - Both Sides ( W Silver Sands To Cul-de-sac ) ,1434.185482439289
1873,SW Repair,1,General Krueger Blvd,Olympia,Winewood Dr,Both Sides,43987.2,2024,Not Available,Not Available,Not Available,Not Available,0.0,Unknown,Unknown,Unknown,6004.65,916.0,Complete,General Krueger Blvd - Both Sides ( Olympia To Winewood Dr ) ,6004.650527080902
1874,SW Repair,8,Wilderness Creek Dr,George Rd,Cobble Grove,Both Sides,8373.15,2024,Not Available,Not Available,Not Available,Not Available,0.0,Unknown,Unknown,Unknown,1072.46,173.0,Unknown,Wilderness Creek Dr - Both Sides ( George Rd To Cobble Grove ) ,1160.8911783773865
1875,SW Repair,1,Marchmont Ln,Rosehill Dr,Brookview Dr,Both Sides,21231.4,2024,Not Available,Not Available,Not Available,Not Available,0.0,Unknown,Unknown,Unknown,3063.94,437.0,Unknown,Marchmont Ln - Both Sides ( Rosehill Dr To Brookview Dr ) ,3063.940268186558
1877,SW Repair,2,Woodhill,Woodbrook,Stoneshire,Both Sides,14332.5,2024,Not Available,Not Available,Not Available,Not Available,0.0,Unknown,Unknown,Unknown,1404.44,293.0,Complete,Woodhill - Both Sides ( Woodbrook To Stoneshire ) ,1404.4364382645597
1883,SW Repair,6,Millbank Dr,Callaghan Rd,Moortown Dr,Both Sides,18000.0,2024,Not Available,Not Available,Not Available,Not Available,0.0,Unknown,Unknown,Unknown,3599.91,400.0,Unknown,Millbank Dr - Both Sides ( Callaghan Rd To Moortown Dr ) ,3667.3554883617526
1887,SW Repair,3,E Mayfield,Boswell St,S Flores St,Both Sides,32133.48,2024,Not Available,Not Available,Not Available,Not Available,0.0,Unknown,Unknown,Unknown,3426.31,662.0,Construction,E Mayfield - Both Sides ( Boswell St To S Flores St ) ,3426.3111218592653
1908,IMP,7,Mcneel Rd,Erskine Place,Overbrook,Both Sides,220514.8,2024,2023-10-01,2024-02-08,2023-10-17,2024-01-05,100.0,Sidewalks,Emanuel Saldana,Keith Schoonmaker: 210-303-4800,2030.71,2030.71,Complete,Mcneel Rd - Both Sides ( Erskine Place To Overbrook ) ,2029.2242481760784
1909,IMP,7,Bradford,Camino Santa Maria,Hanover,Both Sides,203102.39,2024,2024-12-31,2024-12-31,Not Available,Not Available,0.0,Sidewalks,Manuel Barrera,Keith Schoonmaker: 210-303-4800,1870.36,1870.36,Pending Replacement,Bradford - Both Sides ( Camino Santa Maria To Hanover ) ,1859.9590257164289
1916,IMP,7,Notre Dame Dr,Stonegate Dr,Wake Forrest,Both Sides,138218.12,2024,2024-12-31,2024-12-31,Not Available,Not Available,0.0,Sidewalks,Manuel Barrera,Keith Schoonmaker: 210-303-4800,1481.12,1481.12,Pending Replacement,Notre Dame Dr - Both Sides ( Stonegate Dr To Wake Forrest ) ,1441.5570969147284
1929,IMP,1,Viewridge Dr,Northway,Arroya Vista Dr,Both Sides,170452.64,2024,2024-08-12,2024-09-20,Not Available,Not Available,0.0,Sidewalks,Luis Ocura,Erick Wildestorm: 210-461-1540,1569.69,1569.69,Planning,Viewridge Dr - Both Sides ( Northway To Arroya Vista Dr ) ,1569.6857733575648
1948,IMP,2,Hub Ave,Honey Blvd,Dafoste,Both Sides,254962.8,2024,2023-10-16,2024-01-19,2023-10-16,2024-02-16,100.0,Sidewalks,Luis Ocura,Erick Wildestorm: 210-461-1540,2347.94,2347.94,Construction,Hub Ave - Both Sides ( Honey Blvd To Dafoste ) ,2306.1714375018114
1970,IMP,7,Alexander Hamilton,Wild Cherry,Colleen,Both Sides,137893.36,2024,2024-01-03,2024-03-29,2024-01-29,2024-01-23,100.0,Sidewalks,Emanuel Saldana,Keith Schoonmaker: 210-303-4800,1477.64,1477.64,Complete,Alexander Hamilton - Both Sides ( Wild Cherry To Colleen ) ,1477.6397505620907
1992,IMP,7,Texas Ave,N General Mcmullen,Tulane,Both Sides,226682.71,2024,2023-10-01,2023-12-31,2023-10-23,2023-11-16,100.0,Sidewalks,Emanuel Saldana,Keith Schoonmaker: 210-303-4800,2087.51,2087.51,Completed,Texas Ave - Both Sides ( N General Mcmullen To Tulane ) ,2087.50831560811
2007,IMP,7,Desilu Dr,Ponderosa,Wurzbach Rd,West Side,98106.38,2024,2024-05-20,2024-06-14,Not Available,Not Available,0.0,Sidewalks,Emanuel Saldana,Keith Schoonmaker: 210-303-4800,1051.29,1051.29,Planning,Desilu Dr - West Side ( Ponderosa To Wurzbach Rd ) ,1051.2906447949574
2096,IMP,8,Brocks Gap,Big Meadows Ln,Cul-de-sac,Both Sides,89419.22,2024,2024-05-20,2024-06-29,Not Available,Not Available,0.0,Sidewalks,Amir Bahreini,Keith Schoonmaker: 210-303-4800,958.2,958.2,Planning,Brocks Gap - Both Sides ( Big Meadows Ln To Cul-de-sac ) ,958.202889528078
2121,IMP,8,Sandstone Dr,Huebner Rd,Orsinger Ln,Both Sides,217028.64,2024,2024-12-31,2024-12-31,Not Available,Not Available,0.0,Sidewalks,Manuel Barrera,Keith Schoonmaker: 210-303-4800,2664.89,2664.89,Canceled,Sandstone Dr - Both Sides ( Huebner Rd To Orsinger Ln ) ,2670.784969801605
2140,IMP,8,Milsa Dr,Heuermann Rd,Oak Dr,Both Sides,217315.22,2024,2024-12-31,2024-12-31,Not Available,Not Available,0.0,Sidewalks,Manuel Barrera,Keith Schoonmaker: 210-303-4800,2328.71,2328.71,Canceled,Milsa Dr - Both Sides ( Heuermann Rd To Oak Dr ) ,2328.7097469538576
2206,IMP,9,Deer Crest,Fox Tree Ln,Blanco Rd,South Side,64969.57,2024,2024-06-10,2024-06-28,Not Available,Not Available,0.0,Sidewalks,Justin Gawlik,Erick Wildestorm: 210-461-1540,797.76,797.76,Planning,Deer Crest - South Side ( Fox Tree Ln To Blanco Rd ) ,781.4813667877806
2253,IMP,9,Hardy Oak Blvd,Wilderness Oak,Heights Blvd,South Side,138799.74,2024,2024-05-27,2024-08-02,Not Available,Not Available,0.0,Sidewalks,Justin Gawlik,Erick Wildestorm: 210-461-1540,1278.2,1278.2,Planning,Hardy Oak Blvd - South Side ( Wilderness Oak To Heights Blvd ) ,1278.1991535848786
2284,IMP,1,W Hermosa,Melbourne St,Becky Renee,Both Sides,99066.66,2024,2024-05-12,2024-06-12,Not Available,Not Available,0.0,Sidewalks,Luis Ocura,Erick Wildestorm: 210-461-1540,1000.0,912.3,Planning,W Hermosa - Both Sides ( Melbourne St To Becky Renee ) ,912.2956903255248
2312,IMP,10,Desert View Dr,Kimbro,Perrin Beitel,Both Sides,202586.59,2024,2024-04-08,2024-06-07,2024-04-08,Not Available,55.0,Sidewalks,Kevin Guerrero,Erick Wildestorm: 210-461-1540,1865.61,1865.61,Construction,Desert View Dr - Both Sides ( Kimbro To Perrin Beitel ) ,1872.460375025422
2447,IMP,2,Nellina,Hub Ave,Dafoste,Both Sides,104580.86,2024,2024-01-12,2024-03-31,2024-02-12,2024-02-26,100.0,Sidewalks,Luis Ocura,Erick Wildestorm: 210-461-1540,963.08,963.08,Pending Final,Nellina - Both Sides ( Hub Ave To Dafoste ) ,963.0841831406796
2453,IMP,2,Hub Ave,Spriggsdale,Gay,Both Sides,165629.07,2024,2023-10-16,2024-01-19,2023-10-16,2024-02-16,100.0,Sidewalks,Luis Ocura,Erick Wildestorm: 210-461-1540,3225.0,1525.27,Construction,Hub Ave - Both Sides ( Spriggsdale To Gay ) ,1525.2726991479926
2465,IMP,2,Astoria Dr,Upland Dr,Eastwood Dr,Both Sides,253379.66,2024,2023-11-13,2024-03-04,2023-11-06,2024-02-05,100.0,Sidewalks,Luis Ocura,Erick Wildestorm: 210-461-1540,2715.17,2715.17,Pending Punchlist,Astoria Dr - Both Sides ( Upland Dr To Eastwood Dr ) ,2713.5161445658714
2483,IMP,2,Bible St,Creekmoor,Wycliff,East Side,126446.19,2024,2024-01-22,2024-03-31,2023-10-09,2023-12-14,100.0,Sidewalks,Luis Ocura,Erick Wildestorm: 210-461-1540,1552.63,1552.63,Completed,Bible St - East Side ( Creekmoor To Wycliff ) ,1552.6335514839434
2487,IMP,2,Yellow Wood,Redstone,Spring Oak,Both Sides,124754.71,2024,2024-01-22,2024-03-11,2023-10-09,2023-12-14,100.0,Sidewalks,Luis Ocura,Erick Wildestorm: 210-461-1540,1148.86,1148.86,Punchlist,Yellow Wood - Both Sides ( Redstone To Spring Oak ) ,1148.8558162638683
2497,IMP,2,Scarletoak,Noblewood Dr,Rambling,Both Sides,149332.53,2024,2023-11-13,2024-02-19,2023-11-27,2024-01-18,100.0,Sidewalks,Luis Ocura,Erick Wildestorm: 210-461-1540,1600.22,1600.22,Pending Punchlist,Scarletoak - Both Sides ( Noblewood Dr To Rambling ) ,1547.065056679765
2629,IMP,5,Holy Cross,Ellor Dr,Plainview Dr,Both Sides,90144.32,2024,2024-07-26,2024-08-30,Not Available,Not Available,0.0,Sidewalks,Ahmed Al saadi,Keith Schoonmaker: 210-303-4800,965.97,965.97,Planning,Holy Cross - Both Sides ( Ellor Dr To Plainview Dr ) ,965.9740734928672
2633,IMP,4,Fir Valley Dr,Brook Valley Dr,Cul-de-sac,Both Sides,134739.56,2024,2024-03-13,2024-05-25,2024-03-18,Not Available,95.0,Sidewalks,Emanuel Saldana,Keith Schoonmaker: 210-303-4800,1240.81,1240.81,Construction,Fir Valley Dr - Both Sides ( Brook Valley Dr To Cul-de-sac ) ,1240.8144555016645
2672,IMP,4,Glade Valley Dr,Alpine Valley,Five Palms Dr,North Side,165679.02,2024,2024-04-26,2024-06-21,2024-04-22,Not Available,25.0,Sidewalks,Emanuel Saldana,Keith Schoonmaker: 210-303-4800,1525.73,1525.73,Construction,Glade Valley Dr - North Side ( Alpine Valley To Five Palms Dr ) ,1525.726478734552
2804,IMP,3,Fournier,E Amber,E Formosa Blvd,West Side,80243.07,2024,2024-01-02,2024-01-26,2024-01-02,2024-01-26,100.0,Sidewalks,Kevin Guerrero,Erick Wildestorm: 210-461-1540,859.87,859.87,Completed,Fournier - West Side ( E Amber To E Formosa Blvd ) ,859.8721536535843
2840,IMP,3,Iris,Glad,Ada St,Both Sides,56349.15,2024,2023-11-15,2024-01-30,2023-12-12,2024-01-26,100.0,Sidewalks,Amir Bahreini,Erick Wildestorm: 210-461-1540,810.74,810.74,Complete,Iris - Both Sides ( Glad To Ada St ) ,810.7395629917146
2865,IMP,6,Fairgrounds Pkwy,Southridge Dr,Grandstand Dr,Both Sides,91132.99,2024,2024-07-13,2024-08-25,Not Available,Not Available,0.0,Sidewalks,Ahmed Al saadi,Keith Schoonmaker: 210-303-4800,1119.02,1119.02,Planning,Fairgrounds Pkwy - Both Sides ( Southridge Dr To Grandstand Dr ) ,1119.0218871662591
2872,IMP,6,Meadow Trace,Timber Path,Meadow Vail,South Side,85244.24,2024,2024-08-24,2024-09-26,Not Available,Not Available,0.0,Sidewalks,Ahmed Al saadi,Keith Schoonmaker: 210-303-4800,785.01,785.01,Planning,Meadow Trace - South Side ( Timber Path To Meadow Vail ) ,785.0061876627607
2919,IMP,1,Dawnview Ln,Buckeye,Neer Ave,Both Sides,94360.52,2024,2024-07-22,2024-08-16,Not Available,Not Available,0.0,Sidewalks,Luis Ocura,Erick Wildestorm: 210-461-1540,1011.15,1011.15,Pending Pre-Con,Dawnview Ln - Both Sides ( Buckeye To Neer Ave ) ,1011.1509832699306
2922,IMP,1,El Monte Blvd,Capitol,Grant Ave,Both Sides,80202.93,2024,2024-02-26,2024-04-30,2024-02-14,Not Available,90.0,Sidewalks,Luis Ocura,Erick Wildestorm: 210-461-1540,984.81,984.81,Construction,El Monte Blvd - Both Sides ( Capitol To Grant Ave ) ,984.8136256746488
2950,IMP,4,Mahota,Horal Dr,Tomar Dr,Both Sides,192328.09,2024,2024-04-29,2024-06-28,Not Available,Not Available,1.0,Sidewalks,Emanuel Saldana,Keith Schoonmaker: 210-303-4800,1771.14,1771.14,Construction,Mahota - Both Sides ( Horal Dr To Tomar Dr ) ,1771.1372178657557
2966,IMP,7,Winnetka,Midvale,Fredericksburg Rd,Both Sides,108708.47,2024,2024-01-16,2024-03-05,2024-01-16,2024-03-05,100.0,Sidewalks,Kevin Guerrero,Keith Schoonmaker: 210-303-4800,1164.9,1164.9,Completed,Winnetka - Both Sides ( Midvale To Fredericksburg Rd ) ,1164.9012532038655
3066,IMP,5,Plainview Dr,Nw 38th St,Nw 36th St,Both Sides,149767.4,2024,2023-12-04,2024-02-06,2023-12-11,2024-01-30,100.0,Sidewalks,Ahmed Al saadi,Keith Schoonmaker: 210-303-4800,1604.88,1604.88,Completed,Plainview Dr - Both Sides ( Nw 38th St To Nw 36th St ) ,1604.880893023281
3067,IMP,5,Holy Cross,Plainview Dr,Maria Elena,Both Sides,145491.48,2024,2024-07-01,2024-12-01,Not Available,Not Available,0.0,Sidewalks,Ahmed Al saadi,Keith Schoonmaker: 210-303-4800,1559.06,1559.06,Planning,Holy Cross - Both Sides ( Plainview Dr To Maria Elena ) ,1559.0553196498638
3072,IMP,5,Caywood,Cul-de-sac,Nw 39th St,Both Sides,68990.27,2024,2024-01-09,2024-02-03,2024-01-09,2024-03-18,100.0,Sidewalks,Ahmed Al saadi,Keith Schoonmaker: 210-303-4800,847.13,847.13,Completed,Caywood - Both Sides ( Cul-de-sac To Nw 39th St ) ,847.1335190941608
3076,IMP,3,Shetland Dr,Copinsay Ave,Cul-de-sac,Both Sides,428526.37,2024,2024-03-04,2024-05-24,2024-03-04,2024-04-24,100.0,Sidewalks,Justin Gawlik,Erick Wildestorm: 210-461-1540,4592.01,4592.01,Construction,Shetland Dr - Both Sides ( Copinsay Ave To Cul-de-sac ) ,4592.005577359494
3078,IMP,3,E Hutchins Place,Walhalla Ave,Chaucer Ave,Both Sides,423530.95,2024,2024-03-06,2024-09-02,2024-03-06,Not Available,70.0,Sidewalks,Amir Bahreini,Erick Wildestorm: 210-461-1540,4538.48,4538.48,Construction,E Hutchins Place - Both Sides ( Walhalla Ave To Chaucer Ave ) ,4538.4815358052065
3081,IMP,3,Curtis St,E Pyron Ave,SE Military Dr,West Side,177066.85,2024,2024-03-11,2024-06-09,2024-03-11,Not Available,99.0,Sidewalks,Amir Bahreini,Erick Wildestorm: 210-461-1540,2174.2,2160.0,Construction,Curtis St - West Side ( E Pyron Ave To SE Military Dr ) ,2174.202900433999
3102,SW Repair,6,Caen,Rue De Lis,New Guilbeau Rd,Both Sides,15532.8,2024,Not Available,Not Available,Not Available,Not Available,0.0,Unknown,Unknown,Unknown,1237.65,302.0,Unknown,Caen - Both Sides ( Rue De Lis To New Guilbeau Rd ) ,1269.676728650977
3106,SW Repair,7,W Kings Hwy,Lake Blvd,N Elmendorf,Both Sides,232320.0,2024,Not Available,Not Available,Not Available,Not Available,0.0,Unknown,Unknown,Unknown,4033.13,2420.0,Precon,W Kings Hwy - Both Sides ( Lake Blvd To N Elmendorf ) ,4033.131041384719
3107,SW Repair,8,Hunters Moon,Hunters Land,Hunters Raven,Both Sides,11941.38,2024,Not Available,Not Available,Not Available,Not Available,0.0,Unknown,Unknown,Unknown,1606.16,269.0,Unknown,Hunters Moon - Both Sides ( Hunters Land To Hunters Raven ) ,1606.161206602248
3138,IMP,1,Weizmann,West Ave,Neer Ave,Both Sides,318769.2,2024,2024-01-08,2024-04-24,2024-01-08,2024-03-28,100.0,Sidewalks,Luis Ocura,Erick Wildestorm: 210-461-1540,2935.53,2935.53,Pending Final,Weizmann - Both Sides ( West Ave To Neer Ave ) ,2918.053184161803
3139,IMP,1,Wayside,Vance Jackson,Saxon,Both Sides,372766.74,2024,2024-05-20,2024-08-30,Not Available,Not Available,0.0,Sidewalks,Luis Ocura,Erick Wildestorm: 210-461-1540,3994.5,3994.5,Planning,Wayside - Both Sides ( Vance Jackson To Saxon ) ,3994.499623497624
3142,IMP,5,Parkside Dr,Fortuna St,Minipark Ln,Both Sides,192621.29,2024,2024-01-16,2024-03-27,2024-01-16,2024-04-07,100.0,Sidewalks,Ahmed Al saadi,Keith Schoonmaker: 210-303-4800,1773.84,1773.84,Completed,Parkside Dr - Both Sides ( Fortuna St To Minipark Ln ) ,1770.6304256903222
3156,IMP,7,W Magnolia Ave,Emory,Wilson Blvd,Both Sides,123944.63,2024,2024-07-10,2024-08-09,Not Available,Not Available,0.0,Sidewalks,Emanuel Saldana,Keith Schoonmaker: 210-303-4800,1141.4,1141.4,Planning,W Magnolia Ave - Both Sides ( Emory To Wilson Blvd ) ,1141.404830997548
3210,IMP,4,Flair Dr,Parallel Dr,Springvale Dr,Both Sides,288743.08,2024,2024-05-20,2024-08-30,Not Available,Not Available,0.0,Sidewalks,Emanuel Saldana,Keith Schoonmaker: 210-303-4800,3545.47,3545.47,Precon,Flair Dr - Both Sides ( Parallel Dr To Springvale Dr ) ,3545.466824560818
3215,IMP,6,Weybridge,Brandyridge,Terra Oak,West Side,67661.98,2024,2024-06-17,2024-07-12,Not Available,Not Available,0.0,Sidewalks,Ahmed Al saadi,Keith Schoonmaker: 210-303-4800,830.82,830.82,Planning,Weybridge - West Side ( Brandyridge To Terra Oak ) ,830.8180574310127
3271,SW Repair,1,Marshall St,Ih 10 W Access Rd,Jackson,Both Sides,31570.42,2024,Not Available,Not Available,Not Available,Not Available,0.0,Unknown,Unknown,Unknown,2896.37,760.0,Unknown,Marshall St - Both Sides ( Ih 10 W Access Rd To Jackson ) ,3269.778337423807
3294,SW Repair,3,Cato,Quig,Abram,South Side,48041.33,2024,Not Available,Not Available,Not Available,Not Available,0.0,Unknown,Unknown,Unknown,941.7,941.7,Completed,Cato - South Side ( Quig To Abram ) ,941.6962713050834
3345,SW Repair,7,Globe Ave,W Broadview Dr,Maiden Ln,Both Sides,27607.13,2024,Not Available,Not Available,Not Available,Not Available,0.0,Unknown,Unknown,Unknown,3086.11,569.0,Unknown,Globe Ave - Both Sides ( W Broadview Dr To Maiden Ln ) ,3086.105301154299
3371,SW Repair,1,Mt Capote,Blanco Rd,Mt Ida Dr,Both Sides,11641.2,2024,Not Available,Not Available,Not Available,Not Available,0.0,Unknown,Unknown,Unknown,3190.64,267.0,Unknown,Mt Capote - Both Sides ( Blanco Rd To Mt Ida Dr ) ,3190.6387174030424
3379,SW Repair,10,Sherwood Way,Stradford Place,Cul-de-sac,Both Sides,29997.72,2024,Not Available,Not Available,Not Available,Not Available,0.0,Unknown,Unknown,Unknown,3475.46,518.0,Unknown,Sherwood Way - Both Sides ( Stradford Place To Cul-de-sac ) ,3475.4597778314765
3401,IMP,9,W Bitters Rd,Doe Crest,Wild Deer Pass,East Side,145265.92,2024,2024-04-15,2024-06-21,Not Available,Not Available,25.0,Sidewalks,Justin Gawlik,Erick Wildestorm: 210-461-1540,1163.71,1163.71,Planning,W Bitters Rd - East Side ( Doe Crest To Wild Deer Pass ) ,1163.7070943341946
3408,SW Repair,1,Elmwood,Blanco Rd,Beacon Ave,Both Sides,144000.0,2024,Not Available,Not Available,Not Available,Not Available,0.0,Unknown,Unknown,Unknown,2050.73,1500.0,Planning,Elmwood - Both Sides ( Blanco Rd To Beacon Ave ) ,2050.7265878179114
3409,SW Repair,1,W Lynwood,Brad,Warner Ave,Both Sides,252288.0,2024,Not Available,Not Available,Not Available,Not Available,0.0,Unknown,Unknown,Unknown,3285.42,1972.0,Precon,W Lynwood - Both Sides ( Brad To Warner Ave ) ,3245.230921034779
3410,SW Repair,2,S Polaris,Dilworth St,Preston,Both Sides,95232.0,2024,Not Available,Not Available,Not Available,Not Available,0.0,Unknown,Unknown,Unknown,1241.15,992.0,Pending Punchlist,S Polaris - Both Sides ( Dilworth St To Preston ) ,1241.1530587025302
3416,SW Repair,5,Saunders,Sw 18th St,S Hamilton Ave,Both Sides,92102.4,2024,Not Available,Not Available,Not Available,Not Available,0.0,Unknown,Unknown,Unknown,959.4,959.4,Complete,Saunders - Both Sides ( Sw 18th St To S Hamilton Ave ) ,980.8484304361104
3418,SW Repair,5,W Cesar Chavez Blvd,S Minter,S Hamilton Ave,Both Sides,216828.48,2024,Not Available,Not Available,Not Available,Not Available,0.0,Unknown,Unknown,Unknown,2258.63,2258.63,Precon,W Cesar Chavez Blvd - Both Sides ( S Minter To S Hamilton Ave ) ,2287.5990817659094
3419,SW Repair,1,W Laurel St,Nw 19th St,N Hamilton Ave,North Side,102816.0,2024,Not Available,Not Available,Not Available,Not Available,0.0,Unknown,Unknown,Unknown,1338.8,1071.0,Pending Construction,W Laurel St - North Side ( Nw 19th St To N Hamilton Ave ) ,1350.2434795753795
3423,SW Repair,6,Westbriar,Westvale,Westmoor,Both Sides,187872.0,2024,Not Available,Not Available,Not Available,Not Available,0.0,Unknown,Unknown,Unknown,2446.49,1957.0,Planning,Westbriar - Both Sides ( Westvale To Westmoor ) ,2356.9423424731626
3424,SW Repair,6,Westlawn,Westedge Dr,W Military Dr,South Side,81408.0,2024,Not Available,Not Available,Not Available,Not Available,0.0,Unknown,Unknown,Unknown,1413.33,848.0,Planning,Westlawn - South Side ( Westedge Dr To W Military Dr ) ,1437.8521269688483
3425,SW Repair,3,Bailey Ave,S New Braunfels Ave,S Mittman St,Both Sides,309120.0,2024,Not Available,Not Available,Not Available,Not Available,0.0,Unknown,Unknown,Unknown,4025.08,3220.0,Construction,Bailey Ave - Both Sides ( S New Braunfels Ave To S Mittman St ) ,4025.0778124704166
3426,SW Repair,7,Quentin Dr,Wilson Blvd,Kampmann Blvd,Both Sides,60480.0,2024,Not Available,Not Available,Not Available,Not Available,0.0,Unknown,Unknown,Unknown,1050.46,630.0,Construction,Quentin Dr - Both Sides ( Wilson Blvd To Kampmann Blvd ) ,1050.4557848290344
3430,SW Repair,1,W Russell Place,San Pedro Ave,Breeden St,North Side,47313.6,2024,Not Available,Not Available,Not Available,Not Available,0.0,Unknown,Unknown,Unknown,500.0,492.85,Pending Construction,W Russell Place - North Side ( San Pedro Ave To Breeden St ) ,492.85411237913775
3431,SW Repair,1,W French Place,Breeden St,N Flores St,Both Sides,96134.4,2024,Not Available,Not Available,Not Available,Not Available,0.0,Unknown,Unknown,Unknown,1001.4,1001.4,Planning,W French Place - Both Sides ( Breeden St To N Flores St ) ,1009.2539064706556
3432,SW Repair,1,Mackey,West Ave,Avalon,North Side,13152.0,2024,Not Available,Not Available,Not Available,Not Available,0.0,Unknown,Unknown,Unknown,300.0,137.0,Planning,Mackey - North Side ( West Ave To Avalon ) ,229.23715801419516
3434,SW Repair,2,Preston,S Polaris,S Gevers St,North Side,52224.0,2024,Not Available,Not Available,Not Available,Not Available,0.0,Unknown,Unknown,Unknown,680.02,544.0,Planning,Preston - North Side ( S Polaris To S Gevers St ) ,680.020829748919
3436,SW Repair,2,Sunrise Cove Dr,Sunrise Bend Dr,Summer Fest Dr,Both Sides,133214.4,2024,Not Available,Not Available,Not Available,Not Available,0.0,Unknown,Unknown,Unknown,1387.65,1387.65,Planning,Sunrise Cove Dr - Both Sides ( Sunrise Bend Dr To Summer Fest Dr ) ,1387.650672096315
3437,SW Repair,3,Bailey Ave,S Palmetto,St Anthony Ave,Both Sides,122567.04,2024,Not Available,Not Available,Not Available,Not Available,0.0,Unknown,Unknown,Unknown,1276.74,1276.74,Complete,Bailey Ave - Both Sides ( S Palmetto To St Anthony Ave ) ,1276.7372579168136
3440,SW Repair,5,Hearne,De Soto St,Charlotte St,Both Sides,136146.24,2024,Not Available,Not Available,Not Available,Not Available,0.0,Unknown,Unknown,Unknown,1418.19,1418.19,Construction,Hearne - Both Sides ( De Soto St To Charlotte St ) ,1418.1915882797148
3442,SW Repair,5,Chihuahua St,S Hamilton Ave,S Picoso,North Side,29435.52,2024,Not Available,Not Available,Not Available,Not Available,0.0,Unknown,Unknown,Unknown,306.62,306.62,Precon,Chihuahua St - North Side ( S Hamilton Ave To S Picoso ) ,306.6216425345575
3445,SW Repair,6,Meadow Rose,Meadow Glade,Cul-de-sac,Both Sides,29856.0,2024,Not Available,Not Available,Not Available,Not Available,0.0,Unknown,Unknown,Unknown,517.88,311.0,Planning,Meadow Rose - Both Sides ( Meadow Glade To Cul-de-sac ) ,517.8757389441276
3446,SW Repair,8,Greenbay,Igo,Cul-de-sac,Both Sides,62208.0,2024,Not Available,Not Available,Not Available,Not Available,0.0,Unknown,Unknown,Unknown,810.44,648.0,Construction,Greenbay - Both Sides ( Igo To Cul-de-sac ) ,810.4410264626255
3447,SW Repair,10,San Miguel,El Vedado St,La Loma,Both Sides,139746.24,2024,Not Available,Not Available,Not Available,Not Available,0.0,Unknown,Unknown,Unknown,1455.69,1455.69,Planning,San Miguel - Both Sides ( El Vedado St To La Loma ) ,1455.6925685087183
3450,SW Repair,2,Castle Path Dr,Castle Prince Dr,Midcrown Dr E,Both Sides,187104.0,2024,Not Available,Not Available,Not Available,Not Available,0.0,Unknown,Unknown,Unknown,3249.33,1949.0,Planning,Castle Path Dr - Both Sides ( Castle Prince Dr To Midcrown Dr E ) ,3249.3327437757093
3451,SW Repair,3,Halliday Ave,S Presa St,IH 37 S Access Rd,Both Sides,277103.04,2024,Not Available,Not Available,Not Available,Not Available,0.0,Unknown,Unknown,Unknown,3526.43,3526.43,Construction,Halliday Ave - Both Sides ( S Presa St To IH 37 S Access Rd ) ,3617.5712088536498
3457,SW Repair,7,W Broadview Dr,Oakwood Dr,Rimrock Dr,West Side,43318.08,2024,Not Available,Not Available,Not Available,Not Available,0.0,Unknown,Unknown,Unknown,451.23,451.23,Planning,W Broadview Dr - West Side ( Oakwood Dr To Rimrock Dr ) ,451.2279769925214
3458,SW Repair,8,Shady Walk,George Rd,Wilderness Hill,North Side,87256.32,2024,Not Available,Not Available,Not Available,Not Available,0.0,Unknown,Unknown,Unknown,908.92,908.92,Planning,Shady Walk - North Side ( George Rd To Wilderness Hill ) ,912.4255796643416
3460,SW Repair,1,Sprucewood,Mccullough Ave,Mertz Dr,North Side,115296.0,2024,Not Available,Not Available,Not Available,Not Available,0.0,Unknown,Unknown,Unknown,1501.61,1201.0,Planning,Sprucewood - North Side ( Mccullough Ave To Mertz Dr ) ,1501.614098383365
3461,SW Repair,9,Foxtail Ln,Blanco Rd,Belair Dr,Both Sides,177600.0,2024,Not Available,Not Available,Not Available,Not Available,0.0,Unknown,Unknown,Unknown,3078.5,1850.0,Planning,Foxtail Ln - Both Sides ( Blanco Rd To Belair Dr ) ,3078.4983047200485
3462,SW Repair,2,Viking Coral,Pelican Coral,Lakeview Dr,Both Sides,125856.0,2024,Not Available,Not Available,Not Available,Not Available,0.0,Unknown,Unknown,Unknown,2185.1,1311.0,Planning,Viking Coral - Both Sides ( Pelican Coral To Lakeview Dr ) ,2185.1047696722935
3471,SW Repair,3,Haggin St,Piedmont Ave,Lynhurst Ave,South Side,96000.0,2024,Not Available,Not Available,Not Available,Not Available,0.0,Unknown,Unknown,Unknown,1207.13,1000.0,Complete,Haggin St - South Side ( Piedmont Ave To Lynhurst Ave ) ,1196.6720822360282
3476,SW Repair,3,W Pyron Ave,Tupper Ave,Pleasanton Rd,South Side,113952.0,2024,Not Available,Not Available,Not Available,Not Available,0.0,Unknown,Unknown,Unknown,1977.52,1187.0,Pending Final,W Pyron Ave - South Side ( Tupper Ave To Pleasanton Rd ) ,1977.5203218053664
3487,SW Repair,5,N Brazos St,Perez St,Perez St,West Side,31202.88,2024,Not Available,Not Available,Not Available,Not Available,0.0,Unknown,Unknown,Unknown,325.03,325.03,Precon,N Brazos St - West Side ( Perez St To Perez St ) ,325.0282698698667
3490,SW Repair,6,Abshire,Sw 40th St,Sw 39th St,North Side,38304.0,2024,Not Available,Not Available,Not Available,Not Available,0.0,Unknown,Unknown,Unknown,664.42,399.0,Planning,Abshire - North Side ( Sw 40th St To Sw 39th St ) ,664.4174221733402
3494,SW Repair,7,Cincinnati Ave,Stonegate Dr,N General Mcmullen,South Side,114035.52,2024,Not Available,Not Available,Not Available,Not Available,0.0,Unknown,Unknown,Unknown,1187.87,1187.87,Completed,Cincinnati Ave - South Side ( Stonegate Dr To N General Mcmullen ) ,1187.8737355586993
3496,SW Repair,8,Sugarhill Dr,Tioga,Lands Run,East Side,62592.0,2024,Not Available,Not Available,Not Available,Not Available,0.0,Unknown,Unknown,Unknown,1086.65,652.0,Planning,Sugarhill Dr - East Side ( Tioga To Lands Run ) ,1086.652730190448
3501,SW Repair,10,El Santo Way,Rio Doro,Pueblo,South Side,97728.0,2024,Not Available,Not Available,Not Available,Not Available,0.0,Unknown,Unknown,Unknown,1272.63,1018.0,Planning,El Santo Way - South Side ( Rio Doro To Pueblo ) ,1272.6267981823255
3503,SW Repair,5,Walton Ave,Charlotte St,Phyllis St,Both Sides,149404.8,2024,Not Available,Not Available,Not Available,Not Available,0.0,Unknown,Unknown,Unknown,1556.3,1556.3,Construction,Walton Ave - Both Sides ( Charlotte St To Phyllis St ) ,1556.2992047924315
3509,SW Repair,8,Auberry Path,Feather Trl,Sonora Bend,Both Sides,76800.0,2024,Not Available,Not Available,Not Available,Not Available,0.0,Unknown,Unknown,Unknown,1248.67,800.0,Planning,Auberry Path - Both Sides ( Feather Trl To Sonora Bend ) ,1248.6696293378527
3511,SW Repair,8,Computer Dr,Bluemel,Ih 10 W Access Rd,South Side,46176.96,2024,Not Available,Not Available,Not Available,Not Available,0.0,Unknown,Unknown,Unknown,481.01,481.01,Construction,Computer Dr - South Side ( Bluemel To Ih 10 W Access Rd ) ,481.8527783312812
3518,IMP,6,Bobtail,Harvest Meadow,Sparrows Nest,South Side,66422.46,2024,2024-05-01,2024-05-29,Not Available,Not Available,1.0,Sidewalks,Ahmed Al saadi,Keith Schoonmaker: 210-303-4800,815.6,815.6,Construction,Bobtail - South Side ( Harvest Meadow To Sparrows Nest ) ,815.6039966217033
3530,IMP,9,Stone Oak Parkway,Birdsong Way,Oak Centre,Both Sides,148154.15,2024,2024-05-27,2024-07-05,Not Available,Not Available,0.0,Sidewalks,Justin Gawlik,Erick Wildestorm: 210-461-1540,1568.26,1568.26,Planning,Stone Oak Parkway - Both Sides ( Birdsong Way To Oak Centre ) ,1568.2597060184423
3531,SW Repair,10,Cheever Blvd,Tesoro Dr,Nacogdoches Rd,North Side,67584.0,2024,Not Available,Not Available,Not Available,Not Available,0.0,Unknown,Unknown,Unknown,1172.38,704.0,Completed,Cheever Blvd - North Side ( Tesoro Dr To Nacogdoches Rd ) ,1172.3825576298386
3533,IMP,4,Daytona Dr,Parallel Dr,Springvale Dr,Both Sides,286409.82,2024,2024-04-19,2024-08-28,2024-04-17,Not Available,40.0,Sidewalks,Emanuel Saldana,Keith Schoonmaker: 210-303-4800,3516.82,3516.82,Construction,Daytona Dr - Both Sides ( Parallel Dr To Springvale Dr ) ,3516.819524245028
3535,SW Repair,4,Hackamore Ln,Westrock Dr,Dead End,Both Sides,362704.32,2024,Not Available,Not Available,Not Available,Not Available,0.0,Unknown,Unknown,Unknown,3778.17,3778.17,Pending Final,Hackamore Ln - Both Sides ( Westrock Dr To Dead End ) ,3778.1741181292
3536,SW Repair,4,Buckboard Ln,Spur Dr,Rawhide Ln,Both Sides,300583.68,2024,Not Available,Not Available,Not Available,Not Available,0.0,Unknown,Unknown,Unknown,3913.85,3913.85,Punchlists,Buckboard Ln - Both Sides ( Spur Dr To Rawhide Ln ) ,3913.8499764686903
3539,SW Repair,2,Ira,Broadway,Wesley,Both Sides,123176.64,2024,Not Available,Not Available,Not Available,Not Available,0.0,Unknown,Unknown,Unknown,1283.09,1283.09,Pending Final,Ira - Both Sides ( Broadway To Wesley ) ,1277.821254410852
3546,SW Repair,9,Churchill Estates Blvd,Blanco Rd,Sir Barton,East Side,127152.23,2024,Not Available,Not Available,Not Available,Not Available,0.0,Unknown,Unknown,Unknown,1362.54,1362.54,Pending Construction,Churchill Estates Blvd - East Side ( Blanco Rd To Sir Barton ) ,1362.5432403076388
3547,SW Repair,9,Ridge Park,Norland Dr,Oak Ct,Both Sides,20076.63,2024,Not Available,Not Available,Not Available,Not Available,0.0,Unknown,Unknown,Unknown,1575.36,268.0,Unknown,Ridge Park - Both Sides ( Norland Dr To Oak Ct ) ,1575.3639016873435
3548,SW Repair,4,Big Valley Dr,Cul-de-sac,Cul-de-sac,Both Sides,24305.92,2024,Not Available,Not Available,Not Available,Not Available,0.0,Unknown,Unknown,Unknown,2802.48,497.0,Unknown,Big Valley Dr - Both Sides ( Cul-de-sac To Cul-de-sac ) ,2907.2834522727217
3549,IMP,10,Higgins Rd,Swallow Dr,Nuthatch,Both Sides,120000.0,2024,2024-01-01,2024-04-05,2024-01-01,2024-04-05,100.0,Sidewalks,Kevin Guerrero,Erick Wildestorm: 210-461-1540,1354.79,1400.0,Complete,Higgins Rd - Both Sides ( Swallow Dr To Nuthatch ) ,1354.0452573733623
3636,SW Repair,5,Kirk Place,Garland St,Nogalitos St,South Side,146497.0,2024,Not Available,Not Available,Not Available,Not Available,0.0,Unknown,Unknown,Unknown,1605.96,0.0,Planning,Kirk Place - South Side ( Garland St To Nogalitos St ) ,1605.957570448602
136,IMP,2,Dignowity,Edgar Dr,N Walters St,Both Sides,38712.0,2023,2023-03-27,2023-05-08,2023-04-10,2023-04-17,100.0,Sidewalks,Luis Ocura,Erick Wildestorm: 210-461-1540,549.27,549.27,Pending Punchlist,Dignowity - Both Sides ( Edgar Dr To N Walters St ) ,576.2258959502276
144,IMP,2,Eisenhauer Rd,Amber Palm,Midcrown Dr E,South Side,20460.44,2023,2023-04-17,2023-05-29,2023-05-03,2023-05-08,100.0,Sidewalks,Luis Ocura,Erick Wildestorm: 210-461-1540,293.55,293.55,Pending Final,Eisenhauer Rd - South Side ( Amber Palm To Midcrown Dr E ) ,293.54711048500985
169,IMP,10,Willow Green Dr,Garden Quarter,Cul-De-Sac,Both Sides,238975.96,2023,2023-03-01,2023-07-15,2023-02-22,2023-05-17,100.0,Sidewalks,Justin Gawlik,Erick Wildestorm: 210-461-1540,3390.74,3390.74,Pending Punchlist,Willow Green Dr - Both Sides ( Garden Quarter To Cul-De-Sac ) ,3393.630637864916
201,IMP,3,Cynthia Linn,Bill Miller Ln,Sally Gay,West Side,60237.93,2023,2023-03-30,2023-04-29,2023-03-30,2023-06-02,100.0,Sidewalks,Amir Bahreini,Erick Wildestorm: 210-461-1540,763.23,763.23,Completed,Cynthia Linn - West Side ( Bill Miller Ln To Sally Gay ) ,743.0721391842502
204,IMP,3,Terrell Ave,S Flores St,Webster,North Side,52515.95,2023,2023-08-21,2023-09-09,2023-01-12,2023-02-02,100.0,Sidewalks,Amir Bahreini,Erick Wildestorm: 210-461-1540,571.82,571.82,Completed,Terrell Ave - North Side ( S Flores St To Webster ) ,571.822875607744
255,IMP,8,Donore Place,Fredericksburg Rd,Oak Garden,Both Sides,118721.88,2023,2023-10-20,2024-04-12,2023-10-09,Not Available,90.0,Sidewalks,Amir Bahreini,Keith Schoonmaker: 210-303-4800,1684.5,1684.5,Construction,Donore Place - Both Sides ( Fredericksburg Rd To Oak Garden ) ,1684.503766121553
315,IMP,7,Stonegate Dr,Bandera Rd,Cincinnati Ave,Both Sides,165863.16,2023,2022-12-19,2023-01-27,2022-12-12,2023-01-11,100.0,Sidewalks,Justin Gawlik,Keith Schoonmaker: 210-303-4800,2353.37,2353.37,Existing/None Existing,Stonegate Dr - Both Sides ( Bandera Rd To Cincinnati Ave ) ,2380.4071155345296
316,IMP,7,Marquette,Stonegate Dr,Duke Ave,Both Sides,102153.11,2023,2022-11-21,2022-12-23,2022-11-08,2022-12-15,100.0,Sidewalks,Justin Gawlik,Keith Schoonmaker: 210-303-4800,1022.17,1022.17,None Existing,Marquette - Both Sides ( Stonegate Dr To Duke Ave ) ,1022.1733411568327
348,IMP,4,Bertetti Dr,Horal Dr,Tomar Dr,South Side,82834.17,2023,2023-12-07,2023-05-07,2022-12-07,2023-01-25,100.0,Sidewalks,Justin Gawlik,Keith Schoonmaker: 210-303-4800,901.94,901.94,None Existing,Bertetti Dr - South Side ( Horal Dr To Tomar Dr ) ,901.940398428156
494,IMP,3,Vanderbilt,S New Braunfels Ave,S Gevers St,Both Sides,167055.02,2023,2023-02-06,2023-04-17,2023-01-30,2023-05-31,100.0,Sidewalks,Amir Bahreini,Erick Wildestorm: 210-461-1540,2116.63,2116.63,Completed,Vanderbilt - Both Sides ( S New Braunfels Ave To S Gevers St ) ,2116.6287077341503
496,IMP,5,Barclay St,Castroville Rd,San Luis St,Both Sides,198329.84,2023,2023-01-30,2023-04-12,2023-01-30,2023-04-19,100.0,Sidewalks,Ahmed Al saadi,Keith Schoonmaker: 210-303-4800,2512.89,2512.89,Completed,Barclay St - Both Sides ( Castroville Rd To San Luis St ) ,2480.033282296331
548,IMP,1,Beacon Ave,Weizmann,Basse,West Side,89641.87,2023,2023-03-15,2024-04-26,2024-03-15,Not Available,75.0,Sidewalks,Luis Ocura,Erick Wildestorm: 210-461-1540,1286.11,1286.11,Construction,Beacon Ave - West Side ( Weizmann To Basse ) ,1286.108522804459
636,IMP,6,Sw 40Th St,Fridell St,W Commerce St,Both Sides,205138.0,2023,2023-07-03,2023-09-05,2023-07-03,2023-08-25,100.0,Sidewalks,Ahmed Al saadi,Keith Schoonmaker: 210-303-4800,1615.43,1615.43,Pending Punchlist,Sw 40Th St - Both Sides ( Fridell St To W Commerce St ) ,1465.608132581474
644,IMP,6,Ingram Rd,Hunt Ln,City Limits,East Side,137191.38,2023,2023-01-17,2023-03-30,2023-01-17,2023-03-29,100.0,Sidewalks,Ahmed Al saadi,Keith Schoonmaker: 210-303-4800,1738.25,1738.25,Completed,Ingram Rd - East Side ( Hunt Ln To City Limits ) ,1723.872003768397
773,IMP,1,Edison Dr,Blanco Rd,N Audubon,North Side,64732.14,2023,2023-01-24,2023-03-20,2023-01-24,2023-02-13,100.0,Sidewalks,Luis Ocura,Erick Wildestorm: 210-461-1540,918.46,918.46,Completed,Edison Dr - North Side ( Blanco Rd To N Audubon ) ,918.4621501020983
780,IMP,1,Scotland Dr,Dresden Dr,Gilbert Ln,Both Sides,81763.97,2023,2023-07-24,2023-09-30,2023-07-10,2023-08-14,100.0,Sidewalks,Luis Ocura,Erick Wildestorm: 210-461-1540,1063.14,1063.14,Completed,Scotland Dr - Both Sides ( Dresden Dr To Gilbert Ln ) ,1042.651410717516
867,IMP,3,Ada St,S Presa St,S Hackberry St,Both Sides,218012.55,2023,2023-02-20,2023-05-10,2023-02-27,2023-06-09,100.0,Sidewalks,Amir Bahreini,Erick Wildestorm: 210-461-1540,2373.83,2373.83,Completed,Ada St - Both Sides ( S Presa St To S Hackberry St ) ,2373.830473243021
941,IMP,4,Lark Valley Dr,Brook Valley Dr,Apple Valley Dr,South Side,92175.26,2023,2023-02-20,2023-04-28,2023-02-20,2023-05-16,100.0,Sidewalks,Karlo Jajliardo,Keith Schoonmaker: 210-303-4800,1307.84,1307.84,Completed,Lark Valley Dr - South Side ( Brook Valley Dr To Apple Valley Dr ) ,1307.8428120301587
948,IMP,8,Vance Jackson,Orsinger Ln,Pvt Rd,East Side,31813.88,2023,2023-08-18,2023-08-31,2023-03-05,2023-03-20,100.0,Sidewalks,Amir Bahreini,Keith Schoonmaker: 210-303-4800,403.09,403.09,Completed,Vance Jackson - East Side ( Orsinger Ln To Pvt Rd ) ,411.0032031878511
1017,IMP,3,Pecan Valley Dr,Goliad Rd,Dollarhide Ave,East Side,121411.25,2023,2023-06-26,2023-07-31,2023-05-08,2023-07-07,100.0,Sidewalks,Justin Gawlik,Erick Wildestorm: 210-461-1540,1068.7,1150.0,Completed,Pecan Valley Dr - East Side ( Goliad Rd To Dollarhide Ave ) ,1068.6965663342512
1021,IMP,3,Probandt St,S Flores St,Thelka St,North Side,14925.84,2023,2023-05-29,2023-06-03,2023-05-01,2023-05-11,100.0,Sidewalks,Amir Bahreini,Erick Wildestorm: 210-461-1540,162.52,162.52,Completed,Probandt St - North Side ( S Flores St To Thelka St ) ,140.04925330590248
1070,IMP,6,Van Cleave Dr,Wurzbach Rd,Northwestern Dr,Both Sides,65473.58,2023,2023-03-06,2023-04-12,2023-03-06,2023-04-04,100.0,Sidewalks,Ahmed Al saadi,Keith Schoonmaker: 210-303-4800,928.98,928.98,Completed,Van Cleave Dr - Both Sides ( Wurzbach Rd To Northwestern Dr ) ,906.2291211099754
1134,IMP,3,Cato,Abram,Crawford Rd,Both Sides,96181.95,2023,2023-08-07,2023-09-17,2022-12-07,2023-01-13,100.0,Sidewalks,Amir Bahreini,Erick Wildestorm: 210-461-1540,1218.65,1218.65,Completed,Cato - Both Sides ( Abram To Crawford Rd ) ,1214.1176801285328
1162,IMP,7,Notre Dame Dr,Stonegate Dr,Wake Forrest,Both Sides,176711.18,2023,2023-01-16,2023-03-03,2023-01-02,2023-01-27,100.0,Sidewalks,Justin Gawlik,Keith Schoonmaker: 210-303-4800,1924.12,1924.12,None Existing,Notre Dame Dr - Both Sides ( Stonegate Dr To Wake Forrest ) ,1010.2911280957068
1164,IMP,1,Gilbert Ln,West Ave,Neer Ave,Both Sides,318337.32,2023,2022-11-21,2023-03-01,2022-11-21,2023-01-20,100.0,Sidewalks,Luis Ocura,Erick Wildestorm: 210-461-1540,4567.25,4567.25,Completed,Gilbert Ln - Both Sides ( West Ave To Neer Ave ) ,4567.254853542088
1177,IMP,5,Wichita Ct,Hughes Ave,Amarillo Ave,South Side,61904.96,2023,2023-04-03,2023-05-12,2022-12-26,2023-01-11,100.0,Sidewalks,Ahmed Al saadi,Keith Schoonmaker: 210-303-4800,586.36,586.36,None Existing,Wichita Ct - South Side ( Hughes Ave To Amarillo Ave ) ,586.3587569924867
1203,IMP,9,Canyon Golf Rd,Stone Oak Pkwy,City Limits,Both Sides,365994.96,2023,2023-10-02,2024-01-31,2023-10-02,2024-02-02,100.0,Sidewalks,Amir Bahreini,Erick Wildestorm: 210-461-1540,7247.19,7247.19,Completed,Canyon Golf Rd - Both Sides ( Stone Oak Pkwy To City Limits ) ,7247.192975274104
1224,IMP,7,Texas Ave,S Josephine Tobin,Emory,Both Sides,301135.62,2023,2023-04-03,2023-07-07,2023-04-25,2023-08-04,100.0,Sidewalks,Justin Gawlik,Keith Schoonmaker: 210-303-4800,4272.7,4272.7,Existing/None Existing,Texas Ave - Both Sides ( S Josephine Tobin To Emory ) ,4272.704667261625
1236,IMP,3,Manchester Dr,Pickwell Dr,Fairlawn Dr,Both Sides,174545.47,2023,2023-01-09,2023-04-02,2022-12-27,2023-06-08,100.0,Sidewalks,Amir Bahreini,Erick Wildestorm: 210-461-1540,2476.56,2476.56,Completed,Manchester Dr - Both Sides ( Pickwell Dr To Fairlawn Dr ) ,2476.5553367670027
1237,IMP,3,Pickwell Dr,Utopia Ln,Se Military Dr,Both Sides,151404.98,2023,2023-05-15,2023-07-17,2023-07-13,2023-09-29,100.0,Sidewalks,Amir Bahreini,Erick Wildestorm: 210-461-1540,1918.34,1918.34,Completed,Pickwell Dr - Both Sides ( Utopia Ln To Se Military Dr ) ,1918.339487978285
1291,IMP,1,W Hollywood Ave,Brad,Ih 10 W Access Rd,Both Sides,321437.85,2023,2023-01-30,2023-04-03,2023-02-06,2023-04-17,100.0,Sidewalks,Luis Ocura,Erick Wildestorm: 210-461-1540,4072.7,4072.7,Pending Punchlist,W Hollywood Ave - Both Sides ( Brad To Ih 10 W Access Rd ) ,4072.697810936163
1324,IMP,8,Kyle Seale Pkwy,Sonoma Pkwy,N Loop 1604 W Access Rd,Both Sides,279789.64,2023,2023-09-05,2023-11-22,2023-07-17,2023-09-22,100.0,Sidewalks,Amir Bahreini,Keith Schoonmaker: 210-303-4800,3046.49,3046.49,Construction,Kyle Seale Pkwy - Both Sides ( Sonoma Pkwy To N Loop 1604 W Access Rd ) ,3046.4934494282447
1337,IMP,6,Hidden Rose,Hidden Falls,Hidden Swan,West Side,58565.13,2023,2023-08-28,2023-10-01,2023-09-20,2023-10-05,100.0,Sidewalks,Ahmed Al saadi,Keith Schoonmaker: 210-303-4800,719.12,719.12,Pending Punchlist,Hidden Rose - West Side ( Hidden Falls To Hidden Swan ) ,719.1154812860998
1358,IMP,7,Halleck Dr,Farragut Dr,Cul-De-Sac,Both Sides,106109.21,2023,2023-02-22,2023-06-19,2022-12-14,2023-04-17,100.0,Sidewalks,Justin Gawlik,Keith Schoonmaker: 210-303-4800,1005.06,1005.06,None Existing,Halleck Dr - Both Sides ( Farragut Dr To Cul-De-Sac ) ,1056.4627815067504
1360,IMP,7,Farragut Dr,Callaghan Rd,Alladin Dr,South Side,44614.95,2023,2023-06-12,2023-07-14,2022-12-19,2023-02-22,100.0,Sidewalks,Justin Gawlik,Keith Schoonmaker: 210-303-4800,485.79,485.79,None Existing,Farragut Dr - South Side ( Callaghan Rd To Alladin Dr ) ,424.0623512672756
1451,IMP,3,Dodic Place,Barranca Ave,Bascum Blvd,North Side,182248.09,2023,2023-03-14,2023-05-27,2023-04-03,2023-07-03,100.0,Sidewalks,Amir Bahreini,Erick Wildestorm: 210-461-1540,2309.13,2309.13,Completed,Dodic Place - North Side ( Barranca Ave To Bascum Blvd ) ,2309.130088643503
1455,IMP,1,Shady Rill,Vance Jackson,Neer Ave,North Side,173354.36,2023,2023-03-06,2023-07-15,2023-03-29,2023-07-19,100.0,Sidewalks,Luis Ocura,Erick Wildestorm: 210-461-1540,2487.15,2487.15,Construction,Shady Rill - North Side ( Vance Jackson To Neer Ave ) ,2490.3461859499025
1459,IMP,1,Shady Rill,Vance Jackson,Neer Ave,South Side,173834.59,2023,2023-03-06,2023-07-15,2023-03-29,2023-07-19,100.0,Sidewalks,Luis Ocura,Erick Wildestorm: 210-461-1540,2494.04,2494.04,Construction,Shady Rill - South Side ( Vance Jackson To Neer Ave ) ,2493.219764434751
1476,IMP,1,Santa Barbara,Catalina,Ih 10 W Access Rd,Both Sides,38481.37,2023,2023-01-17,2023-01-31,2023-01-16,2023-02-06,100.0,Sidewalks,Luis Ocura,Erick Wildestorm: 210-461-1540,552.1,552.1,Completed,Santa Barbara - Both Sides ( Catalina To Ih 10 W Access Rd ) ,552.1049720518183
1487,IMP,2,Manhattan,King Krest,Gembler Rd,Both Sides,156495.32,2023,2023-01-23,2023-03-20,2023-01-23,2023-02-17,100.0,Sidewalks,Luis Ocura,Erick Wildestorm: 210-461-1540,2245.27,2245.27,Completed,Manhattan - Both Sides ( King Krest To Gembler Rd ) ,2196.4778574232364
1494,IMP,3,Christine Dr,Piedmont Ave,Cul-De-Sac,Both Sides,119724.79,2023,2023-04-03,2023-05-30,2022-11-28,2023-01-03,100.0,Sidewalks,Amir Bahreini,Erick Wildestorm: 210-461-1540,1698.73,1698.73,Completed,Christine Dr - Both Sides ( Piedmont Ave To Cul-De-Sac ) ,1692.2445036053098
1516,IMP,5,Holly St,Barclay St,Sw 21St St,Both Sides,86374.73,2023,2023-03-06,2023-04-24,2023-03-06,2023-04-19,100.0,Sidewalks,Ahmed Al saadi,Keith Schoonmaker: 210-303-4800,1094.39,1094.39,Completed,Holly St - Both Sides ( Barclay St To Sw 21St St ) ,1075.4658674390023
1536,IMP,1,Santa Anna,Santa Paula,Dead End,North Side,39433.47,2023,2023-03-20,2023-04-30,2023-02-20,2023-03-09,100.0,Sidewalks,Luis Ocura,Erick Wildestorm: 210-461-1540,565.76,565.76,Completed,Santa Anna - North Side ( Santa Paula To Dead End ) ,565.756499345755
1540,IMP,5,Quintana Rd,Lester,Dacus,West Side,180926.85,2023,2023-03-20,2023-05-18,2023-03-20,2023-05-02,100.0,Sidewalks,Ahmed Al saadi,Keith Schoonmaker: 210-303-4800,1810.4,1810.4,Completed,Quintana Rd - West Side ( Lester To Dacus ) ,1810.4020356067165
1541,IMP,5,Dacus,Creighton Ave,Dead End,Both Sides,112685.48,2023,2023-03-31,2023-05-13,2023-04-03,2023-05-02,100.0,Sidewalks,Ahmed Al saadi,Keith Schoonmaker: 210-303-4800,1067.35,1067.35,Completed,Dacus - Both Sides ( Creighton Ave To Dead End ) ,1080.7202542435457
1551,IMP,5,Humble Ave,W Malone,W Winnipeg Ave,West Side,61769.37,2023,2023-05-15,2023-06-05,2023-05-15,2023-06-05,100.0,Sidewalks,Ahmed Al saadi,Keith Schoonmaker: 210-303-4800,618.08,618.08,Completed,Humble Ave - West Side ( W Malone To W Winnipeg Ave ) ,123.14329022307965
1585,IMP,6,Oakhill Rd,War Arrow Dr,Farragut Dr,East Side,61249.57,2023,2023-04-24,2023-05-28,2023-05-24,2023-05-28,100.0,Sidewalks,Ahmed Al saadi,Keith Schoonmaker: 210-303-4800,878.76,878.76,Completed,Oakhill Rd - East Side ( War Arrow Dr To Farragut Dr ) ,879.9451848031621
1593,IMP,6,Palmgrove,Singing Brook,Timbercreek Dr,West Side,82587.29,2023,2023-03-13,2023-04-28,2023-03-13,2023-04-11,100.0,Sidewalks,Ahmed Al saadi,Keith Schoonmaker: 210-303-4800,1171.8,1171.8,Completed,Palmgrove - West Side ( Singing Brook To Timbercreek Dr ) ,1171.7954102475326
1606,IMP,6,Cooks Pt,Charter Pt,Fairpoint,West Side,16424.43,2023,2023-04-17,2023-04-29,2023-04-03,2023-05-02,100.0,Sidewalks,Ahmed Al saadi,Keith Schoonmaker: 210-303-4800,233.04,233.04,Completed,Cooks Pt - West Side ( Charter Pt To Fairpoint ) ,233.04233194667935
1611,IMP,6,Mystic Bend,Orchard Bend,Laurel Bend,South Side,14007.85,2023,2023-07-05,2023-07-13,2023-07-05,2023-07-13,100.0,Sidewalks,Justin Gawlik,Keith Schoonmaker: 210-303-4800,191.27,191.27,Completed,Mystic Bend - South Side ( Orchard Bend To Laurel Bend ) ,191.27336583537752
1627,IMP,5,Wagner Ave,Votaw St,Wabash St,Both Sides,92010.76,2023,2022-10-17,2022-11-30,2022-10-24,2022-11-30,100.0,Sidewalks,Ahmed Al saadi,Keith Schoonmaker: 210-303-4800,1165.8,1165.8,None Existing,Wagner Ave - Both Sides ( Votaw St To Wabash St ) ,1221.6481665908427
1666,IMP,1,N Calaveras,Culebra Rd,Cincinnati Ave,Both Sides,199737.49,2023,2023-03-27,2023-06-08,2023-03-01,2023-04-28,100.0,Sidewalks,Luis Ocura,Erick Wildestorm: 210-461-1540,2168.64,2834.0,Completed,N Calaveras - Both Sides ( Culebra Rd To Cincinnati Ave ) ,2168.6363089041292
1738,IMP,10,Asteroid,Wroxton Rd,Dead End,Both Sides,217695.67,2023,2023-07-01,2023-08-30,2023-07-10,2023-09-25,100.0,Sidewalks,Justin Gawlik,Erick Wildestorm: 210-461-1540,2758.26,2758.26,Completed,Asteroid - Both Sides ( Wroxton Rd To Dead End ) ,2758.2552027518977
1745,IMP,5,Leroux St,Barclay St,Sw 21St St,Both Sides,133820.06,2023,2023-02-07,2023-04-06,2023-02-07,2023-05-02,100.0,Sidewalks,Ahmed Al saadi,Keith Schoonmaker: 210-303-4800,1457.1,1457.1,Completed,Leroux St - Both Sides ( Barclay St To Sw 21St St ) ,1463.9857010693277
1746,IMP,5,Matthews Ave,Barclay St,Sw 21St St,Both Sides,96742.32,2023,2023-02-13,2023-04-02,2023-02-13,2023-03-21,100.0,Sidewalks,Ahmed Al saadi,Keith Schoonmaker: 210-303-4800,1225.75,1225.75,Completed,Matthews Ave - Both Sides ( Barclay St To Sw 21St St ) ,1219.9478765241045
1751,IMP,2,Summer Fest Dr,City Limits,Misty Springs Dr,Both Sides,53975.68,2023,2023-04-10,2023-05-26,2023-04-10,2023-04-17,100.0,Sidewalks,Luis Ocura,Erick Wildestorm: 210-461-1540,774.4,774.4,Completed,Summer Fest Dr - Both Sides ( City Limits To Misty Springs Dr ) ,774.3973336754591
1757,IMP,6,James Bonham Dr,Pancho Villa Dr,Cul-De-Sac,West Side,16659.0,2023,2023-06-12,2023-06-22,2023-06-12,2023-06-22,100.0,Sidewalks,Ahmed Al saadi,Keith Schoonmaker: 210-303-4800,239.01,245.0,Completed,James Bonham Dr - West Side ( Pancho Villa Dr To Cul-De-Sac ) ,232.50097444068368
1758,IMP,7,Wild Cherry,Donaldson Ave,John Page Dr,Both Sides,88802.84,2023,2023-08-20,2023-09-30,2023-06-05,2023-08-05,100.0,Sidewalks,Emanuel Saldana,Keith Schoonmaker: 210-303-4800,1259.99,1259.99,None Existing,Wild Cherry - Both Sides ( Donaldson Ave To John Page Dr ) ,1259.9853617851925
1759,IMP,7,Alston,Greenside,Hemphill St,Both Sides,23372.5,2023,2023-03-13,2023-04-28,2023-04-24,2023-06-02,100.0,Sidewalks,Justin Gawlik,Keith Schoonmaker: 210-303-4800,335.33,335.33,None Existing,Alston - Both Sides ( Greenside To Hemphill St ) ,333.1314917592804
1774,IMP,6,Rich Way,Silverway,Silverton,North Side,71252.92,2023,2023-03-20,2023-04-22,2023-03-20,2023-05-16,100.0,Sidewalks,Ahmed Al saadi,Keith Schoonmaker: 210-303-4800,1022.28,1022.28,Completed,Rich Way - North Side ( Silverway To Silverton ) ,969.07709313519
1776,IMP,6,Ingram Rd,Potranco Rd,Midhurst Ave,East Side,25140.09,2023,2023-03-29,2023-04-28,2023-03-29,2023-04-21,100.0,Sidewalks,Ahmed Al saadi,Keith Schoonmaker: 210-303-4800,360.69,360.69,Construction,Ingram Rd - East Side ( Potranco Rd To Midhurst Ave ) ,381.2867328235069
1796,IMP,8,Lockhill-Selma Rd,Queens Forest,Hunters Cir,South Side,153412.05,2023,2023-07-24,2023-09-26,2023-02-15,2023-06-12,100.0,Sidewalks,Amir Bahreini,Keith Schoonmaker: 210-303-4800,1943.77,1943.77,Completed,Lockhill-Selma Rd - South Side ( Queens Forest To Hunters Cir ) ,1943.7737090622888
1802,SW Repair,1,Edgebrook,Rosehill Dr,Brookview Dr,Both Sides,23663.25,2023,Not Available,Not Available,Not Available,Not Available,0.0,Unknown,Unknown,Unknown,3598.56,831.0,Completed,Edgebrook - Both Sides ( Rosehill Dr To Brookview Dr ) ,3598.555339599662
1804,SW Repair,2,Woodbrook,Woodhill,Dead End,Both Sides,13761.09,2023,Not Available,Not Available,Not Available,Not Available,0.0,Unknown,Unknown,Unknown,1635.51,561.0,Completed,Woodbrook - Both Sides ( Woodhill To Dead End ) ,1635.5113900232254
1805,SW Repair,2,Woodcraft,Woodbrook,Stoneshire,Both Sides,17911.26,2023,Not Available,Not Available,Not Available,Not Available,0.0,Unknown,Unknown,Unknown,2377.34,512.0,Completed,Woodcraft - Both Sides ( Woodbrook To Stoneshire ) ,2377.339403661355
1806,SW Repair,2,Thornwood,Woodbrook,Stoneshire,Both Sides,13324.23,2023,Not Available,Not Available,Not Available,Not Available,0.0,Unknown,Unknown,Unknown,1674.8,500.0,Completed,Thornwood - Both Sides ( Woodbrook To Stoneshire ) ,1674.7989367597952
1808,SW Repair,2,Woodgreen,Stoneshire,Woodbrook,Both Sides,15654.15,2023,Not Available,Not Available,Not Available,Not Available,0.0,Unknown,Unknown,Unknown,2058.1,484.0,Completed,Woodgreen - Both Sides ( Stoneshire To Woodbrook ) ,2058.1035634516556
1810,SW Repair,3,Hot Wells,S Presa St,Russi St,Both Sides,35676.9,2023,Not Available,Not Available,Not Available,Not Available,0.0,Unknown,Unknown,Unknown,4550.5,1514.0,Completed,Hot Wells - Both Sides ( S Presa St To Russi St ) ,4550.502245377179
1812,SW Repair,3,E White Ave,Trenton St,Mission Rd,South Side,20386.8,2023,Not Available,Not Available,Not Available,Not Available,0.0,Unknown,Unknown,Unknown,2884.71,678.0,Completed,E White Ave - South Side ( Trenton St To Mission Rd ) ,2884.712543858055
1814,SW Repair,3,Sussex Ave,Loleta,Shannon,Both Sides,30580.2,2023,Not Available,Not Available,Not Available,Not Available,0.0,Unknown,Unknown,Unknown,3754.6,482.0,Completed,Sussex Ave - Both Sides ( Loleta To Shannon ) ,2754.306434638901
1816,SW Repair,3,Clutter Ave,S Flores St,Trenton St,North Side,8737.2,2023,Not Available,Not Available,Not Available,Not Available,0.0,Unknown,Unknown,Unknown,772.41,208.0,Completed,Clutter Ave - North Side ( S Flores St To Trenton St ) ,772.4147808766413
1824,SW Repair,4,Farmsville Dr,Berryville,Adams Hill Dr,Both Sides,18639.36,2023,Not Available,Not Available,Not Available,Not Available,0.0,Unknown,Unknown,Unknown,2359.71,415.0,Completed,Farmsville Dr - Both Sides ( Berryville To Adams Hill Dr ) ,2359.7063528553285
1825,SW Repair,5,Saunders,S Spring,S Hamilton Ave,Both Sides,6989.76,2023,Not Available,Not Available,Not Available,Not Available,0.0,Unknown,Unknown,Unknown,608.19,342.0,Completed,Saunders - Both Sides ( S Spring To S Hamilton Ave ) ,608.19143265476
1828,SW Repair,6,Pipers Field,Cul-De-Sac,Pipers Hill,Both Sides,15843.46,2023,Not Available,Not Available,Not Available,Not Available,0.0,Unknown,Unknown,Unknown,2204.56,432.0,Completed,Pipers Field - Both Sides ( Cul-De-Sac To Pipers Hill ) ,2204.561562135438
1829,SW Repair,5,Monterey St,S Calaveras,S Spring,Both Sides,22085.7,2023,Not Available,Not Available,Not Available,Not Available,0.0,Unknown,Unknown,Unknown,2934.47,452.0,Completed,Monterey St - Both Sides ( S Calaveras To S Spring ) ,2937.037288799513
1838,SW Repair,5,W Travis St,N Calaveras,N Hamilton Ave,Both Sides,31672.35,2023,Not Available,Not Available,Not Available,Not Available,0.0,Unknown,Unknown,Unknown,3817.18,870.0,Completed,W Travis St - Both Sides ( N Calaveras To N Hamilton Ave ) ,3740.7053530541098
1839,SW Repair,9,Oakshire Dr,Brook Holw,Norland Dr,Both Sides,10957.91,2023,Not Available,Not Available,Not Available,Not Available,0.0,Unknown,Unknown,Unknown,2085.74,198.0,Completed,Oakshire Dr - Both Sides ( Brook Holw To Norland Dr ) ,2100.8407023736886
1840,SW Repair,6,Meadow Glen Dr,Meadow Knoll,Sw Loop 410 Access Rd,Both Sides,38938.79,2023,Not Available,Not Available,Not Available,Not Available,0.0,Unknown,Unknown,Unknown,5526.36,1264.0,Completed,Meadow Glen Dr - Both Sides ( Meadow Knoll To Sw Loop 410 Access Rd ) ,5526.363969721716
1841,SW Repair,9,Periwinkle Place,Cassia Way,Perennial,Both Sides,7572.24,2023,Not Available,Not Available,Not Available,Not Available,0.0,Unknown,Unknown,Unknown,1262.6,64.0,Completed,Periwinkle Place - Both Sides ( Cassia Way To Perennial ) ,1185.2039281497237
1842,SW Repair,9,Cassia Way,Periwinkle Place,Perennial,Both Sides,9465.3,2023,Not Available,Not Available,Not Available,Not Available,0.0,Unknown,Unknown,Unknown,1431.54,133.0,Completed,Cassia Way - Both Sides ( Periwinkle Place To Perennial ) ,1438.8839633701211
1843,SW Repair,7,Peace Pipe Dr,Warpath Dr,Quiver Dr,Both Sides,26078.12,2023,Not Available,Not Available,Not Available,Not Available,0.0,Unknown,Unknown,Unknown,3384.49,504.0,Completed,Peace Pipe Dr - Both Sides ( Warpath Dr To Quiver Dr ) ,3384.491987639956
1844,SW Repair,7,Wigwam,Quiver Dr,War Bow,Both Sides,33978.0,2023,Not Available,Not Available,Not Available,Not Available,0.0,Unknown,Unknown,Unknown,1630.95,158.0,Completed,Wigwam - Both Sides ( Quiver Dr To War Bow ) ,1638.8343312057232
1846,SW Repair,8,Spring Garden Dr,Cul-De-Sac,Spring Trl,Both Sides,28820.63,2023,Not Available,Not Available,Not Available,Not Available,0.0,Unknown,Unknown,Unknown,6132.26,1252.0,Completed,Spring Garden Dr - Both Sides ( Cul-De-Sac To Spring Trl ) ,6181.972736893126
1847,SW Repair,1,Cerro Alto,Blanco Rd,Mt Boracho,Both Sides,18784.98,2023,Not Available,Not Available,Not Available,Not Available,0.0,Unknown,Unknown,Unknown,2532.21,122.0,Completed,Cerro Alto - Both Sides ( Blanco Rd To Mt Boracho ) ,2532.207796452218
1849,SW Repair,10,Guadalajara Dr,Alamo Blanco,Chapala Way,Both Sides,34492.52,2023,Not Available,Not Available,Not Available,Not Available,0.0,Unknown,Unknown,Unknown,6245.68,826.0,Completed,Guadalajara Dr - Both Sides ( Alamo Blanco To Chapala Way ) ,6245.682613709727
1859,SW Repair,4,Threadneedle,Ray Ellison Blvd,Cul-De-Sac,Both Sides,17037.54,2023,Not Available,Not Available,Not Available,Not Available,0.0,Unknown,Unknown,Unknown,2617.27,842.0,Completed,Threadneedle - Both Sides ( Ray Ellison Blvd To Cul-De-Sac ) ,2617.271442775163
1871,SW Repair,10,El Sendero,La Bahia,La Ventana,Both Sides,33990.14,2023,Not Available,Not Available,Not Available,Not Available,0.0,Unknown,Unknown,Unknown,6219.9,1144.0,Completed,El Sendero - Both Sides ( La Bahia To La Ventana ) ,6221.283685340903
1876,SW Repair,8,Spring Manor Dr,Spring Trl,Spring Time Dr,Both Sides,12523.32,2023,Not Available,Not Available,Not Available,Not Available,0.0,Unknown,Unknown,Unknown,1736.77,659.0,Completed,Spring Manor Dr - Both Sides ( Spring Trl To Spring Time Dr ) ,1736.7689926679498
1878,SW Repair,8,Spring Well Dr,Spring Arbor Dr,Spring Arbor Dr,Both Sides,8737.2,2023,Not Available,Not Available,Not Available,Not Available,0.0,Unknown,Unknown,Unknown,602.89,300.0,Completed,Spring Well Dr - Both Sides ( Spring Arbor Dr To Spring Arbor Dr ) ,771.9435170412754
1879,SW Repair,2,Stoneshire,Dead End,Shadow Way,Both Sides,28395.9,2023,Not Available,Not Available,Not Available,Not Available,0.0,Unknown,Unknown,Unknown,2640.71,904.0,Completed,Stoneshire - Both Sides ( Dead End To Shadow Way ) ,2640.7108383589875
1880,SW Repair,7,Warpath Dr,Ingram Rd,Cul-De-Sac,Both Sides,24852.48,2023,Not Available,Not Available,Not Available,Not Available,0.0,Unknown,Unknown,Unknown,6648.74,1176.0,Completed,Warpath Dr - Both Sides ( Ingram Rd To Cul-De-Sac ) ,6766.362327776669
1881,SW Repair,2,Woodhollow,Cul-De-Sac,Stoneshire,Both Sides,10411.83,2023,Not Available,Not Available,Not Available,Not Available,0.0,Unknown,Unknown,Unknown,1002.3,169.0,Completed,Woodhollow - Both Sides ( Cul-De-Sac To Stoneshire ) ,1002.3031462751594
1882,SW Repair,3,Monticello Ct,Lyric Ave,Cynthia Linn,Both Sides,10678.8,2023,Not Available,Not Available,Not Available,Not Available,0.0,Unknown,Unknown,Unknown,1096.14,336.0,Completed,Monticello Ct - Both Sides ( Lyric Ave To Cynthia Linn ) ,1096.1374725067135
1884,SW Repair,6,William Travis Dr,Pancho Villa Dr,Viva Max Dr,Both Sides,9610.92,2023,Not Available,Not Available,Not Available,Not Available,0.0,Unknown,Unknown,Unknown,1399.93,184.0,Completed,William Travis Dr - Both Sides ( Pancho Villa Dr To Viva Max Dr ) ,1353.4662629252398
1885,SW Repair,6,Daniel Boone Dr,Pancho Villa Dr,Viva Max Dr,Both Sides,9610.92,2023,Not Available,Not Available,Not Available,Not Available,0.0,Unknown,Unknown,Unknown,1313.07,192.0,Completed,Daniel Boone Dr - Both Sides ( Pancho Villa Dr To Viva Max Dr ) ,1272.5270518136067
1886,SW Repair,5,S Spring,Monterey St,Saunders,Both Sides,4854.0,2023,Not Available,Not Available,Not Available,Not Available,0.0,Unknown,Unknown,Unknown,651.42,244.0,Completed,S Spring - Both Sides ( Monterey St To Saunders ) ,651.4171456549373
1888,SW Repair,3,Kendalia Ave,Boswell St,S Flores St,Both Sides,36368.6,2023,Not Available,Not Available,Not Available,Not Available,0.0,Unknown,Unknown,Unknown,3808.5,157.0,Completed,Kendalia Ave - Both Sides ( Boswell St To S Flores St ) ,3808.502680050944
1890,SW Repair,4,Harrow Dr,Ray Ellison Blvd,Sw Loop 410 Access Rd,Both Sides,29609.4,2023,Not Available,Not Available,Not Available,Not Available,0.0,Unknown,Unknown,Unknown,4659.31,855.0,Completed,Harrow Dr - Both Sides ( Ray Ellison Blvd To Sw Loop 410 Access Rd ) ,4659.305563256437
1891,SW Repair,5,W Houston St,Nw 20Th St,N Calaveras,Both Sides,55723.92,2023,Not Available,Not Available,Not Available,Not Available,0.0,Unknown,Unknown,Unknown,7144.53,1550.0,Completed,W Houston St - Both Sides ( Nw 20Th St To N Calaveras ) ,7199.5723753839475
1898,SW Repair,2,Shadow Way,Cul-De-Sac,Stoneshire,Both Sides,6625.71,2023,Not Available,Not Available,Not Available,Not Available,0.0,Unknown,Unknown,Unknown,646.2,294.0,Completed,Shadow Way - Both Sides ( Cul-De-Sac To Stoneshire ) ,646.2029426277722
1899,SW Repair,7,Rainmaker,Cul-De-Sac,Callaghan Rd,Both Sides,34572.62,2023,Not Available,Not Available,Not Available,Not Available,0.0,Unknown,Unknown,Unknown,2749.89,296.0,Completed,Rainmaker - Both Sides ( Cul-De-Sac To Callaghan Rd ) ,2797.14457370525
1903,IMP,1,Montview,Northway,Arroya Vista Dr,Both Sides,160767.53,2023,2023-05-29,2023-07-31,2023-05-30,2023-07-12,100.0,Sidewalks,Luis Ocura,Erick Wildestorm: 210-461-1540,2281.07,2281.07,Completed,Montview - Both Sides ( Northway To Arroya Vista Dr ) ,2281.074476369578
1918,IMP,1,Edgebrook,Buckeye,West Ave,Both Sides,164946.94,2023,2023-01-17,2023-03-06,2023-01-16,2023-02-13,100.0,Sidewalks,Luis Ocura,Erick Wildestorm: 210-461-1540,2089.92,2089.92,Completed,Edgebrook - Both Sides ( Buckeye To West Ave ) ,2089.922677791391
1945,IMP,3,Dumbarton Dr,Se Military Dr,Copinsay Ave,Both Sides,397626.52,2023,2022-12-05,2023-06-05,2022-12-20,2023-02-02,100.0,Sidewalks,Amir Bahreini,Erick Wildestorm: 210-461-1540,5038.03,5038.03,Completed,Dumbarton Dr - Both Sides ( Se Military Dr To Copinsay Ave ) ,5038.025619627235
1964,IMP,5,Colima St,S Picoso,Sw 19Th St,Both Sides,136121.73,2023,2023-02-20,2023-04-25,2023-02-20,2023-04-25,100.0,Sidewalks,Ahmed Al saadi,Keith Schoonmaker: 210-303-4800,1931.38,1931.38,Completed,Colima St - Both Sides ( S Picoso To Sw 19Th St ) ,1931.3820265663269
1974,IMP,3,Bailey Ave,St Anthony Ave,S New Braunfels Ave,Both Sides,97653.11,2023,2023-05-15,2023-07-14,2023-05-15,2023-09-19,100.0,Sidewalks,Amir Bahreini,Erick Wildestorm: 210-461-1540,1237.29,1237.29,Completed,Bailey Ave - Both Sides ( St Anthony Ave To S New Braunfels Ave ) ,1237.292887489362
1993,IMP,7,Waverly Ave,Tulane Dr,N General Mcmullen Ave,Both Sides,362313.89,2023,2023-01-03,2023-04-28,2023-01-03,2023-04-21,100.0,Sidewalks,Justin Gawlik,Keith Schoonmaker: 210-303-4800,4590.61,4590.61,None Existing,Waverly Ave - Both Sides ( Tulane Dr To N General Mcmullen Ave ) ,4632.791541719925
2026,IMP,8,Bitternut Woods,Green Willow Woods,Shadow Oak Woods,West Side,113915.58,2023,2023-07-24,2023-10-03,2023-08-21,2023-09-25,100.0,Sidewalks,Amir Bahreini,Keith Schoonmaker: 210-303-4800,1240.37,1240.37,Pending Punchlist,Bitternut Woods - West Side ( Green Willow Woods To Shadow Oak Woods ) ,1240.374750708013
2046,IMP,1,W Rosewood Ave,Neer Ave,Warner Ave,Both Sides,85939.27,2023,2023-01-24,2023-07-17,2023-01-24,2023-02-24,100.0,Sidewalks,Luis Ocura,Erick Wildestorm: 210-461-1540,1219.36,1219.36,Completed,W Rosewood Ave - Both Sides ( Neer Ave To Warner Ave ) ,1220.2144221173692
2092,IMP,8,Millstead,Stockbridge Ln,Cul-De-Sac,Both Sides,172874.42,2023,2023-07-10,2023-09-29,2023-05-23,2023-08-16,100.0,Sidewalks,Emanuel Saldana,Keith Schoonmaker: 210-303-4800,2452.85,2452.85,Construction,Millstead - Both Sides ( Stockbridge Ln To Cul-De-Sac ) ,2411.5992410729955
2175,IMP,9,Evans Rd,Evans Spgs,Stone Saddle,North Side,151475.58,2023,2023-09-05,2023-11-22,2023-09-05,2023-09-29,100.0,Sidewalks,Amir Bahreini,Erick Wildestorm: 210-461-1540,2149.23,2149.23,Pending Punchlist,Evans Rd - North Side ( Evans Spgs To Stone Saddle ) ,2149.2328289258385
2220,IMP,9,Rockaway,Circle Path,Hopewell,North Side,56930.12,2023,2022-10-17,2022-11-13,2022-10-17,2022-11-29,100.0,Sidewalks,Justin Gawlik,Erick Wildestorm: 210-461-1540,807.76,807.76,None Existing,Rockaway - North Side ( Circle Path To Hopewell ) ,820.5701226268194
2292,IMP,10,Chesterton,Parmenter Dr,Tennyson,West Side,88334.85,2023,2022-10-24,2022-11-28,2022-10-21,2022-11-29,100.0,Sidewalks,Justin Gawlik,Erick Wildestorm: 210-461-1540,1253.35,1253.35,Construction,Chesterton - West Side ( Parmenter Dr To Tennyson ) ,1253.3485386830052
2351,IMP,10,Waterford,Flourisant,Wahada,Both Sides,220251.1,2023,2023-07-10,2023-09-30,2023-06-05,2023-09-12,100.0,Sidewalks,Justin Gawlik,Erick Wildestorm: 210-461-1540,3125.06,3125.06,Pending Final,Waterford - Both Sides ( Flourisant To Wahada ) ,3125.0551471116983
2376,IMP,10,N Guilford,Eastley,N Guilford,Both Sides,152348.95,2023,2023-06-12,2023-08-24,2023-06-07,2023-08-15,100.0,Sidewalks,Justin Gawlik,Erick Wildestorm: 210-461-1540,1443.04,1443.04,Construction,N Guilford - Both Sides ( Eastley To N Guilford ) ,1030.8547861388913
2439,IMP,10,Chapala Way,Casa Espana,Schertz Rd,West Side,104631.01,2023,2023-06-30,2023-07-28,2023-06-28,2023-08-23,100.0,Sidewalks,Emanuel Saldana,Erick Wildestorm: 210-461-1540,1484.57,1484.57,Pending Construction,Chapala Way - West Side ( Casa Espana To Schertz Rd ) ,1484.5727078188318
2444,IMP,2,Lincolnshire Dr,Amanda,Calmar,Both Sides,54417.21,2023,2022-12-05,2023-01-30,2022-11-09,2022-12-15,100.0,Sidewalks,Luis Ocura,Erick Wildestorm: 210-461-1540,689.48,689.48,Completed,Lincolnshire Dr - Both Sides ( Amanda To Calmar ) ,665.6624001714239
2446,IMP,2,Dunaff,Skelton,E Houston St,West Side,27063.38,2023,2023-01-02,2023-04-24,2023-01-02,2023-01-26,100.0,Sidewalks,Luis Ocura,Erick Wildestorm: 210-461-1540,342.9,342.9,Completed,Dunaff - West Side ( Skelton To E Houston St ) ,345.7110249393493
2448,IMP,2,Dafoste,E Commerce St,Como,Both Sides,49927.32,2023,2023-04-17,2023-06-30,2023-04-17,2023-06-29,100.0,Sidewalks,Luis Ocura,Erick Wildestorm: 210-461-1540,708.4,708.4,Completed,Dafoste - Both Sides ( E Commerce St To Como ) ,692.5626886397034
2449,IMP,2,Dafoste,Como,Marmok,West Side,59948.73,2023,2023-04-17,2023-06-30,2023-04-17,2023-06-29,100.0,Sidewalks,Luis Ocura,Erick Wildestorm: 210-461-1540,850.59,850.59,Completed,Dafoste - West Side ( Como To Marmok ) ,776.5099244946056
2450,IMP,2,Dafoste,Marmok,Nellina,Both Sides,242024.3,2023,2023-04-17,2023-06-30,2023-04-17,2023-06-29,100.0,Sidewalks,Luis Ocura,Erick Wildestorm: 210-461-1540,3066.51,3066.51,Completed,Dafoste - Both Sides ( Marmok To Nellina ) ,3081.2336240533164
2451,IMP,2,Edna Ave,Honey Blvd,Dafoste,Both Sides,204217.26,2023,2022-12-12,2023-02-20,2022-12-21,2023-01-27,100.0,Sidewalks,Luis Ocura,Erick Wildestorm: 210-461-1540,2223.62,2223.62,Pending Punchlist,Edna Ave - Both Sides ( Honey Blvd To Dafoste ) ,2153.955015222077
2452,IMP,2,Edna Ave,Gay,Honey Blvd,Both Sides,154187.42,2023,2022-12-12,2023-02-20,2022-12-21,2023-01-27,100.0,Sidewalks,Luis Ocura,Erick Wildestorm: 210-461-1540,1678.87,1678.87,Pending Punchlist,Edna Ave - Both Sides ( Gay To Honey Blvd ) ,1678.8679796740698
2455,IMP,2,Marmok,Hub Ave,Dafoste,Both Sides,188540.17,2023,2023-05-08,2023-07-21,2023-02-01,2023-03-24,100.0,Sidewalks,Luis Ocura,Erick Wildestorm: 210-461-1540,2052.92,2052.92,Completed,Marmok - Both Sides ( Hub Ave To Dafoste ) ,2052.9230563977667
2479,IMP,2,Amberson,J St,Cul-De-Sac,Both Sides,63966.74,2023,2023-04-24,2023-07-15,2023-04-13,2023-07-21,100.0,Sidewalks,Luis Ocura,Erick Wildestorm: 210-461-1540,907.6,907.6,Completed,Amberson - Both Sides ( J St To Cul-De-Sac ) ,907.6001418345024
2482,IMP,2,Bible St,Wycliff,Rigsby Ave,Both Sides,96421.09,2023,2023-03-20,2023-05-31,2023-02-24,2023-03-10,100.0,Sidewalks,Luis Ocura,Erick Wildestorm: 210-461-1540,1221.68,1221.68,Completed,Bible St - Both Sides ( Wycliff To Rigsby Ave ) ,1221.679982968588
2496,IMP,2,Tamarak Dr,Noblewood Dr,Rambling,Both Sides,115495.35,2023,2023-02-06,2023-04-03,2023-03-01,2023-04-17,100.0,Sidewalks,Luis Ocura,Erick Wildestorm: 210-461-1540,1638.72,1638.72,Construction,Tamarak Dr - Both Sides ( Noblewood Dr To Rambling ) ,1646.4380778464526
2510,IMP,2,Wild Oak Dr,Yellow Wood,Sand Ledge,Both Sides,258130.04,2023,2022-12-12,2023-02-01,2022-12-21,2023-02-10,100.0,Sidewalks,Luis Ocura,Erick Wildestorm: 210-461-1540,3662.51,3662.51,Completed,Wild Oak Dr - Both Sides ( Yellow Wood To Sand Ledge ) ,3662.5121417236937
2552,IMP,6,Grissom Rd,Oakfield Way,Timberhill Dr,South Side,261842.17,2023,2022-11-14,2023-03-18,2022-11-28,2023-02-03,100.0,Sidewalks,Ahmed Al saadi,Keith Schoonmaker: 210-303-4800,3715.18,3715.18,Completed,Grissom Rd - South Side ( Oakfield Way To Timberhill Dr ) ,2882.0686063978515
2599,IMP,6,Timber Path,Grissom Rd,Meadow Trace,Both Sides,70929.82,2023,2023-07-16,2023-08-24,2023-07-16,2023-09-29,100.0,Sidewalks,Ahmed Al saadi,Keith Schoonmaker: 210-303-4800,981.5,981.5,Construction,Timber Path - Both Sides ( Grissom Rd To Meadow Trace ) ,981.4999750824512
2636,IMP,5,Potosi St,S Sabinas,S Trinity,North Side,53624.17,2023,2023-09-18,2023-10-15,2023-09-18,2023-10-06,100.0,Sidewalks,Ahmed Al saadi,Keith Schoonmaker: 210-303-4800,658.45,658.45,Pending Punchlist,Potosi St - North Side ( S Sabinas To S Trinity ) ,674.5245200588848
2648,IMP,5,Lenard,Berlin Ave,Wagner Ave,Both Sides,236999.2,2023,2023-08-28,2023-12-10,2023-08-28,2023-09-20,100.0,Sidewalks,Ahmed Al saadi,Keith Schoonmaker: 210-303-4800,2539.64,2539.64,Completed,Lenard - Both Sides ( Berlin Ave To Wagner Ave ) ,2539.639774829022
2702,IMP,4,Manzano Dr,Aragon Dr,Reforma Dr,Both Sides,63330.21,2023,2023-03-27,2023-05-26,2023-03-27,2023-04-24,100.0,Sidewalks,Karlo Jajliardo,Keith Schoonmaker: 210-303-4800,802.41,802.41,Completed,Manzano Dr - Both Sides ( Aragon Dr To Reforma Dr ) ,800.4157648884278
2707,IMP,4,W Villaret Blvd,Strech Ave,Dead End,Both Sides,327538.75,2023,2023-03-06,2023-05-29,2023-03-06,2023-05-16,100.0,Sidewalks,Karlo Jajliardo,Keith Schoonmaker: 210-303-4800,4210.3,4150.0,Completed,W Villaret Blvd - Both Sides ( Strech Ave To Dead End ) ,4182.796569501333
2730,IMP,4,Platte Trail Dr,S Ellison Dr,Churing Dr,Both Sides,102972.66,2023,2023-04-03,2023-07-15,2023-04-03,2023-08-01,100.0,Sidewalks,Ali Gharibi,Keith Schoonmaker: 210-303-4800,1304.69,1304.69,Completed,Platte Trail Dr - Both Sides ( S Ellison Dr To Churing Dr ) ,1255.6310823204494
2754,IMP,4,Maria Isabel Dr,Algo Dulce,Twining Dr,East Side,25493.66,2023,2023-07-15,2023-07-29,2023-05-02,2023-05-18,100.0,Sidewalks,Ali Gharibi,Keith Schoonmaker: 210-303-4800,361.72,361.72,None Existing,Maria Isabel Dr - East Side ( Algo Dulce To Twining Dr ) ,349.07542815114164
2775,IMP,3,Leah Dr,Ashley Rd,Bernard Dr,Both Sides,127456.77,2023,2023-06-05,2023-07-29,2022-12-05,2022-12-22,100.0,Sidewalks,Amir Bahreini,Erick Wildestorm: 210-461-1540,1614.91,1614.91,Completed,Leah Dr - Both Sides ( Ashley Rd To Bernard Dr ) ,1614.9060739352535
2811,IMP,3,Anton Dr,Belford,Fairlawn Dr,Both Sides,442031.3,2023,2023-01-23,2023-07-28,2023-01-23,2023-03-10,100.0,Sidewalks,Amir Bahreini,Erick Wildestorm: 210-461-1540,5600.65,5600.65,Completed,Anton Dr - Both Sides ( Belford To Fairlawn Dr ) ,5600.648447090465
2849,IMP,4,Hunters Pond,Bigmouth Hook,Sw Loop 410 Access Rd,Both Sides,223329.63,2023,2023-06-05,2023-10-06,2023-08-10,2023-09-29,100.0,Sidewalks,Emanuel Saldana,Keith Schoonmaker: 210-303-4800,3168.74,3168.74,Construction,Hunters Pond - Both Sides ( Bigmouth Hook To Sw Loop 410 Access Rd ) ,3154.298130021053
2850,IMP,7,Globe Ave,Maiden Ln,Hillcrest Dr,Both Sides,205745.71,2023,2023-09-01,2023-10-13,2023-09-27,2023-10-31,100.0,Sidewalks,Emanuel Saldana,Keith Schoonmaker: 210-303-4800,1208.19,1208.19,Construction,Globe Ave - Both Sides ( Maiden Ln To Hillcrest Dr ) ,2420.313439920756
2870,IMP,6,Ascot Park Dr,Culebra Rd,Fairgrounds Pkwy,East Side,109432.04,2023,2023-03-14,2023-05-02,2023-03-14,2023-04-11,100.0,Sidewalks,Ahmed Al saadi,Keith Schoonmaker: 210-303-4800,1552.69,1552.69,Completed,Ascot Park Dr - East Side ( Culebra Rd To Fairgrounds Pkwy ) ,1101.933631677633
2901,IMP,3,Burton,W Formosa Blvd,W Vestal Place,Both Sides,111069.46,2023,2023-01-18,2023-02-27,2023-01-19,2023-02-23,100.0,Sidewalks,Amir Bahreini,Erick Wildestorm: 210-461-1540,1209.38,1209.38,Completed,Burton - Both Sides ( W Formosa Blvd To W Vestal Place ) ,1209.3786261810455
2951,IMP,4,Solar Dr,Horal Dr,Tomar Dr,Both Sides,154155.28,2023,2023-03-13,2023-05-19,2023-03-13,2023-05-23,100.0,Sidewalks,Karlo Jajliardo,Keith Schoonmaker: 210-303-4800,1678.52,1678.52,Completed,Solar Dr - Both Sides ( Horal Dr To Tomar Dr ) ,1678.523972966584
3084,SW Repair,4,Rayburn Dr,Barlite Blvd,Mallard St,Both Sides,23255.03,2023,Not Available,Not Available,Not Available,Not Available,0.0,Unknown,Unknown,Unknown,3857.17,800.0,Completed,Rayburn Dr - Both Sides ( Barlite Blvd To Mallard St ) ,3857.174125390278
3097,SW Repair,5,Persyn St,Sw 21St St,Sw 19Th St,Both Sides,7770.0,2023,Not Available,Not Available,Not Available,Not Available,0.0,Unknown,Unknown,Unknown,1238.88,202.0,Completed,Persyn St - Both Sides ( Sw 21St St To Sw 19Th St ) ,1238.8847862154294
3123,IMP,3,Rigsby Ave,Elgin Ave,Annie Ave,South Side,85816.21,2023,2024-05-20,2024-06-21,Not Available,Not Available,0.0,Sidewalks,Amir Bahreini,Erick Wildestorm: 210-461-1540,934.41,934.41,None Existing,Rigsby Ave - South Side ( Elgin Ave To Annie Ave ) ,1216.593659383679
3124,IMP,2,Rigsby Ave,Foothill,Amanda,North Side,126468.27,2023,2023-03-21,2023-04-28,2023-02-20,2023-03-13,100.0,Sidewalks,Luis Ocura,Erick Wildestorm: 210-461-1540,1377.05,1377.05,Pending Punchlist,Rigsby Ave - North Side ( Foothill To Amanda ) ,1377.0451838274014
3125,IMP,3,Waugh St,Offer,Goliad Rd,North Side,73477.51,2023,2023-03-20,2023-04-15,2023-03-27,2023-06-16,100.0,Sidewalks,Amir Bahreini,Erick Wildestorm: 210-461-1540,800.06,800.06,Completed,Waugh St - North Side ( Offer To Goliad Rd ) ,799.1399807458172
3126,IMP,3,Cravens Ave,S Gevers St,Goliad Rd,Both Sides,256980.26,2023,2023-03-27,2023-07-15,2023-04-03,2023-08-04,100.0,Sidewalks,Amir Bahreini,Erick Wildestorm: 210-461-1540,2798.13,2798.13,Completed,Cravens Ave - Both Sides ( S Gevers St To Goliad Rd ) ,2786.5960191216204
3127,IMP,4,Five Palms Dr,Running Horse,Rain Dance Dr,North Side,28678.61,2023,2023-08-01,2023-08-15,2023-05-15,2023-06-08,100.0,Sidewalks,Ali Gharibi,Keith Schoonmaker: 210-303-4800,406.91,406.91,Completed,Five Palms Dr - North Side ( Running Horse To Rain Dance Dr ) ,406.9118688027981
3130,IMP,5,Dahlgreen Ave,Ceralvo St,Dead End,Both Sides,259246.87,2023,2023-05-03,2023-08-15,2023-05-03,2023-07-24,100.0,Sidewalks,Ahmed Al saadi,Keith Schoonmaker: 210-303-4800,2822.81,2822.81,Completed,Dahlgreen Ave - Both Sides ( Ceralvo St To Dead End ) ,2836.329093685885
3131,IMP,5,Valencia,Castroville Rd,Dead End,East Side,182306.49,2023,2023-01-09,2023-03-03,2023-01-09,2023-03-21,100.0,Sidewalks,Ahmed Al saadi,Keith Schoonmaker: 210-303-4800,2309.87,2309.87,Completed,Valencia - East Side ( Castroville Rd To Dead End ) ,2318.845933264794
3132,IMP,5,Saltillo St,Romero,Madrid,Both Sides,71472.05,2023,2022-11-28,2022-12-30,2022-11-28,2022-12-21,100.0,Sidewalks,Ahmed Al saadi,Keith Schoonmaker: 210-303-4800,1014.09,1014.09,None Existing,Saltillo St - Both Sides ( Romero To Madrid ) ,985.9997993689078
3133,IMP,5,Arboleda,Castroville Rd,Ceralvo St,Both Sides,194658.77,2023,2023-06-19,2023-10-26,2023-06-19,2023-09-30,100.0,Sidewalks,Ahmed Al saadi,Keith Schoonmaker: 210-303-4800,2761.94,2761.94,Completed,Arboleda - Both Sides ( Castroville Rd To Ceralvo St ) ,3197.0353063000775
3134,IMP,5,Priscilla,Berlin Ave,Wagner Ave,Both Sides,174277.65,2023,2022-11-07,2022-12-30,2022-10-31,2022-12-16,100.0,Sidewalks,Ahmed Al saadi,Keith Schoonmaker: 210-303-4800,2472.76,2472.76,None Existing,Priscilla - Both Sides ( Berlin Ave To Wagner Ave ) ,2566.915289682566
3135,IMP,7,Oxford Trace,Rochelle Rd,Abe Lincoln Rd,North Side,169132.0,2023,2023-05-22,2023-07-28,2023-05-31,2023-09-22,100.0,Sidewalks,Justin Gawlik,Keith Schoonmaker: 210-303-4800,2076.78,2076.78,None Existing,Oxford Trace - North Side ( Rochelle Rd To Abe Lincoln Rd ) ,5018.833870021664
3136,IMP,7,Mary Todd Dr,Abe Lincoln Rd,Rochelle Rd,South Side,163388.65,2023,2022-12-05,2023-02-01,2022-12-05,2023-01-06,100.0,Sidewalks,Justin Gawlik,Keith Schoonmaker: 210-303-4800,2318.26,2318.26,None Existing,Mary Todd Dr - South Side ( Abe Lincoln Rd To Rochelle Rd ) ,2318.2601232727716
3146,IMP,1,Howard St,W Hildebrand Ave,W Lullwood Ave,Both Sides,21848.49,2023,2023-04-03,2023-06-05,2023-04-13,2023-04-28,100.0,Sidewalks,Luis Ocura,Erick Wildestorm: 210-461-1540,283.58,283.58,Completed,Howard St - Both Sides ( W Hildebrand Ave To W Lullwood Ave ) ,151.3012168018692
3147,IMP,1,Mccullough Ave,E Huisache Ave,E Magnolia Ave,Both Sides,21501.73,2023,2023-05-01,2023-06-30,2023-06-12,2023-06-29,100.0,Sidewalks,Luis Ocura,Erick Wildestorm: 210-461-1540,305.08,305.08,Construction,Mccullough Ave - Both Sides ( E Huisache Ave To E Magnolia Ave ) ,305.080192631599
3160,IMP,4,Aldrich Dr,Parallel Dr,Springvale Dr,Both Sides,261079.16,2023,2022-12-07,2023-01-30,2022-12-07,2023-02-10,100.0,Sidewalks,Justin Gawlik,Keith Schoonmaker: 210-303-4800,3307.94,3307.94,None Existing,Aldrich Dr - Both Sides ( Parallel Dr To Springvale Dr ) ,3307.941213685611
3161,IMP,4,Clifton Dr,Aldrich Dr,Carousel,Both Sides,101381.26,2023,2023-03-15,2023-04-28,2023-03-15,2023-05-13,100.0,Sidewalks,Karlo Jajliardo,Keith Schoonmaker: 210-303-4800,1103.89,1103.89,Completed,Clifton Dr - Both Sides ( Aldrich Dr To Carousel ) ,1103.8850765695051
3162,IMP,4,Brookshire,Parallel Dr,Cul-De-Sac,Both Sides,9618.59,2023,2023-03-15,2023-04-08,2023-03-15,2023-05-12,100.0,Sidewalks,Karlo Jajliardo,Keith Schoonmaker: 210-303-4800,121.87,121.87,Completed,Brookshire - Both Sides ( Parallel Dr To Cul-De-Sac ) ,495.7245550204635
3163,IMP,4,Bunting,Clifton Dr,Cul-De-Sac,Both Sides,95317.72,2023,2023-03-20,2023-05-31,2023-03-20,2023-05-12,100.0,Sidewalks,Karlo Jajliardo,Keith Schoonmaker: 210-303-4800,1207.7,1207.7,Completed,Bunting - Both Sides ( Clifton Dr To Cul-De-Sac ) ,1207.6991141094177
3164,IMP,4,Burdick,Springvale Dr,Cul-De-Sac,Both Sides,50448.07,2023,2023-03-20,2023-04-28,2023-03-20,2023-04-12,100.0,Sidewalks,Karlo Jajliardo,Keith Schoonmaker: 210-303-4800,639.19,639.19,Completed,Burdick - Both Sides ( Springvale Dr To Cul-De-Sac ) ,639.1859375613637
3166,IMP,4,Carousel,Parallel Dr,Springvale Dr,Both Sides,273427.77,2023,2023-01-23,2023-03-29,2023-01-25,2023-04-12,100.0,Sidewalks,Karlo Jajliardo,Keith Schoonmaker: 210-303-4800,3464.4,3464.4,Completed,Carousel - Both Sides ( Parallel Dr To Springvale Dr ) ,3464.403028701584
3170,IMP,7,E Cheryl Dr,Sutton,Bandera Rd,East Side,215161.5,2023,2023-08-07,2023-09-29,2023-03-20,2023-05-12,100.0,Sidewalks,Justin Gawlik,Keith Schoonmaker: 210-303-4800,3655.32,3887.29,Construction,E Cheryl Dr - East Side ( Sutton To Bandera Rd ) ,3898.580126635982
3211,IMP,4,Galaxy Dr,Kilkenny,Springvale Dr,North Side,104181.0,2023,2023-06-24,2023-08-04,2023-05-25,2023-08-01,100.0,Sidewalks,Ali Gharibi,Keith Schoonmaker: 210-303-4800,1223.54,1320.0,Completed,Galaxy Dr - North Side ( Kilkenny To Springvale Dr ) ,1223.5431308024563
3229,SW Repair,1,Future Dr,Wonder Pkwy,Dead End,Both Sides,123302.09,2023,Not Available,Not Available,Not Available,Not Available,0.0,Unknown,Unknown,Unknown,1769.04,447.0,Completed,Future Dr - Both Sides ( Wonder Pkwy To Dead End ) ,1769.0379066231512
3230,SW Repair,1,Cherry Ridge Dr,Nw Loop 410 Access Rd,Vance Jackson,Both Sides,254364.57,2023,Not Available,Not Available,Not Available,Not Available,0.0,Unknown,Unknown,Unknown,3649.42,676.0,Completed,Cherry Ridge Dr - Both Sides ( Nw Loop 410 Access Rd To Vance Jackson ) ,3649.415953617844
3232,SW Repair,3,Boswell St,W Pyron Ave,Kendalia Ave,Both Sides,109794.23,2023,Not Available,Not Available,Not Available,Not Available,0.0,Unknown,Unknown,Unknown,1575.24,29.0,Completed,Boswell St - Both Sides ( W Pyron Ave To Kendalia Ave ) ,1575.24270531413
3235,IMP,10,N New Braunfels Ave,Claywell Rd,Primrose Place,West Side,232051.05,2023,2023-07-01,2023-10-20,2023-08-07,2023-09-29,100.0,Sidewalks,Amir Bahreini,Erick Wildestorm: 210-461-1540,1861.93,1861.93,Construction,N New Braunfels Ave - West Side ( Claywell Rd To Primrose Place ) ,1988.7382092651976
3242,SW Repair,4,Caney Crk,Plum Crk,Mossy Crk,Both Sides,196234.08,2023,Not Available,Not Available,Not Available,Not Available,0.0,Unknown,Unknown,Unknown,2815.41,954.0,Completed,Caney Crk - Both Sides ( Plum Crk To Mossy Crk ) ,2851.47788385903
3243,IMP,7,Southwick,Marshwood,Fairhill,North Side Gap Fill,53000.0,2023,2023-09-01,2023-10-25,2023-09-01,2023-10-31,100.0,Sidewalks,emanuel,Keith Schoonmaker: 210-303-4800,2097.56,2097.56,Construction,Southwick - North Side Gap Fill ( Marshwood To Fairhill ) ,2097.5610689700948
3269,IMP,1,W Euclid Ave,N Flores St,Jackson St,Both Sides,118646.5,2023,2023-07-10,2023-09-30,2023-07-10,2023-08-15,100.0,Sidewalks,Luis Ocura,Erick Wildestorm: 210-461-1540,1826.26,209.0,Completed,W Euclid Ave - Both Sides ( N Flores St To Jackson St ) ,1826.256550362176
3428,IMP,1,Mission St,Stieren,Eagleland Dr,Both Sides,240347.9,2023,2024-02-19,2024-03-15,2024-02-20,2024-03-15,98.0,Sidewalks,Karlo Jajliardo,Erick Wildestorm: 210-461-1540,2442.56,2442.56,Punchlists,Mission St - Both Sides ( Stieren To Eagleland Dr ) ,2442.5605626755646
3544,IMP,9,Churchill Estates Blvd,Blanco Rd,Sir Barton,West Side,117312.69,2023,2024-07-01,2024-09-30,Not Available,Not Available,0.0,Sidewalks,Kevin Guerrero,Erick Wildestorm: 210-461-1540,1440.48,1440.48,Unknown,Churchill Estates Blvd - West Side ( Blanco Rd To Sir Barton ) ,1441.3291286987887
73,IMP,1,W Hollywood Ave,Wood Crossing,Brad,Both Sides,74800.0,2022,2023-02-06,2023-03-20,2023-02-06,2023-03-27,100.0,Sidewalks,Luis Ocura,0,940.0,0.0,Construction,W Hollywood Ave - Both Sides ( Wood Crossing To Brad ) ,887.4292283963781
130,IMP,2,Fairfax,S Hackberry St,S Mesquite St,Both Sides,26681.84,2022,2022-08-01,2022-09-05,2022-08-15,2022-09-16,100.0,Sidewalks,Luis Ocura,0,1040.0,0.0,None Existing,Fairfax - Both Sides ( S Hackberry St To S Mesquite St ) ,846.4033653065203
160,IMP,9,WEST AVE,PATRICIA DR,PINETUM DR,West Side,33001.2,2022,2022-08-01,2022-09-30,2022-08-01,2022-09-20,100.0,Sidewalks,Oziegbe Oyameda,0,270.54,0.0,Existing/None Existing,WEST AVE - West Side ( PATRICIA DR To PINETUM DR ) ,288.623905549053
188,IMP,5,Vanley,Culebra Rd,Admiral Dr,Both Sides,115310.32,2022,2022-03-07,2022-05-13,2022-03-07,2022-03-30,100.0,Sidewalks,Maitham Humoud,0,1182.67,0.0,Existing/None Existing,Vanley - Both Sides ( Culebra Rd To Admiral Dr ) ,1231.4418113927554
202,IMP,3,Offer,E Southcross Blvd,Lyric Ave,North Side,32539.36,2022,2022-10-31,2022-11-30,2022-11-01,2022-11-23,100.0,Sidewalks,Karlo Jajliardo,0,478.52,0.0,None Existing,Offer - North Side ( E Southcross Blvd To Lyric Ave ) ,471.6781943989446
218,IMP,6,Westedge Dr,Cloverfield Ln,Marbach Rd,Both Sides,38872.88,2022,2022-07-25,2022-08-27,2022-07-18,2022-08-08,100.0,Sidewalks,Oziegbe Oyameda,0,571.66,0.0,None Existing,Westedge Dr - Both Sides ( Cloverfield Ln To Marbach Rd ) ,691.7680420842967
236,IMP,5,Clinton St,W Southcross Blvd,Wagner Ave,Both Sides,99079.4,2022,2022-06-15,2022-07-29,2022-06-17,2022-08-22,100.0,Sidewalks,Maitham Humoud,0,1457.05,0.0,None Existing,Clinton St - Both Sides ( W Southcross Blvd To Wagner Ave ) ,1488.560656147643
244,IMP,5,W Harlan Ave,Somerset Rd,S Zarzamora,Both Sides,99273.88,2022,2022-04-11,2022-06-17,2022-04-11,2022-05-24,100.0,Sidewalks,Maitham Humoud,0,1459.91,0.0,None Existing,W Harlan Ave - Both Sides ( Somerset Rd To S Zarzamora ) ,1472.7689666019596
314,IMP,7,W Ashby Place,Bandera Rd,Emory,Both Sides,226567.84,2022,2021-12-13,2022-06-29,2022-01-03,2022-04-19,100.0,Sidewalks,Maitham Humoud,0,3331.88,0.0,Existing/None Existing,W Ashby Place - Both Sides ( Bandera Rd To Emory ) ,3009.779066546974
503,IMP,10,Brees Blvd,Emporia Blvd,Chevy Chase Dr,North Side,158100.0,2022,2022-03-21,2022-09-30,2022-03-21,2022-05-02,100.0,Sidewalks,Oziegbe Oyameda,0,2325.0,0.0,None Existing,Brees Blvd - North Side ( Emporia Blvd To Chevy Chase Dr ) ,2384.505762083271
511,IMP,1,Rancho Blanco Blvd,Capitol,Grant Ave,Both Sides,112508.04,2022,2022-08-29,2022-10-21,2022-08-29,2022-09-30,100.0,Sidewalks,Luis Ocura,0,1654.53,0.0,None Existing,Rancho Blanco Blvd - Both Sides ( Capitol To Grant Ave ) ,1625.9470164761094
512,IMP,2,Ash,Bee St,E Carson,Both Sides,102552.84,2022,2022-06-06,2022-08-31,2022-06-08,2022-06-10,100.0,Sidewalks,Luis Ocura,0,1508.13,0.0,None Existing,Ash - Both Sides ( Bee St To E Carson ) ,1439.0192400496726
517,IMP,3,S Palmetto,Haggin St,Topeka Blvd,Both Sides,73461.08,2022,2022-10-03,2022-11-18,2022-10-10,2022-11-03,100.0,Sidewalks,Karlo Jajliardo,0,1080.31,0.0,Existing/None Existing,S Palmetto - Both Sides ( Haggin St To Topeka Blvd ) ,1087.2249918406085
524,IMP,10,Wenzel Rd,Eagle Run,Toepperwein Rd,South Side,127359.38,2022,2022-08-21,2022-09-29,2022-08-11,2022-09-26,100.0,Sidewalks,Oziegbe Oyameda,0,1306.25,0.0,None Existing,Wenzel Rd - South Side ( Eagle Run To Toepperwein Rd ) ,1299.109523917021
527,IMP,7,Faith Dr,Benrus,Lura Ln,Both Sides,189603.04,2022,2022-05-02,2022-12-21,2022-05-02,2022-08-28,100.0,Sidewalks,Maitham Humoud,0,2788.28,0.0,None Existing,Faith Dr - Both Sides ( Benrus To Lura Ln ) ,2837.2285677103037
529,IMP,7,Bangor St,Hillcrest Dr,Maiden Ln,South Side,78109.56,2022,2022-07-25,2022-09-12,2022-07-22,2022-08-30,100.0,Sidewalks,Maitham Humoud,0,1148.67,0.0,None Existing,Bangor St - South Side ( Hillcrest Dr To Maiden Ln ) ,1163.5163438536715
532,IMP,6,Park Grove,Brownleaf Dr,N Park Bend,Both Sides,112434.6,2022,2022-02-28,2022-09-30,2022-02-28,2022-04-22,100.0,Sidewalks,Oziegbe Oyameda,0,1653.45,0.0,None Existing,Park Grove - Both Sides ( Brownleaf Dr To N Park Bend ) ,1661.8579395812949
538,IMP,3,S Walters St,Vanderbilt,Schley Ave,East Side,53238.56,2022,2022-06-06,2022-07-22,2022-06-09,2022-07-28,100.0,Sidewalks,Karlo Jajliardo,0,782.92,0.0,Existing/None Existing,S Walters St - East Side ( Vanderbilt To Schley Ave ) ,671.6157148132345
539,IMP,4,Amberwood Dr,Knoll Krest Dr,Dead End,Both Sides,91846.24,2022,2022-06-20,2022-07-24,2022-06-07,2022-08-29,100.0,Sidewalks,Karlo Jajliardo,0,1350.68,0.0,None Existing,Amberwood Dr - Both Sides ( Knoll Krest Dr To Dead End ) ,1197.695454426296
627,IMP,6,CALLAGHAN RD,MILLBANK DR,TOPCROFT DR,West Side,41986.92,2022,2022-08-08,2022-09-30,2022-08-08,2022-08-29,100.0,Sidewalks,Oziegbe Oyameda,0,660.63,0.0,None Existing,CALLAGHAN RD - West Side ( MILLBANK DR To TOPCROFT DR ) ,666.8061289490419
671,IMP,8,LOCKHILL-SELMA RD,ELM CREEK RD,WURZBACH RD,West Side,64779.5,2022,2022-09-27,2022-11-05,2022-10-03,2022-10-12,100.0,Sidewalks,Oziegbe Oyameda,0,1392.59,0.0,None Existing,LOCKHILL-SELMA RD - West Side ( ELM CREEK RD To WURZBACH RD ) ,1403.5086268367888
703,IMP,5,S Chupaderas,San Fernando St,Guadalupe St,East Side,16767.44,2022,2022-06-06,2022-07-15,2022-05-24,2022-06-24,100.0,Sidewalks,Maitham Humoud,0,246.58,0.0,None Existing,S Chupaderas - East Side ( San Fernando St To Guadalupe St ) ,296.5068567459705
708,IMP,5,S Rosillo,W Commerce St,Saunders,Both Sides,72131.0,2022,2022-03-28,2022-05-13,2022-03-29,2022-04-28,100.0,Sidewalks,Maitham Humoud,0,1060.75,0.0,None Existing,S Rosillo - Both Sides ( W Commerce St To Saunders ) ,964.0083048152976
714,IMP,2,S Gevers St,Iowa St,Martin Luther King Dr,East Side,21590.68,2022,2022-08-08,2022-08-11,2022-08-08,2022-08-11,100.0,Sidewalks,Luis Ocura,0,317.51,0.0,None Existing,S Gevers St - East Side ( Iowa St To Martin Luther King Dr ) ,283.0777750026417
740,IMP,2,Rittiman Rd,Woodlake Center,Fm 78,Both Sides,70383.4,2022,2022-07-04,2022-09-30,2022-04-18,2022-05-04,100.0,Sidewalks,Luis Ocura,0,1460.0,0.0,None Existing,Rittiman Rd - Both Sides ( Woodlake Center To Fm 78 ) ,1035.1737175370713
781,IMP,9,W BITTERS RD,DOE CREST,HUEBNER RD,Both Sides,137102.35,2022,2023-02-13,2023-05-01,2023-02-15,2023-04-25,100.0,Sidewalks,Oziegbe Oyameda,0,1780.55,0.0,None Existing,W BITTERS RD - Both Sides ( DOE CREST To HUEBNER RD ) ,1773.317593714982
806,IMP,3,Chicago Blvd,Devoto Ave,Ih 37 S Access Rd,Both Sides,41761.52,2022,2022-11-16,2023-04-20,2022-11-17,2023-02-23,100.0,Sidewalks,Karlo Jajliardo,0,614.14,0.0,Existing/None Existing,Chicago Blvd - Both Sides ( Devoto Ave To Ih 37 S Access Rd ) ,423.8359972909052
884,IMP,1,La Manda Blvd,Neer Ave,Buckeye,South Side,34034.68,2022,2022-03-14,2022-09-30,2022-03-14,2022-05-17,100.0,Sidewalks,Luis Ocura,0,500.51,0.0,None Existing,La Manda Blvd - South Side ( Neer Ave To Buckeye ) ,518.2014238065182
923,IMP,4,Ascot,Kendalia Ave,Rayburn Dr,Both Sides,82350.0,2022,2022-08-29,2022-09-30,2022-08-01,2022-08-12,100.0,Sidewalks,Karlo Jajliardo,0,1509.94,0.0,None Existing,Ascot - Both Sides ( Kendalia Ave To Rayburn Dr ) ,1466.0827647034253
940,IMP,9,Coach Rd,Tally Ho,Blanco Rd,North Side,38773.6,2022,2022-07-22,2022-08-17,2022-08-09,2022-08-29,100.0,Sidewalks,Oziegbe Oyameda,0,570.2,0.0,None Existing,Coach Rd - North Side ( Tally Ho To Blanco Rd ) ,430.81193298752214
956,IMP,10,Hillswind,Kings Pt,Rock Croft Dr,Both Sides,142797.96,2022,2022-02-16,2022-09-30,2022-02-16,2022-04-12,100.0,Sidewalks,Oziegbe Oyameda,0,2099.97,0.0,None Existing,Hillswind - Both Sides ( Kings Pt To Rock Croft Dr ) ,2069.2866436779555
962,IMP,10,Eisenhauer Rd,Pike Rd,Robin Rest Dr,South Side,57262.12,2022,2022-08-08,2022-09-29,2022-08-08,2022-09-26,100.0,Sidewalks,Oziegbe Oyameda,0,842.09,0.0,None Existing,Eisenhauer Rd - South Side ( Pike Rd To Robin Rest Dr ) ,947.6023273295656
965,IMP,2,St John,Burnet St,Dawson St,Both Sides,77260.92,2022,2022-05-31,2022-12-16,2022-05-31,2022-08-04,100.0,Sidewalks,Luis Ocura,0,1136.19,0.0,None Existing,St John - Both Sides ( Burnet St To Dawson St ) ,1190.8644064953062
972,IMP,1,Jackson-keller Rd,South Sea,Grotto Blvd,North Side,95733.8,2022,2022-10-06,2022-11-18,2022-10-10,2022-11-30,100.0,Sidewalks,Luis Ocura,0,2027.76,0.0,None Existing,Jackson-keller Rd - North Side ( South Sea To Grotto Blvd ) ,1320.8458651630626
1044,IMP,3,GILLETTE BLVD,GARNETT AVE,DEAD END,South Side,163000.0,2022,2022-08-24,2022-10-28,2022-08-29,2022-11-30,100.0,Sidewalks,Karlo Jajliardo,0,2741.72,0.0,Existing/None Existing,GILLETTE BLVD - South Side ( GARNETT AVE To DEAD END ) ,2667.758881519798
1046,IMP,4,Nagel,Gillette Blvd,Harry Dr,West Side,32890.24,2022,2022-09-26,2022-11-18,2022-11-01,2022-11-30,100.0,Sidewalks,Karlo Jajliardo,0,483.68,0.0,None Existing,Nagel - West Side ( Gillette Blvd To Harry Dr ) ,419.7841191561439
1071,IMP,6,Callaghan Rd,Topcroft Dr,Sandwick Dr,West Side,60703.6,2022,2022-07-01,2022-07-21,2022-07-01,2022-07-21,100.0,Sidewalks,Oziegbe Oyameda,0,892.7,0.0,None Existing,Callaghan Rd - West Side ( Topcroft Dr To Sandwick Dr ) ,953.7116209630584
1075,IMP,6,Alamo Downs Pkwy,Grandstand Dr,Nw Loop 410 Access Rd,South Side,27149.68,2022,2022-08-04,2022-11-12,2022-08-04,2022-08-08,100.0,Sidewalks,Oziegbe Oyameda,0,399.26,0.0,None Existing,Alamo Downs Pkwy - South Side ( Grandstand Dr To Nw Loop 410 Access Rd ) ,344.42762952923033
1098,IMP,5,W Commerce St,N San Horacio,S San Manuel,Both Sides,43789.96,2022,2022-08-15,2022-09-30,2022-08-15,2022-08-30,100.0,Sidewalks,Maitham Humoud,0,643.97,0.0,None Existing,W Commerce St - Both Sides ( N San Horacio To S San Manuel ) ,647.7078376468226
1117,IMP,5,Saunders,Sw 19th St,S Picoso,Both Sides,111350.0,2022,2022-06-27,2022-07-29,2022-05-02,2022-06-01,100.0,Sidewalks,Maitham Humoud,0,1637.5,0.0,Existing/None Existing,Saunders - Both Sides ( Sw 19th St To S Picoso ) ,1635.6205704823346
1125,IMP,3,Steves Ave,S Gevers St,Stanfield,South Side,55987.8,2022,2022-10-03,2022-11-04,2022-10-03,2022-11-30,100.0,Sidewalks,Karlo Jajliardo,0,823.35,0.0,Existing/None Existing,Steves Ave - South Side ( S Gevers St To Stanfield ) ,839.0782072007486
1139,IMP,7,Laddie Place,Babcock Rd,Wilson Blvd,Both Sides,137804.55,2022,2022-03-07,2022-04-01,2022-03-07,2022-04-01,100.0,Sidewalks,Maitham Humoud,0,1413.38,0.0,None Existing,Laddie Place - Both Sides ( Babcock Rd To Wilson Blvd ) ,1392.4241019016954
1156,IMP,3,SHRINE AVE,BRIAR PLACE,HEMLOCK ST,Both Sides,123422.53,2022,2023-03-06,2023-04-14,2023-03-06,2023-04-07,99.0,Sidewalks,Karlo Jajliardo,0,1602.89,0.0,Completed,SHRINE AVE - Both Sides ( BRIAR PLACE To HEMLOCK ST ) ,1650.0993999672844
1166,IMP,3,Pecan Valley Dr,Pollydale Dr,Kellis Ave,Both Sides,238000.0,2022,2022-04-11,2022-06-30,2022-04-11,2022-06-15,100.0,Sidewalks,Karlo Jajliardo,0,3443.25,0.0,None Existing,Pecan Valley Dr - Both Sides ( Pollydale Dr To Kellis Ave ) ,3402.4415860383515
1173,IMP,7,W Mistletoe,Morning Glory,Germania St,Both Sides,91750.36,2022,2022-03-07,2022-05-13,2022-03-07,2022-04-21,100.0,Sidewalks,Maitham Humoud,0,1349.27,0.0,None Existing,W Mistletoe - Both Sides ( Morning Glory To Germania St ) ,1345.2304180913502
1241,IMP,1,RIDDLE,DEVINE ST,CALLAGHAN AVE,South Side,32448.28,2022,2022-11-07,2023-01-20,2022-12-19,2023-02-10,100.0,Sidewalks,Luis Ocura,0,531.39,0.0,Completed,RIDDLE - South Side ( DEVINE ST To CALLAGHAN AVE ) ,432.7827420937938
1245,IMP,6,Viva Max Dr,Davy Crockett Dr,James Bonham Dr,South Side,71929.72,2022,2022-04-04,2022-05-04,2022-04-04,2022-04-12,100.0,Sidewalks,Oziegbe Oyameda,0,1057.79,0.0,None Existing,Viva Max Dr - South Side ( Davy Crockett Dr To James Bonham Dr ) ,1061.132568538243
1260,IMP,10,Stathmore,Rock Croft Dr,Cul-de-sac,Both Sides,89475.76,2022,2022-03-30,2022-09-30,2022-03-30,2022-04-22,100.0,Sidewalks,Oziegbe Oyameda,0,1315.82,0.0,None Existing,Stathmore - Both Sides ( Rock Croft Dr To Cul-de-sac ) ,1298.4956788151303
1269,IMP,10,Channcey Spgs,Parton Ln,Bisquet Pt,North Side,24457.56,2022,2022-10-05,2022-09-29,2022-09-12,2022-09-20,100.0,Sidewalks,Oziegbe Oyameda,0,359.67,0.0,None Existing,Channcey Spgs - North Side ( Parton Ln To Bisquet Pt ) ,382.1987964318985
1272,IMP,10,Mt Defiance,Burkley Spgs,Burgoyne,North Side,19826.76,2022,2022-09-21,2022-10-15,2022-09-19,2022-09-30,100.0,Sidewalks,Oziegbe Oyameda,0,291.57,0.0,None Existing,Mt Defiance - North Side ( Burkley Spgs To Burgoyne ) ,255.27583341715007
1304,IMP,6,Timberhill Dr,Grissom Rd,Brookport,West Side,112200.0,2022,2021-10-25,2022-01-08,2021-10-25,2022-01-08,100.0,Sidewalks,Oziegbe Oyameda,0,1831.47,0.0,None Existing,Timberhill Dr - West Side ( Grissom Rd To Brookport ) ,1836.1564273119625
1309,IMP,9,Lockhill-selma Rd,Woodyew,City Limits,South Side,110767.24,2022,2022-02-21,2022-04-02,2022-02-21,2022-03-18,100.0,Sidewalks,Oziegbe Oyameda,0,1628.93,0.0,None Existing,Lockhill-selma Rd - South Side ( Woodyew To City Limits ) ,1568.524296502817
1311,IMP,7,Medical Dr,Babcock Rd,Lamb Rd,Both Sides,131252.24,2022,2022-11-14,2023-01-20,2022-11-14,2023-01-06,100.0,Sidewalks,Maitham Humoud,0,1930.18,0.0,None Existing,Medical Dr - Both Sides ( Babcock Rd To Lamb Rd ) ,1938.154414325044
1322,IMP,8,Prue Rd,Country Dawn,Terra Rye,North Side,32429.2,2022,2022-07-29,2022-09-29,2022-07-29,2022-07-22,100.0,Sidewalks,Oziegbe Oyameda,0,476.9,0.0,None Existing,Prue Rd - North Side ( Country Dawn To Terra Rye ) ,437.0197455179647
1333,IMP,9,Brandenburg,Ridgeboro,Brook Holw,Both Sides,149330.72,2022,2022-04-20,2022-08-10,2022-05-02,2022-08-29,100.0,Sidewalks,Oziegbe Oyameda,0,2196.04,0.0,None Existing,Brandenburg - Both Sides ( Ridgeboro To Brook Holw ) ,2274.793384582354
1338,IMP,4,Abacus Dr,Ozalid,Buda,South Side,66150.0,2022,2022-07-29,2022-08-26,2022-07-18,2022-08-11,100.0,Sidewalks,Karlo Jajliardo,0,1157.0,0.0,None Existing,Abacus Dr - South Side ( Ozalid To Buda ) ,1053.0548339325949
1339,IMP,4,Rhoda Ave,Sunbend Falls,Gillette Blvd,Both Sides,132240.6,2022,2022-02-14,2022-04-15,2022-02-07,2022-03-25,100.0,Sidewalks,Karlo Jajliardo,0,2448.9,0.0,None Existing,Rhoda Ave - Both Sides ( Sunbend Falls To Gillette Blvd ) ,2301.628443500992
1348,IMP,3,S Walters St,Goliad Rd,Fair Ave,West Side,68306.76,2022,2022-08-18,2022-10-14,2022-08-11,2022-09-30,100.0,Sidewalks,Karlo Jajliardo,0,1264.94,0.0,None Existing,S Walters St - West Side ( Goliad Rd To Fair Ave ) ,1180.9256434621752
1354,IMP,5,Lenard,Chalmers Ave,Brighton St,East Side,39376.8,2022,2022-03-28,2022-05-06,2022-04-04,2022-04-26,100.0,Sidewalks,Maitham Humoud,0,729.2,0.0,None Existing,Lenard - East Side ( Chalmers Ave To Brighton St ) ,739.038423028795
1361,IMP,7,Darwin Dr,Kepler Dr,Bennington Dr,Both Sides,98903.7,2022,2022-08-08,2022-09-30,2022-08-08,2022-09-23,100.0,Sidewalks,Maitham Humoud,0,1831.55,0.0,None Existing,Darwin Dr - Both Sides ( Kepler Dr To Bennington Dr ) ,1933.2738446888395
1375,IMP,2,Longview Dr,Upland Dr,Eastwood Dr,North Side,82180.04,2022,2022-05-02,2022-08-31,2022-05-31,2022-06-27,100.0,Sidewalks,Luis Ocura,0,1208.53,0.0,None Existing,Longview Dr - North Side ( Upland Dr To Eastwood Dr ) ,1224.9199723059253
1378,IMP,2,Leonidas Dr,Upland Dr,Stolnet,North Side,134134.08,2022,2022-06-28,2022-08-31,2022-06-27,2022-08-24,100.0,Sidewalks,Luis Ocura,0,1972.56,0.0,None Existing,Leonidas Dr - North Side ( Upland Dr To Stolnet ) ,1992.0306084483657
1381,IMP,2,Prelude,Yucca St,Aurelia St,North Side,44954.12,2022,2022-08-01,2022-09-12,2022-05-09,2022-08-01,100.0,Sidewalks,Luis Ocura,0,661.09,0.0,None Existing,Prelude - North Side ( Yucca St To Aurelia St ) ,672.8057531939909
1386,IMP,2,Upland Dr,E Houston St,Kenmar,Both Sides,97391.64,2022,2022-04-18,2022-09-30,2022-05-09,2022-05-27,100.0,Sidewalks,Luis Ocura,0,1432.23,0.0,None Existing,Upland Dr - Both Sides ( E Houston St To Kenmar ) ,1447.6253356031743
1387,IMP,2,Rambling,E Houston St,Tamarak Dr,Both Sides,105598.56,2022,2022-03-31,2022-09-30,2022-04-07,2022-05-18,100.0,Sidewalks,Luis Ocura,0,1552.92,0.0,None Existing,Rambling - Both Sides ( E Houston St To Tamarak Dr ) ,1637.9364274908653
1393,SW Repair,2,Burnet St,N Palmetto,N New Braunfels Ave,Both Sides,15861.9,2022,2021-12-01,2022-03-30,2022-01-06,2022-01-20,100.0,Sidewalks,Harry Trumble,0,357.25,0.0,Existing,Burnet St - Both Sides ( N Palmetto To N New Braunfels Ave ) ,1328.694833797629
1394,SW Repair,2,Prince Valiant Dr,King Arthur,Midcrown Dr,Both Sides,44651.97,2022,2021-01-12,2022-02-12,2022-01-24,2022-02-16,100.0,Sidewalks,Harry Trumble,0,1005.675,0.0,Existing,Prince Valiant Dr - Both Sides ( King Arthur To Midcrown Dr ) ,3789.41150345485
1399,SW Repair,3,Treegarden Dr,Pecan Grove Blvd,Gittinger,Both Sides,34432.2,2022,2022-03-21,2022-04-07,2022-03-28,2022-04-12,0.0,Sidewalks,Harry Trumble,0,775.5,0.0,Existing,Treegarden Dr - Both Sides ( Pecan Grove Blvd To Gittinger ) ,2516.0161925635566
1400,SW Repair,3,Sally Gay,Dead End,Cynthia Linn,Both Sides,10434.0,2022,2022-04-01,2022-04-15,2022-04-12,2022-05-04,0.0,Sidewalks,Harry Trumble,0,235.0,0.0,Existing,Sally Gay - Both Sides ( Dead End To Cynthia Linn ) ,1022.3630439881376
1403,SW Repair,4,Five Forks,S Ellison Dr,Wilsons Crk,Both Sides,47938.68,2022,2022-04-15,2022-04-30,2022-05-04,2022-06-22,0.0,Sidewalks,Harry Trumble,0,1079.7,0.0,Existing,Five Forks - Both Sides ( S Ellison Dr To Wilsons Crk ) ,4252.497696126832
1407,SW Repair,5,Tampico St,S Navidad,S Sabinas,Both Sides,16205.0,2022,2022-07-05,2022-07-11,2022-06-30,2022-07-18,0.0,Sidewalks,Harry Trumble,0,365.0,0.0,Existing,Tampico St - Both Sides ( S Navidad To S Sabinas ) ,679.4423648022091
1408,SW Repair,5,San Fernando St,Sw 21st St,Sw 19th St,Both Sides,7215.0,2022,2021-12-16,2022-01-06,2021-12-16,2022-01-06,0.0,Sidewalks,Harry Trumble,0,162.5,0.0,Existing,San Fernando St - Both Sides ( Sw 21st St To Sw 19th St ) ,638.4691260920335
1409,SW Repair,5,S Las Moras,W Cesar Chavez Blvd,Buena Vista St,Both Sides,14918.4,2022,2022-07-01,2022-07-10,2022-08-01,2022-08-18,0.0,Sidewalks,Harry Trumble,0,336.0,0.0,Existing,S Las Moras - Both Sides ( W Cesar Chavez Blvd To Buena Vista St ) ,930.2696795137604
1410,SW Repair,5,Fortuna St,Allsup,N San Joaquin,Both Sides,7725.6,2022,2021-12-13,2021-12-23,2021-12-23,2021-12-23,0.0,Sidewalks,Harry Trumble,0,174.0,0.0,Existing,Fortuna St - Both Sides ( Allsup To N San Joaquin ) ,582.3277485906178
1414,SW Repair,6,Shoal Creek Dr,Rim Rock Trl,Timber View Dr,Both Sides,13986.0,2022,2022-02-07,2022-02-15,2022-02-14,2022-02-23,100.0,Sidewalks,Harry Trumble,0,315.0,0.0,Existing,Shoal Creek Dr - Both Sides ( Rim Rock Trl To Timber View Dr ) ,1027.5914185683423
1415,SW Repair,6,Willow Crk,Rim Rock Trl,Timber View Dr,Both Sides,16650.0,2022,2022-02-14,2022-02-21,2022-02-21,2022-03-02,0.0,Sidewalks,Harry Trumble,0,362.5,0.0,Existing,Willow Crk - Both Sides ( Rim Rock Trl To Timber View Dr ) ,1181.8774009801464
1416,SW Repair,6,Creekline Dr,Rim Rock Trl,Timber View Dr,Both Sides,14652.0,2022,2022-02-21,2022-03-07,2022-03-03,2022-03-11,0.0,Sidewalks,Harry Trumble,0,330.0,0.0,Existing,Creekline Dr - Both Sides ( Rim Rock Trl To Timber View Dr ) ,919.1981259497352
1419,SW Repair,7,Flint Rock Dr,Warpath Dr,Quiver Dr,Both Sides,16605.0,2022,2022-08-20,2022-08-31,2022-08-08,2022-08-19,0.0,Sidewalks,Harry Trumble,0,590.15,0.0,Existing,Flint Rock Dr - Both Sides ( Warpath Dr To Quiver Dr ) ,1896.9748048215697
1420,SW Repair,7,Overpool,Chesterhill,Fairburn,Both Sides,21312.0,2022,2022-08-08,2022-08-20,2022-08-08,2022-09-01,0.0,Sidewalks,Harry Trumble,0,480.0,0.0,Existing,Overpool - Both Sides ( Chesterhill To Fairburn ) ,1570.8345699452632
1422,SW Repair,8,Rocky Pine Woods,Fringetree Woods,Dead End,Both Sides,17249.4,2022,2022-07-21,2022-08-07,2022-08-09,2022-09-13,0.0,Sidewalks,Harry Trumble,0,388.5,0.0,Existing,Rocky Pine Woods - Both Sides ( Fringetree Woods To Dead End ) ,1615.409365369233
1423,IMP,8,Lockhill-selma Rd,Heights Bend,De Zavala Rd,Both Sides,124457.0,2022,2022-07-25,2022-07-22,2022-07-25,2022-09-02,100.0,Sidewalks,Oziegbe Oyameda,0,1830.25,0.0,None Existing,Lockhill-selma Rd - Both Sides ( Heights Bend To De Zavala Rd ) ,1898.7152715773425
1424,SW Repair,8,Spring Haven,Spring Mont Dr,Spring Time Dr,Both Sides,15107.1,2022,2022-07-08,2022-07-21,2022-08-10,2022-09-08,0.0,Sidewalks,Harry Trumble,0,340.25,0.0,Existing,Spring Haven - Both Sides ( Spring Mont Dr To Spring Time Dr ) ,1419.2780772657552
1428,SW Repair,9,Lida Rose,Firefly,W Silver Sands,Both Sides,142453.88,2022,2021-12-06,2021-12-09,2021-12-06,2021-12-09,0.0,Sidewalks,Harry Trumble,0,254.38,0.0,None Existing,Lida Rose - Both Sides ( Firefly To W Silver Sands ) ,2149.746888084619
1429,SW Repair,9,Summertime,Reverie Ln,San Pedro Ave,Both Sides,17760.0,2022,2021-11-29,2021-12-06,2021-11-29,2021-12-06,0.0,Sidewalks,Harry Trumble,0,400.0,0.0,Existing,Summertime - Both Sides ( Reverie Ln To San Pedro Ave ) ,1059.2313987242674
1432,SW Repair,10,Crested Rise,Bellcrest,Sunny Glen,Both Sides,16436.88,2022,2022-09-15,2022-09-30,2022-08-11,2022-09-21,0.0,Sidewalks,Harry Trumble,0,370.2,0.0,Existing,Crested Rise - Both Sides ( Bellcrest To Sunny Glen ) ,1379.0017156684914
1433,SW Repair,10,Los Espanada,Nacogdoches Rd,Dead End,Both Sides,21618.36,2022,2022-09-01,2022-09-15,2022-08-12,2022-09-21,0.0,Sidewalks,Harry Trumble,0,486.9,0.0,Existing,Los Espanada - Both Sides ( Nacogdoches Rd To Dead End ) ,1697.6302682458306
1442,IMP,1,Riddle,Sadie St,Devine St,South Side,22100.0,2022,2022-11-14,2023-01-23,2022-12-19,2023-02-10,100.0,Sidewalks,Luis Ocura,0,301.0,0.0,Completed,Riddle - South Side ( Sadie St To Devine St ) ,281.95505281868475
1445,SW Repair,5,S San Augustine,W Cesar Chavez Blvd,Jewett,Both Sides,17205.0,2022,2022-07-11,2022-07-16,2022-07-18,2022-08-16,0.0,Sidewalks,Harry Trumble,0,387.5,0.0,Existing,S San Augustine - Both Sides ( W Cesar Chavez Blvd To Jewett ) ,1439.825863145969
1453,IMP,3,Deely Place,Barranca Ave,Bascum Blvd,Both Sides,201760.76,2022,2022-01-31,2022-09-30,2022-02-21,2022-04-29,100.0,Sidewalks,Karlo Jajliardo,0,2967.07,0.0,None Existing,Deely Place - Both Sides ( Barranca Ave To Bascum Blvd ) ,2945.0754504061347
1454,IMP,1,BIRCHWOOD DR,VANCE JACKSON,NEER AVE,North Side,154000.0,2022,2022-07-06,2022-09-30,2022-07-05,2022-08-01,100.0,Sidewalks,Luis Ocura,0,2438.72,0.0,None Existing,BIRCHWOOD DR - North Side ( VANCE JACKSON To NEER AVE ) ,2408.619115679354
1456,IMP,1,Greenhill Pass,Vance Jackson,Neer Ave,North Side,178917.52,2022,2022-07-04,2022-09-05,2022-04-11,2022-08-01,100.0,Sidewalks,Luis Ocura,0,2631.14,0.0,None Existing,Greenhill Pass - North Side ( Vance Jackson To Neer Ave ) ,2643.101406962473
1458,IMP,1,Birchwood Dr,Vance Jackson,Neer Ave,South Side,163821.52,2022,2022-05-09,2022-08-08,2022-05-09,2022-08-01,100.0,Sidewalks,Luis Ocura,0,2409.14,0.0,None Existing,Birchwood Dr - South Side ( Vance Jackson To Neer Ave ) ,2407.144577490116
1460,IMP,1,Greenhill Pass,Vance Jackson,Neer Ave,South Side,179268.4,2022,2022-07-04,2022-09-05,2022-04-11,2022-08-01,100.0,Sidewalks,Luis Ocura,0,2636.3,0.0,None Existing,Greenhill Pass - South Side ( Vance Jackson To Neer Ave ) ,2659.7858017082035
1467,IMP,1,Santa Monica,Reina Dr,Angeles Dr,Both Sides,43200.0,2022,2022-09-26,2022-11-11,2022-09-26,2022-10-13,100.0,Sidewalks,Luis Ocura,0,740.0,0.0,None Existing,Santa Monica - Both Sides ( Reina Dr To Angeles Dr ) ,743.692571918642
1469,IMP,1,Rodena,Reina Dr,Angeles Dr,North Side,30010.5,2022,2022-10-12,2022-11-14,2022-11-01,2022-11-30,100.0,Sidewalks,Luis Ocura,0,555.75,0.0,None Existing,Rodena - North Side ( Reina Dr To Angeles Dr ) ,533.271406844363
1483,IMP,2,Como,Spriggsdale,Honey Blvd,North Side,142907.44,2022,2022-05-23,2022-07-25,2022-01-03,2022-04-06,100.0,Sidewalks,Luis Ocura,0,2101.58,0.0,None Existing,Como - North Side ( Spriggsdale To Honey Blvd ) ,2046.617679115125
1484,IMP,2,Como,Honey Blvd,Dafoste,North Side,72770.2,2022,2022-05-23,2022-07-29,2022-01-03,2022-04-06,100.0,Sidewalks,Luis Ocura,0,1070.15,0.0,None Existing,Como - North Side ( Honey Blvd To Dafoste ) ,1049.1224353935336
1485,IMP,2,Como,Spriggsdale,Honey Blvd,South Side,121422.84,2022,2022-05-23,2022-07-29,2022-01-03,2022-04-06,100.0,Sidewalks,Luis Ocura,0,2102.0,0.0,None Existing,Como - South Side ( Spriggsdale To Honey Blvd ) ,1764.696999339793
1486,IMP,2,Como,Honey Blvd,Dafoste,South Side,72360.84,2022,2022-05-23,2022-07-29,2022-01-03,2022-04-06,100.0,Sidewalks,Luis Ocura,0,1064.13,0.0,None Existing,Como - South Side ( Honey Blvd To Dafoste ) ,1063.8876943836726
1488,IMP,2,Wild Oak Dr,Manhattan,Longleaf,Both Sides,82351.4,2022,2021-11-15,2022-06-29,2021-12-17,2022-01-14,100.0,Sidewalks,Luis Ocura,0,1211.05,0.0,None Existing,Wild Oak Dr - Both Sides ( Manhattan To Longleaf ) ,1264.6962689676725
1490,IMP,2,Seabrook Dr,Manhattan,Longleaf,Both Sides,77709.72,2022,2022-01-03,2022-04-06,2022-01-17,2022-03-03,100.0,Sidewalks,Luis Ocura,0,1142.79,0.0,None Existing,Seabrook Dr - Both Sides ( Manhattan To Longleaf ) ,1247.5810710571088
1493,IMP,3,CAROL ANN,S NEW BRAUNFELS AVE,ADA ST,Both Sides,99108.35,2022,2022-09-19,2022-10-28,2022-09-19,2022-10-14,100.0,Sidewalks,Karlo Jajliardo,0,1106.12,0.0,None Existing,CAROL ANN - Both Sides ( S NEW BRAUNFELS AVE To ADA ST ) ,1085.9811827319668
1495,IMP,3,Christine Dr,S Pine St,Piedmont Ave,Both Sides,47531.32,2022,2022-09-26,2022-11-25,2022-10-17,2022-11-17,100.0,Sidewalks,Karlo Jajliardo,0,698.99,0.0,None Existing,Christine Dr - Both Sides ( S Pine St To Piedmont Ave ) ,682.6644696409826
1503,IMP,4,Budd Dr,Hunter Blvd,Duluth,East Side,36040.0,2022,2022-10-24,2023-01-20,2022-11-02,2022-11-30,100.0,Sidewalks,Karlo Jajliardo,0,530.0,0.0,None Existing,Budd Dr - East Side ( Hunter Blvd To Duluth ) ,505.1723687933394
1504,IMP,4,Reagan,Gillette Blvd,Harry Dr,East Side,25871.96,2022,2022-11-14,2022-12-23,2022-11-07,2022-11-30,100.0,Sidewalks,Karlo Jajliardo,0,380.47,0.0,None Existing,Reagan - East Side ( Gillette Blvd To Harry Dr ) ,350.76393080378364
1505,IMP,4,Planter,Gillette Blvd,Sixmile,West Side,31256.2,2022,2022-10-10,2023-01-27,2022-11-08,2022-11-30,100.0,Sidewalks,Karlo Jajliardo,0,459.65,0.0,None Existing,Planter - West Side ( Gillette Blvd To Sixmile ) ,370.1002459501787
1506,IMP,4,Gernander,Gibbens,Tortuga St,Both Sides,45900.0,2022,2022-11-21,2023-01-20,2022-11-02,2022-11-30,100.0,Sidewalks,Karlo Jajliardo,0,622.81,0.0,None Existing,Gernander - Both Sides ( Gibbens To Tortuga St ) ,471.09234343271976
1507,IMP,4,Silver Arrow,Point West,Cul-de-sac,West Side,40800.0,2022,2022-11-21,2023-01-20,2022-11-07,2022-11-30,100.0,Sidewalks,Karlo Jajliardo,0,536.97,0.0,None Existing,Silver Arrow - West Side ( Point West To Cul-de-sac ) ,527.0286782954115
1508,IMP,4,Silver Spg,Ann Arbor,Point West,West Side,39100.0,2022,2023-01-09,2023-02-17,2022-11-01,2022-12-07,100.0,Sidewalks,Karlo Jajliardo,0,532.43,0.0,None Existing,Silver Spg - West Side ( Ann Arbor To Point West ) ,484.64944379676024
1518,IMP,5,Plainview Dr,Yolanda,Nw 38th St,Both Sides,158552.2,2022,2022-02-14,2022-05-06,2022-02-14,2022-03-31,100.0,Sidewalks,Maitham Humoud,0,2331.65,0.0,None Existing,Plainview Dr - Both Sides ( Yolanda To Nw 38th St ) ,2305.38873605068
1522,IMP,5,Gould St,Nw 19th St,N Hamilton Ave,Both Sides,126646.74,2022,2022-06-10,2022-08-26,2022-06-10,2022-08-25,100.0,Sidewalks,Maitham Humoud,0,2345.31,0.0,Existing/None Existing,Gould St - Both Sides ( Nw 19th St To N Hamilton Ave ) ,2680.278435725099
1523,IMP,5,N Picoso,W Commerce St,Gould St,Both Sides,111216.24,2022,2022-05-26,2022-12-16,2022-05-26,2022-07-14,100.0,Sidewalks,Maitham Humoud,0,2059.56,0.0,None Existing,N Picoso - Both Sides ( W Commerce St To Gould St ) ,1992.191194849843
1531,IMP,7,John Adams Dr,E Cheryl Dr,St Cloud,Both Sides,160073.28,2022,2022-05-02,2022-07-22,2022-05-06,2022-07-12,100.0,Sidewalks,Maitham Humoud,0,2964.32,0.0,Existing/None Existing,John Adams Dr - Both Sides ( E Cheryl Dr To St Cloud ) ,2996.796796705091
1532,IMP,7,Windsor,Seeling,St Cloud,Both Sides,94464.24,2022,2022-07-05,2022-08-26,2022-07-01,2022-08-02,100.0,Sidewalks,Maitham Humoud,0,1389.18,0.0,None Existing,Windsor - Both Sides ( Seeling To St Cloud ) ,1357.4735879043662
1535,IMP,1,Neer Ave,Spicewood,Shady Rill,West Side,27711.18,2022,2022-06-13,2022-07-13,2022-06-13,2022-07-05,100.0,Sidewalks,Luis Ocura,0,513.17,0.0,None Existing,Neer Ave - West Side ( Spicewood To Shady Rill ) ,593.5602386546211
1542,IMP,5,Dacus,Quintana Rd,Creighton Ave,Both Sides,45425.36,2022,2022-06-13,2022-07-29,2022-04-27,2022-05-24,100.0,Sidewalks,Maitham Humoud,0,668.02,0.0,None Existing,Dacus - Both Sides ( Quintana Rd To Creighton Ave ) ,354.8399063410993
1546,IMP,5,Crittendon,Wilcox,W Gerald,Both Sides,44200.0,2022,2022-02-14,2023-02-17,2022-02-14,2022-03-01,100.0,Sidewalks,Maitham Humoud,0,594.02,0.0,None Existing,Crittendon - Both Sides ( Wilcox To W Gerald ) ,611.6684161317914
1560,IMP,6,Herder Circle Dr,Mission Forest Dr,Field Wood,West Side,63365.12,2022,2022-03-07,2022-04-13,2022-03-07,2022-03-18,100.0,Sidewalks,Oziegbe Oyameda,0,931.84,0.0,None Existing,Herder Circle Dr - West Side ( Mission Forest Dr To Field Wood ) ,896.5566635381083
1569,IMP,9,West Ave,Mt Ida,Patricia Dr,West Side,83814.08,2022,2022-07-18,2022-09-12,2022-08-01,2022-09-20,100.0,Sidewalks,Oziegbe Oyameda,0,1724.9,0.0,None Existing,West Ave - West Side ( Mt Ida To Patricia Dr ) ,1231.711173079643
1570,IMP,9,Petal Dr,Chauncey,Briar Oak,South Side,19035.24,2022,2022-08-17,2023-02-04,2022-08-17,2022-08-29,100.0,Sidewalks,Oziegbe Oyameda,0,279.93,0.0,None Existing,Petal Dr - South Side ( Chauncey To Briar Oak ) ,269.85537967354986
1575,IMP,8,Woodstone,City Limits,City Limits,North Side,89279.92,2022,2021-11-15,2022-01-15,2021-11-15,2022-01-15,100.0,Sidewalks,Oziegbe Oyameda,0,1312.94,0.0,None Existing,Woodstone - North Side ( City Limits To City Limits ) ,1314.5468930473708
1580,IMP,9,Oakline Dr,Chittim Meadow Dr,Cul-de-sac,West Side,44469.96,2022,2022-07-23,2022-08-12,2022-07-21,2022-08-01,100.0,Sidewalks,Oziegbe Oyameda,0,653.97,0.0,None Existing,Oakline Dr - West Side ( Chittim Meadow Dr To Cul-de-sac ) ,685.7452242661772
1592,IMP,8,Autumn Vista,Pecan Trl,Windbrooke Dr,West Side,70521.44,2022,2022-02-07,2022-06-29,2022-02-14,2022-03-18,100.0,Sidewalks,Oziegbe Oyameda,0,1307.89,0.0,None Existing,Autumn Vista - West Side ( Pecan Trl To Windbrooke Dr ) ,976.5356920725044
1596,IMP,6,Ashdale Rd,Shady Grove,Crestfield,South Side,47358.6,2022,2022-07-15,2022-08-16,2022-07-15,2022-07-01,100.0,Sidewalks,Oziegbe Oyameda,0,696.45,0.0,None Existing,Ashdale Rd - South Side ( Shady Grove To Crestfield ) ,709.3353538703732
1597,IMP,6,Shady Grove,Ashdale Rd,Castleridge Dr,East Side,41793.48,2022,2022-06-16,2022-07-15,2022-06-16,2022-07-07,100.0,Sidewalks,Oziegbe Oyameda,0,614.61,0.0,None Existing,Shady Grove - East Side ( Ashdale Rd To Castleridge Dr ) ,653.2166804194131
1605,IMP,8,Expo Blvd,Huebner Oaks,Ih 10 W Access Rd,North Side,35332.8,2022,2022-07-11,2022-08-18,2022-07-11,2022-07-22,100.0,Sidewalks,Oziegbe Oyameda,0,519.6,0.0,None Existing,Expo Blvd - North Side ( Huebner Oaks To Ih 10 W Access Rd ) ,467.2139778865722
1620,IMP,9,Destiny,Raindrop Dr,Cul-de-sac,East Side,21131.0,2022,2022-08-16,2022-11-05,2022-08-16,2022-09-15,100.0,Sidewalks,Oziegbe Oyameda,0,370.0,0.0,None Existing,Destiny - East Side ( Raindrop Dr To Cul-de-sac ) ,312.10063858209696
1621,IMP,5,Honey Jay,Yolanda,Nw 38th St,Both Sides,147598.76,2022,2022-01-18,2022-06-29,2022-01-24,2022-04-18,100.0,Sidewalks,Maitham Humoud,0,2170.57,0.0,None Existing,Honey Jay - Both Sides ( Yolanda To Nw 38th St ) ,2175.798986995147
1626,IMP,5,Maria Elena,Benrus,Carlota,Both Sides,33748.92,2022,2021-11-29,2022-01-14,2021-12-06,2022-02-01,100.0,Sidewalks,Maitham Humoud,0,624.98,0.0,None Existing,Maria Elena - Both Sides ( Benrus To Carlota ) ,594.4607766954464
1628,IMP,4,Rustleaf Dr,Stonybrook Dr,Middlefield Dr,East Side,22057.16,2022,2022-05-10,2022-07-29,2022-05-10,2022-05-17,100.0,Sidewalks,Karlo Jajliardo,0,324.37,0.0,None Existing,Rustleaf Dr - East Side ( Stonybrook Dr To Middlefield Dr ) ,319.4691684237428
1634,SW Repair,3,Valleyfield Dr,Pecan Grove Blvd,Gittinger,Both Sides,35070.67,2022,2021-03-18,2022-03-30,2022-03-14,2022-03-29,0.0,Sidewalks,Harry Trumble,0,789.8800000000001,0.0,Existing,Valleyfield Dr - Both Sides ( Pecan Grove Blvd To Gittinger ) ,2747.652744779825
1639,IMP,1,Hermine Blvd,Blanco Rd,Breeden St,South Side,133949.12,2022,2022-01-10,2022-09-30,2022-02-21,2022-04-20,100.0,Sidewalks,Luis Ocura,0,1969.84,0.0,None Existing,Hermine Blvd - South Side ( Blanco Rd To Breeden St ) ,1971.2283155654711
1641,IMP,1,W Kings Hwy,Neer Ave,Dead End,North Side,44856.18,2022,2021-12-06,2022-09-30,2022-01-04,2022-02-21,100.0,Sidewalks,Luis Ocura,0,830.67,0.0,None Existing,W Kings Hwy - North Side ( Neer Ave To Dead End ) ,752.7097249126143
1642,IMP,1,W Lynwood,Neer Ave,Dead End,South Side,39386.52,2022,2021-11-15,2022-01-17,2021-12-13,2022-01-12,100.0,Sidewalks,Luis Ocura,0,729.38,0.0,None Existing,W Lynwood - South Side ( Neer Ave To Dead End ) ,730.0019850664476
1663,IMP,1,W Wildwood,Breeden St,San Pedro Ave,South Side,44887.48,2022,2022-05-02,2022-09-30,2022-03-21,2022-04-20,100.0,Sidewalks,Luis Ocura,0,660.11,0.0,None Existing,W Wildwood - South Side ( Breeden St To San Pedro Ave ) ,679.4269151699377
1664,IMP,6,Culebra Rd,Easterling,City Limits,West Side,81032.2,2022,2022-10-31,2022-12-16,2022-10-31,2022-11-30,100.0,Sidewalks,Oziegbe Oyameda,0,1191.65,0.0,None Existing,Culebra Rd - West Side ( Easterling To City Limits ) ,318.73215774169864
1669,IMP,5,N San Eduardo,Culebra Rd,Rivas St,East Side,73707.92,2022,2022-08-22,2022-10-14,2022-08-22,2022-09-22,100.0,Sidewalks,Maitham Humoud,0,1083.94,0.0,None Existing,N San Eduardo - East Side ( Culebra Rd To Rivas St ) ,1083.542967122374
1672,IMP,5,Maria Elena,Carlota,Consuelo,Both Sides,71774.68,2022,2021-11-29,2022-09-30,2021-12-06,2022-02-01,100.0,Sidewalks,Maitham Humoud,0,1055.51,0.0,None Existing,Maria Elena - Both Sides ( Carlota To Consuelo ) ,1033.338846367368
1676,IMP,5,Surrels Ave,Fig,Maridel Ave,Both Sides,99488.08,2022,2022-03-28,2022-05-27,2022-03-28,2022-04-26,100.0,Sidewalks,Maitham Humoud,0,1463.06,0.0,None Existing,Surrels Ave - Both Sides ( Fig To Maridel Ave ) ,1439.9878515292553
1679,IMP,3,Zerm Rd,E Pyron Ave,Floss Rd,Both Sides,95701.79,2022,2022-05-26,2022-07-17,2022-05-26,2022-07-13,100.0,Sidewalks,Karlo Jajliardo,0,1274.8,0.0,None Existing,Zerm Rd - Both Sides ( E Pyron Ave To Floss Rd ) ,1257.7245876678498
1698,IMP,5,Garland St,S Park Blvd,Harriman Place,Both Sides,73263.2,2022,2022-07-11,2022-08-31,2022-05-16,2022-08-25,100.0,Sidewalks,Maitham Humoud,0,1077.4,0.0,None Existing,Garland St - Both Sides ( S Park Blvd To Harriman Place ) ,1040.91607773312
1700,IMP,1,La Manda Blvd,Buckeye,Neer Ave,North Side,34786.08,2022,2022-03-14,2022-09-30,2022-03-14,2022-05-17,100.0,Sidewalks,Luis Ocura,0,511.56,0.0,None Existing,La Manda Blvd - North Side ( Buckeye To Neer Ave ) ,520.5667025998495
1719,IMP,2,Castle Brook,Castle Knoll,Midcrown Dr E,Both Sides,52844.84,2022,2022-08-01,2022-09-05,2022-04-11,2022-06-15,100.0,Sidewalks,Luis Ocura,0,777.13,0.0,None Existing,Castle Brook - Both Sides ( Castle Knoll To Midcrown Dr E ) ,769.8991964815979
1720,IMP,2,Castle Lance Dr,Castle Prince,Castle Shield,East Side,39447.48,2022,2022-05-23,2022-10-03,2022-05-23,2022-07-05,100.0,Sidewalks,Luis Ocura,0,580.11,0.0,None Existing,Castle Lance Dr - East Side ( Castle Prince To Castle Shield ) ,580.113381865619
1721,IMP,2,Castle Prince Dr,Castle Lance Dr,Castle Path Dr,North Side,48936.2,2022,2022-05-23,2022-10-03,2022-05-23,2022-07-05,100.0,Sidewalks,Luis Ocura,0,719.65,0.0,None Existing,Castle Prince Dr - North Side ( Castle Lance Dr To Castle Path Dr ) ,719.6549938286377
1722,IMP,2,Castle Knoll,Castle Brook,Dead End,East Side,66867.8,2022,2022-08-01,2022-09-05,2022-04-11,2022-06-15,100.0,Sidewalks,Luis Ocura,0,983.35,0.0,None Existing,Castle Knoll - East Side ( Castle Brook To Dead End ) ,839.2424203219219
1725,IMP,7,John Page Dr,Zachry Dr,Sutton,Both Sides,176171.78,2022,2022-07-05,2022-09-16,2022-07-05,2022-08-23,100.0,Sidewalks,Maitham Humoud,0,1806.89,0.0,Existing/None Existing,John Page Dr - Both Sides ( Zachry Dr To Sutton ) ,1811.5051305024597
1729,IMP,8,Lockhill-selma Rd,Queens Forest,George Rd,North Side,150944.36,2022,2022-04-19,2022-07-30,2022-04-19,2022-09-30,100.0,Sidewalks,Oziegbe Oyameda,0,3499.57,0.0,None Existing,Lockhill-selma Rd - North Side ( Queens Forest To George Rd ) ,3081.55555046891
1734,IMP,10,Flourisant,Broadway,Northland,West Side,143555.1,2022,2022-05-09,2022-08-23,2022-05-13,2022-07-18,100.0,Sidewalks,Oziegbe Oyameda,0,1472.36,0.0,None Existing,Flourisant - West Side ( Broadway To Northland ) ,1470.669400106778
1742,IMP,7,Texas Ave,Bradford,Tulane,Both Sides,215481.8,2022,2022-06-06,2022-08-26,2022-02-14,2022-04-21,100.0,Sidewalks,Maitham Humoud,0,3168.85,0.0,Existing/None Existing,Texas Ave - Both Sides ( Bradford To Tulane ) ,3191.7561486319846
1766,IMP,1,Mccullough Ave,Wolfe Rd,Portland Rd,West Side,34122.4,2022,2022-07-18,2022-08-15,2022-08-08,2022-08-26,100.0,Sidewalks,Luis Ocura,0,850.0,0.0,None Existing,Mccullough Ave - West Side ( Wolfe Rd To Portland Rd ) ,509.2768865205871
1773,IMP,6,Richland Hills Dr,Rich Way,Potranco Rd,West Side,87815.2,2022,2022-02-21,2023-01-30,2022-02-21,2022-03-09,100.0,Sidewalks,Oziegbe Oyameda,0,1291.4,0.0,None Existing,Richland Hills Dr - West Side ( Rich Way To Potranco Rd ) ,575.7712283323037
1775,IMP,6,Pipers Crk,Meadow Lawn,Culebra Rd,West Side,58413.36,2022,2022-07-13,2022-08-13,2022-07-13,2022-09-26,100.0,Sidewalks,Oziegbe Oyameda,0,859.02,0.0,None Existing,Pipers Crk - West Side ( Meadow Lawn To Culebra Rd ) ,743.3100753257123
1777,IMP,6,Northwestern Dr,Van Cleave Dr,Ingram Rd,West Side,50653.88,2022,2022-07-14,2023-08-14,2022-07-14,2022-08-08,100.0,Sidewalks,Oziegbe Oyameda,0,1339.16,0.0,None Existing,Northwestern Dr - West Side ( Van Cleave Dr To Ingram Rd ) ,733.8777089154412
1778,IMP,6,Upwood Dr,Daniel Cloud Dr,Oxhill Dr,Both Sides,30662.56,2022,2022-08-01,2022-10-30,2022-08-01,2022-08-08,100.0,Sidewalks,Oziegbe Oyameda,0,450.92,0.0,None Existing,Upwood Dr - Both Sides ( Daniel Cloud Dr To Oxhill Dr ) ,480.2818489348074
1780,IMP,6,Richland Hills Dr,Edenbridge,Sw Loop 410 Access Rd,North Side,99139.24,2022,2022-05-08,2022-07-08,2022-04-25,2022-05-20,100.0,Sidewalks,Oziegbe Oyameda,0,1457.93,0.0,None Existing,Richland Hills Dr - North Side ( Edenbridge To Sw Loop 410 Access Rd ) ,1253.882844388835
1781,IMP,8,Sharpsburg,Spotswood,Ramsgate,Both Sides,157434.96,2022,2022-02-14,2022-04-22,2022-02-16,2022-03-18,100.0,Sidewalks,Oziegbe Oyameda,0,2315.22,0.0,None Existing,Sharpsburg - Both Sides ( Spotswood To Ramsgate ) ,2310.5430212247365
1784,IMP,3,Coney Ave,Goliad Rd,Cul-de-sac,South Side,125800.0,2022,2022-01-20,2022-09-30,2022-02-28,2022-04-12,100.0,Sidewalks,Karlo Jajliardo,0,1825.08,0.0,None Existing,Coney Ave - South Side ( Goliad Rd To Cul-de-sac ) ,1644.2124787526805
1785,IMP,3,Michael Ave,Pyle,Dead End,North Side,83300.0,2022,2022-02-28,2022-09-30,2022-02-28,2022-04-12,100.0,Sidewalks,Karlo Jajliardo,0,1155.65,0.0,None Existing,Michael Ave - North Side ( Pyle To Dead End ) ,1138.512968340439
1786,IMP,3,Pennystone Ave,Goliad Rd,Clark Ave,Both Sides,107100.0,2022,2022-05-02,2022-06-22,2022-05-02,2022-06-22,100.0,Sidewalks,Karlo Jajliardo,0,1510.71,0.0,None Existing,Pennystone Ave - Both Sides ( Goliad Rd To Clark Ave ) ,1488.0743170329138
1787,IMP,4,Knoll Krest Dr,Whitewood Dr,Five Palms Dr,North Side,307700.0,2022,2021-12-28,2022-09-30,2022-01-17,2022-04-12,100.0,Sidewalks,Karlo Jajliardo,0,4471.15,0.0,None Existing,Knoll Krest Dr - North Side ( Whitewood Dr To Five Palms Dr ) ,4418.461316106244
1789,IMP,9,Seadrift,Alice Hill,Heimer Rd,Both Sides,18553.12,2022,2022-09-05,2022-10-05,2022-09-05,2022-09-20,100.0,Sidewalks,Oziegbe Oyameda,0,272.84,0.0,None Existing,Seadrift - Both Sides ( Alice Hill To Heimer Rd ) ,352.95931797804985
1794,IMP,10,S Guilford,N Guilford,Salisbury Dr,Both Sides,123876.96,2022,2022-01-04,2022-02-28,2022-01-04,2022-02-18,100.0,Sidewalks,Oziegbe Oyameda,0,1821.72,0.0,None Existing,S Guilford - Both Sides ( N Guilford To Salisbury Dr ) ,1865.3582247695272
1795,IMP,1,Savannah Dr,Vance Jackson,Wonder Pkwy,Both Sides,133847.12,2022,2022-08-15,2022-09-15,2022-03-02,2022-04-20,100.0,Sidewalks,Luis Ocura,0,1968.34,0.0,None Existing,Savannah Dr - Both Sides ( Vance Jackson To Wonder Pkwy ) ,1978.2502396549992
1799,IMP,3,Montrose,Goliad Rd,Clark Ave,Both Sides,141100.0,2022,2022-03-23,2022-04-29,2022-03-23,2022-04-28,100.0,Sidewalks,Karlo Jajliardo,0,2025.14,0.0,None Existing,Montrose - Both Sides ( Goliad Rd To Clark Ave ) ,2083.020634708971
1833,IMP,3,Glamis Ave,S Gevers St,Goliad Rd,Both Sides,215900.0,2022,2021-10-25,2021-12-15,2021-10-25,2021-12-13,100.0,Sidewalks,Karlo Jajliardo,0,3133.55,0.0,None Existing,Glamis Ave - Both Sides ( S Gevers St To Goliad Rd ) ,3135.1642251542453
1837,IMP,3,Mc Dougal Ave,Goliad Rd,Waugh St,Both Sides,129200.0,2022,2022-07-20,2022-08-26,2022-07-20,2022-09-22,100.0,Sidewalks,Karlo Jajliardo,0,1847.14,0.0,None Existing,Mc Dougal Ave - Both Sides ( Goliad Rd To Waugh St ) ,1858.40376439013
1892,IMP,4,Shoreview,Five Palms Dr,Fleethill,Both Sides,175100.0,2022,2022-03-21,2022-09-30,2022-03-07,2022-04-12,100.0,Sidewalks,Karlo Jajliardo,0,2520.05,0.0,None Existing,Shoreview - Both Sides ( Five Palms Dr To Fleethill ) ,2483.356307656898
1893,IMP,4,Fleethill,Knoll Krest Dr,Middlefield Dr,Both Sides,200600.0,2022,2022-04-25,2022-07-29,2022-04-25,2022-07-13,100.0,Sidewalks,Karlo Jajliardo,0,2866.76,0.0,None Existing,Fleethill - Both Sides ( Knoll Krest Dr To Middlefield Dr ) ,2779.1656080437306
1894,IMP,4,Merry Oaks Dr,Knoll Krest Dr,Stonybrook Dr,Both Sides,129200.0,2022,2022-05-16,2022-07-29,2022-05-16,2022-08-29,100.0,Sidewalks,Karlo Jajliardo,0,1846.54,0.0,None Existing,Merry Oaks Dr - Both Sides ( Knoll Krest Dr To Stonybrook Dr ) ,1837.7854877771083
1897,IMP,3,Topeka Blvd,Broadbent Ave,Lynhurst Ave,North Side,32300.0,2022,2022-06-13,2022-07-29,2022-06-21,2022-09-22,100.0,Sidewalks,Karlo Jajliardo,0,423.77,0.0,None Existing,Topeka Blvd - North Side ( Broadbent Ave To Lynhurst Ave ) ,435.9764508714733
1935,SW Repair,1,SPICEWOOD,CEDAR VW,NEER AVE,Both Sides,31568.0,2022,2022-06-15,2022-06-30,2022-06-23,2022-06-30,0.0,Sidewalks,Harry Trumble,0,575.0,0.0,Existing,SPICEWOOD - Both Sides ( CEDAR VW To NEER AVE ) ,2912.864570785431
2002,IMP,5,BRADY BLVD,WAZEE,CAROLYN ST,South Side,55988.24,2022,2022-09-30,2022-10-28,2022-09-30,2022-10-18,100.0,Sidewalks,Maitham Humoud,0,727.12,0.0,None Existing,BRADY BLVD - South Side ( WAZEE To CAROLYN ST ) ,720.9363204297052
2467,IMP,2,ARANSAS AVE,COTTON,SPRIGGSDALE,Both Sides,93839.67,2022,2023-01-16,2023-04-30,2022-12-19,2023-02-27,100.0,Sidewalks,Luis Ocura,0,1567.17,0.0,Completed,ARANSAS AVE - Both Sides ( COTTON To SPRIGGSDALE ) ,1216.5762537105084
2953,SW Repair,1,DRESDEN,WEST AVE,NEER AVE,Both Sides,268781.56,2022,2022-09-26,2022-09-30,2022-09-26,2022-09-30,0.0,Sidewalks,Harry Trumble,0,3952.67,0.0,Existing,DRESDEN - Both Sides ( WEST AVE To NEER AVE ) ,3952.6740922681215
3111,IMP,10,EISENHAUER RD,RAINBOW DR,SPRING BRIAR,South Side,60619.78,2022,2022-08-08,2022-10-14,2022-08-08,2022-09-26,100.0,Sidewalks,Oziegbe Oyameda,0,683.56,0.0,None Existing,EISENHAUER RD - South Side ( RAINBOW DR To SPRING BRIAR ) ,265.52771551843585
3225,IMP,9,Lockhill-Selma,Dreamland Dr,Whisper Path St,South Side,169971.2,2022,2023-01-30,2023-04-07,2023-01-30,2023-04-28,95.0,Sidewalks,Oziegbe Oyameda,0,1968.62,0.0,None Existing,Lockhill-Selma - South Side ( Dreamland Dr To Whisper Path St ) ,2202.744647252212
143,IMP,2,DENVER BLVD,S NEW BRAUNFELS AVE,NOPAL ST,North Side,16246.78,2021,2021-09-13,2021-09-30,2021-08-30,2021-09-21,100.0,Sidewalks,Luis Ocura,0,323.48,0.0,None Existing,DENVER BLVD - North Side ( S NEW BRAUNFELS AVE To NOPAL ST ) ,323.4785986483463
298,IMP,7,E QUILL DR,BANDERA RD,BANDERA RD,Both Sides,34109.88,2021,2021-06-01,2021-06-25,2021-01-25,2021-02-05,100.0,Sidewalks,Maitham Humoud,0,696.12,0.0,None Existing,E QUILL DR - Both Sides ( BANDERA RD To BANDERA RD ) ,696.1179538773205
311,IMP,7,QUENTIN DR,FREDERICKSBURG RD,SHEARER BLVD,Both Sides,98648.27,2021,2021-09-06,2021-10-29,2021-09-07,2021-11-04,100.0,Sidewalks,Maitham Humoud,0,2013.23,0.0,None Existing,QUENTIN DR - Both Sides ( FREDERICKSBURG RD To SHEARER BLVD ) ,2013.227949432738
460,IMP,2,BELLVIEW,PERSHING AVE,QUEEN ANNE CT,East Side,12850.25,2021,2021-05-05,2021-06-16,2021-04-12,2021-05-14,100.0,Sidewalks,Luis Ocura,0,262.25,0.0,None Existing,BELLVIEW - East Side ( PERSHING AVE To QUEEN ANNE CT ) ,250.05237326118063
461,IMP,2,BURNET ST,WILLOW ST,MUNCEY,Both Sides,15842.68,2021,2021-04-26,2021-07-19,2021-05-03,2021-08-03,100.0,Sidewalks,Luis Ocura,0,323.32,0.0,None Existing,BURNET ST - Both Sides ( WILLOW ST To MUNCEY ) ,314.5030309214762
462,IMP,2,CHARCLIFF DR,EASTWOOD DR,STOLNET,Both Sides,88021.15,2021,2020-11-20,2021-03-14,2020-11-09,2021-03-19,100.0,Sidewalks,Luis Ocura,0,1796.35,0.0,None Existing,CHARCLIFF DR - Both Sides ( EASTWOOD DR To STOLNET ) ,1799.0544423485876
465,IMP,2,N PALMETTO,NOLAN,GULF ST,Both Sides,13917.47,2021,2021-04-12,2021-07-09,2021-04-12,2021-06-21,100.0,Sidewalks,Luis Ocura,0,284.03,0.0,None Existing,N PALMETTO - Both Sides ( NOLAN To GULF ST ) ,284.03114668555605
466,IMP,3,GLENWOOD CT,S CHERRY,DEVOTO AVE,Both Sides,59478.16,2021,2021-02-15,2021-03-26,2021-01-18,2021-03-17,100.0,Sidewalks,Karlo Jajliardo,0,1213.84,0.0,None Existing,GLENWOOD CT - Both Sides ( S CHERRY To DEVOTO AVE ) ,1213.8351624448233
467,IMP,3,GREER ST,PIEDMONT AVE,S PALMETTO,Both Sides,30867.06,2021,2021-03-22,2021-05-21,2021-03-15,2021-04-19,100.0,Sidewalks,Karlo Jajliardo,0,629.94,0.0,None Existing,GREER ST - Both Sides ( PIEDMONT AVE To S PALMETTO ) ,626.9132895605304
469,IMP,3,TIPPERARY,PICKWELL DR,PICKWELL DR,Both Sides,128858.73,2021,2021-02-22,2021-04-16,2021-02-25,2021-04-20,100.0,Sidewalks,Karlo Jajliardo,0,2629.77,0.0,None Existing,TIPPERARY - Both Sides ( PICKWELL DR To PICKWELL DR ) ,2629.765071493982
473,IMP,5,S CIBOLO ST,BUENA VISTA ST,EL PASO ST,Both Sides,198186.87,2021,2021-08-31,2021-10-22,2021-09-06,2021-12-03,100.0,Sidewalks,Maitham Humoud,0,4044.63,0.0,None Existing,S CIBOLO ST - Both Sides ( BUENA VISTA ST To EL PASO ST ) ,3840.5565025727337
475,IMP,5,MONTEREY ST,S HAMILTON AVE,S SPRING,Both Sides,23361.73,2021,2020-11-09,2020-11-30,2020-12-14,2021-01-04,100.0,Sidewalks,Maitham Humoud,0,476.77,0.0,None Existing,MONTEREY ST - Both Sides ( S HAMILTON AVE To S SPRING ) ,476.7741271099694
476,IMP,5,S TRINITY,S LAREDO ST,SALTILLO ST,Both Sides,33485.62,2021,2020-11-30,2020-12-18,2020-10-26,2020-12-02,100.0,Sidewalks,Maitham Humoud,0,683.38,0.0,None Existing,S TRINITY - Both Sides ( S LAREDO ST To SALTILLO ST ) ,568.5213385312858
485,IMP,7,W SUNSHINE,BLOOMFIELD DR,W QUILL DR,East Side,54422.34,2021,2021-09-02,2021-09-30,2021-08-31,2021-09-28,100.0,Sidewalks,Maitham Humoud,0,1110.66,0.0,None Existing,W SUNSHINE - East Side ( BLOOMFIELD DR To W QUILL DR ) ,1110.6594049815212
495,IMP,4,HUNTER BLVD,JANICE LAVON,ROCKWELL BLVD,Both Sides,151274.27,2021,2021-01-26,2021-04-19,2021-01-26,2021-03-26,100.0,Sidewalks,Daniel Carrion,0,3087.23,0.0,None Existing,HUNTER BLVD - Both Sides ( JANICE LAVON To ROCKWELL BLVD ) ,3088.1292846160195
498,IMP,8,SPOTSWOOD,HEAP CIR,CUL-DE-SAC,Both Sides,183102.02,2021,2020-12-21,2021-03-19,2020-12-21,2021-03-08,100.0,Sidewalks,Oziegbe Oyameda,0,2303.17,0.0,None Existing,SPOTSWOOD - Both Sides ( HEAP CIR To CUL-DE-SAC ) ,2320.604414940994
505,IMP,10,E VALLEY FORGE AVE,INDEPENDENCE AVE,BRIDGE PATH,Both Sides,120365.56,2021,2020-11-09,2021-01-19,2020-11-09,2020-12-30,100.0,Sidewalks,Oziegbe Oyameda,0,2456.44,0.0,None Existing,E VALLEY FORGE AVE - Both Sides ( INDEPENDENCE AVE To BRIDGE PATH ) ,2338.390252740305
521,IMP,6,PANCHO VILLA DR,JAMES BONHAM DR,DAVY CROCKETT,Both Sides,56460.41,2021,2021-08-23,2021-10-22,2021-08-23,2021-11-09,100.0,Sidewalks,Maitham Humoud,0,1096.34,0.0,Existing/None Existing,PANCHO VILLA DR - Both Sides ( JAMES BONHAM DR To DAVY CROCKETT ) ,1172.7203545217797
528,IMP,7,EAGLE RDG,HIGH BASIN,WAPITI TRL,Both Sides,83668.97,2021,2021-04-28,2021-07-23,2021-04-27,2021-08-05,100.0,Sidewalks,Maitham Humoud,0,1707.53,0.0,None Existing,EAGLE RDG - Both Sides ( HIGH BASIN To WAPITI TRL ) ,1707.5325281855717
551,IMP,9,AFTERGLOW,WEST AVE,PERSUASION,East Side,9210.04,2021,2021-08-30,2021-09-30,2021-08-30,2021-09-21,100.0,Sidewalks,Oziegbe Oyameda,0,187.96,0.0,None Existing,AFTERGLOW - East Side ( WEST AVE To PERSUASION ) ,158.80873305968495
751,IMP,2,WILLOW ST,BURLESON ST,GORMAN ST,Both Sides,112833.28,2021,2021-07-28,2021-10-28,2021-07-26,2021-09-08,100.0,Sidewalks,Luis Ocura,0,2302.72,0.0,None Existing,WILLOW ST - Both Sides ( BURLESON ST To GORMAN ST ) ,2261.90884938118
770,IMP,9,HARDY OAK BLVD,Sonterra Blvd,PROTON RD,South Side,54662.61,2021,2021-09-27,2021-10-29,2021-09-27,2021-10-22,100.0,Sidewalks,Oziegbe Oyameda,0,1268.34,0.0,None Existing,HARDY OAK BLVD - South Side ( Sonterra Blvd To PROTON RD ) ,1268.3443617128669
875,IMP,1,CORNWALL,BLANCO RD,THAMES DR,North Side,10771.18,2021,2021-11-03,2021-11-10,2021-11-02,2021-11-05,99.0,Sidewalks,Daniel Carrion,0,219.82,0.0,None Existing,CORNWALL - North Side ( BLANCO RD To THAMES DR ) ,219.82486029626497
932,IMP,4,SURFRIDER,LELANI PLACE,FIVE PALMS DR,Both Sides,69812.08,2021,2020-11-02,2021-01-20,2020-11-10,2021-02-09,100.0,Sidewalks,Karlo Jajliardo,0,1837.16,0.0,None Existing,SURFRIDER - Both Sides ( LELANI PLACE To FIVE PALMS DR ) ,1837.163894080042
942,IMP,4,HAZEL VALLEY DR,CUL-DE-SAC,CUL-DE-SAC,Both Sides,60942.5,2021,2021-02-01,2021-03-31,2021-02-01,2021-03-19,100.0,Sidewalks,Karlo Jajliardo,0,1603.75,0.0,None Existing,HAZEL VALLEY DR - Both Sides ( CUL-DE-SAC To CUL-DE-SAC ) ,1603.7475994457031
943,IMP,4,GOLDEN VALLEY DR,CUL-DE-SAC,BROOK VALLEY DR,Both Sides,60253.83,2021,2021-01-29,2021-02-26,2021-01-25,2021-03-19,100.0,Sidewalks,Karlo Jajliardo,0,1229.67,0.0,None Existing,GOLDEN VALLEY DR - Both Sides ( CUL-DE-SAC To BROOK VALLEY DR ) ,1229.6677711011646
949,IMP,8,BRANDEIS,DE PAUL DR,DE ZAVALA RD,East Side,4957.48,2021,2021-10-11,2021-10-29,2021-10-11,2021-11-09,100.0,Sidewalks,Oziegbe Oyameda,0,323.16,0.0,None Existing,BRANDEIS - East Side ( DE PAUL DR To DE ZAVALA RD ) ,130.46357756019555
951,IMP,8,KING HENRY,KING GEORGE,KING EDWARD,West Side,11123.49,2021,2021-04-20,2021-05-10,2021-04-20,2021-06-10,100.0,Sidewalks,Oziegbe Oyameda,0,227.01,0.0,None Existing,KING HENRY - West Side ( KING GEORGE To KING EDWARD ) ,151.90291560971838
1006,IMP,2,SHERMAN ST,N HACKBERRY ST,N OLIVE ST,South Side,20713.28,2021,2021-06-07,2021-08-23,2021-07-12,2021-08-13,100.0,Sidewalks,Luis Ocura,0,422.72,0.0,None Existing,SHERMAN ST - South Side ( N HACKBERRY ST To N OLIVE ST ) ,422.7181948084073
1026,IMP,3,GLENWOOD,S PRESA ST,S CHERRY,Both Sides,55337.12,2021,2021-02-15,2021-04-09,2021-01-18,2021-03-17,100.0,Sidewalks,Karlo Jajliardo,0,1456.24,0.0,None Existing,GLENWOOD - Both Sides ( S PRESA ST To S CHERRY ) ,1484.3084886419008
1029,IMP,3,CANAVAN ST,MARNEY PLAZA,DEAD END,North Side,18731.0,2021,2021-08-16,2021-09-10,2021-08-16,2021-08-24,100.0,Sidewalks,Karlo Jajliardo,0,235.61,0.0,None Existing,CANAVAN ST - North Side ( MARNEY PLAZA To DEAD END ) ,235.6118675750769
1079,IMP,6,WESTMAR,WESTGLADE PLACE,WESTLAWN,West Side,39498.9,2021,2021-04-05,2021-05-28,2021-04-05,2021-06-03,100.0,Sidewalks,Maitham Humoud,0,806.1,0.0,None Existing,WESTMAR - West Side ( WESTGLADE PLACE To WESTLAWN ) ,799.7073852136758
1095,IMP,6,JIM BOWIE DR,TOWNHILL,VIVA MAX DR,Both Sides,14286.75,2021,2021-09-01,2022-03-29,2021-08-27,2021-10-07,100.0,Sidewalks,Maitham Humoud,0,264.1,0.0,None Existing,JIM BOWIE DR - Both Sides ( TOWNHILL To VIVA MAX DR ) ,264.1024234824969
1143,IMP,5,S MURRY ST,TAMPICO ST,HIDALGO ST,Both Sides,15974.0,2021,2020-11-16,2020-11-20,2020-11-16,2020-12-03,100.0,Sidewalks,Maitham Humoud,0,326.0,0.0,None Existing,S MURRY ST - Both Sides ( TAMPICO ST To HIDALGO ST ) ,326.00380694617877
1155,IMP,3,CONGRESS,S FLORES ST,CURTIS ST,Both Sides,116692.03,2021,2021-03-18,2021-05-21,2021-03-18,2021-04-19,100.0,Sidewalks,Karlo Jajliardo,0,2381.47,0.0,Existing/None Existing,CONGRESS - Both Sides ( S FLORES ST To CURTIS ST ) ,2381.4695518928424
1161,IMP,1,N SABINAS,LEAL ST,RUIZ ST,West Side,22376.34,2021,2021-09-20,2021-09-28,2021-09-21,2021-09-24,100.0,Sidewalks,Daniel Carrion,0,456.66,0.0,None Existing,N SABINAS - West Side ( LEAL ST To RUIZ ST ) ,453.29052173793053
1240,IMP,7,CRYSTAL RUN,FLIPPER DR,WURZBACH RD,North Side,56165.27,2021,2021-07-19,2021-08-20,2021-07-19,2021-08-05,100.0,Sidewalks,Maitham Humoud,0,1146.23,0.0,None Existing,CRYSTAL RUN - North Side ( FLIPPER DR To WURZBACH RD ) ,1168.0595439909694
1246,IMP,7,TEXAS AVE,GOODRICH AVE,NEFF AVE,Both Sides,16032.8,2021,2021-07-26,2021-08-27,2021-07-26,2021-09-17,100.0,Sidewalks,Maitham Humoud,0,327.2,0.0,Existing/None Existing,TEXAS AVE - Both Sides ( GOODRICH AVE To NEFF AVE ) ,327.1956853671484
1318,IMP,2,BURNET ST,N OLIVE ST,N PINE ST,South Side,14231.07,2021,2021-04-26,2021-07-19,2021-05-03,2021-08-03,100.0,Sidewalks,Luis Ocura,0,290.43,0.0,None Existing,BURNET ST - South Side ( N OLIVE ST To N PINE ST ) ,277.53430031231176
1319,IMP,2,SHERMAN ST,N MESQUITE ST,N HACKBERRY ST,South Side,21145.95,2021,2021-06-07,2021-08-23,2021-07-12,2021-08-13,100.0,Sidewalks,Luis Ocura,0,431.55,0.0,None Existing,SHERMAN ST - South Side ( N MESQUITE ST To N HACKBERRY ST ) ,416.2703385044931
1335,IMP,2,BURNET ST,N PINE ST,WILLOW ST,North Side,21360.08,2021,2021-04-26,2021-07-19,2021-05-03,2021-08-03,100.0,Sidewalks,Luis Ocura,0,435.92,0.0,Existing/None Existing,BURNET ST - North Side ( N PINE ST To WILLOW ST ) ,430.8738472890069
1347,IMP,3,KASHMUIR PLACE,S WALTERS ST,CLARK AVE,North Side,51473.28,2021,2021-03-22,2021-04-23,2021-02-15,2021-04-05,100.0,Sidewalks,Karlo Jajliardo,0,1354.56,0.0,None Existing,KASHMUIR PLACE - North Side ( S WALTERS ST To CLARK AVE ) ,1369.0425998201797
1365,IMP,9,VISTA NOGAL,VISTA HILL,PATRICIA DR,West Side,51633.26,2021,2021-03-08,2021-04-30,2021-03-08,2021-04-05,100.0,Sidewalks,Oziegbe Oyameda,0,1263.74,0.0,None Existing,VISTA NOGAL - West Side ( VISTA HILL To PATRICIA DR ) ,1008.6004812462858
1379,IMP,2,CHARCLIFF DR,UPLAND DR,EASTWOOD DR,Both Sides,114718.31,2021,2021-11-20,2021-03-14,2020-12-14,2021-03-19,100.0,Sidewalks,Luis Ocura,0,2341.19,0.0,None Existing,CHARCLIFF DR - Both Sides ( UPLAND DR To EASTWOOD DR ) ,2341.193747241496
1389,SW Repair,1,LIVELY,PANDA DR,WEST AVE,Both Sides,34891.3,2021,2021-02-01,2021-09-30,2021-05-24,2021-06-17,0.0,Sidewalks,Harry Trumble,0,3868.47,0.0,Existing,LIVELY - Both Sides ( PANDA DR To WEST AVE ) ,3868.471180444984
1391,SW Repair,2,DILWORTH ST,S NEW BRAUNFELS AVE,IOWA ST,Both Sides,15451.2,2021,2021-01-01,2021-09-30,2021-03-08,2021-03-11,0.0,Sidewalks,Harry Trumble,0,841.58,0.0,Existing,DILWORTH ST - Both Sides ( S NEW BRAUNFELS AVE To IOWA ST ) ,944.6733292158976
1392,SW Repair,2,DENVER BLVD,ST ANTHONY AVE,S NEW BRAUNFELS AVE,Both Sides,9990.0,2021,2020-12-01,2021-09-30,2021-02-01,2021-03-08,0.0,Sidewalks,Harry Trumble,0,625.61,0.0,Existing,DENVER BLVD - Both Sides ( ST ANTHONY AVE To S NEW BRAUNFELS AVE ) ,625.6149176337638
1395,SW Repair,3,E WHITE AVE,S FLORES ST,TRENTON ST,Both Sides,11601.72,2021,2021-01-01,2020-12-31,2020-10-23,2020-11-05,0.0,Sidewalks,Harry Trumble,0,832.01,0.0,Existing,E WHITE AVE - Both Sides ( S FLORES ST To TRENTON ST ) ,832.008714768343
1396,SW Repair,3,SHRINE AVE,RONDA ST,LOLETA,Both Sides,11455.2,2021,2021-01-01,2020-12-31,2020-11-06,2020-11-19,0.0,Sidewalks,Harry Trumble,0,844.37,0.0,Existing,SHRINE AVE - Both Sides ( RONDA ST To LOLETA ) ,844.3732387322073
1397,SW Repair,3,SUSSEX AVE,RONDA ST,LOLETA,Both Sides,9546.0,2021,2021-01-01,2020-12-31,2020-12-23,2020-12-07,0.0,Sidewalks,Harry Trumble,0,846.29,0.0,Existing,SUSSEX AVE - Both Sides ( RONDA ST To LOLETA ) ,846.2889438666926
1398,SW Repair,3,STRATFORD CT,DEAD END,CYNTHIA LINN,Both Sides,13013.64,2021,2021-02-01,2021-02-01,2020-12-07,2020-12-22,0.0,Sidewalks,Harry Trumble,0,841.06,0.0,Existing,STRATFORD CT - Both Sides ( DEAD END To CYNTHIA LINN ) ,841.0641147449593
1401,SW Repair,4,RIO LINDA,BAY HORSE DR,PRESCOTT DR,Both Sides,29634.78,2021,2021-02-01,2021-09-30,2021-08-31,2021-09-16,0.0,Sidewalks,Harry Trumble,0,1918.36,0.0,Existing,RIO LINDA - Both Sides ( BAY HORSE DR To PRESCOTT DR ) ,1918.3604233135543
1404,SW Repair,5,W HIGHLAND BLVD,MISSION RD,HUNSTOCK AVE,Both Sides,22644.0,2021,2021-03-01,2021-09-30,2021-08-09,2021-09-03,0.0,Sidewalks,Harry Trumble,0,1588.47,0.0,Existing,W HIGHLAND BLVD - Both Sides ( MISSION RD To HUNSTOCK AVE ) ,1589.7814208462771
1405,SW Repair,5,WILKENS,ROOSEVELT AVE,CASTILLO AVE,Both Sides,15051.6,2021,2021-07-01,2021-08-01,2021-06-21,2021-07-12,0.0,Sidewalks,Harry Trumble,0,1034.95,0.0,Existing,WILKENS - Both Sides ( ROOSEVELT AVE To CASTILLO AVE ) ,1017.0914705998208
1406,SW Repair,5,S ROSILLO,SAN LUIS ST,W CESAR CHAVEZ BLVD,Both Sides,4755.24,2021,2021-07-15,2021-08-15,2021-07-27,2021-08-09,0.0,Sidewalks,Harry Trumble,0,354.18,0.0,Existing,S ROSILLO - Both Sides ( SAN LUIS ST To W CESAR CHAVEZ BLVD ) ,354.1837523629453
1411,SW Repair,6,VIVA MAX DR,OAKHILL RD,CALLAGHAN RD,Both Sides,30369.6,2021,2021-08-15,2021-09-15,2021-09-24,2021-10-04,0.0,Sidewalks,Harry Trumble,0,2211.35,0.0,Existing,VIVA MAX DR - Both Sides ( OAKHILL RD To CALLAGHAN RD ) ,2230.930295329561
1412,SW Repair,6,DAVY CROCKETT DR,VIVA MAX DR,PANCHO VILLA DR,Both Sides,7326.0,2021,2021-08-01,2021-09-01,2021-09-30,2021-10-08,0.0,Sidewalks,Harry Trumble,0,659.44,0.0,Existing,DAVY CROCKETT DR - Both Sides ( VIVA MAX DR To PANCHO VILLA DR ) ,654.071266308134
1413,SW Repair,6,JIM BOWIE DR,VIVA MAX DR,PANCHO VILLA DR,Both Sides,7326.0,2021,2021-08-10,2021-09-10,2021-09-30,2021-10-08,0.0,Sidewalks,Harry Trumble,0,654.73,0.0,Existing,JIM BOWIE DR - Both Sides ( VIVA MAX DR To PANCHO VILLA DR ) ,641.4849927016667
1417,SW Repair,7,DOVE HILL,WARPATH DR,QUIVER DR,Both Sides,20446.2,2021,2021-08-20,2021-09-20,2021-09-16,2021-09-27,0.0,Sidewalks,Harry Trumble,0,1472.17,0.0,Existing,DOVE HILL - Both Sides ( WARPATH DR To QUIVER DR ) ,1472.168187578272
1421,SW Repair,8,SPRING ROSE DR,SPRING MONT DR,SPRING TIME DR,Both Sides,17837.7,2021,2021-07-01,2021-07-01,2021-10-18,2021-10-28,0.0,Sidewalks,Harry Trumble,0,1603.88,0.0,Existing,SPRING ROSE DR - Both Sides ( SPRING MONT DR To SPRING TIME DR ) ,1603.8776991877426
1425,SW Repair,9,FANTASIA,REVERIE LN,SAN PEDRO AVE,Both Sides,20990.1,2021,2021-08-01,2021-08-01,2021-05-10,2021-05-21,0.0,Sidewalks,Harry Trumble,0,1836.48,0.0,Existing,FANTASIA - Both Sides ( REVERIE LN To SAN PEDRO AVE ) ,25.403438573361655
1426,SW Repair,9,AFTERGLOW DR,WEST AVE,LIDA ROSE,Both Sides,8713.5,2021,2021-08-01,2021-08-01,2021-05-17,2021-05-24,0.0,Sidewalks,Harry Trumble,0,772.64,0.0,Existing,AFTERGLOW DR - Both Sides ( WEST AVE To LIDA ROSE ) ,789.4625403794406
1430,SW Repair,10,BAYLISS,EDGEFIELD DR,PESQUERA,Both Sides,23676.3,2021,2021-04-27,2021-05-14,2021-04-27,2021-05-14,0.0,Sidewalks,Harry Trumble,0,2140.78,0.0,Existing,BAYLISS - Both Sides ( EDGEFIELD DR To PESQUERA ) ,2140.778970158189
1431,SW Repair,10,BRET HARTE,SORRENTO,TENNYSON,Both Sides,13697.4,2021,2021-09-01,2021-09-01,2021-04-01,2021-04-27,0.0,Sidewalks,Harry Trumble,0,1224.19,0.0,Existing,BRET HARTE - Both Sides ( SORRENTO To TENNYSON ) ,1224.188702775196
1440,SW Repair,8,SPRING BROOK DR,SPRING MONT DR,SPRING TIME DR,Both Sides,14669.79,2021,2021-07-01,2021-08-01,2021-10-08,2021-10-21,0.0,Sidewalks,Harry Trumble,0,1622.68,0.0,Existing,SPRING BROOK DR - Both Sides ( SPRING MONT DR To SPRING TIME DR ) ,1622.6826822755588
1482,IMP,2,PROVIDENCE,SEA BREEZE,CHESAPEAKE,West Side,63882.77,2021,2020-10-12,2020-12-05,2020-10-12,2020-11-16,100.0,Sidewalks,Luis Ocura,0,1303.73,0.0,None Existing,PROVIDENCE - West Side ( SEA BREEZE To CHESAPEAKE ) ,1303.7280237133089
1491,IMP,3,MERRY ANN DR,LYNHURST AVE,FRANCES JEAN,Both Sides,88538.1,2021,2021-03-15,2021-06-25,2021-03-15,2021-04-30,100.0,Sidewalks,Karlo Jajliardo,0,1806.9,0.0,None Existing,MERRY ANN DR - Both Sides ( LYNHURST AVE To FRANCES JEAN ) ,1806.901390364318
1492,IMP,3,MERRY ANN DR,PIEDMONT AVE,LYNHURST AVE,Both Sides,106800.4,2021,2021-03-15,2021-06-25,2021-03-15,2021-04-30,100.0,Sidewalks,Karlo Jajliardo,0,2179.6,0.0,None Existing,MERRY ANN DR - Both Sides ( PIEDMONT AVE To LYNHURST AVE ) ,2137.4441733090944
1500,IMP,4,WOBAKER,W MALLY BLVD,CUL-DE-SAC,Both Sides,21841.26,2021,2021-09-27,2022-03-29,2021-09-27,2021-10-11,95.0,Sidewalks,Karlo Jajliardo,0,445.74,0.0,None Existing,WOBAKER - Both Sides ( W MALLY BLVD To CUL-DE-SAC ) ,621.5437827544214
1501,IMP,4,LYTLE AVE,GILLETTE BLVD,W MALLY BLVD,East Side,39046.14,2021,2021-06-21,2021-08-13,2021-06-17,2021-08-03,100.0,Sidewalks,Karlo Jajliardo,0,796.86,0.0,None Existing,LYTLE AVE - East Side ( GILLETTE BLVD To W MALLY BLVD ) ,769.639955152758
1502,IMP,4,ODEM,GILLETTE BLVD,OLIMITO,East Side,19945.94,2021,2021-06-21,2021-08-20,2021-06-16,2021-08-03,100.0,Sidewalks,Karlo Jajliardo,0,407.06,0.0,None Existing,ODEM - East Side ( GILLETTE BLVD To OLIMITO ) ,383.3505163023431
1510,IMP,4,PALM CREST,FAIRMEADOWS,CUL-DE-SAC,Both Sides,50502.34,2021,2021-09-13,2021-10-29,2021-09-13,2021-11-09,99.0,Sidewalks,Karlo Jajliardo,0,1030.66,0.0,None Existing,PALM CREST - Both Sides ( FAIRMEADOWS To CUL-DE-SAC ) ,1202.6318718624302
1525,IMP,5,S MURRY ST,MONTEREY ST,BUENA VISTA ST,Both Sides,33674.27,2021,2020-11-16,2020-12-10,2020-12-08,2020-12-23,100.0,Sidewalks,Maitham Humoud,0,687.23,0.0,None Existing,S MURRY ST - Both Sides ( MONTEREY ST To BUENA VISTA ST ) ,687.2274684926952
1527,IMP,5,DANNYCLAY,NW 38TH ST,YOLANDA,Both Sides,104852.16,2021,2021-01-18,2021-03-31,2021-02-01,2021-04-05,100.0,Sidewalks,Maitham Humoud,0,2139.84,0.0,None Existing,DANNYCLAY - Both Sides ( NW 38TH ST To YOLANDA ) ,2116.4649311430508
1528,IMP,6,RIM LINE DR,RIDGE STONE,RIM ROCK TRL,West Side,47720.61,2021,2021-02-15,2021-04-09,2021-02-08,2021-03-03,100.0,Sidewalks,Maitham Humoud,0,973.89,0.0,None Existing,RIM LINE DR - West Side ( RIDGE STONE To RIM ROCK TRL ) ,966.005268242372
1530,IMP,7,JOHN ADAMS DR,COLLEEN,RED BUD DR,Both Sides,159890.43,2021,2021-03-15,2021-05-28,2021-03-10,2021-05-28,100.0,Sidewalks,Maitham Humoud,0,3263.07,0.0,None Existing,JOHN ADAMS DR - Both Sides ( COLLEEN To RED BUD DR ) ,3294.7779039532443
1553,IMP,6,LAUREL BEND,SOUTH BEND,IVY BEND,West Side,38851.12,2021,2021-04-05,2020-12-31,2020-11-23,2020-12-11,100.0,Sidewalks,Maitham Humoud,0,792.88,0.0,None Existing,LAUREL BEND - West Side ( SOUTH BEND To IVY BEND ) ,551.5646283639659
1554,IMP,6,IVY BEND,GRAND BEND,LAUREL BEND,North Side,21022.47,2021,2021-03-22,2020-12-31,2020-11-16,2020-12-11,100.0,Sidewalks,Maitham Humoud,0,429.03,0.0,None Existing,IVY BEND - North Side ( GRAND BEND To LAUREL BEND ) ,429.03389175206394
1556,IMP,6,BRICKWOOD,GUILBEAU RD,BRISTOW BEND,Both Sides,32401.74,2021,2021-02-15,2021-03-19,2021-01-22,2021-02-04,100.0,Sidewalks,Maitham Humoud,0,661.26,0.0,None Existing,BRICKWOOD - Both Sides ( GUILBEAU RD To BRISTOW BEND ) ,661.256845848676
1561,IMP,6,OAK MILL,OAK BRANCH,STAR CREEK DR,North Side,45605.45,2021,2021-10-20,2021-11-19,2021-10-20,2021-11-23,100.0,Sidewalks,Maitham Humoud,0,885.56,0.0,None Existing,OAK MILL - North Side ( OAK BRANCH To STAR CREEK DR ) ,683.5296633424605
1566,IMP,9,WEST AVE,SILVER OAKS,ANCHOR,East Side,63338.38,2021,2021-08-02,2021-09-30,2021-08-02,2021-09-08,100.0,Sidewalks,Oziegbe Oyameda,0,1292.62,0.0,None Existing,WEST AVE - East Side ( SILVER OAKS To ANCHOR ) ,1292.6173257997443
1567,IMP,10,NACOGDOCHES RD,THOUSAND OAKS,OLD PERRIN-BEITEL RD,Both Sides,89991.93,2021,2021-05-04,2021-08-04,2021-05-04,2021-08-04,100.0,Sidewalks,Oziegbe Oyameda,0,1836.57,0.0,None Existing,NACOGDOCHES RD - Both Sides ( THOUSAND OAKS To OLD PERRIN-BEITEL RD ) ,1836.5708676568424
1568,IMP,10,LE BLANC,SHIRE OAK,QUARLES DR,Both Sides,28123.06,2021,2021-04-22,2021-06-30,2021-04-19,2021-06-30,100.0,Sidewalks,Oziegbe Oyameda,0,573.94,0.0,None Existing,LE BLANC - Both Sides ( SHIRE OAK To QUARLES DR ) ,542.3875816101663
1623,IMP,5,WILLEE,NW 38TH ST,YOLANDA,Both Sides,104635.58,2021,2021-04-01,2021-09-30,2021-03-31,2021-07-02,100.0,Sidewalks,Maitham Humoud,0,2135.42,0.0,None Existing,WILLEE - Both Sides ( NW 38TH ST To YOLANDA ) ,2180.25450211423
1629,IMP,3,BROADBENT AVE,TOPEKA BLVD,HAGGIN ST,West Side,24829.77,2021,2021-08-04,2021-09-24,2021-08-04,2021-08-20,100.0,Sidewalks,Karlo Jajliardo,0,506.73,0.0,None Existing,BROADBENT AVE - West Side ( TOPEKA BLVD To HAGGIN ST ) ,513.4536856116505
1632,SW Repair,2,GALAHAD DR,KING ARTHUR,CUL-DE-SAC,Both Sides,34671.52,2021,2021-01-01,2021-04-10,2021-03-15,2021-04-01,0.0,Sidewalks,Harry Trumble,0,2502.43,0.0,Existing,GALAHAD DR - Both Sides ( KING ARTHUR To CUL-DE-SAC ) ,2502.431112620897
1633,SW Repair,3,TREEHOUSE DR,PECAN GROVE BLVD,GITTINGER,Both Sides,33566.4,2021,2021-02-01,2021-02-01,2021-01-04,2021-01-28,0.0,Sidewalks,Harry Trumble,0,2447.77,0.0,Existing,TREEHOUSE DR - Both Sides ( PECAN GROVE BLVD To GITTINGER ) ,2447.771016298786
1636,SW Repair,5,E HIGHLAND BLVD,S PRESA ST,BUCKINGHAM,Both Sides,8880.0,2021,2021-03-01,2021-09-30,2021-07-12,2021-07-22,0.0,Sidewalks,Harry Trumble,0,640.26,0.0,Existing,E HIGHLAND BLVD - Both Sides ( S PRESA ST To BUCKINGHAM ) ,640.261537604851
1637,SW Repair,5,COLIMA ST,S PICOSO,NUEVA LEON ST,Both Sides,11322.0,2021,2021-07-20,2021-08-20,2021-07-22,2021-07-27,0.0,Sidewalks,Harry Trumble,0,771.34,0.0,Existing,COLIMA ST - Both Sides ( S PICOSO To NUEVA LEON ST ) ,771.3399742039641
1640,IMP,1,LA MANDA BLVD,AGANIER AVE,BEACON AVE,North Side,21819.7,2021,2020-12-21,2020-12-31,2020-10-21,2020-11-03,100.0,Sidewalks,Daniel Carrion,0,445.3,0.0,None Existing,LA MANDA BLVD - North Side ( AGANIER AVE To BEACON AVE ) ,500.2943326262396
1651,IMP,8,BABCOCK RD,SUNSET HAVEN DR,CUL-DE-SAC,East Side,56330.89,2021,2021-03-22,2021-05-12,2021-03-22,2021-06-12,100.0,Sidewalks,Oziegbe Oyameda,0,1149.61,0.0,None Existing,BABCOCK RD - East Side ( SUNSET HAVEN DR To CUL-DE-SAC ) ,1148.443082832519
1661,SW Repair,7,W SUMMIT,KAMPMANN BLVD,LAKE BLVD,South Side,26640.0,2021,2021-06-01,2021-07-01,2021-10-29,2021-11-16,0.0,Sidewalks,Harry Trumble,0,1260.74,0.0,Existing,W SUMMIT - South Side ( KAMPMANN BLVD To LAKE BLVD ) ,1260.736807667974
1705,IMP,1,MARDELL ST,BRAD,DEAD END,South Side,83781.18,2021,2021-03-25,2021-05-14,2021-03-29,2021-04-22,100.0,Sidewalks,Daniel Carrion,0,1759.82,0.0,None Existing,MARDELL ST - South Side ( BRAD To DEAD END ) ,1759.2737355735867
1706,IMP,1,HARWOOD DR,ENNIS,NEER AVE,South Side,63930.79,2021,2021-04-22,2021-05-21,2021-04-29,2021-07-02,100.0,Sidewalks,Daniel Carrion,0,1464.71,0.0,None Existing,HARWOOD DR - South Side ( ENNIS To NEER AVE ) ,1464.7110382471003
1750,IMP,1,CLIFFWOOD DR,WEST AVE,NEER AVE,North Side,155663.56,2021,2021-08-26,2021-11-26,2021-08-26,2021-10-11,100.0,Sidewalks,Daniel Carrion,0,1889.17,0.0,None Existing,CLIFFWOOD DR - North Side ( WEST AVE To NEER AVE ) ,1889.1684778619233
1769,IMP,1,REDROCK DR,WEST AVE,NEER AVE,North Side,156363.28,2021,2021-09-07,2021-10-27,2021-09-13,2021-10-29,99.0,Sidewalks,Daniel Carrion,0,1829.46,0.0,None Existing,REDROCK DR - North Side ( WEST AVE To NEER AVE ) ,1829.461958814516
2021543,IMP,10,MAYFAIR DR,MacArthur View,LUZON,North Side,62181.0,2021,2021-02-08,2021-04-08,2021-02-08,2021-04-02,100.0,Sidewalks,Oziegbe Oyameda,0,1269.0,0.0,Completed,MAYFAIR DR - North Side ( MacArthur View To LUZON ) ,1269.0023525665003
52,IMP,1,BIERING AVE,S PRESA ST,S ST MARYS,Both Sides,19806.55,2020,2020-08-20,2020-08-28,2020-08-20,2020-08-24,99.0,Sidewalks,Daniel Carrion,0,260.27,0.0,None Existing,BIERING AVE - Both Sides ( S PRESA ST To S ST MARYS ) ,270.80511984279275
53,IMP,1,OGDEN ST,E PARK AVE,E LOCUST ST,Both Sides,31179.69,2020,2020-07-20,2020-09-30,2020-07-20,2020-07-24,100.0,Sidewalks,Daniel Carrion,0,409.72,0.0,None Existing,OGDEN ST - Both Sides ( E PARK AVE To E LOCUST ST ) ,409.71854513533503
54,IMP,1,PASCHAL,E LOCUST ST,E DEWEY PLACE,West Side,21951.81,2020,2020-07-06,2020-03-30,2020-02-05,2020-02-14,100.0,Sidewalks,Daniel Carrion,0,243.46,0.0,None Existing,PASCHAL - West Side ( E LOCUST ST To E DEWEY PLACE ) ,243.46280848022812
59,IMP,1,RIDDLE,S PRESA ST,SADIE ST,Both Sides,44677.55,2020,2020-01-13,2020-01-31,2020-01-13,2020-01-29,100.0,Sidewalks,Daniel Carrion,0,587.09,0.0,None Existing,RIDDLE - Both Sides ( S PRESA ST To SADIE ST ) ,587.0885193074009
64,IMP,1,STIEREN,S ST MARYS,MISSION ST,Both Sides,32910.21,2020,2020-08-10,2020-08-19,2020-08-10,2020-08-28,100.0,Sidewalks,Daniel Carrion,0,432.46,0.0,None Existing,STIEREN - Both Sides ( S ST MARYS To MISSION ST ) ,417.27320976492376
103,IMP,1,SERVICE,MENCHACA,ALBERT ST,East Side,12930.91,2020,2020-06-30,2020-07-16,2020-06-30,2020-07-16,100.0,Sidewalks,Daniel Carrion,0,169.92,0.0,None Existing,SERVICE - East Side ( MENCHACA To ALBERT ST ) ,282.415451856139
115,IMP,1,E PARK AVE,OGDEN ST,DEAD END,South Side,19767.74,2020,2020-09-01,2020-09-30,2020-07-13,2020-07-17,100.0,Sidewalks,Daniel Carrion,0,259.76,0.0,None Existing,E PARK AVE - South Side ( OGDEN ST To DEAD END ) ,237.09372181497363
120,IMP,1,LANGTON,YORK DR,SAN PEDRO AVE,North Side,30625.68,2020,2020-02-10,2020-03-30,2020-02-11,2020-02-21,100.0,Sidewalks,Daniel Carrion,0,402.44,0.0,None Existing,LANGTON - North Side ( YORK DR To SAN PEDRO AVE ) ,105.1988181162447
129,IMP,2,VIRGINIA BLVD,S MESQUITE ST,CACTUS ST,Both Sides,83318.85,2020,2020-04-13,2020-03-31,2020-01-23,2020-03-20,100.0,Sidewalks,Carmen Varela-Rivas,0,1524.0,0.0,None Existing,VIRGINIA BLVD - Both Sides ( S MESQUITE ST To CACTUS ST ) ,1094.8585526475465
133,IMP,2,MERCURY,MIDLAND ST,S WW WHITE RD,North Side,60193.58,2020,2020-04-13,2020-05-08,2020-03-24,2020-05-01,100.0,Sidewalks,Carmen Varela-Rivas,0,790.98,0.0,None Existing,MERCURY - North Side ( MIDLAND ST To S WW WHITE RD ) ,790.9822062683769
163,IMP,9,PATRICIA DR,WEST AVE,CRESTPARK,North Side,79565.59,2020,2020-01-30,2020-04-21,2020-01-30,2020-04-21,100.0,Sidewalks,Oziegbe Oyameda,0,1045.54,0.0,None Existing,PATRICIA DR - North Side ( WEST AVE To CRESTPARK ) ,1045.536844460793
168,IMP,10,STATHMORE,ROCK CROFT DR,GARDEN QUARTER,Both Sides,166076.07,2020,2020-03-02,2020-05-22,2020-03-02,2020-05-22,100.0,Sidewalks,Oziegbe Oyameda,0,2182.34,0.0,None Existing,STATHMORE - Both Sides ( ROCK CROFT DR To GARDEN QUARTER ) ,2144.114854659306
172,IMP,10,KINGS PT,COMSTOCK,HILLSWIND,Both Sides,72797.26,2020,2020-01-13,2020-03-19,2020-01-13,2020-03-19,100.0,Sidewalks,Oziegbe Oyameda,0,956.6,0.0,None Existing,KINGS PT - Both Sides ( COMSTOCK To HILLSWIND ) ,910.2173861536146
235,IMP,5,WAGNER AVE,VOTAW ST,CLINTON ST,Both Sides,51840.08,2020,2020-03-23,2020-03-31,2020-01-30,2020-03-17,100.0,Sidewalks,Maitham Humoud,0,681.21,0.0,None Existing,WAGNER AVE - Both Sides ( VOTAW ST To CLINTON ST ) ,675.0257771552488
280,IMP,7,W GRAMERCY PLACE,N ELMENDORF,N ZARZAMORA,Both Sides,36543.22,2020,2020-08-17,2020-09-18,2020-08-17,2020-09-04,100.0,Sidewalks,Maitham Humoud,0,480.2,0.0,None Existing,W GRAMERCY PLACE - Both Sides ( N ELMENDORF To N ZARZAMORA ) ,480.2010353971825
285,IMP,7,ROLLINS AVE,LEO,TULANE,North Side,57602.37,2020,2020-03-20,2020-04-30,2020-04-06,2020-05-06,100.0,Sidewalks,Maitham Humoud,0,756.93,0.0,None Existing,ROLLINS AVE - North Side ( LEO To TULANE ) ,756.9302890589622
287,IMP,7,WAVERLY,LEO,BANDERA RD,Both Sides,152226.64,2020,2020-03-20,2020-05-29,2020-03-26,2020-06-29,100.0,Sidewalks,Maitham Humoud,0,2000.35,0.0,None Existing,WAVERLY - Both Sides ( LEO To BANDERA RD ) ,2000.353154145086
309,IMP,7,HICKORY ST,W FRENCH PLACE,W ASHBY PLACE,Both Sides,51958.8,2020,2020-03-09,2020-05-22,2020-03-05,2020-04-03,100.0,Sidewalks,Maitham Humoud,0,682.77,0.0,None Existing,HICKORY ST - Both Sides ( W FRENCH PLACE To W ASHBY PLACE ) ,707.9344098934432
425,IMP,1,N ELMENDORF,RUIZ ST,LEAL ST,East Side,23676.99,2020,2020-02-17,2020-03-30,2020-02-17,2020-02-28,100.0,Sidewalks,Daniel Carrion,0,311.13,0.0,None Existing,N ELMENDORF - East Side ( RUIZ ST To LEAL ST ) ,329.03442436945505
428,IMP,2,LEONIDAS DR,STOLNET,S WW WHITE RD,Both Sides,28220.92,2020,2020-03-06,2020-03-30,2019-12-16,2020-01-02,100.0,Sidewalks,Carmen Varela-Rivas,0,370.84,0.0,None Existing,LEONIDAS DR - Both Sides ( STOLNET To S WW WHITE RD ) ,370.84307786204533
429,IMP,2,ST JAMES,BURNET ST,DAWSON ST,Both Sides,128976.56,2020,2019-11-13,2020-02-29,2019-11-13,2020-02-18,100.0,Sidewalks,Carmen Varela-Rivas,0,1694.83,0.0,Existing/None Existing,ST JAMES - Both Sides ( BURNET ST To DAWSON ST ) ,1705.3290535272367
430,IMP,2,STOLNET,READWELL DR,MARTIN LUTHER KING DR,Both Sides,236395.52,2020,2019-12-23,2020-03-18,2019-11-14,2020-03-18,100.0,Sidewalks,Carmen Varela-Rivas,0,3106.38,0.0,Existing/None Existing,STOLNET - Both Sides ( READWELL DR To MARTIN LUTHER KING DR ) ,3103.455480655013
431,IMP,3,BUSHICK,SUBLETT DR,GOLIAD RD,Both Sides,135765.44,2020,2020-02-24,2020-04-30,2020-03-02,2020-03-29,100.0,Sidewalks,Karlo Jajliardo,0,1784.04,0.0,None Existing,BUSHICK - Both Sides ( SUBLETT DR To GOLIAD RD ) ,1784.043908931406
432,IMP,3,NOPAL ST,RIGSBY AVE,KAYTON AVE,Both Sides,50813.49,2020,2020-05-04,2020-06-05,2020-05-04,2020-05-20,100.0,Sidewalks,Karlo Jajliardo,0,667.72,0.0,None Existing,NOPAL ST - Both Sides ( RIGSBY AVE To KAYTON AVE ) ,667.720747270623
433,IMP,3,ROLAND AVE,PECAN VALLEY DR,TALISMAN,South Side,35578.27,2020,2020-05-25,2020-07-22,2020-05-27,2020-07-17,100.0,Sidewalks,Karlo Jajliardo,0,467.52,0.0,None Existing,ROLAND AVE - South Side ( PECAN VALLEY DR To TALISMAN ) ,467.5230683303027
434,IMP,3,WHITEFIELD,PYLE,GOLIAD RD,Both Sides,158591.64,2020,2020-01-27,2020-03-31,2020-01-21,2020-03-09,100.0,Sidewalks,Karlo Jajliardo,0,2083.99,0.0,None Existing,WHITEFIELD - Both Sides ( PYLE To GOLIAD RD ) ,2089.007779919007
435,IMP,4,CENTURY DR,FIVE PALMS DR,ROYALGATE DR,Both Sides,191526.96,2020,2019-11-04,2020-01-10,2019-10-18,2020-01-23,100.0,Sidewalks,Karlo Jajliardo,0,2516.78,0.0,None Existing,CENTURY DR - Both Sides ( FIVE PALMS DR To ROYALGATE DR ) ,2516.7786042568905
436,IMP,4,REDBROOK DR,WINDYHILL,ROYALGATE DR,Both Sides,113105.15,2020,2020-01-22,2020-03-31,2020-01-21,2020-03-19,100.0,Sidewalks,Karlo Jajliardo,0,1486.27,0.0,None Existing,REDBROOK DR - Both Sides ( WINDYHILL To ROYALGATE DR ) ,1486.2703595225596
437,IMP,4,SADDLEBROOK DR,BURLINGTON,BEAR CREEK DR,East Side,63296.94,2020,2020-04-06,2020-05-06,2020-04-14,2020-05-15,100.0,Sidewalks,Karlo Jajliardo,0,831.76,0.0,None Existing,SADDLEBROOK DR - East Side ( BURLINGTON To BEAR CREEK DR ) ,702.0590382832162
438,IMP,5,CHIHUAHUA ST,BARCLAY ST,S MINTER,South Side,110473.61,2020,2019-11-25,2020-01-31,2019-11-25,2020-01-21,100.0,Sidewalks,Maitham Humoud,0,1451.69,0.0,None Existing,CHIHUAHUA ST - South Side ( BARCLAY ST To S MINTER ) ,1434.742454665825
439,IMP,5,S CHUPADERAS,W Cesar E Chavez Blvd,SAN FERNANDO ST,Both Sides,108649.49,2020,2020-05-25,2020-06-30,2020-05-05,2020-06-19,100.0,Sidewalks,Maitham Humoud,0,1427.72,0.0,Existing/None Existing,S CHUPADERAS - Both Sides ( W Cesar E Chavez Blvd To SAN FERNANDO ST ) ,1427.7186907614723
440,IMP,5,PIERIAN AVE,W SOUTHCROSS BLVD,W GERALD,West Side,66643.05,2020,2020-02-03,2019-12-31,2019-11-25,2019-12-11,100.0,Sidewalks,Maitham Humoud,0,886.0,0.0,None Existing,PIERIAN AVE - West Side ( W SOUTHCROSS BLVD To W GERALD ) ,875.7290151744866
442,IMP,6,ROGERS RD,WESTOVER HILLS BLVD,W MILITARY DR,Both Sides,255420.52,2020,2020-03-02,2020-09-30,2020-02-27,2020-07-28,100.0,Sidewalks,Maitham Humoud,0,3356.38,0.0,None Existing,ROGERS RD - Both Sides ( WESTOVER HILLS BLVD To W MILITARY DR ) ,3356.379352449183
444,IMP,7,W ASHBY PLACE,N ELMENDORF,N ZARZAMORA,Both Sides,83559.32,2020,2020-05-05,2020-06-30,2020-05-05,2020-06-05,100.0,Sidewalks,Maitham Humoud,0,1098.02,0.0,None Existing,W ASHBY PLACE - Both Sides ( N ELMENDORF To N ZARZAMORA ) ,1098.0217693015272
446,IMP,8,CALLAGHAN RD,MIDVALE,GREENSBORO,West Side,82924.65,2020,2020-02-03,2020-04-24,2020-02-03,2020-04-30,100.0,Sidewalks,Oziegbe Oyameda,0,1089.68,0.0,None Existing,CALLAGHAN RD - West Side ( MIDVALE To GREENSBORO ) ,1065.0289750880993
448,IMP,8,OAKDELL WAY,HAMILTON WOLFE,LAMB RD,North Side,144607.5,2020,2019-11-13,2020-02-20,2019-11-13,2020-02-20,100.0,Sidewalks,Oziegbe Oyameda,0,1900.23,0.0,None Existing,OAKDELL WAY - North Side ( HAMILTON WOLFE To LAMB RD ) ,1900.2287041131765
522,IMP,8,Babcock Rd,BAYWATER DR,CHEDDER DR,East Side,122153.56,2020,2020-05-14,2020-07-01,2020-05-14,2020-07-13,100.0,Sidewalks,Oziegbe Oyameda,0,1754.0,0.0,None Existing,Babcock Rd - East Side ( BAYWATER DR To CHEDDER DR ) ,1490.4063627418936
549,IMP,10,EDGEFIELD DR,SCHERTZ RD,GREYSTONE DR,East Side,53573.64,2020,2020-04-06,2020-05-20,2020-04-06,2020-06-17,100.0,Sidewalks,Oziegbe Oyameda,0,703.99,0.0,None Existing,EDGEFIELD DR - East Side ( SCHERTZ RD To GREYSTONE DR ) ,703.9889839037135
670,IMP,8,CAMBRAY DR,NEWCOME DR,CHEDDER DR,Both Sides,77597.65,2020,2020-03-19,2020-05-30,2020-03-19,2020-05-29,100.0,Sidewalks,Oziegbe Oyameda,0,1019.68,0.0,None Existing,CAMBRAY DR - Both Sides ( NEWCOME DR To CHEDDER DR ) ,1013.7043519823038
697,IMP,7,KENTUCKY AVE,GOODRICH AVE,ADAES,Both Sides,33789.92,2020,2020-01-27,2020-02-28,2020-01-27,2020-03-13,100.0,Sidewalks,Maitham Humoud,0,444.02,0.0,None Existing,KENTUCKY AVE - Both Sides ( GOODRICH AVE To ADAES ) ,444.02399210384226
763,IMP,9,E SONTERRA BLVD,STONE OAK PKWY,RONALD REAGAN,North Side,36857.51,2020,2020-04-29,2020-06-27,2020-04-29,2020-06-29,100.0,Sidewalks,Oziegbe Oyameda,0,484.33,0.0,None Existing,E SONTERRA BLVD - North Side ( STONE OAK PKWY To RONALD REAGAN ) ,476.7786529339429
774,IMP,9,W RAMSEY,LORENE,LIMELIGHT,North Side,94118.2,2020,2020-03-18,2020-05-09,2020-03-18,2020-06-08,100.0,Sidewalks,Oziegbe Oyameda,0,1236.77,0.0,None Existing,W RAMSEY - North Side ( LORENE To LIMELIGHT ) ,1239.095641523715
778,IMP,9,RONALD REAGAN,CUL-DE-SAC,E SONTERRA BLVD,West Side,40244.72,2020,2020-04-29,2020-06-30,2020-04-29,2020-06-29,100.0,Sidewalks,Oziegbe Oyameda,0,528.84,0.0,None Existing,RONALD REAGAN - West Side ( CUL-DE-SAC To E SONTERRA BLVD ) ,635.6174209503421
787,IMP,9,LOCKHILL-SELMA RD,BLANCO RD,NORTHCREST DR,Both Sides,75415.1,2020,2020-03-23,2020-05-15,2020-03-23,2020-06-08,100.0,Sidewalks,Oziegbe Oyameda,0,991.0,0.0,None Existing,LOCKHILL-SELMA RD - Both Sides ( BLANCO RD To NORTHCREST DR ) ,991.0014144683656
788,IMP,9,BECKETT,WEST AVE,MORNING CT,Both Sides,19528.02,2020,2020-05-04,2020-07-01,2020-05-04,2020-07-01,100.0,Sidewalks,Oziegbe Oyameda,0,577.0,0.0,None Existing,BECKETT - Both Sides ( WEST AVE To MORNING CT ) ,256.611901323463
818,IMP,3,LYRIC AVE,GOLIAD RD,CLARK AVE,Both Sides,68914.64,2020,2019-12-09,2020-02-07,2019-12-26,2020-03-12,100.0,Sidewalks,Karlo Jajliardo,0,905.58,0.0,None Existing,LYRIC AVE - Both Sides ( GOLIAD RD To CLARK AVE ) ,930.105289142652
868,IMP,10,BARRINGTON,ROCK CROFT DR,KINGS PT,South Side,78061.86,2020,2019-12-09,2020-02-14,2019-12-09,2020-02-14,100.0,Sidewalks,Oziegbe Oyameda,0,1025.78,0.0,None Existing,BARRINGTON - South Side ( ROCK CROFT DR To KINGS PT ) ,1005.7267889354796
931,IMP,4,NIAGARA,W HUTCHINS PLACE,NAVAJO ST,West Side,68637.63,2020,2020-04-20,2020-03-31,2020-03-10,2020-03-27,100.0,Sidewalks,Karlo Jajliardo,0,901.94,0.0,None Existing,NIAGARA - West Side ( W HUTCHINS PLACE To NAVAJO ST ) ,808.7976166703578
933,IMP,4,TROPICANA PLACE,CUL-DE-SAC,FIVE PALMS DR,Both Sides,50500.72,2020,2020-01-06,2020-02-21,2020-01-03,2020-02-07,100.0,Sidewalks,Karlo Jajliardo,0,663.61,0.0,None Existing,TROPICANA PLACE - Both Sides ( CUL-DE-SAC To FIVE PALMS DR ) ,663.6136766206405
955,IMP,10,COMSTOCK,KINGS PT,PERRIN BEITEL,Both Sides,22283.6,2020,2020-01-13,2020-03-30,2020-01-13,2020-03-19,100.0,Sidewalks,Oziegbe Oyameda,0,292.82,0.0,None Existing,COMSTOCK - Both Sides ( KINGS PT To PERRIN BEITEL ) ,300.6443472806531
1144,IMP,6,PARK FIELD,BROWNLEAF DR,N PARK BEND,Both Sides,146000.0,2020,2020-06-01,2020-06-30,2020-05-13,2020-06-15,100.0,Sidewalks,Maitham Humoud,0,1619.95,0.0,None Existing,PARK FIELD - Both Sides ( BROWNLEAF DR To N PARK BEND ) ,1641.1268453315895
1153,IMP,6,OLD TEZEL RD,TEZEL RD,ELDERWOOD,North Side,24501.16,2020,2020-07-13,2020-06-30,2020-06-09,2020-06-30,100.0,Sidewalks,Maitham Humoud,0,321.96,0.0,None Existing,OLD TEZEL RD - North Side ( TEZEL RD To ELDERWOOD ) ,321.96060137652967
1171,IMP,2,MIDLAND ST,MERCURY,MOTEL,East Side,26064.25,2020,2020-04-16,2020-05-26,2020-04-16,2020-05-01,100.0,Sidewalks,Carmen Varela-Rivas,0,342.5,0.0,None Existing,MIDLAND ST - East Side ( MERCURY To MOTEL ) ,342.4965139890555
1213,IMP,7,LEO,WAVERLY,ROLLINS AVE,West Side,18043.31,2020,2020-03-20,2020-04-17,2020-04-08,2020-05-06,100.0,Sidewalks,Maitham Humoud,0,237.1,0.0,None Existing,LEO - West Side ( WAVERLY To ROLLINS AVE ) ,237.1003790202857
1214,IMP,5,LINDEN AVE,SHELBY,ADOLPH,North Side,59000.0,2020,2020-09-01,2020-03-31,2020-02-11,2020-03-17,100.0,Sidewalks,Maitham Humoud,0,720.21,0.0,None Existing,LINDEN AVE - North Side ( SHELBY To ADOLPH ) ,720.2123715169918
1235,IMP,10,BARRINGTON,OVERTON,ROCK CROFT DR,North Side,49800.6,2020,2020-02-10,2020-03-20,2020-02-10,2020-03-20,100.0,Sidewalks,Oziegbe Oyameda,0,654.41,0.0,None Existing,BARRINGTON - North Side ( OVERTON To ROCK CROFT DR ) ,527.5592946580277
1437,IMP,1,LEE HALL,BLANCO RD,N AUDUBON,South Side,52784.76,2020,2020-09-21,2020-09-30,2020-09-28,2020-10-23,100.0,Sidewalks,Daniel Carrion,0,1089.43,0.0,None Existing,LEE HALL - South Side ( BLANCO RD To N AUDUBON ) ,1089.4342653568858
1682,IMP,1,LA MANDA BLVD,BEACON AVE,SAN PEDRO AVE,North Side,56829.22,2020,2021-02-08,2021-02-26,2021-02-08,2021-03-12,100.0,Sidewalks,Daniel Carrion,0,1159.78,0.0,None Existing,LA MANDA BLVD - North Side ( BEACON AVE To SAN PEDRO AVE ) ,1159.77584745387
1709,IMP,1,SAN ANGELO,WEST AVE,NEER AVE,South Side,75229.21,2020,2021-03-22,2021-05-02,2021-03-08,2021-03-29,100.0,Sidewalks,Daniel Carrion,0,1535.29,0.0,None Existing,SAN ANGELO - South Side ( WEST AVE To NEER AVE ) ,1535.288692355275
20,IMP,1,JACKSON,WARREN ST,DEAD END,East Side,92524.2,2019,2019-05-22,2019-06-18,2019-05-22,2019-07-08,100.0,Sidewalks,Daniel Carrion,0,1088.52,0.0,None Existing,JACKSON - East Side ( WARREN ST To DEAD END ) ,1088.520006168469
32,IMP,5,EL PASO ST,S ROSILLO,S CIBOLO ST,Both Sides,102445.4,2019,2018-11-15,2019-01-15,2018-11-15,2019-02-19,100.0,Sidewalks,Karlo Jajliardo,0,1780.0,0.0,None Existing,EL PASO ST - Both Sides ( S ROSILLO To S CIBOLO ST ) ,1205.2385218448935
36,IMP,1,McCullough Ave,E POPLAR ST,E CYPRESS,West Side,31771.3,2019,2019-09-25,2020-03-31,2019-09-27,2020-01-10,100.0,Sidewalks,Daniel Carrion,0,373.78,0.0,None Existing,McCullough Ave - West Side ( E POPLAR ST To E CYPRESS ) ,373.7778605201486
60,IMP,1,VANCE ST,LABOR ST,RIDDLE,South Side,31514.53,2019,2020-05-04,2020-09-30,2020-05-05,2020-05-29,100.0,Sidewalks,Daniel Carrion,0,414.12,0.0,None Existing,VANCE ST - South Side ( LABOR ST To RIDDLE ) ,414.11540900623305
62,IMP,1,PASCHAL,E PARK AVE,E EVERGREEN,East Side,18801.27,2019,2020-04-30,2020-06-26,2020-04-30,2020-05-15,100.0,Sidewalks,Daniel Carrion,0,247.06,0.0,None Existing,PASCHAL - East Side ( E PARK AVE To E EVERGREEN ) ,247.06406992479032
65,IMP,4,WRANGLER DR,HOBBLE ST,LATIGO DR,West Side,22232.6,2019,2019-09-17,2019-11-08,2019-10-28,2019-10-23,100.0,Sidewalks,Karlo Jajliardo,0,261.56,0.0,None Existing,WRANGLER DR - West Side ( HOBBLE ST To LATIGO DR ) ,261.5629567035308
96,IMP,5,S ALAZAN,W COMMERCE ST,BUENA VISTA ST,East Side,24565.85,2019,2018-10-05,2018-11-15,2018-10-08,2018-11-14,100.0,Sidewalks,Karlo Jajliardo,0,289.01,0.0,None Existing,S ALAZAN - East Side ( W COMMERCE ST To BUENA VISTA ST ) ,289.01068437109177
105,IMP,1,EL PASO ST,S FLORES ST,S LAREDO ST,Both Sides,25964.0,2019,2019-09-09,2019-09-30,2019-09-05,2019-09-13,100.0,Sidewalks,Daniel Carrion,0,203.46,0.0,None Existing,EL PASO ST - Both Sides ( S FLORES ST To S LAREDO ST ) ,204.9703555476799
127,IMP,2,TOMROB DR,KENMAR,EASTWOOD DR,Both Sides,203623.2,2019,2019-07-29,2019-09-30,2019-07-29,2019-09-23,100.0,Sidewalks,Daniel Carrion,0,2262.48,0.0,None Existing,TOMROB DR - Both Sides ( KENMAR To EASTWOOD DR ) ,2259.8723883083107
141,IMP,5,EL PASO ST,ACORN,S ROSILLO,South Side,12652.25,2019,2018-12-15,2019-02-15,2019-01-18,2019-02-19,100.0,Sidewalks,Karlo Jajliardo,0,211.0,0.0,None Existing,EL PASO ST - South Side ( ACORN To S ROSILLO ) ,148.8480097153288
167,IMP,10,RAINBOW DR,AUSTIN HWY,CLOUDHAVEN DR,Both Sides,79313.5,2019,2018-11-19,2019-01-20,2018-11-14,2019-03-25,100.0,Sidewalks,Luis Ocura,0,933.1,0.0,None Existing,RAINBOW DR - Both Sides ( AUSTIN HWY To CLOUDHAVEN DR ) ,933.0956684207476
170,IMP,10,FOX KNOLL,NACOGDOCHES RD,MARTINS FERRY,Both Sides,57885.0,2019,2019-08-05,2019-09-30,2019-03-28,2019-04-16,100.0,Sidewalks,Luis Ocura,0,959.44,0.0,None Existing,FOX KNOLL - Both Sides ( NACOGDOCHES RD To MARTINS FERRY ) ,959.4417875021212
176,IMP,3,EUREKA DR,GOLIAD RD,CUL-DE-SAC,Both Sides,250381.95,2019,2019-07-08,2019-09-27,2019-09-30,2019-09-30,100.0,Sidewalks,Karlo Jajliardo,0,1886.0,0.0,None Existing,EUREKA DR - Both Sides ( GOLIAD RD To CUL-DE-SAC ) ,2029.361103979751
184,IMP,5,N RICHTER ST,MUSTANG ALLEY,ALICE ALLEY,Both Sides,108816.15,2019,2019-05-02,2019-09-01,2019-05-02,2019-08-16,100.0,Sidewalks,Oziegbe Oyameda,0,1280.19,0.0,None Existing,N RICHTER ST - Both Sides ( MUSTANG ALLEY To ALICE ALLEY ) ,1185.2305074281376
189,IMP,5,N SMITH ST,W TRAVIS ST,W COMMERCE ST,Both Sides,59783.05,2019,2019-06-20,2019-11-15,2019-06-24,2019-09-25,100.0,Sidewalks,Oziegbe Oyameda,0,703.33,0.0,None Existing,N SMITH ST - Both Sides ( W TRAVIS ST To W COMMERCE ST ) ,507.9810195282553
197,IMP,5,S CHUPADERAS,TORREON,ELVIRA ST,West Side,19262.7,2019,2019-03-30,2019-05-10,2019-03-04,2019-07-17,100.0,Sidewalks,Oziegbe Oyameda,0,226.62,0.0,None Existing,S CHUPADERAS - West Side ( TORREON To ELVIRA ST ) ,225.47901209301867
207,IMP,3,RONDA ST,SHASTA AVE,CUL-DE-SAC,Both Sides,124626.15,2019,2019-04-01,2019-05-17,2019-03-19,2019-04-08,100.0,Sidewalks,Karlo Jajliardo,0,2315.0,0.0,None Existing,RONDA ST - Both Sides ( SHASTA AVE To CUL-DE-SAC ) ,1382.6748875373517
228,IMP,5,NW 25TH ST,W HOUSTON ST,W COMMERCE ST,Both Sides,37237.65,2019,2019-04-25,2019-06-04,2019-12-19,2019-02-05,100.0,Sidewalks,Oziegbe Oyameda,0,438.09,0.0,None Existing,NW 25TH ST - Both Sides ( W HOUSTON ST To W COMMERCE ST ) ,378.0801002344839
229,IMP,6,WURZBACH RD,INGRAM RD,VAN CLEAVE DR,West Side,55831.4,2019,2019-09-03,2019-09-30,2019-09-03,2019-09-30,100.0,Sidewalks,Luis Ocura,0,700.0,0.0,None Existing,WURZBACH RD - West Side ( INGRAM RD To VAN CLEAVE DR ) ,667.7500065583456
232,IMP,5,LINDEN AVE,VOTAW ST,KYLE ST,Both Sides,151000.0,2019,2019-09-05,2019-09-30,2019-09-16,2019-09-30,100.0,Sidewalks,Karlo Jajliardo,0,1738.87,0.0,None Existing,LINDEN AVE - Both Sides ( VOTAW ST To KYLE ST ) ,1738.143640127895
233,IMP,5,W GERALD,WABASH ST,S ZARZAMORA,Both Sides,171818.15,2019,2019-03-20,2019-07-18,2019-03-05,2019-06-12,100.0,Sidewalks,Oziegbe Oyameda,0,2021.39,0.0,None Existing,W GERALD - Both Sides ( WABASH ST To S ZARZAMORA ) ,2067.5304307689603
238,IMP,6,WESTROCK DR,West Oak,US HWY 90 W ACCESS RD,Both Sides,48450.0,2019,2019-08-28,2019-09-27,2019-08-29,2019-09-05,100.0,Sidewalks,Maitham Humoud,0,1016.75,0.0,None Existing,WESTROCK DR - Both Sides ( West Oak To US HWY 90 W ACCESS RD ) ,935.8976756035826
241,IMP,5,MILVID AVE,VOTAW ST,S ZARZAMORA,Both Sides,91000.0,2019,2019-09-23,2019-11-15,2019-08-19,2019-11-19,100.0,Sidewalks,Oziegbe Oyameda,0,1281.59,0.0,None Existing,MILVID AVE - Both Sides ( VOTAW ST To S ZARZAMORA ) ,1287.2572820973878
246,IMP,8,HAMILTON WOLFE,FREDERICKSBURG RD,TOM SLICK,Both Sides,76858.2,2019,2019-06-30,2019-09-30,2019-02-04,2019-04-22,100.0,Sidewalks,Oziegbe Oyameda,0,853.98,0.0,Completed,HAMILTON WOLFE - Both Sides ( FREDERICKSBURG RD To TOM SLICK ) ,853.9839894830847
249,IMP,8,TOM SLICK,HAMILTON WOLFE,SID KATZ DR,East Side,64252.35,2019,2018-11-22,2018-12-21,2018-12-05,2019-02-08,100.0,Sidewalks,Oziegbe Oyameda,0,755.91,0.0,None Existing,TOM SLICK - East Side ( HAMILTON WOLFE To SID KATZ DR ) ,755.9131170180648
260,IMP,5,ELVIRA ST,S HAMILTON AVE,CUL-DE-SAC,Both Sides,58530.15,2019,2019-05-20,2019-07-14,2019-02-10,2019-05-22,100.0,Sidewalks,Oziegbe Oyameda,0,688.59,0.0,None Existing,ELVIRA ST - Both Sides ( S HAMILTON AVE To CUL-DE-SAC ) ,688.58880308141
265,IMP,5,RIVAS ST,NW 28TH ST,CUL-DE-SAC,Both Sides,169908.2,2019,2019-03-11,2019-07-09,2019-02-06,2019-06-07,100.0,Sidewalks,Oziegbe Oyameda,0,1998.92,0.0,None Existing,RIVAS ST - Both Sides ( NW 28TH ST To CUL-DE-SAC ) ,1046.7405991668256
272,IMP,7,BRADFORD,CAMINO SANTA MARIA,TEXAS AVE,South Side,25347.0,2019,2019-03-07,2019-05-10,2019-02-25,2019-04-16,100.0,Sidewalks,Luis Ocura,0,770.0,0.0,None Existing,BRADFORD - South Side ( CAMINO SANTA MARIA To TEXAS AVE ) ,298.19856506426777
273,IMP,7,GLENWICK,CULEBRA RD,BRADFORD,Both Sides,33949.0,2019,2019-03-04,2019-05-17,2019-02-25,2019-04-16,100.0,Sidewalks,Luis Ocura,0,399.4,0.0,None Existing,GLENWICK - Both Sides ( CULEBRA RD To BRADFORD ) ,399.4045986330109
275,IMP,5,S MURRY ST,MONTEREY ST,W Cesar E Chavez Blvd,Both Sides,107813.7,2019,2019-06-01,2019-09-30,2019-05-02,2019-07-23,100.0,Sidewalks,Oziegbe Oyameda,0,1197.93,0.0,None Existing,S MURRY ST - Both Sides ( MONTEREY ST To W Cesar E Chavez Blvd ) ,1197.9316553305223
276,IMP,7,SAN ANTONIO AVE,DONALDSON AVE,FREDERICKSBURG RD,Both Sides,78596.1,2019,2019-09-16,2019-12-04,2019-10-02,2019-11-25,100.0,Sidewalks,Luis Ocura,0,1200.0,0.0,None Existing,SAN ANTONIO AVE - Both Sides ( DONALDSON AVE To FREDERICKSBURG RD ) ,924.6623808442828
277,IMP,7,MARY LOUISE,FREDERICKSBURG RD,SAN ANTONIO AVE,South Side,4765.95,2019,2019-09-09,2019-11-04,2019-10-02,2019-09-30,100.0,Sidewalks,Luis Ocura,0,125.0,0.0,None Existing,MARY LOUISE - South Side ( FREDERICKSBURG RD To SAN ANTONIO AVE ) ,56.07490766820646
288,IMP,7,KENTUCKY AVE,ROLLINS AVE,BANDERA RD,Both Sides,105444.2,2019,2018-11-26,2019-02-08,2018-11-27,2019-02-22,100.0,Sidewalks,Maitham Humoud,0,1240.52,0.0,None Existing,KENTUCKY AVE - Both Sides ( ROLLINS AVE To BANDERA RD ) ,1240.5184170315638
293,IMP,7,PETTUS ST,CULEBRA RD,ATWOOD LN,Both Sides,19793.95,2019,2019-04-19,2019-05-16,2019-04-22,2019-05-17,100.0,Sidewalks,Maitham Humoud,0,289.0,0.0,None Existing,PETTUS ST - Both Sides ( CULEBRA RD To ATWOOD LN ) ,232.8655381559365
294,IMP,7,ROANOKE AVE,CULEBRA RD,BRANDYWINE AVE,West Side,7842.95,2019,2019-04-22,2019-05-15,2019-04-19,2019-05-17,100.0,Sidewalks,Maitham Humoud,0,220.0,0.0,None Existing,ROANOKE AVE - West Side ( CULEBRA RD To BRANDYWINE AVE ) ,92.26711665832144
302,IMP,7,PEACOCK AVE,CULEBRA RD,WAVERLY,Both Sides,88614.2,2019,2019-05-16,2019-06-16,2019-01-22,2019-02-22,100.0,Sidewalks,Maitham Humoud,0,1042.52,0.0,None Existing,PEACOCK AVE - Both Sides ( CULEBRA RD To WAVERLY ) ,341.10926337306336
303,IMP,7,KENTUCKY AVE,PEACOCK AVE,GOODRICH AVE,Both Sides,88419.55,2019,2019-09-03,2019-11-04,2019-09-04,2019-10-22,100.0,Sidewalks,Maitham Humoud,0,1324.0,0.0,None Existing,KENTUCKY AVE - Both Sides ( PEACOCK AVE To GOODRICH AVE ) ,1040.2339387237096
304,IMP,7,ROUSE,CULEBRA RD,KENTUCKY AVE,Both Sides,36469.25,2019,2018-11-05,2019-05-17,2018-11-07,2019-02-19,100.0,Sidewalks,Maitham Humoud,0,743.0,0.0,None Existing,ROUSE - Both Sides ( CULEBRA RD To KENTUCKY AVE ) ,429.0527402144382
305,IMP,7,ROUSE,KENTUCKY AVE,WAVERLY,West Side,28928.05,2019,2018-11-05,2019-07-19,2018-11-07,2019-02-01,100.0,Sidewalks,Maitham Humoud,0,419.0,0.0,None Existing,ROUSE - West Side ( KENTUCKY AVE To WAVERLY ) ,340.3337276930428
307,IMP,7,NEFF AVE,CULEBRA RD,WAVERLY,Both Sides,110027.4,2019,2019-04-29,2019-06-21,2019-02-12,2019-03-15,100.0,Sidewalks,Maitham Humoud,0,1446.0,0.0,None Existing,NEFF AVE - Both Sides ( CULEBRA RD To WAVERLY ) ,1232.5394212153333
351,IMP,4,SOMERSET RD,FAIRMEADOWS,REMIGIO,East Side,79000.0,2019,2018-10-15,2018-11-09,2018-10-18,2018-12-12,100.0,Sidewalks,Karlo Jajliardo,0,1425.16,0.0,None Existing,SOMERSET RD - East Side ( FAIRMEADOWS To REMIGIO ) ,1362.5981111997407
396,IMP,1,W KINGS HWY,N FLORES ST,BREEDEN ST,South Side,28158.8,2019,2019-06-10,2019-07-12,2019-06-10,2019-07-08,100.0,Sidewalks,Daniel Carrion,0,331.28,0.0,None Existing,W KINGS HWY - South Side ( N FLORES ST To BREEDEN ST ) ,331.27581229870094
398,IMP,1,SAN FRANCISCO,FREDERICKSBURG RD,WEST AVE,North Side,65379.45,2019,2019-04-29,2019-07-26,2019-04-30,2019-05-29,100.0,Sidewalks,Daniel Carrion,0,769.17,0.0,None Existing,SAN FRANCISCO - North Side ( FREDERICKSBURG RD To WEST AVE ) ,769.1686088448091
399,IMP,1,THAMES DR,TUDOR,LANGTON,Both Sides,182220.45,2019,2019-07-08,2019-08-30,2019-07-08,2019-08-01,100.0,Sidewalks,Daniel Carrion,0,913.0,0.0,None Existing,THAMES DR - Both Sides ( TUDOR To LANGTON ) ,2043.6142259856863
400,IMP,2,GULF ST,N WALTERS,N ROSARY ST,Both Sides,353934.05,2019,2020-03-09,2020-06-30,2020-03-07,2020-06-05,100.0,Sidewalks,Daniel Carrion,0,4163.93,0.0,Existing/None Existing,GULF ST - Both Sides ( N WALTERS To N ROSARY ST ) ,4163.925472044434
401,IMP,2,SPRINGFIELD RD,N WW WHITE RD,DIETRICH RD,East Side,43826.85,2019,2018-12-10,2019-04-19,2018-12-26,2019-02-06,100.0,Sidewalks,Daniel Carrion,0,608.0,0.0,None Existing,SPRINGFIELD RD - East Side ( N WW WHITE RD To DIETRICH RD ) ,569.5482387218502
402,IMP,3,BETTY JEAN,JUNIOR ST,HILLJE ST,Both Sides,367649.65,2019,2020-01-20,2020-03-31,2019-09-30,2020-03-18,100.0,Sidewalks,David Hook,0,4325.29,0.0,Existing/None Existing,BETTY JEAN - Both Sides ( JUNIOR ST To HILLJE ST ) ,4325.285085356127
403,IMP,3,COMMERCIAL AVE,IH 35 S ACCESS RD,W SOUTHCROSS BLVD,East Side,36308.6,2019,2018-10-15,2018-11-15,2018-10-15,2018-11-05,100.0,Sidewalks,Karlo Jajliardo,0,427.16,0.0,None Existing,COMMERCIAL AVE - East Side ( IH 35 S ACCESS RD To W SOUTHCROSS BLVD ) ,427.1636194819976
404,IMP,4,LELANI PLACE,FIVE PALMS DR,SURFRIDER,Both Sides,276391.95,2019,2018-10-03,2018-11-27,2018-11-05,2019-01-03,100.0,Sidewalks,Karlo Jajliardo,0,3251.67,0.0,None Existing,LELANI PLACE - Both Sides ( FIVE PALMS DR To SURFRIDER ) ,3251.666235608971
406,IMP,4,SEACOMBER,ROYALGATE DR,AMBERWOOD DR,North Side,101596.25,2019,2019-03-01,2019-06-15,2018-12-26,2019-02-20,100.0,Sidewalks,Karlo Jajliardo,0,1195.25,0.0,None Existing,SEACOMBER - North Side ( ROYALGATE DR To AMBERWOOD DR ) ,1181.0474558335866
407,IMP,5,BURBANK LOOP,CORDERO,FAIRMONT,Both Sides,159431.95,2019,2019-07-01,2019-09-30,2019-04-05,2019-09-18,100.0,Sidewalks,Oziegbe Oyameda,0,1104.43,0.0,None Existing,BURBANK LOOP - Both Sides ( CORDERO To FAIRMONT ) ,1875.6679277275723
409,IMP,5,BUFFALO ST,CRYSTAL,KEATS,East Side,22605.75,2019,2019-07-22,2019-08-21,2018-12-18,2019-01-09,100.0,Sidewalks,Oziegbe Oyameda,0,265.95,0.0,None Existing,BUFFALO ST - East Side ( CRYSTAL To KEATS ) ,265.9533599454654
410,IMP,6,PARK VILLAGE,BROWNLEAF DR,N PARK BEND,Both Sides,142426.85,2019,2019-08-30,2019-12-04,2019-09-05,2019-10-25,100.0,Sidewalks,Maitham Humoud,0,1675.61,0.0,None Existing,PARK VILLAGE - Both Sides ( BROWNLEAF DR To N PARK BEND ) ,1550.240420020206
412,IMP,6,WESTBEND,BROWNLEAF DR,N PARK BEND,Both Sides,142303.6,2019,2019-08-30,2019-12-04,2019-10-23,2019-12-11,100.0,Sidewalks,Maitham Humoud,0,1674.16,0.0,None Existing,WESTBEND - Both Sides ( BROWNLEAF DR To N PARK BEND ) ,1598.945066918801
413,IMP,7,W BROADVIEW DR,BANDERA RD,RIMROCK DR,West Side,28000.0,2019,2019-02-04,2019-03-29,2019-02-19,2019-02-27,100.0,Sidewalks,Maitham Humoud,0,332.3,0.0,None Existing,W BROADVIEW DR - West Side ( BANDERA RD To RIMROCK DR ) ,332.29513207174364
414,IMP,7,CARY GRANT DR,LON CHANEY,ERNIE KOVAK,South Side,23000.0,2019,2019-07-09,2019-08-30,2019-07-15,2019-08-07,100.0,Sidewalks,Maitham Humoud,0,405.0,0.0,None Existing,CARY GRANT DR - South Side ( LON CHANEY To ERNIE KOVAK ) ,270.428437757379
415,IMP,7,EVERS RD,FOREST DELL,ANGIE PLACE,Both Sides,128000.0,2019,2019-05-29,2019-07-31,2019-05-29,2019-07-16,100.0,Sidewalks,Maitham Humoud,0,2043.66,0.0,None Existing,EVERS RD - Both Sides ( FOREST DELL To ANGIE PLACE ) ,1773.3260188080703
416,IMP,7,HIGH BASIN,BIG HORN DR,WHITE TAIL,Both Sides,104000.0,2019,2019-03-22,2019-10-01,2019-04-15,2019-10-22,100.0,Sidewalks,Maitham Humoud,0,1615.0,0.0,None Existing,HIGH BASIN - Both Sides ( BIG HORN DR To WHITE TAIL ) ,1526.165169328939
417,IMP,7,INGRAM RD,MAJESTIC,WHITE TAIL,North Side,128000.0,2019,2019-02-25,2019-05-17,2019-02-21,2019-05-09,100.0,Sidewalks,Maitham Humoud,0,1454.83,0.0,None Existing,INGRAM RD - North Side ( MAJESTIC To WHITE TAIL ) ,1447.122244388442
418,IMP,8,HONEYCOMB DR,PETITE,HUEBNER RD,North Side,51000.0,2019,2019-09-30,2020-03-31,2019-09-26,2020-01-07,100.0,Sidewalks,Oziegbe Oyameda,0,878.0,0.0,None Existing,HONEYCOMB DR - North Side ( PETITE To HUEBNER RD ) ,339.74094907290174
422,IMP,9,W SILVER SANDS,SANDMAN,REVERIE LN,South Side,94890.0,2019,2019-02-28,2019-06-28,2019-02-28,2019-09-28,100.0,Sidewalks,Luis Ocura,0,1492.0,0.0,None Existing,W SILVER SANDS - South Side ( SANDMAN To REVERIE LN ) ,2100.4715328361385
423,IMP,10,EISENHAUER RD,N NEW BRAUNFELS AVE,KENILWORTH BLVD,Both Sides,380960.65,2019,2019-02-28,2019-09-20,2019-02-27,2019-09-30,100.0,Sidewalks,Luis Ocura,0,4481.89,0.0,None Existing,EISENHAUER RD - Both Sides ( N NEW BRAUNFELS AVE To KENILWORTH BLVD ) ,4588.379533277887
424,IMP,10,ORBIT,LEYTE,CANAVERAL,East Side,22106.8,2019,2018-11-07,2018-11-26,2018-11-05,2018-11-09,100.0,Sidewalks,Luis Ocura,0,260.08,0.0,None Existing,ORBIT - East Side ( LEYTE To CANAVERAL ) ,260.08397663986307
443,IMP,6,VALLEY PARK DR,BROWNLEAF DR,N PARK BEND,Both Sides,174000.0,2019,2019-09-04,2019-11-22,2019-09-09,2019-10-28,100.0,Sidewalks,Luis Ocura,0,1162.24,0.0,None Existing,VALLEY PARK DR - Both Sides ( BROWNLEAF DR To N PARK BEND ) ,1131.1597530904091
450,IMP,9,KNIGHTS CROSS DR,STONE OAK PKWY,OAK FARM,Both Sides,120277.55,2019,2019-10-07,2019-11-11,2019-11-11,2019-12-16,100.0,Sidewalks,Luis Ocura,0,1415.03,0.0,None Existing,KNIGHTS CROSS DR - Both Sides ( STONE OAK PKWY To OAK FARM ) ,1389.7196090050527
452,IMP,9,E SILVER SANDS,REVERIE LN,SAN PEDRO AVE,South Side,95110.2,2019,2019-02-28,2019-06-28,2019-02-28,2019-09-28,100.0,Sidewalks,Luis Ocura,0,1958.0,0.0,None Existing,E SILVER SANDS - South Side ( REVERIE LN To SAN PEDRO AVE ) ,1005.6865479843163
454,IMP,10,THOUSAND OAKS,NACOGDOCHES RD,ALAMO BLANCO,Both Sides,51558.45,2019,2018-11-21,2019-05-31,2019-01-08,2019-03-25,100.0,Sidewalks,Luis Ocura,0,606.57,0.0,None Existing,THOUSAND OAKS - Both Sides ( NACOGDOCHES RD To ALAMO BLANCO ) ,606.5715861176346
457,IMP,1,LA MANDA BLVD,CAPITOL,BLANCO RD,North Side,150131.25,2019,2019-07-08,2019-09-30,2019-07-08,2019-08-01,100.0,Sidewalks,Daniel Carrion,0,1766.25,0.0,None Existing,LA MANDA BLVD - North Side ( CAPITOL To BLANCO RD ) ,1766.2511708712318
458,IMP,1,NATHAN,E RISCHE,SWEET,Both Sides,25988.09,2019,2020-06-22,2020-07-24,2020-06-22,2020-07-02,100.0,Sidewalks,Daniel Carrion,0,333.17,0.0,None Existing,NATHAN - Both Sides ( E RISCHE To SWEET ) ,333.16567131297825
459,IMP,1,N NAVIDAD,W SALINAS,W TRAVIS ST,East Side,25228.35,2019,2020-06-15,2020-06-30,2020-06-12,2020-06-19,100.0,Sidewalks,Daniel Carrion,0,323.43,0.0,None Existing,N NAVIDAD - East Side ( W SALINAS To W TRAVIS ST ) ,331.1066677586336
464,IMP,2,N MESQUITE ST,E HOUSTON ST,CENTER ST,Both Sides,74174.4,2019,2019-02-03,2019-03-25,2019-03-19,2019-04-19,100.0,Sidewalks,Daniel Carrion,0,1457.0,0.0,None Existing,N MESQUITE ST - Both Sides ( E HOUSTON ST To CENTER ST ) ,1361.1594548318308
474,IMP,5,W COMMERCE ST,S HAMILTON AVE,S SPRING,South Side,27019.8,2019,2019-07-25,2019-08-24,2019-07-24,2019-09-25,100.0,Sidewalks,Oziegbe Oyameda,0,438.0,0.0,None Existing,W COMMERCE ST - South Side ( S HAMILTON AVE To S SPRING ) ,317.8805248849328
478,IMP,6,S BROWNLEAF DR,GREEN PARK,WESTLEAF,North Side,28982.45,2019,2019-04-18,2019-05-09,2019-04-15,2019-05-15,100.0,Sidewalks,Luis Ocura,0,340.97,0.0,None Existing,S BROWNLEAF DR - North Side ( GREEN PARK To WESTLEAF ) ,340.9723073723823
486,IMP,7,WAPITI TRL,BIG HORN DR,WHITE TAIL,Both Sides,102000.0,2019,2019-08-01,2019-09-25,2019-08-05,2019-09-30,100.0,Sidewalks,Luis Ocura,0,1360.0,0.0,None Existing,WAPITI TRL - Both Sides ( BIG HORN DR To WHITE TAIL ) ,1267.1459304340913
491,IMP,2,LAURENS LN,SANDMEYER,E CARSON,West Side,27900.0,2019,2019-04-15,2019-05-15,2019-04-16,2019-04-29,100.0,Sidewalks,Daniel Carrion,0,380.0,0.0,None Existing,LAURENS LN - West Side ( SANDMEYER To E CARSON ) ,309.2271430943259
492,IMP,2,READWELL DR,S WW WHITE RD,STOLNET,South Side,15725.0,2019,2019-01-09,2019-06-26,2019-01-14,2019-01-16,100.0,Sidewalks,Daniel Carrion,0,175.0,0.0,Existing/None Existing,READWELL DR - South Side ( S WW WHITE RD To STOLNET ) ,343.03620720574355
499,IMP,8,SPRING RAIN DR,SPRING LEAF,SPRING FOREST DR,Both Sides,41946.65,2019,2018-11-02,2018-12-20,2018-10-29,2018-11-29,100.0,Sidewalks,Oziegbe Oyameda,0,493.49,0.0,None Existing,SPRING RAIN DR - Both Sides ( SPRING LEAF To SPRING FOREST DR ) ,493.48668769937063
507,IMP,1,Gillespie,E EVERGREEN,E LAUREL ST,East Side,13460.02,2019,2020-07-06,2020-07-29,2020-07-06,2020-07-29,100.0,Sidewalks,Daniel Carrion,0,168.29,0.0,None Existing,Gillespie - East Side ( E EVERGREEN To E LAUREL ST ) ,168.28921164078514
513,IMP,2,MUNCEY,SHERMAN ST,LAMAR ST,Both Sides,61704.05,2019,2019-02-03,2019-03-03,2019-02-21,2019-04-09,100.0,Sidewalks,Daniel Carrion,0,1857.0,0.0,None Existing,MUNCEY - Both Sides ( SHERMAN ST To LAMAR ST ) ,732.4290020325187
518,IMP,3,GENEVIEVE DR,CURTIS ST,ROOSEVELT AVE,North Side,24153.6,2019,2019-07-15,2019-04-01,2019-02-04,2019-02-22,100.0,Sidewalks,Karlo Jajliardo,0,755.0,0.0,None Existing,GENEVIEVE DR - North Side ( CURTIS ST To ROOSEVELT AVE ) ,283.0653092194804
537,IMP,4,HUNTER BLVD,POTEET JOURDANTON FWY ACCESS RD,PALO ALTO RD,North Side,21219.4,2019,2019-08-05,2019-08-23,2019-08-12,2019-09-30,100.0,Sidewalks,Karlo Jajliardo,0,487.0,0.0,None Existing,HUNTER BLVD - North Side ( POTEET JOURDANTON FWY ACCESS RD To PALO ALTO RD ) ,249.63873497047345
544,IMP,3,GOLIAD RD,E SOUTHCROSS BLVD,BILL MILLER LN,East Side,16939.65,2019,2018-12-17,2019-07-15,2019-01-07,2019-02-25,100.0,Sidewalks,Karlo Jajliardo,0,340.0,0.0,None Existing,GOLIAD RD - East Side ( E SOUTHCROSS BLVD To BILL MILLER LN ) ,199.2890109203654
556,IMP,9,ENCINO RIO,ENCINO LEDGE,CREEK COUNTRY,North Side,98450.0,2019,2019-09-03,2019-12-27,2019-10-09,2019-12-16,100.0,Sidewalks,Luis Ocura,0,772.73,0.0,None Existing,ENCINO RIO - North Side ( ENCINO LEDGE To CREEK COUNTRY ) ,772.730479494129
558,IMP,1,BREEDEN ST,W KINGS HWY,W SUMMIT,West Side,24440.05,2019,2019-06-10,2019-07-23,2019-06-10,2019-07-08,100.0,Sidewalks,Daniel Carrion,0,287.53,0.0,None Existing,BREEDEN ST - West Side ( W KINGS HWY To W SUMMIT ) ,287.52871961377434
579,IMP,8,HEAP CIR,SPOTSWOOD,CUL-DE-SAC,Both Sides,61606.3,2019,2019-09-01,2019-09-30,2018-11-16,2019-01-18,100.0,Sidewalks,Oziegbe Oyameda,0,724.78,0.0,None Existing,HEAP CIR - Both Sides ( SPOTSWOOD To CUL-DE-SAC ) ,724.7799323978194
622,IMP,5,LEROUX ST,SW 26TH ST,SW 24TH ST,Both Sides,63000.0,2019,2019-06-03,2019-07-18,2019-05-28,2019-09-30,100.0,Sidewalks,Karlo Jajliardo,0,971.0,0.0,None Existing,LEROUX ST - Both Sides ( SW 26TH ST To SW 24TH ST ) ,835.8126046101635
623,IMP,5,GRENET,S BRAZOS ST,S SMITH ST,Both Sides,87000.0,2019,2019-07-20,2019-08-20,2019-07-20,2019-09-30,100.0,Sidewalks,Karlo Jajliardo,0,914.54,0.0,None Existing,GRENET - Both Sides ( S BRAZOS ST To S SMITH ST ) ,992.377345121678
657,IMP,10,WORDSWORTH,NACOGDOCHES RD,CHESTERTON,Both Sides,23000.0,2019,2019-06-05,2019-07-03,2019-06-05,2019-09-03,100.0,Sidewalks,Luis Ocura,0,682.0,0.0,None Existing,WORDSWORTH - Both Sides ( NACOGDOCHES RD To CHESTERTON ) ,243.80902901449264
831,IMP,9,INDIGO,MOONGLOW DR,603 Indigo,North Side,33000.0,2019,2019-07-01,2019-07-25,2019-07-01,2019-07-20,100.0,Sidewalks,Luis Ocura,0,562.61,0.0,None Existing,INDIGO - North Side ( MOONGLOW DR To 603 Indigo ) ,567.1410098628058
901,IMP,3,HOT WELLS,CLARK AVE,PYLE,North Side,64895.4,2019,2019-09-02,2019-11-22,2019-10-21,2019-10-03,100.0,Sidewalks,Karlo Jajliardo,0,797.0,0.0,None Existing,HOT WELLS - North Side ( CLARK AVE To PYLE ) ,721.0586373863081
909,IMP,2,ELBEL LN,TOMROB DR,KENMAR,West Side,39231.0,2019,2019-08-05,2019-11-30,2019-08-12,2019-09-09,100.0,Sidewalks,Daniel Carrion,0,435.9,0.0,None Existing,ELBEL LN - West Side ( TOMROB DR To KENMAR ) ,435.89961218502094
910,IMP,2,SPRINGFIELD RD,NE LOOP 410 ACCESS RD,DIETRICH RD,East Side,165303.0,2019,2019-08-19,2019-10-01,2019-08-28,2019-11-05,100.0,Sidewalks,Daniel Carrion,0,1836.7,0.0,None Existing,SPRINGFIELD RD - East Side ( NE LOOP 410 ACCESS RD To DIETRICH RD ) ,1805.211038203327
953,IMP,8,GUS ECKERT RD,FREDERICKSBURG RD,Dead End,North Side,134681.02,2019,2019-09-15,2020-03-31,2019-09-23,2020-01-10,100.0,Sidewalks,Oziegbe Oyameda,0,1769.79,0.0,None Existing,GUS ECKERT RD - North Side ( FREDERICKSBURG RD To Dead End ) ,1769.785956906472
1167,IMP,9,LIMA DR,LARKSPUR,PINETUM DR,South Side,39700.06,2019,Not Available,Not Available,Not Available,Not Available,0.0,Unknown,Unknown,Unknown,552.37,0.0,Unknown,LIMA DR - South Side ( LARKSPUR To PINETUM DR ) ,552.3747010699838
1195,IMP,1,DALEHURST DR,SALEM DR,ROSEDALE,South Side,128369.28,2019,2020-03-01,2020-06-30,2020-03-10,2020-04-03,100.0,Sidewalks,Daniel Carrion,0,1686.85,0.0,None Existing,DALEHURST DR - South Side ( SALEM DR To ROSEDALE ) ,1686.8474340818798
1196,IMP,1,SCALES,GREENHAVEN,IH 10 W ACCESS RD,East Side,59766.66,2019,2020-03-01,2020-06-30,2020-03-02,2020-03-13,100.0,Sidewalks,Daniel Carrion,0,785.37,0.0,None Existing,SCALES - East Side ( GREENHAVEN To IH 10 W ACCESS RD ) ,785.3670385192381
1225,IMP,1,SALEM DR,GREENHAVEN,DALEHURST DR,Both Sides,40539.23,2019,2020-03-02,2020-03-13,2020-04-08,2020-04-17,100.0,Sidewalks,Daniel Carrion,0,532.71,0.0,None Existing,SALEM DR - Both Sides ( GREENHAVEN To DALEHURST DR ) ,532.7147328994158
1226,IMP,1,GREENHAVEN,VANCE JACKSON,SALEM DR,North Side,166219.14,2019,2020-04-13,2020-05-22,2020-04-08,2020-06-05,100.0,Sidewalks,Daniel Carrion,0,2184.22,0.0,None Existing,GREENHAVEN - North Side ( VANCE JACKSON To SALEM DR ) ,2184.2156811479745
1647,IMP,1,VENICE ST,BRAD,DEAD END,North Side,61603.78,2019,2021-12-15,2021-02-15,2020-12-02,2021-01-25,99.0,Sidewalks,Daniel Carrion,0,1257.22,0.0,None Existing,VENICE ST - North Side ( BRAD To DEAD END ) ,1257.2245273003782
1701,IMP,1,MARDELL ST,WEST AVE,BRAD,South Side,24336.1,2019,2021-01-19,2021-03-31,2021-01-25,2021-01-29,95.0,Sidewalks,Daniel Carrion,0,450.87,0.0,None Existing,MARDELL ST - South Side ( WEST AVE To BRAD ) ,435.8966538688845
2981,IMP,7,Meredith Dr,Dickinson Dr,Wilson Blvd,Both Sides,136170.0,2018,2018-04-10,2018-08-01,2018-04-10,2018-05-25,100.0,Sidewalks,Maitham Humoud,0,1600.0,0.0,Completed,Meredith Dr - Both Sides ( Dickinson Dr To Wilson Blvd ) ,2019.2689529733696
3011,IMP,7,El Centro,Cuelbra Rd,Cul-De-Sac,West Side,192060.0,2018,2018-05-18,2018-09-05,2018-05-30,2018-08-31,100.0,Sidewalks,Maitham Humoud,0,2134.0,0.0,Completed,El Centro - West Side ( Cuelbra Rd To Cul-De-Sac ) ,2221.4396906155503
3022,IMP,5,San Fernando,Barclay St,SW 21st St,Both Sides,116000.0,2018,2017-10-27,2018-01-03,2017-11-01,2018-01-29,100.0,Sidewalks,Karlo Jajliardo,0,1080.0,0.0,Completed,San Fernando - Both Sides ( Barclay St To SW 21st St ) ,1093.7714036988164
3048,IMP,2,Potomac,St James,New Braunfels,Both Sides,231000.0,2018,2017-12-04,2018-03-10,2017-12-26,2018-03-02,100.0,Sidewalks,Daniel Carrion,0,1776.0,0.0,Baseline,Potomac - Both Sides ( St James To New Braunfels ) ,1325.5127959095971
3049,IMP,2,Sherman,N Olive,Edgar,South Side,90000.0,2018,2018-05-05,2018-07-09,2018-03-05,2018-04-06,100.0,Sidewalks,Daniel Carrion,0,1000.0,0.0,Baseline,Sherman - South Side ( N Olive To Edgar ) ,417.9496689868978
3091,IMP,3,Haggin,Pine,Lynhurst,Odd Side,187000.0,2018,Not Available,Not Available,2018-05-07,2018-07-13,100.0,Sidewalks,Karlo Jajliardo,0,1850.0,0.0,Completed,Haggin - Odd Side ( Pine To Lynhurst ) ,1702.9652597422455
3103,IMP,2,Burnet St,Live Oak St,N Cherry,Both Sides,206000.0,2018,2017-11-06,2018-01-20,2017-11-11,2018-01-31,100.0,Sidewalks,Daniel Carrion,0,1252.0,0.0,Baseline,Burnet St - Both Sides ( Live Oak St To N Cherry ) ,1188.054087510788
3140,IMP,9,Patricia Dr,Enchanted,Moonglow Dr,East Side,38000.0,2018,2018-01-18,2018-02-18,2017-11-29,2018-01-20,100.0,Sidewalks,Luis Ocura,0,152.0,0.0,Baseline,Patricia Dr - East Side ( Enchanted To Moonglow Dr ) ,121.89511646291292
3267,IMP,9,Anchor,Belair Dr,Dead End,Both Sides,132000.0,2018,2017-11-06,2018-01-13,2017-11-06,2017-12-20,100.0,Sidewalks,Luis Ocura,0,1093.0,0.0,Baseline,Anchor - Both Sides ( Belair Dr To Dead End ) ,990.4808005641158
3275,IMP,4,Farrel Dr,Cedarhurst Dr,Cul-De-Sac,Both Sides,204000.0,2018,2018-03-22,2018-06-24,2018-01-16,2018-03-15,100.0,Sidewalks,Karlo Jajliardo,0,1720.0,0.0,Completed,Farrel Dr - Both Sides ( Cedarhurst Dr To Cul-De-Sac ) ,1467.7825088603852
3279,IMP,6,Westcliff,Westplain,Cul-De-Sac,Both Sides,202000.0,2018,2017-12-04,2018-02-05,2018-01-22,2018-03-15,100.0,Sidewalks,Maitham Humoud,0,2300.0,0.0,Completed,Westcliff - Both Sides ( Westplain To Cul-De-Sac ) ,1097.744847386739
3284,IMP,10,Harry Wurzbach,Oakwell Farms Pkwy,Lynn Batts Ln,East Side,194000.0,2018,2018-04-10,2018-08-01,2018-04-10,2018-06-15,100.0,Sidewalks,Luis Ocura,0,1219.0,0.0,Baseline,Harry Wurzbach - East Side ( Oakwell Farms Pkwy To Lynn Batts Ln ) ,1684.5949017562853
3315,IMP,7,Riverdale,Hillcrest Dr,Nw 36th St,South Side,105120.0,2018,2018-04-09,2018-08-01,2018-04-09,2018-05-25,100.0,Sidewalks,Maitham Humoud,0,1168.0,0.0,Completed,Riverdale - South Side ( Hillcrest Dr To Nw 36th St ) ,1168.3039422422078
3322,IMP,6,Blue Oak Ln,Pinn Rd,Noble Oak Dr,Both Sides,43000.0,2018,2017-11-20,2017-12-28,2017-11-20,2018-01-09,100.0,Sidewalks,Maitham Humoud,0,327.0,0.0,Completed,Blue Oak Ln - Both Sides ( Pinn Rd To Noble Oak Dr ) ,320.1999681689447
3334,IMP,1,Grant Ave,W Russell Place,Cincinnati Ave,Both Sides,86500.0,2018,2017-11-06,2017-12-31,2017-11-01,2018-01-19,100.0,Sidewalks,Daniel Carrion,0,765.0,0.0,Baseline,Grant Ave - Both Sides ( W Russell Place To Cincinnati Ave ) ,589.8223753321344
3348,IMP,5,Wilcox Ave,Quintana Rd,Creighton Ave,Both Sides,244179.0,2018,2017-10-02,2017-11-04,2017-10-02,2018-01-31,100.0,Sidewalks,Karlo Jajliardo,0,2150.0,0.0,Completed,Wilcox Ave - Both Sides ( Quintana Rd To Creighton Ave ) ,2386.193576127664
3349,IMP,8,Honeycomb Dr,Huebner Rd,Sunburst Ln,Both Sides,225000.0,2018,2019-05-20,2019-05-28,2019-05-20,2019-05-24,100.0,Sidewalks,Oziegbe Oyameda,0,1982.0,0.0,Baseline,Honeycomb Dr - Both Sides ( Huebner Rd To Sunburst Ln ) ,1890.7694137723583
3355,IMP,3,Piedmont Ave,Vanderbilt,Haggin St,Both Sides,116000.0,2018,Not Available,Not Available,2018-07-10,2018-09-25,100.0,Sidewalks,Karlo Jajliardo,0,1160.0,0.0,Completed,Piedmont Ave - Both Sides ( Vanderbilt To Haggin St ) ,1077.683819449595
3415,IMP,4,Gaddis Blvd,Marek St,S Zarzamora,Both Sides,249000.0,2018,2017-11-06,2018-03-17,2017-11-06,2018-02-09,100.0,Sidewalks,Karlo Jajliardo,0,2655.0,0.0,Completed,Gaddis Blvd - Both Sides ( Marek St To S Zarzamora ) ,1994.7431032551592
3431,IMP,2,Roper St,E Carson,Sandmeyer,West Side,16000.0,2018,2018-03-15,2018-04-16,2018-01-09,2018-01-31,100.0,Sidewalks,Luis Ocura,0,186.0,0.0,Baseline,Roper St - West Side ( E Carson To Sandmeyer ) ,187.2470155794478
3434,IMP,6,San Joaquin S,Eldridge Ave,Castroville Rd,West Side,166500.0,2018,2018-05-07,2018-08-14,2018-08-06,2018-11-08,100.0,Sidewalks,Luis Ocura,0,1850.0,0.0,Completed,San Joaquin S - West Side ( Eldridge Ave To Castroville Rd ) ,1868.1316628700692
3454,IMP,8,Spring Trl,Dead End,Dead End,West Side,129409.2,2018,2018-03-29,2018-06-18,2018-01-10,2018-03-16,100.0,Sidewalks,Oziegbe Oyameda,0,1396.0,0.0,Baseline,Spring Trl - West Side ( Dead End To Dead End ) ,993.5668398945278
3460,IMP,3,Monticello Ct,Hillje St,Lyric Ave,Both Sides,77046.09,2018,2024-02-26,2024-04-30,Not Available,Not Available,100.0,Sidewalks,Luis Ocura,0,780.0,0.0,Baseline,Monticello Ct - Both Sides ( Hillje St To Lyric Ave ) ,779.6040552194181
3486,IMP,6,Westbluff,Westcliff,Westlawn,East Side,41000.0,2018,2018-05-01,2018-07-15,2018-04-16,2018-05-04,100.0,Sidewalks,Maitham Humoud,0,389.0,0.0,Completed,Westbluff - East Side ( Westcliff To Westlawn ) ,367.8769476326054
3573,IMP,1,Morales,N Calaveras,Chipaderas St,North Side,16422.56,2018,2018-01-05,2018-02-06,2017-12-11,2018-01-19,100.0,Sidewalks,Daniel Carrion,0,172.0,0.0,Baseline,Morales - North Side ( N Calaveras To Chipaderas St ) ,144.9997804996322
3574,IMP,1,Oblate,Mccullough Ave,Waring,North Side,76097.56,2018,2024-02-05,2024-06-06,2024-02-05,2024-03-04,98.0,Sidewalks,Emanuel Saldana,0,797.0,0.0,Baseline,Oblate - North Side ( Mccullough Ave To Waring ) ,680.1977807670039
3578,IMP,9,Mt Boracho,Fabulous,"Mt Perkins

Mt Perkins",West Side,111510.0,2018,2018-08-01,2018-09-30,2018-04-16,2018-05-25,100.0,Sidewalks,Luis Ocura,0,291.0,0.0,Baseline,"Mt Boracho - West Side ( Fabulous To Mt Perkins

Mt Perkins ) ",287.0047765266972
3625,IMP,6,Horal Dr,Garden Brook Dr,275 feet  South of Garden Brook DR,West side,17000.0,2018,2018-08-01,2018-09-30,2018-05-08,2018-06-18,100.0,Sidewalks,Maitham Humoud,0,320.0,0.0,Completed,Horal Dr - West side ( Garden Brook Dr To 275 feet  South of Garden Brook DR ) ,273.73051607569505
3627,IMP,3,St Anthony,Haggin St,Topeka Blvd,East Side,35000.0,2018,Not Available,Not Available,2018-06-06,2018-09-25,100.0,Sidewalks,Karlo Jajliardo,0,500.0,0.0,Unknown,St Anthony - East Side ( Haggin St To Topeka Blvd ) ,512.8671009603338
3675,IMP,1,McCullough Ave,E Summite Ave,E Kings Hwy,West side,23000.0,2018,2018-10-08,2018-11-12,2018-11-26,2018-12-10,100.0,Sidewalks,Daniel Carrion,0,223.0,0.0,Unknown,McCullough Ave - West side ( E Summite Ave To E Kings Hwy ) ,223.00598527141216
3676,IMP,1,Mulberry Ave W,San Pedro Ave,Shook Ave,North side,81000.0,2018,2018-08-01,2018-09-30,2018-10-22,2019-01-31,100.0,Sidewalks,Daniel Carrion,0,950.0,0.0,Unknown,Mulberry Ave W - North side ( San Pedro Ave To Shook Ave ) ,848.4267335233983
3710,IMP,1,Mulberry W,N Flores St,W Mulberry Ave,intersection and sidewalk gap on north side,17000.0,2018,2018-10-08,2018-11-12,2018-10-22,2018-11-07,100.0,Sidewalks,Daniel Carrion,0,170.0,0.0,Unknown,Mulberry W - intersection and sidewalk gap on north side ( N Flores St To W Mulberry Ave ) ,117.22313988342428
2899,IMP,9,Memory,Tammy,Patricia,Even Side,58756.0,2014,Not Available,Not Available,Not Available,Not Available,0.0,Unknown,Unknown,Unknown,605.0,0.0,Adopted 14-18 IMP,Memory - Even Side ( Tammy To Patricia ) ,584.5142029458284
2900,IMP,1,Rampart  W,Mccullough Ave,San Pedro Ave,Even Side,38310.0,2014,Not Available,Not Available,Not Available,Not Available,0.0,Unknown,Unknown,Unknown,394.0,0.0,Adopted 14-18 IMP,Rampart  W - Even Side ( Mccullough Ave To San Pedro Ave ) ,573.0234195730213
2901,IMP,1,Hermine Blvd,Grant Ave,Warner Ave,Both Sides,246200.0,2014,Not Available,Not Available,Not Available,Not Available,0.0,Unknown,Unknown,Unknown,2535.05,0.0,Adopted 14-18 IMP,Hermine Blvd - Both Sides ( Grant Ave To Warner Ave ) ,1209.3786261810455
2906,IMP,8,Sid Katz Dr,Ewing Halsell,Wurzbach Rd,Even Side,82000.0,2016,Not Available,Not Available,Not Available,Not Available,0.0,Unknown,Unknown,Unknown,825.0,0.0,Baseline,Sid Katz Dr - Even Side ( Ewing Halsell To Wurzbach Rd ) ,823.351380257314
2909,IMP,6,Jay William,S San Joaquin,Genova,Both Sides,216000.0,2016,Not Available,Not Available,Not Available,2017-01-31,0.0,Unknown,Unknown,Unknown,2020.0,0.0,Unknown,Jay William - Both Sides ( S San Joaquin To Genova ) ,1884.4641796756152
2910,IMP,7,Loma Linda Dr,Balcones Heights Rd,Williamsburg,Odd Side,114048.0,2016,Not Available,Not Available,Not Available,Not Available,0.0,Unknown,Unknown,Unknown,1415.0,0.0,Baseline,Loma Linda Dr - Odd Side ( Balcones Heights Rd To Williamsburg ) ,1249.555251481911
2912,IMP,1,Mccullough Ave,Oblate,Birchleaf,Odd Side,382612.0,2014,Not Available,Not Available,Not Available,Not Available,0.0,Unknown,Unknown,Unknown,3072.0,0.0,Adopted 14-18 IMP,Mccullough Ave - Odd Side ( Oblate To Birchleaf ) ,704.8507071885178
2913,IMP,9,Brook Holw,Rio Seco,Encino Grande,Both Sides,75816.0,2014,Not Available,Not Available,Not Available,Not Available,0.0,Unknown,Unknown,Unknown,845.0,0.0,Adopted 14-18 IMP,Brook Holw - Both Sides ( Rio Seco To Encino Grande ) ,1531.9203723035282
2914,IMP,9,Tammy,Blanco Rd,Memory,Both Sides,208804.0,2014,Not Available,Not Available,Not Available,Not Available,0.0,Unknown,Unknown,Unknown,2150.0,0.0,Adopted 14-18 IMP,Tammy - Both Sides ( Blanco Rd To Memory ) ,1826.324811841735
2915,IMP,3,Glamis Ave,Dollarhide Ave,Chesterfield,Odd Side,209000.0,2015,Not Available,Not Available,Not Available,Not Available,0.0,Unknown,Unknown,Unknown,2670.0,0.0,Unknown,Glamis Ave - Odd Side ( Dollarhide Ave To Chesterfield ) ,2575.771232172805
2919,IMP,7,Newcome,Wurzbach,'110 ft South of King Louis,Even Side,71000.0,2016,Not Available,Not Available,Not Available,2017-01-31,0.0,Unknown,Unknown,Unknown,1232.0,0.0,Baseline,Newcome - Even Side ( Wurzbach To '110 ft South of King Louis ) ,1011.1509832699306
2924,IMP,4,Wagner,S Zarzamora,Shelby Dr,Even Side,378943.0,2016,Not Available,Not Available,Not Available,Not Available,0.0,Unknown,Unknown,Unknown,4200.0,0.0,Baseline,Wagner - Even Side ( S Zarzamora To Shelby Dr ) ,3220.9059747038405
2930,IMP,5,Brazos,Perez,Martin,Even Side,53000.0,2015,Not Available,Not Available,Not Available,Not Available,0.0,Unknown,Unknown,Unknown,1088.0,0.0,Unknown,Brazos - Even Side ( Perez To Martin ) ,460.2257229291452
2931,IMP,3,Gayle,Pickwell,Pickwell,Both Sides,447571.0,2016,Not Available,Not Available,Not Available,Not Available,0.0,Unknown,Unknown,Unknown,5346.0,0.0,Additional Funds $10M,Gayle - Both Sides ( Pickwell To Pickwell ) ,5272.869690090209
2932,IMP,8,Callaghan Rd,Torino Dr,350' West of Torino,West Side,113000.0,2017,Not Available,Not Available,Not Available,Not Available,0.0,Unknown,Unknown,Unknown,394.0,0.0,Additional $10 Million,Callaghan Rd - West Side ( Torino Dr To 350' West of Torino ) ,305.75262669154904
2933,IMP,1,Marlborough,Vance Jackson,Belvoir,Both Sides,124000.0,2015,Not Available,Not Available,Not Available,Not Available,0.0,Unknown,Unknown,Unknown,1717.0,0.0,Unknown,Marlborough - Both Sides ( Vance Jackson To Belvoir ) ,956.9462340116082
2936,IMP,2,Aransas,Pine,Gevers,Both Sides,310000.0,2017,Not Available,Not Available,Not Available,Not Available,0.0,Unknown,Unknown,Unknown,3650.0,0.0,Baseline,Aransas - Both Sides ( Pine To Gevers ) ,3270.2043721084633
2940,IMP,5,San Jacinto,Buena Vista,Cesar Chavez,East Side,86000.0,2017,Not Available,Not Available,Not Available,Not Available,0.0,Unknown,Unknown,Unknown,955.0,0.0,Additional $10 Million,San Jacinto - East Side ( Buena Vista To Cesar Chavez ) ,978.028343261164
2941,IMP,7,Canterbury,100' N of Stiffkey,Landers Farm,West Side,93000.0,2017,Not Available,Not Available,Not Available,Not Available,0.0,Unknown,Unknown,Unknown,1250.0,0.0,Baseline,Canterbury - West Side ( 100' N of Stiffkey To Landers Farm ) ,1291.0737584840592
2942,IMP,6,Shady Grove,Military,Pinn,Even Side,162000.0,2017,Not Available,Not Available,Not Available,Not Available,0.0,Unknown,Unknown,Unknown,1800.0,0.0,Additional $10 Million,Shady Grove - Even Side ( Military To Pinn ) ,1407.39098647911
2943,IMP,6,Highland Oaks,Shady Grove,Pinn,Both Sides,92000.0,2017,Not Available,Not Available,Not Available,Not Available,0.0,Unknown,Unknown,Unknown,1110.0,0.0,Additional $10 Million,Highland Oaks - Both Sides ( Shady Grove To Pinn ) ,149.1023567430749
2944,IMP,6,Arnaz,Acme,Laverne,Both Sides,119680.0,2015,Not Available,Not Available,Not Available,Not Available,0.0,Unknown,Unknown,Unknown,1220.0,0.0,Completed,Arnaz - Both Sides ( Acme To Laverne ) ,1164.9778380040968
2947,IMP,8,Flint Hill,Clifton Forge,Stockbridge,Odd Side,222640.0,2015,Not Available,Not Available,Not Available,Not Available,0.0,Unknown,Unknown,Unknown,2960.0,0.0,Accelerated from 2019 to 2015,Flint Hill - Odd Side ( Clifton Forge To Stockbridge ) ,2809.496360693741
2952,IMP,1,Kendall,E Dewey Place,E Myrtle St,Both Sides,52800.0,2015,Not Available,Not Available,Not Available,Not Available,0.0,Unknown,Unknown,Unknown,1000.0,0.0,Accelerated from 2019 to 2015,Kendall - Both Sides ( E Dewey Place To E Myrtle St ) ,1492.0756710647938
2953,IMP,6,Bowens Crossing St,1604 Frontage Road,Jaclyn Park,Even Side,38000.0,2015,Not Available,Not Available,Not Available,Not Available,0.0,Unknown,Unknown,Unknown,730.0,0.0,Completed,Bowens Crossing St - Even Side ( 1604 Frontage Road To Jaclyn Park ) ,4565.554819044461
2954,IMP,3,Banbridge,Pickwell,Pickwell,Both Sides,280720.0,2015,Not Available,Not Available,Not Available,Not Available,0.0,Unknown,Unknown,Unknown,4344.0,0.0,Accelerated from 2019 to 2015,Banbridge - Both Sides ( Pickwell To Pickwell ) ,4313.670467862197
2959,IMP,1,Wayside,Saxon,West,Both Sides,147000.0,2015,Not Available,Not Available,Not Available,Not Available,0.0,Unknown,Unknown,Unknown,1650.0,0.0,Unknown,Wayside - Both Sides ( Saxon To West ) ,1517.2940506931957
2961,IMP,1,Saratoga,Bobolink,Dead End,Odd Side,130000.0,2015,Not Available,Not Available,Not Available,Not Available,0.0,Unknown,Unknown,Unknown,1210.0,0.0,Unknown,Saratoga - Odd Side ( Bobolink To Dead End ) ,1113.8160826385677
2964,IMP,4,Lovett,Bynum,Oregon,Both Sides,388000.0,2015,Not Available,Not Available,Not Available,Not Available,0.0,Unknown,Unknown,Unknown,5650.0,0.0,Unknown,Lovett - Both Sides ( Bynum To Oregon ) ,5786.943044395884
2965,IMP,1,Saxon,Future,Storeywood,Even Side,196000.0,2015,Not Available,Not Available,Not Available,Not Available,0.0,Unknown,Unknown,Unknown,1510.0,0.0,Unknown,Saxon - Even Side ( Future To Storeywood ) ,1101.183364741708
2967,IMP,8,Goshen Pass,Stockbridge,Clifton Forge,Both Sides,430537.8532,2016,Not Available,Not Available,Not Available,Not Available,0.0,Unknown,Unknown,Unknown,4852.0,0.0,Additional Funds $10M,Goshen Pass - Both Sides ( Stockbridge To Clifton Forge ) ,4786.119058970354
2968,IMP,1,Zarzamora  N,W Ashby Place,W Craig Place,East Side,89000.0,2017,Not Available,Not Available,Not Available,Not Available,0.0,Unknown,Unknown,Unknown,807.0,0.0,Additional $10 Million,Zarzamora  N - East Side ( W Ashby Place To W Craig Place ) ,586.7214409372355
2971,IMP,4,Royalgate,Redbrook,Seacomber,Odd Side,58000.0,2014,Not Available,Not Available,Not Available,Not Available,0.0,Unknown,Unknown,Unknown,543.0,0.0,Added with Concurrence Memo,Royalgate - Odd Side ( Redbrook To Seacomber ) ,560.5570502757854
2972,IMP,10,Garden Quarter,Stathmore,Bretton Rdg,Both Sides,103550.0,2017,Not Available,Not Available,Not Available,Not Available,0.0,Unknown,Unknown,Unknown,1095.0,0.0,Additional $10 Million,Garden Quarter - Both Sides ( Stathmore To Bretton Rdg ) ,988.6100883285249
2973,IMP,8,UTSA,Texana,Vance Jackson,Even Side,46000.0,2015,Not Available,Not Available,Not Available,Not Available,0.0,Unknown,Unknown,Unknown,750.0,0.0,Unknown,UTSA - Even Side ( Texana To Vance Jackson ) ,671.245959825648
2974,IMP,8,Vance Jackson,UTSA Blvd,1230' S of UTSA Blvd,Odd Side,40000.0,2015,Not Available,Not Available,Not Available,Not Available,0.0,Unknown,Unknown,Unknown,575.0,0.0,Unknown,Vance Jackson - Odd Side ( UTSA Blvd To 1230' S of UTSA Blvd ) ,1871.273622830255
2975,IMP,3,Roosevelt,2214 Roosvelt,2216 Roosevelt,Even Side,9700.0,2015,Not Available,Not Available,Not Available,Not Available,0.0,Unknown,Unknown,Unknown,150.0,0.0,Unknown,Roosevelt - Even Side ( 2214 Roosvelt To 2216 Roosevelt ) ,113.73049405942932
2976,IMP,8,Babcock Rd,Springtime,Prue,Both Sides,376000.0,2017,Not Available,Not Available,Not Available,Not Available,0.0,Unknown,Unknown,Unknown,3542.0,0.0,Baseline,Babcock Rd - Both Sides ( Springtime To Prue ) ,3324.4023610370514
2977,IMP,7,Mainland,Coral Springs,560' E of Burns Crossing,Odd Side,126000.0,2015,Not Available,Not Available,Not Available,Not Available,0.0,Unknown,Unknown,Unknown,1455.0,0.0,Unknown,Mainland - Odd Side ( Coral Springs To 560' E of Burns Crossing ) ,2020.9273182439088
2978,IMP,1,Chupaderas St  N,W Martin St,Perez St,Both Sides,123000.0,2017,Not Available,Not Available,Not Available,Not Available,0.0,Unknown,Unknown,Unknown,1360.0,0.0,Baseline,Chupaderas St  N - Both Sides ( W Martin St To Perez St ) ,1238.5432900073345
2980,IMP,6,Canyon Rdg,Timber Ridge,Timbercreek Dr,Both Sides,97000.0,2016,Not Available,Not Available,Not Available,2016-12-05,0.0,Unknown,Unknown,Unknown,1410.0,0.0,Unknown,Canyon Rdg - Both Sides ( Timber Ridge To Timbercreek Dr ) ,1252.4405865927797
2982,IMP,8,King George,Merkens,King Louis,Both Sides,282000.0,2016,Not Available,Not Available,Not Available,Not Available,0.0,Unknown,Unknown,Unknown,2100.0,0.0,Baseline,Project includes the west side of King Louis St from King George to Newcome,1910.625709376861
2986,IMP,9,Serenade,West Ave,Blanco Rd,Both Sides,303000.0,2017,Not Available,Not Available,Not Available,Not Available,0.0,Unknown,Unknown,Unknown,3100.0,0.0,Baseline,Serenade - Both Sides ( West Ave To Blanco Rd ) ,2953.588348953039
2988,IMP,6,Westlawn,Military,Pinn,Even Side,131000.0,2016,Not Available,Not Available,Not Available,2017-01-31,0.0,Unknown,Unknown,Unknown,1600.0,0.0,Unknown,Westlawn - Even Side ( Military To Pinn ) ,1287.1910142513984
2990,IMP,6,Rim Rock Trl,Cactus Crk,Elm Glade,Both Sides,120000.0,2016,Not Available,Not Available,Not Available,2017-09-29,0.0,Unknown,Unknown,Unknown,1662.0,0.0,Unknown,Rim Rock Trl - Both Sides ( Cactus Crk To Elm Glade ) ,1988.093071935849
2994,IMP,9,Indigo,Tammy,Limelight,Both Sides,210000.0,2016,Not Available,Not Available,Not Available,2016-10-14,0.0,Unknown,Unknown,Unknown,1955.0,0.0,Baseline,Indigo - Both Sides ( Tammy To Limelight ) ,1858.202057565152
2998,IMP,8,De Zavala,IH 10 Access Rd,Vance Jackson,Odd Side,180000.0,2015,Not Available,Not Available,Not Available,Not Available,0.0,Unknown,Unknown,Unknown,1156.0,0.0,Unknown,De Zavala - Odd Side ( IH 10 Access Rd To Vance Jackson ) ,1403.4160094322688
2999,IMP,1,Elmendorf  N,W Poplar St,Delgado St,East Side,59000.0,2017,Not Available,Not Available,Not Available,Not Available,0.0,Unknown,Unknown,Unknown,672.0,0.0,Baseline,Elmendorf  N - East Side ( W Poplar St To Delgado St ) ,475.0537555864904
3004,IMP,7,San Antonio Ave,Donaldson Ave,W Gramercy Place,Both Sides,55000.0,2017,Not Available,Not Available,Not Available,Not Available,0.0,Unknown,Unknown,Unknown,390.0,0.0,Baseline,San Antonio Ave - Both Sides ( Donaldson Ave To W Gramercy Place ) ,667.0065377733926
3007,IMP,5,Crittendon,Fay Ave,Tampa,Both Sides,188000.0,2017,Not Available,Not Available,Not Available,Not Available,0.0,Unknown,Unknown,Unknown,1250.0,0.0,Additional $10 Million,Crittendon - Both Sides ( Fay Ave To Tampa ) ,1059.1348908137593
3013,IMP,10,Pike Place,Urban Crest,Rockhill Dr,Both Sides,69000.0,2015,Not Available,Not Available,Not Available,Not Available,0.0,Unknown,Unknown,Unknown,475.0,0.0,FIELD REVIEW NEEDED,Pike Place - Both Sides ( Urban Crest To Rockhill Dr ) ,981.2584452510388
3024,IMP,1,San Saba  N,Houston,Martin,Both Sides,162373.0,2015,Not Available,Not Available,Not Available,Not Available,0.0,Unknown,Unknown,Unknown,470.0,0.0,REPAIR,San Saba  N - Both Sides ( Houston To Martin ) ,2120.7492005242557
3025,IMP,1,Houston,San Saba,Santa Rosa,Odd Side,14089.0,2015,Not Available,Not Available,Not Available,Not Available,0.0,Unknown,Unknown,Unknown,150.0,0.0,REPAIR,Houston - Odd Side ( San Saba To Santa Rosa ) ,1164.3078648165206
3026,IMP,2,Drexel  E,S Walter,Adele St,Odd Side,54000.0,2015,Not Available,Not Available,Not Available,Not Available,0.0,Unknown,Unknown,Unknown,650.0,0.0,REPAIR,Drexel  E - Odd Side ( S Walter To Adele St ) ,1194.8169559621433
3028,IMP,5,Hunstock,W Highlands,Loretta,Both Sides,37672.0,2015,Not Available,Not Available,Not Available,Not Available,0.0,Unknown,Unknown,Unknown,540.0,0.0,REPAIR,Hunstock - Both Sides ( W Highlands To Loretta ) ,785.0707033324979
3029,IMP,5,Cumberland,Brazos St,Gaynor St,Both Sides,87000.0,2015,Not Available,Not Available,Not Available,Not Available,0.0,Unknown,Unknown,Unknown,840.0,0.0,REPAIR,Cumberland - Both Sides ( Brazos St To Gaynor St ) ,800.692971648135
3030,IMP,6,Linus,Oakhill,Dennler,Both Sides,101000.0,2015,Not Available,Not Available,Not Available,Not Available,0.0,Unknown,Unknown,Unknown,800.0,0.0,Completed,Linus - Both Sides ( Oakhill To Dennler ) ,1315.2443598098496
3031,IMP,9,Moonglow,W Ramsey,Patricia Dr,Both Sides,125000.0,2015,Not Available,Not Available,Not Available,Not Available,0.0,Unknown,Unknown,Unknown,1154.0,0.0,Unknown,Moonglow - Both Sides ( W Ramsey To Patricia Dr ) ,1003.0147259866682
3078,IMP,1,Brazos,Perez,Martin,Odd Side,39000.0,2015,Not Available,Not Available,Not Available,Not Available,0.0,Unknown,Unknown,Unknown,260.0,0.0,Unknown,Brazos - Odd Side ( Perez To Martin ) ,4538.4815358052065
3081,IMP,3,Channing,Clark Ave,Anita St,Both Sides,191000.0,2017,Not Available,Not Available,Not Available,Not Available,0.0,Unknown,Unknown,Unknown,2100.0,0.0,Additional $10 Million,Channing - Both Sides ( Clark Ave To Anita St ) ,2174.202900433999
3087,IMP,3,Felisa,Mission,Roosevelt,Both Sides,116000.0,2017,Not Available,Not Available,Not Available,Not Available,0.0,Unknown,Unknown,Unknown,1142.0,0.0,Additional $10 Million,Felisa - Both Sides ( Mission To Roosevelt ) ,3663.073449445191
3104,IMP,9,West Ave,Blanco Rd,Silver Sands,West,120000.0,2015,Not Available,Not Available,Not Available,Not Available,0.0,Unknown,Unknown,Unknown,1113.518502,0.0,Unknown,On the west side of West Ave starting at 660 feet north of Blanco to the corner of West Ave and Silver Sands.,1811.8401730979904
3105,IMP,6,Westover Hills,Hunt Lane,Rogers Rd,South Side,58000.0,2015,Not Available,Not Available,Not Available,Not Available,0.0,Unknown,Unknown,Unknown,1500.0,0.0,Completed,Fill gaps on south side of Westover Hills Blvd from Rogers Rd to Hunt Lane,3528.536398714817
3134,IMP,4,Larkia St,Tortuga St,118 ft north of Patron,Odd Side,82000.0,2017,Not Available,Not Available,Not Available,Not Available,0.0,Unknown,Unknown,Unknown,1300.0,0.0,Additional $10 Million,Larkia St between Tortuga to Patron including missing sidewalk from Patron to the school's sidewalk on the west side and the missing sidewalk on the east of Larkia St on Patron,2566.915289682566
3138,IMP,6,Remuda,Rawhide,Westledge,Even Side,126000.0,2017,Not Available,Not Available,Not Available,Not Available,0.0,Unknown,Unknown,Unknown,200.0,0.0,Additional $10 Million,Remuda - Even Side ( Rawhide To Westledge ) ,3103.791582974073
3141,IMP,10,Salisbury Dr,Lovelace Dr,Wilborn,Both Sides,127000.0,2017,Not Available,Not Available,Not Available,Not Available,0.0,Unknown,Unknown,Unknown,1300.0,0.0,Baseline,Salisbury Dr - Both Sides ( Lovelace Dr To Wilborn ) ,1103.5842231219765
3145,IMP,7,Merkens,Alan Hale Dr,Wurzbach Rd,South Side,113653.8670059808,2017,Not Available,Not Available,Not Available,Not Available,0.0,Unknown,Unknown,Unknown,1188.0,0.0,Additional $10 Million,Merkens - South Side ( Alan Hale Dr To Wurzbach Rd ) ,1919.204844752594
3146,IMP,7,Wurzbach Rd,Merkens,Gary Cooper Rd,West Side,30000.0,2017,Not Available,Not Available,Not Available,Not Available,0.0,Unknown,Unknown,Unknown,229.0,0.0,Baseline,Wurzbach Rd - West Side ( Merkens To Gary Cooper Rd ) ,151.3012168018692
3147,IMP,10,Astronaut,Mayfair Dr,Leyte,East Side,184000.0,2017,Not Available,Not Available,Not Available,Not Available,0.0,Unknown,Unknown,Unknown,1250.0,0.0,Additional $10 Million,Astronaut - East Side ( Mayfair Dr To Leyte ) ,305.080192631599
3148,IMP,4,Niagara,Navajo,Hutchins Pl,Even Side,88734.1,2016,Not Available,Not Available,Not Available,Not Available,0.0,Unknown,Unknown,Unknown,997.0,0.0,Additional Funds $10M,Niagara - Even Side ( Navajo To Hutchins Pl ) ,917.019168359554
3153,IMP,9,Huebner,Battle Oak,200' East of Whisper Canyon,Even Side,280000.0,2016,Not Available,Not Available,Not Available,2017-12-19,0.0,Unknown,Unknown,Unknown,1875.0,0.0,Baseline,Huebner - Even Side ( Battle Oak To 200' East of Whisper Canyon ) ,1742.2801205228188
3154,IMP,2,Gibbs Sprawl Rd,Castle Cross,Woodlake Pkwy,North Side,134563.8,2016,Not Available,Not Available,Not Available,Not Available,0.0,Unknown,Unknown,Unknown,1078.0,0.0,Additional Funds $10M,Gibbs Sprawl Rd - North Side ( Castle Cross To Woodlake Pkwy ) ,1093.7734312127511
3156,IMP,2,Cesar Chavez Blvd,S Cherry,S Hackberry St,Both Sides,192000.0,2017,Not Available,Not Available,Not Available,Not Available,0.0,Unknown,Unknown,Unknown,2188.0,0.0,Additional $10 Million,Cesar Chavez Blvd - Both Sides ( S Cherry To S Hackberry St ) ,1141.404830997548
3157,IMP,2,Indiana St,Hackberry St S,S Cherry St,Both Sides,125787.9,2016,Not Available,Not Available,Not Available,Not Available,0.0,Unknown,Unknown,Unknown,1906.0,0.0,Additional Funds $10M,Indiana St - Both Sides ( Hackberry St S To S Cherry St ) ,357.007548573436
3161,IMP,2,Mesquite S,Iowa St,Denver Blvd,Both Sides,377368.5755,2016,Not Available,Not Available,Not Available,Not Available,0.0,Unknown,Unknown,Unknown,4553.0,0.0,Additional Funds $10M,Mesquite S - Both Sides ( Iowa St To Denver Blvd ) ,1103.8850765695051
3162,IMP,4,Westpond Dr,Flint Valley,SW Loop 410 Access Rd,Even Side,119937.3,2016,Not Available,Not Available,Not Available,Not Available,0.0,Unknown,Unknown,Unknown,988.0,0.0,Additional Funds $10M,Westpond Dr - Even Side ( Flint Valley To SW Loop 410 Access Rd ) ,495.7245550204635
3163,IMP,10,Rockcroft,Bretton Ridge,Barrington,Both Sides,190632.05,2016,Not Available,Not Available,Not Available,2017-01-06,0.0,Unknown,Unknown,Unknown,2300.0,0.0,Additional Funds $10M,Rockcroft - Both Sides ( Bretton Ridge To Barrington ) ,1207.6991141094177
3164,IMP,10,Deland,Tennyson,Buckwheat,Both Sides,69622.14,2016,Not Available,Not Available,Not Available,Not Available,0.0,Unknown,Unknown,Unknown,840.0,0.0,Additional Funds $10M,Deland - Both Sides ( Tennyson To Buckwheat ) ,639.1859375613637
3165,IMP,10,Encanta,Leonhardt,Sierra Madre,West Side,19477.6225,2016,Not Available,Not Available,Not Available,Not Available,0.0,Unknown,Unknown,Unknown,235.0,0.0,Additional Funds $10M,Encanta - West Side ( Leonhardt To Sierra Madre ) ,194.0892020921121
3166,IMP,10,Encanta,Risada,280' NW to school,East Side,23207.38,2016,Not Available,Not Available,Not Available,Not Available,0.0,Unknown,Unknown,Unknown,280.0,0.0,Additional Funds $10M,Encanta - East Side ( Risada To 280' NW to school ) ,3464.403028701584
3167,IMP,10,Casa Alto,Leonhardt,Casa Grande,Both Sides,33153.4,2016,Not Available,Not Available,Not Available,Not Available,0.0,Unknown,Unknown,Unknown,400.0,0.0,Additional Funds $10M,Casa Alto - Both Sides ( Leonhardt To Casa Grande ) ,255.9077321267221
3168,IMP,10,Casa Bonita,Leonhardt,Casa Grande,East Side,16576.7,2016,Not Available,Not Available,Not Available,Not Available,0.0,Unknown,Unknown,Unknown,200.0,0.0,Additional Funds $10M,Casa Bonita - East Side ( Leonhardt To Casa Grande ) ,126.0520701312796
3169,IMP,10,Casa Grande,Casa Bonita,5006 Casa Grande,South Side,124325.25,2016,Not Available,Not Available,Not Available,Not Available,0.0,Unknown,Unknown,Unknown,1500.0,0.0,Additional Funds $10M,Casa Grande - South Side ( Casa Bonita To 5006 Casa Grande ) ,1169.9247001958622
3170,IMP,10,El Cajon,Sierra Madre,El Presidio,Both Sides,49730.1,2016,Not Available,Not Available,Not Available,Not Available,0.0,Unknown,Unknown,Unknown,600.0,0.0,Additional Funds $10M,El Cajon - Both Sides ( Sierra Madre To El Presidio ) ,3898.580126635982
3171,IMP,10,El Presidio,La Aventura,La Manana,North Side,24865.05,2016,Not Available,Not Available,Not Available,Not Available,0.0,Unknown,Unknown,Unknown,300.0,0.0,Additional Funds $10M,El Presidio - North Side ( La Aventura To La Manana ) ,241.19480391819445
3172,IMP,10,Bobwhite,Greenjay,Ghent,Both Sides,314957.3,2016,Not Available,Not Available,Not Available,2016-11-08,0.0,Unknown,Unknown,Unknown,3800.0,0.0,Additional Funds $10M,Bobwhite - Both Sides ( Greenjay To Ghent ) ,3643.1072031928047
3173,IMP,10,Tennyson,Coleridge,Patmore,South Side,48072.43,2016,Not Available,Not Available,Not Available,2016-10-19,0.0,Unknown,Unknown,Unknown,580.0,0.0,Additional Funds $10M,Tennyson - South Side ( Coleridge To Patmore ) ,480.63678821545466
3174,IMP,9,Fabulous,Serenade,Cul-de-sac,Both Sides,236604.1146,2016,Not Available,Not Available,Not Available,2016-12-02,0.0,Unknown,Unknown,Unknown,3279.0,0.0,Additional Funds $10M,Fabulous - Both Sides ( Serenade To Cul-de-sac ) ,3257.287052386119
3175,IMP,9,Patricia,Blanco,Reverie,Even Side,325147.095,2016,Not Available,Not Available,Not Available,Not Available,0.0,Unknown,Unknown,Unknown,2850.0,0.0,Additional Funds $10M,Patricia - Even Side ( Blanco To Reverie ) ,2781.777226602699
3176,IMP,9,Reverie,Fantasia,Patricia,Even Side,224721.546,2016,Not Available,Not Available,Not Available,2017-09-29,0.0,Unknown,Unknown,Unknown,1670.0,0.0,Additional Funds $10M,Reverie - Even Side ( Fantasia To Patricia ) ,863.4298951911304
3178,IMP,9,Roan Park,Evans Rd,Roan Forest Elementary,West Side,208866.42,2016,Not Available,Not Available,Not Available,2017-12-15,0.0,Unknown,Unknown,Unknown,2520.0,0.0,Additional Funds $10M,Roan Park - West Side ( Evans Rd To Roan Forest Elementary ) ,2464.51036885212
3179,IMP,8,Kyle Seale Pkwy,Living Hills,Sierra Hermosa,East Side,95130.756,2016,Not Available,Not Available,Not Available,2017-12-13,0.0,Unknown,Unknown,Unknown,1084.0,0.0,Additional Funds $10M,Kyle Seale Pkwy - East Side ( Living Hills To Sierra Hermosa ) ,1070.173211874089
3180,IMP,8,Spring Ridge Dr,Babcock,Hickory Springs Dr,Both Sides,44229.5609,2016,Not Available,Not Available,Not Available,2017-12-15,0.0,Unknown,Unknown,Unknown,534.0,0.0,Additional Funds $10M,Spring Ridge Dr - Both Sides ( Babcock To Hickory Springs Dr ) ,517.9596433340505
3181,IMP,8,Shenandale,Clifton Forge,Flint Hill,Both Sides,131756.4871,2016,Not Available,Not Available,Not Available,Not Available,0.0,Unknown,Unknown,Unknown,1393.0,0.0,Additional Funds $10M,Shenandale - Both Sides ( Clifton Forge To Flint Hill ) ,1457.8840507390055
3182,IMP,8,Belle Grove,Clifton Forge,Cul-De-Sac,Both Sides,139000.0,2017,Not Available,Not Available,Not Available,Not Available,0.0,Unknown,Unknown,Unknown,1437.0,0.0,Additional $10 Million,Belle Grove - Both Sides ( Clifton Forge To Cul-De-Sac ) ,1401.9042376203074
3183,IMP,8,Dun More Dr,Clifton Forge,Cul-De-Sac,Both Sides,193000.0,2017,Not Available,Not Available,Not Available,Not Available,0.0,Unknown,Unknown,Unknown,1940.0,0.0,Additional $10 Million,Dun More Dr - Both Sides ( Clifton Forge To Cul-De-Sac ) ,1907.331298008089
3184,IMP,8,Ramsgate,Clifton Forge,Stockbridge,West Side,201017.8401,2016,Not Available,Not Available,Not Available,Not Available,0.0,Unknown,Unknown,Unknown,2425.0,0.0,Additional Funds $10M,Ramsgate - West Side ( Clifton Forge To Stockbridge ) ,2368.26932684583
3185,IMP,10,Encanta,Leonhardt,5347 Encanta,East Side,48072.43,2016,Not Available,Not Available,Not Available,Not Available,0.0,Unknown,Unknown,Unknown,580.0,0.0,Additional Funds $10M,Encanta - East Side ( Leonhardt To 5347 Encanta ) ,647.0578102298994
3186,IMP,7,Club Dr,Wilson, Fredericksburg Rd,Both Sides,624566.9392,2016,Not Available,Not Available,Not Available,2016-11-16,0.0,Unknown,Unknown,Unknown,7316.0,0.0,Additional Funds $10M,Club Dr - Both Sides ( Wilson To  Fredericksburg Rd ) ,8550.43299877143
3187,IMP,7,Magnolia W,Kampmann Blvd,Lake Blvd,Both Sides,243304.5075,2016,Not Available,Not Available,Not Available,Not Available,0.0,Unknown,Unknown,Unknown,2850.0,0.0,Additional Funds $10M,Magnolia W - Both Sides ( Kampmann Blvd To Lake Blvd ) ,2799.936236809195
3188,IMP,5,Hearne,Desoto,Marian,Both Sides,88817.9586,2016,Not Available,Not Available,Not Available,Not Available,0.0,Unknown,Unknown,Unknown,893.0,0.0,Additional Funds $10M,Hearne - Both Sides ( Desoto To Marian ) ,1436.4883885763747
3189,IMP,5,Hearne,Nogalitos,Marian,Both Sides,182343.7,2016,Not Available,Not Available,Not Available,Not Available,0.0,Unknown,Unknown,Unknown,2200.0,0.0,Additional Funds $10M,Hearne - Both Sides ( Nogalitos To Marian ) ,2016.2064791161345
3190,IMP,5,Marian,Cavalier,Hearne,Both Sides,42904.4,2016,Not Available,Not Available,Not Available,Not Available,0.0,Unknown,Unknown,Unknown,550.0,0.0,Additional Funds $10M,Marian - Both Sides ( Cavalier To Hearne ) ,516.4640209223346
3192,IMP,5,Cavalier,Garland,Desoto,Both Sides,256938.85,2016,Not Available,Not Available,Not Available,Not Available,0.0,Unknown,Unknown,Unknown,3100.0,0.0,Additional Funds $10M,Cavalier - Both Sides ( Garland To Desoto ) ,3217.550135206985
3193,IMP,5,Roslyn, Gaynor,Academic,Both Sides,316336.0914,2016,Not Available,Not Available,Not Available,Not Available,0.0,Unknown,Unknown,Unknown,4220.0,0.0,Additional Funds $10M,Roslyn - Both Sides (  Gaynor To Academic ) ,4092.294686200237
3200,IMP,4,Fernleaf Ave,Holder,Carmel,Both Sides,122667.58,2016,Not Available,Not Available,Not Available,Not Available,0.0,Unknown,Unknown,Unknown,1480.0,0.0,Additional Funds $10M,Fernleaf Ave - Both Sides ( Holder To Carmel ) ,1447.0939771636151
3201,IMP,4,Barlite Blvd,Kendalia Ave,SW Military Dr,Both Sides,169082.34,2016,Not Available,Not Available,Not Available,Not Available,0.0,Unknown,Unknown,Unknown,2040.0,0.0,Additional Funds $10M,Barlite Blvd - Both Sides ( Kendalia Ave To SW Military Dr ) ,1689.9469426057503
3202,IMP,4,Kendalia Ave,Barlite Blvd,Somerset Rd,Both Sides,20720.875,2016,Not Available,Not Available,Not Available,Not Available,0.0,Unknown,Unknown,Unknown,250.0,0.0,Additional Funds $10M,Kendalia Ave - Both Sides ( Barlite Blvd To Somerset Rd ) ,423.2977447227791
3203,IMP,6,Ingram Rd south side of Mall,Start at south egres to Access Rd,West then south 292' from corner,south / east,58506.0,2016,Not Available,Not Available,Not Available,2016-10-12,0.0,Unknown,Unknown,Unknown,800.0,0.0,Completed,From existing sidewalk on south side of Ingram at egress to access road and going west to intersection of Wurzbach and Ingram then south on east side of Ingram Rd to meet existing sidewalk approx. 292' from corner.,823.1637764801004
3207,IMP,6,Village Parkway,Cottage Park,Ledgeside,north,14626.5,2016,Not Available,Not Available,Not Available,2016-10-28,0.0,Unknown,Unknown,Unknown,200.0,0.0,Unknown,Village Parkway - north ( Cottage Park To Ledgeside ) ,238.05544097210117
3210,IMP,3,White W,Ramsdell St,Flores St S,Both Sides,176707.622,2016,Not Available,Not Available,Not Available,2017-10-13,0.0,Unknown,Unknown,Unknown,2132.0,0.0,Additional Funds $10M,White W - Both Sides ( Ramsdell St To Flores St S ) ,3545.466824560818
3213,IMP,2,Elmhurst,New Braunfels N,Broadway,South Side,162257.0,2016,Not Available,Not Available,Not Available,2016-10-21,0.0,Unknown,Unknown,Unknown,1600.0,0.0,Additional Funds $10M,Elmhurst - South Side ( New Braunfels N To Broadway ) ,1608.079577869299
3214,IMP,2,Kay Ann,WW White S,Susanwood Dr,Both Sides,76813.5025,2016,Not Available,Not Available,Not Available,Not Available,0.0,Unknown,Unknown,Unknown,1150.0,0.0,Additional Funds $10M,Kay Ann - Both Sides ( WW White S To Susanwood Dr ) ,1139.0343006872097
3215,IMP,2,Nolan,St Johns,New Braunfels N,Both Sides,69244.7763,2016,Not Available,Not Available,Not Available,Not Available,0.0,Unknown,Unknown,Unknown,650.0,0.0,Additional Funds $10M,Nolan - Both Sides ( St Johns To New Braunfels N ) ,1409.392915451816
3217,IMP,1,Elsmere Place,Grant,Flores,Both Sides,265227.2,2016,Not Available,Not Available,Not Available,Not Available,0.0,Unknown,Unknown,Unknown,3200.0,0.0,Additional Funds $10M,Elsmere Place - Both Sides ( Grant To Flores ) ,4758.456787707689
3218,IMP,1,Brookview,Dresden,Burwood,East Side,157478.65,2016,Not Available,Not Available,Not Available,2017-09-29,0.0,Unknown,Unknown,Unknown,1900.0,0.0,Additional Funds $10M,Brookview - East Side ( Dresden To Burwood ) ,2561.31690659685
3219,IMP,1,Allena,Burwood,Schmeltzer,East Side,103604.375,2016,Not Available,Not Available,Not Available,Not Available,0.0,Unknown,Unknown,Unknown,1250.0,0.0,Additional Funds $10M,Allena - East Side ( Burwood To Schmeltzer ) ,1411.1794525981868
3220,IMP,1,Gilbert,Allena,Brookview,Both Sides,144500.0,2016,Not Available,Not Available,Not Available,Not Available,0.0,Unknown,Unknown,Unknown,1700.0,0.0,Baseline,Gilbert - Both Sides ( Allena To Brookview ) ,1611.0685735650611
3221,IMP,1,Santa Paula,Clower,IH 10 W Access Rd,Both Sides,22792.9625,2016,Not Available,Not Available,Not Available,Not Available,0.0,Unknown,Unknown,Unknown,275.0,0.0,Additional Funds $10M,Santa Paula - Both Sides ( Clower To IH 10 W Access Rd ) ,455.35089014558
3222,IMP,1,Capitol,El Monte,Hermaine,East Side,80750.0,2016,Not Available,Not Available,Not Available,Not Available,0.0,Unknown,Unknown,Unknown,950.0,0.0,Baseline,Capitol - East Side ( El Monte To Hermaine ) ,848.530693241479
3223,IMP,1,West Ave,Jackson-Keller,IH 10 Access Rd,Both Sides,406031.64,2016,Not Available,Not Available,Not Available,Not Available,0.0,Unknown,Unknown,Unknown,3470.0,0.0,Additional Funds $10M,West Ave - Both Sides ( Jackson-Keller To IH 10 Access Rd ) ,5081.297240645517
3227,IMP,8,Parksite Woods,Walnut Woods,Shavano Woods,East Side,33153.4,2016,Not Available,Not Available,Not Available,2018-01-31,0.0,Unknown,Unknown,Unknown,283.0,0.0,Additional Funds $10M,Parksite Woods - East Side ( Walnut Woods To Shavano Woods ) ,263.08157183744356
3228,IMP,6,Shady Grove,Crestfield,Military,North Side,14919.03,2016,Not Available,Not Available,Not Available,Not Available,0.0,Unknown,Unknown,Unknown,180.0,0.0,Completed,Shady Grove - North Side ( Crestfield To Military ) ,1686.8818652719615
3229,IMP,9,Horse Creek St,15714 Horse Creek,15714 Horse Creek,East Side,17551.8,2016,Not Available,Not Available,Not Available,Not Available,0.0,Unknown,Unknown,Unknown,20.0,0.0,Additional Funds $10M,Horse Creek St - East Side ( 15714 Horse Creek To 15714 Horse Creek ) ,1769.0379066231512
3230,IMP,10,Bellcrest Dr,14303 Bellcrest Dr,14306 Bellcrest Dr,West Side,11701.2,2016,Not Available,Not Available,Not Available,Not Available,0.0,Unknown,Unknown,Unknown,166.0,0.0,Additional Funds $10M,on Bellcrest Dr from 14303 Bellcrest Dr to the back side of 14306 Begonia,3817.4309483625234
3237,IMP,6,Westover Hills,Hunt Lane,Rogers Rd,North Side,109699.0,2016,Not Available,Not Available,Not Available,2016-10-13,0.0,Unknown,Unknown,Unknown,1510.0,0.0,Completed,Westover Hills - North Side ( Hunt Lane To Rogers Rd ) ,2182.5162967657207
3238,IMP,3,New Braunfels Ave S,Koehler,Pecan Valley,South Side,225029.0,2016,Not Available,Not Available,Not Available,Not Available,0.0,Unknown,Unknown,Unknown,3040.0,0.0,Additional Funds $10M,New Braunfels Ave S - South Side ( Koehler To Pecan Valley ) ,2194.0040148950343
3283,IMP,10,El Charro,Nacogdoches Rd,Los Indios,Both Sides,159000.0,2017,Not Available,Not Available,Not Available,Not Available,0.0,Unknown,Unknown,Unknown,2262.0,0.0,Additional $10 Million,El Charro - Both Sides ( Nacogdoches Rd To Los Indios ) ,1572.1584412777606
3302,IMP,4,Five Palms Dr,Lackland AFB Fence-Line,Lelani Place,West Side,50000.0,2017,Not Available,Not Available,Not Available,Not Available,0.0,Unknown,Unknown,Unknown,452.0,0.0,Additional $10 Million,Five Palms Dr - West Side ( Lackland AFB Fence-Line To Lelani Place ) ,2483.239371717525
3303,IMP,4,Plum Crk,Five Forks,Caney Crk,Both sides,45000.0,2017,Not Available,Not Available,Not Available,Not Available,0.0,Unknown,Unknown,Unknown,439.0,0.0,Baseline,Plum Crk - Both sides ( Five Forks To Caney Crk ) ,1298.88609552371
3305,IMP,10,Ghent Dr,Bob White Dr,Nacogdoches Rd,Both Sides,267000.0,2016,Not Available,Not Available,Not Available,2017-01-31,0.0,Unknown,Unknown,Unknown,1570.0,0.0,Unknown,Ghent Dr - Both Sides ( Bob White Dr To Nacogdoches Rd ) ,2759.9338992509197
3307,IMP,6,Vormis View,Ingram Rd,Loska Green,Both Sides,15000.0,2017,Not Available,Not Available,Not Available,Not Available,0.0,Unknown,Unknown,Unknown,300.0,0.0,Additional $10 Million,Vormis View - Both Sides ( Ingram Rd To Loska Green ) ,1892.696910202302
3308,IMP,3,Anton Dr,Goliad Rd,Belford,Both Sides,373000.0,2017,Not Available,Not Available,Not Available,Not Available,0.0,Unknown,Unknown,Unknown,4174.0,0.0,Additional $10 Million,Anton Dr - Both Sides ( Goliad Rd To Belford ) ,5500.218876905119
3310,IMP,9,Bitters Rd W,Old Bitters Rd,Racquet Club,South Side,78000.0,2017,Not Available,Not Available,Not Available,Not Available,0.0,Unknown,Unknown,Unknown,644.0,0.0,Additional $10 Million,Bitters Rd W - South Side ( Old Bitters Rd To Racquet Club ) ,2150.326549431768
3311,IMP,9,Stonehaven Dr,Litchfield Dr,Burwick,South Side,79000.0,2017,Not Available,Not Available,Not Available,Not Available,0.0,Unknown,Unknown,Unknown,830.0,0.0,Additional $10 Million,Stonehaven Dr - South Side ( Litchfield Dr To Burwick ) ,1190.0013472617902
3312,IMP,9,Fabulous,West Ave,Mt Boracho,South Side,128000.0,2017,Not Available,Not Available,Not Available,Not Available,0.0,Unknown,Unknown,Unknown,865.0,0.0,Additional $10 Million,Fabulous - South Side ( West Ave To Mt Boracho ) ,1516.3502975370202
3319,IMP,1,Ashby Place W,N Flores St, San Pedro,South Side,96434.5,2017,Not Available,Not Available,Not Available,Not Available,0.0,Unknown,Unknown,Unknown,950.0,0.0,Additional $10 Million,Ashby Place W - South Side ( N Flores St To  San Pedro ) ,2683.6975720241817
3342,IMP,6,Genova,Jewett,Lance St,Both Sides,113814.99683856964,2016,Not Available,Not Available,Not Available,2017-01-31,0.0,Unknown,Unknown,Unknown,1300.0,0.0,Unknown,Genova - Both Sides ( Jewett To Lance St ) ,1431.157252639833
3346,IMP,6,Potranco Rd,Richland Hills Dr,W Military Dr,Both Sides,263000.0,2017,Not Available,Not Available,Not Available,Not Available,0.0,Unknown,Unknown,Unknown,5357.0,0.0,Additional $10 Million,Potranco Rd - Both Sides ( Richland Hills Dr To W Military Dr ) ,5065.8268684556015
3347,IMP,5,Wilcox Ave,Crittendon,Dead End,Both Sides,277455.0,2017,Not Available,Not Available,Not Available,Not Available,0.0,Unknown,Unknown,Unknown,2443.0,0.0,Additional $10 Million,Wilcox Ave - Both Sides ( Crittendon To Dead End ) ,2726.015868405927
3350,IMP,4,Greencastle Dr,Seacomber,Mai Kai Dr,Both Sides,78000.0,2017,Not Available,Not Available,Not Available,Not Available,0.0,Unknown,Unknown,Unknown,735.0,0.0,Additional $10 Million,Greencastle Dr - Both Sides ( Seacomber To Mai Kai Dr ) ,1601.7913849828033
3351,IMP,3,Bascum Blvd,Baltzell Ave,Ashley Rd,West Side,87000.0,2017,Not Available,Not Available,Not Available,Not Available,0.0,Unknown,Unknown,Unknown,963.0,0.0,Additional $10 Million,Bascum Blvd - West Side ( Baltzell Ave To Ashley Rd ) ,1229.107939690266
3352,IMP,3,Ashley Rd,Heather Ct,Leah Dr,North Side,45000.0,2017,Not Available,Not Available,Not Available,Not Available,0.0,Unknown,Unknown,Unknown,497.0,0.0,Additional $10 Million,Ashley Rd - North Side ( Heather Ct To Leah Dr ) ,1907.1143555155609
3354,IMP,3,Yett Ave,Ashley Rd,Bernard Dr,North Side,12000.0,2017,Not Available,Not Available,Not Available,Not Available,0.0,Unknown,Unknown,Unknown,127.0,0.0,Additional $10 Million,Yett Ave - North Side ( Ashley Rd To Bernard Dr ) ,374.0541124076322
3359,IMP,10,Wahada,Lovelace Dr,MacArthur View,East Side,110500.0,2017,Not Available,Not Available,Not Available,Not Available,0.0,Unknown,Unknown,Unknown,1081.0,0.0,Additional $10 Million,SW,1983.3232011888872
3362,IMP,10,La Barranca St,El Sendero,Madrigal,North Side,105000.0,2017,Not Available,Not Available,Not Available,Not Available,0.0,Unknown,Unknown,Unknown,1165.0,0.0,Baseline,La Barranca St - North Side ( El Sendero To Madrigal ) ,1639.3844253904806
3363,IMP,10,La Bahia,El Gusto,El Sendero,West Side,46800.0,2017,Not Available,Not Available,Not Available,Not Available,0.0,Unknown,Unknown,Unknown,520.0,0.0,Baseline,La Bahia - West Side ( El Gusto To El Sendero ) ,1373.6337760206195
3367,IMP,1,Minter,Ruiz St,Perez St,Both Sides,136000.0,2017,Not Available,Not Available,Not Available,Not Available,0.0,Unknown,Unknown,Unknown,1500.0,0.0,Additional $10 Million,Minter - Both Sides ( Ruiz St To Perez St ) ,1559.6089802873876
3368,IMP,1,Sadie St,Eager Dr,Labor St,Both Sides,69128.31,2017,Not Available,Not Available,Not Available,Not Available,0.0,Unknown,Unknown,Unknown,681.0,0.0,Additional $10 Million,Sadie St - Both Sides ( Eager Dr To Labor St ) ,1452.8339483180744
3375,IMP,9,Baltic Dr,Silver Oaks,Larkspur,Both Sides,165562.81,2015,Not Available,Not Available,Not Available,Not Available,0.0,Unknown,Unknown,Unknown,1631.0,0.0,Baseline,Baltic Dr - Both Sides ( Silver Oaks To Larkspur ) ,2332.7115691188756
3381,IMP,2,Dashiell St,S Cherry,S Hackberry St,Both Sides,125000.0,2017,Not Available,Not Available,Not Available,Not Available,0.0,Unknown,Unknown,Unknown,1270.0,0.0,Additional $10 Million,Dashiell St - Both Sides ( S Cherry To S Hackberry St ) ,2317.5252004538197
3385,IMP,2,Lakefront,Us Hwy 87 E,Lake Altair,West Side,144500.0,2017,Not Available,Not Available,Not Available,Not Available,0.0,Unknown,Unknown,Unknown,1100.0,0.0,Additional $10 Million,Lakefront - West Side ( Us Hwy 87 E To Lake Altair ) ,1877.2002475184988
3386,IMP,2,Lake Crystal,Lakefront,Lake Cv,East Side,51500.0,2017,Not Available,Not Available,Not Available,Not Available,0.0,Unknown,Unknown,Unknown,275.0,0.0,Additional $10 Million,Lake Crystal - East Side ( Lakefront To Lake Cv ) ,1837.5240434934265
3388,IMP,8,Big Meadows Ln,Stockbridge Ln,Clifton Forge Dr,South Side,220590.0,2017,Not Available,Not Available,Not Available,Not Available,0.0,Unknown,Unknown,Unknown,2322.0,0.0,Additional $10 Million,Big Meadows Ln - South Side ( Stockbridge Ln To Clifton Forge Dr ) ,3050.5995892663514
3391,IMP,8,Horizon Hill Blvd,Medical Dr,Fountainhead Dr,South Side,14293.0,2017,Not Available,Not Available,Not Available,Not Available,0.0,Unknown,Unknown,Unknown,137.0,0.0,new,Horizon Hill Blvd - South Side ( Medical Dr To Fountainhead Dr ) ,2916.6593427102275
3392,IMP,8,Horizon Hill Blvd,Fountainhead Dr,Midhorizon Dr,East Side,23892.0,2017,Not Available,Not Available,Not Available,Not Available,0.0,Unknown,Unknown,Unknown,229.0,0.0,new,Horizon Hill Blvd - East Side ( Fountainhead Dr To Midhorizon Dr ) ,227.98092296096604
3393,IMP,3,Rigsby Ave,S Mittman St,S Walters St,South Side,60000.0,2016,Not Available,Not Available,Not Available,Not Available,0.0,Unknown,Unknown,Unknown,633.0,0.0,Replace existing sidewalk,Rigsby Ave - South Side ( S Mittman St To S Walters St ) ,617.1969473386508
3411,IMP,6,Military Dr W,Betty Levy,1000' to the West,North Side,31000.0,2017,Not Available,Not Available,Not Available,Not Available,0.0,Unknown,Unknown,Unknown,1000.0,0.0,Unknown,Military Dr W - North Side ( Betty Levy To 1000' to the West ) ,2834.831224198007
3541,IMP,7,White Tail,Silvertip Dr,Magnum,East Side,51300.0,2017,Not Available,Not Available,Not Available,Not Available,0.0,Unknown,Unknown,Unknown,570.0,0.0,Unknown,White Tail - East Side ( Silvertip Dr To Magnum ) ,569.9854018540613
3554,IMP,10,Hilton Head,Scarsdale,Tamarron,Both Sides,188000.0,2017,Not Available,Not Available,Not Available,Not Available,0.0,Unknown,Unknown,Unknown,2400.0,0.0,Unknown,Hilton Head - Both Sides ( Scarsdale To Tamarron ) ,2428.008159211183
3571,IMP,6,Brownleaf Dr,Park Field,Pleasant Park,North Side,92610.0,2017,Not Available,Not Available,Not Available,Not Available,0.0,Unknown,Unknown,Unknown,1029.0,0.0,concurrence memo 7/25/2017,Brownleaf Dr - North Side ( Park Field To Pleasant Park ) ,2303.7556732428116
3572,IMP,2,Gawain Dr,Ray Bon Dr,Dead End,South Side,95000.0,2017,Not Available,Not Available,Not Available,Not Available,0.0,Unknown,Unknown,Unknown,968.0,0.0,Unknown,Gawain Dr - South Side ( Ray Bon Dr To Dead End ) ,960.820042526022
3581,IMP,7,Ozark,Williamsburg,Coyle Place,Both Sides,198000.0,2017,Not Available,Not Available,Not Available,Not Available,0.0,Unknown,Unknown,Unknown,1141.0,0.0,Unknown,Maverick Elementary,1140.5263838148214
3592,IMP,9,West Ave,Silver Oaks, Afterglow,Both Sides,632590.0,2017,Not Available,Not Available,Not Available,Not Available,0.0,Unknown,Unknown,Unknown,3500.0,0.0,Unknown,West Ave - Both Sides ( Silver Oaks To  Afterglow ) ,3172.0889911312406
3600,IMP,2,Thorman Pl,N New Braunfels Ave,Avenel,North Side,66396.0,2017,Not Available,Not Available,Not Available,Not Available,0.0,Unknown,Unknown,Unknown,748.0,0.0,Unknown,Thorman Pl - North Side ( N New Braunfels Ave To Avenel ) ,739.50069670214
3666,IMP,3,Pecan Valley,Goliad Rd,W Palfrey Ave,East Side,43200.0,2017,Not Available,Not Available,Not Available,Not Available,0.0,Unknown,Unknown,Unknown,480.0,0.0,Unknown,Pecan Valley - East Side ( Goliad Rd To W Palfrey Ave ) ,480.1594682706445
3744,IMP,3,Goliad Rd,Coney Ave,Pecan Valley Dr,West side,48000.0,2017,Not Available,Not Available,Not Available,Not Available,0.0,Unknown,Unknown,Unknown,485.26,0.0,Unknown,Goliad Rd - West side ( Coney Ave To Pecan Valley Dr ) ,477.0473799216686
20163225,IMP,6,Potranco,Culebra,Ingram,Both Sides,363283.256,2016,Not Available,Not Available,Not Available,2016-11-30,0.0,Unknown,Unknown,Unknown,4657.0,0.0,Unknown,Potranco - Both Sides ( Culebra To Ingram ) ,4835.182473574699
2704,IMP,1,Texas Ave,N Zarzamora,Dead End,Both Sides,239000.0,2017,Not Available,Not Available,Not Available,Not Available,0.0,Unknown,Unknown,Unknown,2476.0,0.0,Baseline,Texas Ave - Both Sides ( N Zarzamora To Dead End ) ,1874.8278020833732
2712,IMP,10,Bretton Rdg,Applewood,Perrin Beitel,Both Sides,336389.0,2015,Not Available,Not Available,Not Available,Not Available,0.0,Unknown,Unknown,Unknown,3950.0,0.0,Unknown,Bretton Rdg - Both Sides ( Applewood To Perrin Beitel ) ,3899.408591204628
2713,IMP,10,New Braunfels Ave  N,Edgehill Dr,100' N of Crownhill Blvd,Even Side,41229.0,2016,Not Available,Not Available,Not Available,Not Available,0.0,Unknown,Unknown,Unknown,445.0,0.0,Baseline,New Braunfels Ave  N - Even Side ( Edgehill Dr To 100' N of Crownhill Blvd ) ,740.8175965526702
2716,IMP,10,Rocky Crk,Fox Crk,Cloudy Ridge,Odd Side,21000.0,2016,Not Available,Not Available,Not Available,Not Available,0.0,Unknown,Unknown,Unknown,350.0,0.0,Baseline,Rocky Crk - Odd Side ( Fox Crk To Cloudy Ridge ) ,589.697755102901
2717,IMP,2,Gulf St,N New Braunfels Ave,Walters,Both Sides,582000.0,2017,Not Available,Not Available,Not Available,Not Available,0.0,Unknown,Unknown,Unknown,4581.0,0.0,Additional $10 Million,On Gulf from New Braunfels to Walters,4406.920005184281
2719,IMP,2,Pershing Ave,Broadway,Northview,Even Side,114000.0,2015,Not Available,Not Available,Not Available,Not Available,0.0,Unknown,Unknown,Unknown,1300.0,0.0,Unknown,Pershing Ave - Even Side ( Broadway To Northview ) ,802.8676418350269
2721,IMP,3,Halliday Ave,Broadbent Ave,Standfield,Both Sides,142000.0,2017,Not Available,Not Available,Not Available,Not Available,0.0,Unknown,Unknown,Unknown,1500.0,0.0,Additional $10 Million,Halliday Ave - Both Sides ( Broadbent Ave To Standfield ) ,1203.1284405400916
2723,IMP,3,Koehler Ct,S New Braunfels Ave,Hillje St,Both Sides,137000.0,2017,Not Available,Not Available,Not Available,Not Available,0.0,Unknown,Unknown,Unknown,1305.0,0.0,Baseline,Koehler Ct - Both Sides ( S New Braunfels Ave To Hillje St ) ,1283.862154275305
2728,IMP,4,Bynum Ave,SW Military Dr,Price,Even Side,59000.0,2015,Not Available,Not Available,Not Available,Not Available,0.0,Unknown,Unknown,Unknown,728.0,0.0,Unknown,Bynum Ave - Even Side ( SW Military Dr To Price ) ,388.6889725591593
2729,IMP,4,Five Palms Dr,Windyhill,Lackland AFB Fence-Line,East Side,95000.0,2017,Not Available,Not Available,Not Available,Not Available,0.0,Unknown,Unknown,Unknown,1175.0,0.0,Baseline,Five Palms Dr - East Side ( Windyhill To Lackland AFB Fence-Line ) ,874.0252158039941
2731,IMP,4,Royalgate Dr,W Miliary Dr,Knoll Krest Dr,Both Sides,85000.0,2017,Not Available,Not Available,Not Available,Not Available,0.0,Unknown,Unknown,Unknown,859.0,0.0,Baseline,Royalgate Dr - Both Sides ( W Miliary Dr To Knoll Krest Dr ) ,1310.522368650238
2741,IMP,6,Caen,Rue de Lis,Mirecourt,Even Side,14080.0,2015,Not Available,Not Available,Not Available,Not Available,0.0,Unknown,Unknown,Unknown,320.0,0.0,Completed,Caen - Even Side ( Rue de Lis To Mirecourt ) ,293.58388355393856
2742,IMP,6,Ingram Rd,Crown Haven,Pipers Crk,Both Sides,88000.0,2017,Not Available,Not Available,Not Available,Not Available,0.0,Unknown,Unknown,Unknown,660.0,0.0,Additional $10 Million,Ingram Rd - Both Sides ( Crown Haven To Pipers Crk ) ,649.7123314201707
2744,IMP,6,Old US Hwy 90 W,W Durango Blvd,SW 37th St,Even Side,175000.0,2017,Not Available,Not Available,Not Available,Not Available,0.0,Unknown,Unknown,Unknown,1590.0,0.0,Additional $10 Million,Old US Hwy 90 W - Even Side ( W Durango Blvd To SW 37th St ) ,1191.546791317311
2746,IMP,6,Renwick Dr,US Hwy 90 W Access Rd,W Military Dr,Odd Side,51040.0,2015,Not Available,Not Available,Not Available,Not Available,0.0,Unknown,Unknown,Unknown,1010.0,0.0,Completed,Renwick Dr - Odd Side ( US Hwy 90 W Access Rd To W Military Dr ) ,961.7116364054132
2747,IMP,6,Rue de Lis,Beaudine Ave,Caen,Even Side,13200.0,2015,Not Available,Not Available,Not Available,Not Available,0.0,Unknown,Unknown,Unknown,200.0,0.0,Completed,Rue de Lis - Even Side ( Beaudine Ave To Caen ) ,161.23752154162523
2749,IMP,6,Military Dr  W,Renwick Dr,Westfield Blvd,Even Side,64240.0,2015,Not Available,Not Available,Not Available,Not Available,0.0,Unknown,Unknown,Unknown,200.0,0.0,Completed,Military Dr  W - Even Side ( Renwick Dr To Westfield Blvd ) ,278.9429045006709
2753,IMP,7,McNeel Rd,St. Cloud,Babcock Rd,Both Sides,306000.0,2017,Not Available,Not Available,Not Available,Not Available,0.0,Unknown,Unknown,Unknown,4650.0,0.0,Additional $10 Million,McNeel Rd - Both Sides ( St. Cloud To Babcock Rd ) ,2099.760698881271
2754,IMP,7,Timberhill Dr,Brookport,Grissom,East  Side,108000.0,2017,Not Available,Not Available,Not Available,Not Available,0.0,Unknown,Unknown,Unknown,1550.0,0.0,Baseline,Timberhill Dr - East  Side ( Brookport To Grissom ) ,349.07542815114164
2759,IMP,8,Floyd Curl,Le Fite Dr,Charles Katz Dr,Both Sides,158000.0,2016,Not Available,Not Available,Not Available,Not Available,0.0,Unknown,Unknown,Unknown,1525.0,0.0,Baseline TAPS,Floyd Curl - Both Sides ( Le Fite Dr To Charles Katz Dr ) ,1505.870146445551
2761,IMP,8,Medical Dr,Fairhaven St,Fredericksburg Dr,Odd Side,9000.0,2015,Not Available,Not Available,Not Available,Not Available,0.0,Unknown,Unknown,Unknown,179.0,0.0,Unknown,Medical Dr - Odd Side ( Fairhaven St To Fredericksburg Dr ) ,79.72714362519245
2887,IMP,1,Blanco Rd,W Mulberry Ave,W Summit,West Side,183000.0,2017,Not Available,Not Available,Not Available,Not Available,0.0,Unknown,Unknown,Unknown,722.0,0.0,Additional $10 Million,Blanco Rd - West Side ( W Mulberry Ave To W Summit ) ,558.531533959818
2890,IMP,3,Cosgrove St,Clark Ave,Anita St,Both Sides,198121.0,2014,Not Available,Not Available,Not Available,Not Available,0.0,Unknown,Unknown,Unknown,2040.0,0.0,Adopted 14-18 IMP,Cosgrove St - Both Sides ( Clark Ave To Anita St ) ,1876.2433236700645
2891,IMP,3,Hallie Ave,Hiawatha,Vanderbilt,Both Sides,186638.0,2014,Not Available,Not Available,Not Available,Not Available,0.0,Unknown,Unknown,Unknown,1921.76,0.0,Adopted 14-18 IMP,Hallie Ave - Both Sides ( Hiawatha To Vanderbilt ) ,1921.755987277644
2892,IMP,8,Clifton Forge Dr,Spotswood,Big Meadows,Both Sides,313498.0,2014,Not Available,Not Available,Not Available,Not Available,0.0,Unknown,Unknown,Unknown,3228.0,0.0,Adopted 14-18 IMP,Clifton Forge Dr - Both Sides ( Spotswood To Big Meadows ) ,3462.379756866526
2893,IMP,8,Huebner Oaks,Huebner Rd,IH 10 W,Even Side,54688.0,2014,Not Available,Not Available,Not Available,Not Available,0.0,Unknown,Unknown,Unknown,560.0,0.0,Adopted 14-18 IMP,Huebner Oaks - Even Side ( Huebner Rd To IH 10 W ) ,555.1274381748084
2894,IMP,8,USAA Blvd,Huebner Rd,Fredericksburg Rd,Both Sides,281731.0,2014,Not Available,Not Available,Not Available,Not Available,0.0,Unknown,Unknown,Unknown,3140.0,0.0,Adopted 14-18 IMP,USAA Blvd - Both Sides ( Huebner Rd To Fredericksburg Rd ) ,2478.693014373587
2895,IMP,6,Military Drive,Richland Hills,Reed Rd.,Odd Side,77285.0,2014,Not Available,Not Available,Not Available,Not Available,0.0,Unknown,Unknown,Unknown,700.0,0.0,Completed,Military Drive - Odd Side ( Richland Hills To Reed Rd. ) ,636.8589803934227
2896,IMP,3,Astor,S Pine St,Palmeto,Both Sides,145677.0,2014,Not Available,Not Available,Not Available,Not Available,0.0,Unknown,Unknown,Unknown,1500.0,0.0,Adopted 14-18 IMP,Astor - Both Sides ( S Pine St To Palmeto ) ,1258.3830768796763
2897,IMP,3,Haggin St.,Lynhurst,Stanfield,Both Sides,151504.0,2014,Not Available,Not Available,Not Available,Not Available,0.0,Unknown,Unknown,Unknown,1560.0,0.0,Adopted 14-18 IMP,Haggin St. - Both Sides ( Lynhurst To Stanfield ) ,1403.4794671288823
2304,IMP,1,San Angelo,Catalina,Capitol,Both Sides,218123.58314279144,2017,Not Available,Not Available,Not Available,Not Available,0.0,Unknown,Unknown,Unknown,2040.0,0.0,Additional $10 Million,San Angelo - Both Sides ( Catalina To Capitol ),1762.8756322565478
2319,IMP,1,Spring  N,Ruiz St,Perez St,Both Sides,136000.0,2017,Not Available,Not Available,Not Available,Not Available,0.0,Unknown,Unknown,Unknown,1500.0,0.0,Additional $10 Million,N Spring - Both Sides ( Ruiz St to Leal St ),1327.262916661656
2340,IMP,5,Chupaderas  S,Monterey St,Saunders,West Side,32000.0,2017,Not Available,Not Available,Not Available,Not Available,0.0,Unknown,Unknown,Unknown,296.0,0.0,Baseline,S Chupaderas - Both Sides ( Monterey St to W Durango Blvd ),294.9884868995342
2371,IMP,10,Larkwood Dr,New Braunfels,Kenilworth Blvd,Both Sides,399260.0,2014,Not Available,Not Available,Not Available,Not Available,0.0,Unknown,Unknown,Unknown,2600.0,0.0,Added with Concurrence Memo,Larkwood Dr - Both Sides ( N New Braunfels Ave to Kenilworth Blvd ),4477.7157720603755
2372,IMP,1,Belknap St,Hildebrand,W Rosewood Ave,Both Sides,91000.0,2017,Not Available,Not Available,Not Available,Not Available,0.0,Unknown,Unknown,Unknown,900.0,0.0,Baseline,Belknap St - Both Sides ( Melrose Place to W Rosewood Ave ),620.6373026969893
2379,IMP,4,Dumont Dr,Cedarhurst Dr,Springvale Dr,Both Sides,182138.0,2014,Not Available,Not Available,Not Available,Not Available,0.0,Unknown,Unknown,Unknown,2030.0,0.0,Adopted 14-18 IMP,Dumont Dr - Both Sides ( Cedarhurst Dr to Springvale Dr ),2145.6833715247744
2380,IMP,4,El Ray,Cedarhurst Dr,Cul-De-Sac,Both Sides,162000.0,2016,Not Available,Not Available,Not Available,Not Available,0.0,Unknown,Unknown,Unknown,1600.0,0.0,Baseline,El Ray - Both Sides ( Cedarhurst Dr to Cul-De-Sac ),1486.887959679888
2386,IMP,4,Harness Ln,Latigo Dr,Bronco Ln,East Side,140000.0,2017,Not Available,Not Available,Not Available,Not Available,0.0,Unknown,Unknown,Unknown,2200.0,0.0,Additional $10 Million,Harness Ln - East Side ( Marbach Rd to Bronco Ln ),1913.6560925352728
2389,IMP,1,Republic Dr,Rexford,Dead End,Both Sides,119795.0,2015,Not Available,Not Available,Not Available,Not Available,0.0,Unknown,Unknown,Unknown,1300.0,0.0,Accelerated from 2016 to 2015,Republic Dr - Both Sides ( Rexford to Dead End ),1718.1196105597214
2400,IMP,6,Ellison Dr  N,Military,Wiseman Blvd,Odd Side,395500.0,2017,Not Available,Not Available,Not Available,Not Available,0.0,Unknown,Unknown,Unknown,8100.0,0.0,Baseline,N Ellison Dr - West Side ( W Military Dr to Wiseman Blvd ),8381.55286968704
2402,IMP,4,Dugas Dr,Potranco Rd,W Military Dr,Both Sides,174600.0,2015,Not Available,Not Available,Not Available,Not Available,0.0,Unknown,Unknown,Unknown,2000.0,0.0,Accelerated from 2016 to 2015,Dugas Dr - Both Sides ( Potranco Rd to W Military Dr ),1346.8200494189634
2403,IMP,6,Raba Dr,690' from Westover Hills Blvd,Raba Elementary School,Both Sides,152290.0,2015,Not Available,Not Available,Not Available,Not Available,0.0,Unknown,Unknown,Unknown,1530.0,0.0,Completed,Raba Dr - Both Sides ( Westover Hills Blvd to Dead End ),1710.630266583668
2404,IMP,6,Village Pkwy,Raba Dr,Cross Spg,Both Sides,88183.0,2014,Not Available,Not Available,Not Available,Not Available,0.0,Unknown,Unknown,Unknown,908.0,0.0,Completed,Village Pkwy - Both Sides ( Raba Dr to Cross Spg ),1135.0777354316765
2406,IMP,6,Hunt Ln,Garden Brook,Marbach Rd,Even Side,30600.0,2014,Not Available,Not Available,Not Available,Not Available,0.0,Unknown,Unknown,Unknown,300.0,0.0,Completed,Hunt Ln - East Side ( Garden Brook to Marbach Rd ),259.6133169390589
2407,IMP,6,Ellison Dr  N,W Military Dr,Wiseman Blvd,Even Side,613890.0,2014,Not Available,Not Available,Not Available,Not Available,0.0,Unknown,Unknown,Unknown,9735.0,0.0,Completed,N Ellison Dr - East Side ( W Military Dr to Wiseman Blvd ),6803.767734462557
2409,IMP,4,Marbach Rd,Hunt Ln,Cable Ranch Rd,Even Side,108000.0,2015,Not Available,Not Available,Not Available,Not Available,0.0,Unknown,Unknown,Unknown,1000.0,0.0,Unknown,Marbach Rd - South Side ( Hunt Ln to Cable Ranch Rd ),1030.371484554793
2420,IMP,2,Palmetto  S   (TAPS),Martin Luther King Dr,Nevada,Both Sides,88000.0,2016,Not Available,Not Available,Not Available,Not Available,0.0,Unknown,Unknown,Unknown,950.0,0.0,Baseline TAPS,S Palmetto - Both Sides ( Martin Luther King Dr to Nevada ),867.7573459020487
2421,IMP,2,Martin Luther King Dr,S Hackberry St,S Palmetto,Odd Side,224308.0,2014,Not Available,Not Available,Not Available,Not Available,0.0,Unknown,Unknown,Unknown,2500.0,0.0,Adopted 14-18 IMP,Martin Luther King Dr - North Side ( S Hackberry St to S Palmetto ),2229.403375068645
2422,IMP,2,Martin Luther King Dr,S Hackberry St,S Palmetto,Both Sides,184300.0,2015,Not Available,Not Available,Not Available,Not Available,0.0,Unknown,Unknown,Unknown,2000.0,0.0,Accelerated from 2016 to 2015,Martin Luther King Dr - South Side ( S Hackberry St to S Palmetto ),1997.7844012011071
2425,IMP,3,Pecan Valley Dr,S New Braunfels Ave,Quig,Even Side,149000.0,2015,Not Available,Not Available,Not Available,Not Available,0.0,Unknown,Unknown,Unknown,960.0,0.0,Unknown,Pecan Valley Dr - South Side ( S New Braunfels Ave to Quig ),955.455121729289
2431,IMP,3,New Braunfels Ave S,Pecan Valley Dr,Lasses,Even Side,117000.0,2015,Not Available,Not Available,Not Available,Not Available,0.0,Unknown,Unknown,Unknown,1030.0,0.0,Unknown,S New Braunfels Ave - East Side ( Pecan Valley Dr to SE Military Dr ),1078.069283411184
2433,IMP,3,Pennystone Ave,Kellis Ave,Stringfellow Dr,South Side,124000.0,2017,Not Available,Not Available,Not Available,Not Available,0.0,Unknown,Unknown,Unknown,1129.0,0.0,Baseline,Pennystone Ave - South Side ( Kellis Ave to Stringfellow Dr ),5634.740850205649
2434,IMP,3,Southcross Blvd  E,Gittinger,S WW White Rd,North Side,169000.0,2017,Not Available,Not Available,Not Available,Not Available,0.0,Unknown,Unknown,Unknown,1936.0,0.0,Baseline,E Southcross Blvd - North Side ( Gittinger to S Ww White Rd ),1340.5440603854202
2438,IMP,5,Pendleton,Frio City Rd,Homecrest,Both Sides,350000.0,2017,Not Available,Not Available,Not Available,Not Available,0.0,Unknown,Unknown,Unknown,2300.0,0.0,Additional $10 Million,Pendleton - Both Sides ( Frio City Rd to Homecrest ),2401.9725134500036
2439,IMP,5,Menchaca,N General Mcmullen,Nw 28th St,Both Sides,246739.0,2014,Not Available,Not Available,Not Available,Not Available,0.0,Unknown,Unknown,Unknown,2750.0,0.0,Adopted 14-18 IMP,Menchaca - Both Sides ( General McMullen to Nw 28th St ),1484.5727078188318
2443,IMP,5,Baker,Creighton Ave,Dead End,Both Sides,72838.0,2014,Not Available,Not Available,Not Available,Not Available,0.0,Unknown,Unknown,Unknown,750.0,0.0,Adopted 14-18 IMP,Baker - Both Sides ( Creighton Ave to Dead End ),1087.0649200714006
2445,IMP,5,Dorris St,S Zarzamora,Calaveras St,Both Sides,125000.0,2017,Not Available,Not Available,Not Available,Not Available,0.0,Unknown,Unknown,Unknown,1500.0,0.0,Baseline,Dorris St - Both Sides ( S Zarzamora to Calaveras St ),1395.7049160916288
2448,IMP,5,Laredo St  S,Cibolo St,Trinity,Even Side,154571.0,2014,Not Available,Not Available,Not Available,Not Available,0.0,Unknown,Unknown,Unknown,1400.0,0.0,Adopted 14-18 IMP,S Laredo St - South Side ( S Navidad to S Trinity ),692.5626886397034
2450,IMP,5,Topaz St,Arbor Place,Delgado St,Both Sides,71000.0,2015,Not Available,Not Available,Not Available,Not Available,0.0,Unknown,Unknown,Unknown,630.0,0.0,Unknown,Topaz St - Both Sides ( Arbor Place to Delgado St ),3081.2336240533164
2466,IMP,10,Eisenhauer Rd,Robin Rest Dr,Thrush View Ln,Both Sides,44620.0,2015,Not Available,Not Available,Not Available,Not Available,0.0,Unknown,Unknown,Unknown,350.0,0.0,Proposed,Eisenhauer Rd - North Side ( Robin Rest Dr to Thrush View Ln ),372.531248597065
2468,IMP,6,Jean Verte,Chinon,Roquefort,Even Side,24279.0,2014,Not Available,Not Available,Not Available,Not Available,0.0,Unknown,Unknown,Unknown,250.0,0.0,Completed,Jean Verte - East Side ( Chinon to Roquefort ),257.3668408670175
2474,IMP,8,Babcock Rd,Wurzbach Rd,Merton Minter,Odd Sides,17529.75,2016,Not Available,Not Available,Not Available,2018-01-05,0.0,Unknown,Unknown,Unknown,265.0,0.0,Baseline,Babcock Rd - Both Sides ( Hamilton Wolfe to Roanoke Run ),262.4992089601267
2479,IMP,8,Roadrunner Way,W Hausman Rd,Utsa Blvd,Even Side,97000.0,2015,Not Available,Not Available,Not Available,Not Available,0.0,Unknown,Unknown,Unknown,2087.0,0.0,Unknown,Roadrunner Way - East Side ( W Hausman Rd to Utsa Blvd ),907.6001418345024
2480,IMP,8,Huebner Rd,Vance Jackson,Huebner Oaks,Odd Side,25220.0,2015,Not Available,Not Available,Not Available,Not Available,0.0,Unknown,Unknown,Unknown,500.0,0.0,Accelerated from 2016 to 2015,Huebner Rd - West Side ( Vance Jackson to Ih 10 W Access Rd ),195.72265911822177
2483,IMP,7,Eckhert Rd,North Hollow,Huebner Rd,Both Sides,93000.0,2017,Not Available,Not Available,Not Available,Not Available,0.0,Unknown,Unknown,Unknown,1380.0,0.0,Additional $10 Million,Eckhert Rd - Both Sides ( North Holw to Huebner Rd ),1552.6335514839434
2484,IMP,7,Apple Green Rd,Huebner Rd,Lomax,East Side,17000.0,2017,Not Available,Not Available,Not Available,Not Available,0.0,Unknown,Unknown,Unknown,450.0,0.0,Additional $10 Million,Apple Green Rd - North Side ( Huebner Rd to Lomax ),410.9138139853744
2488,IMP,7,Alexander Hamilton,Wilson Blvd,Manor Dr,Both Sides,149000.0,2016,Not Available,Not Available,Not Available,Not Available,0.0,Unknown,Unknown,Unknown,1520.0,0.0,Baseline,Alexander Hamilton - Both Sides ( Wilson Blvd to Manor Dr ),1434.0429934448134
2489,IMP,7,Nw 36th St,Bangor,Woodlawn,Odd Side,96000.0,2015,Not Available,Not Available,Not Available,Not Available,0.0,Unknown,Unknown,Unknown,1100.0,0.0,Unknown,Nw 36th St - Both Sides ( Culebra Rd to Bangor St ),1147.9635296932038
2490,IMP,7,Bangor St,Hillcrest Dr,Nw 36th St,Both Sides,218516.0,2014,Not Available,Not Available,Not Available,Not Available,0.0,Unknown,Unknown,Unknown,2250.0,0.0,Adopted 14-18 IMP,Bangor St - Both Sides ( Hillcrest Dr to Nw 36th St ),2292.305218111904
2491,IMP,7,Bennington Dr,Callaghan Rd,Darwin Dr,North Side,105000.0,2017,Not Available,Not Available,Not Available,Not Available,0.0,Unknown,Unknown,Unknown,640.0,0.0,Baseline,Bennington Dr - North Side ( Callaghan Rd to Darwin Dr ),533.9852839054696
2499,IMP,4,Old Sky Harbor,Old Pearsall Rd,Mariner St,Both Sides,153000.0,2017,Not Available,Not Available,Not Available,Not Available,0.0,Unknown,Unknown,Unknown,1700.0,0.0,Baseline,Old Sky Harbor - Both Sides ( Old Pearsall Rd to Mariner St ),1190.4614535778962
2502,IMP,9,Mt Serolod,Mt Boracho,Blanco Rd,Both Sides,144269.0,2015,Not Available,Not Available,Not Available,Not Available,0.0,Unknown,Unknown,Unknown,2100.0,0.0,Unknown,Mt Serolod - Both Sides ( Mt Boracho to Blanco Rd ),2158.543727401894
2505,IMP,9,Reverie Ln,W Silver Sands,Fantasia,Odd Side,67292.0,2014,Not Available,Not Available,Not Available,Not Available,0.0,Unknown,Unknown,Unknown,750.0,0.0,Adopted 14-18 IMP,Reverie Ln - West Side ( W Silver Sands to Fantasia ),517.1951778387099
2509,IMP,9,Limelight,Tammy,W Ramsey,Odd Side,73000.0,2015,Not Available,Not Available,Not Available,Not Available,0.0,Unknown,Unknown,Unknown,1566.0,0.0,Unknown,Limelight - West Side ( Tammy to W Ramsey ),1437.992067097521
2510,IMP,8,Huebner Rd,Nw Military Hwy,Emerald Hill Dr,Odd Side,31000.0,2015,Not Available,Not Available,Not Available,Not Available,0.0,Unknown,Unknown,Unknown,492.0,0.0,Unknown,Huebner Rd - North Side ( Nw Military Hwy to Emerald Hill Dr ),3662.5121417236937
2511,IMP,7,Babcock Rd,Hollyhock Rd,Welles Way,Even Side,87759.0,2016,Not Available,Not Available,Not Available,Not Available,0.0,Unknown,Unknown,Unknown,1200.0,0.0,Additional Funds $10M,Babcock Rd - West Side ( Hollyhock Rd to Welles Way ),1335.1137544945248
2516,IMP,2,Palmetto  S,Wyoming St,E Commerce St,Both Sides,89000.0,2015,Not Available,Not Available,Not Available,Not Available,0.0,Unknown,Unknown,Unknown,1500.0,0.0,Unknown,S Palmetto - Both Sides ( Wyoming St to E Commerce St ),1424.829789578675
2524,IMP,7,Thomas Jefferson Dr,Manor Dr,Wilson Blvd,Both Sides,143000.0,2017,Not Available,Not Available,Not Available,Not Available,0.0,Unknown,Unknown,Unknown,1550.0,0.0,Additional $10 Million,Thomas Jefferson Dr - South Side ( Wilson Blvd to Dickinson Dr ),1429.815747858905
2529,IMP,9,Coach Rd,Blanco Rd,W Ramsey,Even Side,116400.0,2015,Not Available,Not Available,Not Available,Not Available,0.0,Unknown,Unknown,Unknown,1275.0,0.0,Accelerated from 2016 to 2015,Coach Rd - South Side ( Blanco Rd to W Ramsey ),1449.5953368124008
2542,IMP,8,Callaghan Rd,Midvale,Fredericksburg Rd,West Side,141805.5,2017,Not Available,Not Available,Not Available,Not Available,0.0,Unknown,Unknown,Unknown,825.0,0.0,Additional $10 Million,Callaghan Rd - North Side ( Midvale to Fredericksburg Rd ),576.0199668056277
2558,IMP,7,Sutton,Dickinson Dr,Wilson Blvd,Both Sides,190000.0,2015,Not Available,Not Available,Not Available,Not Available,0.0,Unknown,Unknown,Unknown,2684.0,0.0,Unknown,Sutton - Both Sides ( Dickinson Dr to Wilson Blvd ),2627.46997042625
2559,IMP,7,Camino Santa Maria,W Woodlawn,Culebra Rd,Even Side,89723.0,2014,Not Available,Not Available,Not Available,Not Available,0.0,Unknown,Unknown,Unknown,1000.0,0.0,Adopted 14-18 IMP,Camino Santa Maria - East Side ( W Woodlawn to Culebra Rd ),2333.452975493622
2764,IMP,1,Ahern Dr,W Rampart & E Rampart,W Rector,Even Side,68021.0,2014,Not Available,Not Available,Not Available,Not Available,0.0,Unknown,Unknown,Unknown,700.0,0.0,Adopted 14-18 IMP,Ahern Dr - Even Side ( W Rampart & E Rampart To W Rector ) ,644.2481385367495
2766,IMP,4,Annarose Ln,Prairie Hill,Hunters Crk,Both Sides,203064.575,2016,Not Available,Not Available,Not Available,2017-09-29,0.0,Unknown,Unknown,Unknown,2450.0,0.0,Additional Funds $10M,Annarose Ln - Both Sides ( Prairie Hill To Hunters Crk ) ,1611.2026490844685
2768,IMP,5,Aurora Ave,Nw 36th St,Nw 38th St,Odd Side,121472.0,2014,Not Available,Not Available,Not Available,Not Available,0.0,Unknown,Unknown,Unknown,1250.0,0.0,Adopted 14-18 IMP,Aurora Ave - Odd Side ( Nw 36th St To Nw 38th St ) ,981.9319499179828
2785,IMP,10,E Mally Blvd,Larkwood,Northridge Dr,East Side,450000.0,2014,Not Available,Not Available,Not Available,Not Available,0.0,Unknown,Unknown,Unknown,5000.0,0.0,Added with Concurrence Memo,E Mally Blvd - East Side ( Larkwood To Northridge Dr ) ,284.25409150914015
2795,IMP,4,Fort Parker Dr,Prairie Hill,Hunters Crk,Both Sides,251137.005,2016,Not Available,Not Available,Not Available,Not Available,0.0,Unknown,Unknown,Unknown,3030.0,0.0,Additional Funds $10M,Fort Parker Dr - Both Sides ( Prairie Hill To Hunters Crk ) ,3051.26245980817
2811,IMP,5,Holy Cross,Aurora Ave,Maria Elena,Both Sides,185000.0,2016,Not Available,Not Available,Not Available,2017-09-29,0.0,Unknown,Unknown,Unknown,1800.0,0.0,Baseline,Holy Cross - Both Sides ( Aurora Ave To Maria Elena ) ,5600.648447090465
2824,IMP,4,Little Crk,Great Spirit,Rain Dance Dr,Both Sides,15449.0,2014,Not Available,Not Available,Not Available,Not Available,0.0,Unknown,Unknown,Unknown,159.0,0.0,Adopted 14-18 IMP,Little Crk - Both Sides ( Great Spirit To Rain Dance Dr ) ,151.8238266195716
2828,IMP,5,Maria Elena,NW 36th St,NW 38th,Both Sides,232000.0,2017,Not Available,Not Available,Not Available,Not Available,0.0,Unknown,Unknown,Unknown,2400.0,0.0,Baseline,Maria Elena - Both Sides ( NW 36th St To NW 38th ) ,2066.654998382345
2833,IMP,2,Midcrown Dr E,Mesa Bonita,Woodlake Pkwy,Even Side,42248.0,2014,Not Available,Not Available,Not Available,Not Available,0.0,Unknown,Unknown,Unknown,435.0,0.0,Adopted 14-18 IMP,Midcrown Dr E - Even Side ( Mesa Bonita To Woodlake Pkwy ) ,435.0202783434584
2842,IMP,4,Pine Holw,Hunters Crk,Prairie Hill,Both Sides,341263.43,2017,Not Available,Not Available,Not Available,Not Available,0.0,Unknown,Unknown,Unknown,3271.0,0.0,Additional $10 Million,Pine Holw - Both Sides ( Hunters Crk To Prairie Hill ) ,702.251755246934
2843,IMP,4,Prairie Hill,Fairmeadows,Goose Crk,Both Sides,237119.0,2014,Not Available,Not Available,Not Available,Not Available,0.0,Unknown,Unknown,Unknown,2441.0,0.0,Adopted 14-18 IMP,Prairie Hill - Both Sides ( Fairmeadows To Goose Crk ) ,2337.972294781107
2844,IMP,4,Rain Dance Dr,Little Crk,War Cloud Dr,Both Sides,101235.0,2014,Not Available,Not Available,Not Available,Not Available,0.0,Unknown,Unknown,Unknown,1042.0,0.0,Adopted 14-18 IMP,Rain Dance Dr - Both Sides ( Little Crk To War Cloud Dr ) ,1944.1246230732904
2855,IMP,1,Sprucewood,Dellwood,Mccullough Ave,Odd Side,37506.0,2014,Not Available,Not Available,Not Available,Not Available,0.0,Unknown,Unknown,Unknown,386.0,0.0,Adopted 14-18 IMP,Sprucewood - Odd Side ( Dellwood To Mccullough Ave ) ,567.9802675237058
2856,IMP,7,Stardust St,Ingram Rd,Ebony Dr,Both Sides,481000.0,2015,Not Available,Not Available,Not Available,Not Available,0.0,Unknown,Unknown,Unknown,4900.0,0.0,Unknown,Stardust St - Both Sides ( Ingram Rd To Ebony Dr ) ,4034.547926682078
2863,IMP,2,Vista Lake,Whispering Lake,Lake Victoria,Both Sides,35588.0,2014,Not Available,Not Available,Not Available,Not Available,0.0,Unknown,Unknown,Unknown,366.0,0.0,Adopted 14-18 IMP,Vista Lake - Both Sides ( Whispering Lake To Lake Victoria ) ,342.7372306377888
2866,IMP,7,White Tail,Ingram Rd,Magnum,Both Sides,111600.0,2017,Not Available,Not Available,Not Available,Not Available,0.0,Unknown,Unknown,Unknown,1200.0,0.0,Additional $10 Million,White Tail - Both Sides ( Ingram Rd To Magnum ) ,1096.225894883922
2870,IMP,5,Woley,Aurora Ave,Maria Elena,Both Sides,160000.0,2015,Not Available,Not Available,Not Available,Not Available,0.0,Unknown,Unknown,Unknown,1650.0,0.0,Unknown,Woley - Both Sides ( Aurora Ave To Maria Elena ) ,1101.933631677633
2875,IMP,2,Woodlake Pkwy,Midcrown Dr E,Wisteria Hill,Both Sides,230997.0,2014,Not Available,Not Available,Not Available,Not Available,0.0,Unknown,Unknown,Unknown,2378.0,0.0,Adopted 14-18 IMP,Woodlake Pkwy - Both Sides ( Midcrown Dr E To Wisteria Hill ) ,2432.538460566505
2880,IMP,5,Nw 36th St,Dead End,Aurora Ave,Both Sides,71220.0,2014,Not Available,Not Available,Not Available,Not Available,0.0,Unknown,Unknown,Unknown,733.0,0.0,Adopted 14-18 IMP,Nw 36th St - Both Sides ( Dead End To Aurora Ave ) ,795.0994194176967
1111,IMP,7,N Murry St,W Commerce St,W Houston St,Even Side,116542.0,2014,Not Available,Not Available,Not Available,Not Available,0.0,Unknown,Unknown,Unknown,1200.0,0.0,Adopted 14-18 IMP,NW 36TH ST - East Sides ( Bangor St To W Woodlawn ),1307.1841086654226
1130,IMP,3,CLARK AVE,Hot Wells,Coney Ave,Even Side,67292.0,2014,Not Available,Not Available,Not Available,Not Available,0.0,Unknown,Unknown,Unknown,750.0,0.0,Adopted 14-18 IMP,CLARK AVE - East Side ( Hot Wells To Coney Ave ),502.02844401577875
1137,IMP,3,Malone  E,Lancaster,Probandt St,Even Side,40000.0,2015,Not Available,Not Available,Not Available,Not Available,0.0,Unknown,Unknown,Unknown,430.0,0.0,Unknown,E MALONE - South Side ( Lancaster To Probandt St ),404.1521980908097
1139,IMP,2,Elmhurst Ave,Broadway,N New Braunfels,Odd Side,156000.0,2015,Not Available,Not Available,Not Available,Not Available,0.0,Unknown,Unknown,Unknown,1800.0,0.0,Unknown,ELMHURST AVE - Both Sides ( Broadway To N New Braunfels ),1392.4241019016954
1154,IMP,10,O'Connor Rd,1200' s/o Anteras Park Rd,Robards Row,Even Side,226999.0,2014,Not Available,Not Available,Not Available,Not Available,0.0,Unknown,Unknown,Unknown,2530.0,0.0,Adopted 14-18 IMP,O'Connor Rd - East Side ( Footepath To Robards Row ),2422.460746550787
1163,IMP,4,HACKAMORE LN,Bronco Ln,Westrock Dr,Odd Side,152529.0,2014,Not Available,Not Available,Not Available,Not Available,0.0,Unknown,Unknown,Unknown,1700.0,0.0,Adopted 14-18 IMP,HACKAMORE LN - West Side ( Gallop To Westrock Dr ),541.5420239300745
1169,IMP,2,Indiana St,S Hackberry St ,S Pine St,Odd Side,161500.0,2015,Not Available,Not Available,Not Available,Not Available,0.0,Unknown,Unknown,Unknown,1700.0,0.0,Unknown,INDIANA ST - Both Sides ( S Hackberry St  To S Pine St ),1276.3084087815048
1172,IMP,1,McCullough Ave,Harriett Dr,Oblate,West Side,242000.0,2016,Not Available,Not Available,Not Available,2017-03-23,0.0,Unknown,Unknown,Unknown,2211.0,0.0,Baseline,MCCULLOUGH AVE - West Side ( Harriett Dr To Oblate ),1562.0050787626142
1173,IMP,5,MEMORIAL ST,Mayberry,Blueridge,Both Sides,233084.0,2014,Not Available,Not Available,Not Available,Not Available,0.0,Unknown,Unknown,Unknown,2400.0,0.0,Adopted 14-18 IMP,MEMORIAL ST - Both Sides ( Mayberry To Culebra Rd ),1345.2304180913502
1175,IMP,10,O'Connor Rd,Antares Park Rd,Royal Ridge Dr,Odd Side,66301.0,2014,Not Available,Not Available,Not Available,Not Available,0.0,Unknown,Unknown,Unknown,650.0,0.0,Adopted 14-18 IMP,O'Connor Rd - West Side ( Antares Park To Royal Ridge Dr ),653.5655929752843
1185,IMP,1,Basse,McCullough Ave,San Pedro Ave,Odd Side,118000.0,2016,Not Available,Not Available,Not Available,Not Available,0.0,Unknown,Unknown,Unknown,1330.0,0.0,Baseline,BASSE - North Side ( McCullough Ave To San Pedro Ave ),1794.2145141426763
1191,IMP,3,Southcross Blvd  E,Roosevelt Ave,Riverside Dr,Odd Side,73000.0,2016,Not Available,Not Available,Not Available,Not Available,0.0,Unknown,Unknown,Unknown,920.0,0.0,Baseline,E SOUTHCROSS BLVD - Both Sides ( Roosevelt Ave To Riverside Dr ),945.1665576798146
1193,IMP,8,EWING HALSELL,Wurzbach Rd,Breezyhill,Both Sides,110161.0,2014,Not Available,Not Available,Not Available,Not Available,0.0,Unknown,Unknown,Unknown,1080.0,0.0,Adopted 14-18 IMP,EWING HALSELL - Both Sides ( Wurzbach Rd To Breezyhill ) ,382.43531249481447
1200,IMP,3,Probandt St,Merrick St,Thelka St,Both Sides,70000.0,2015,Not Available,Not Available,Not Available,Not Available,0.0,Unknown,Unknown,Unknown,895.0,0.0,Unknown,PROBANDT ST - Both Sides ( Merrick St To Thelka St ),858.4575584692476
1208,IMP,7,Quill Dr  W,W Broadview,Benrus,Both Sides,403754.0,2014,Not Available,Not Available,Not Available,Not Available,0.0,Unknown,Unknown,Unknown,4500.0,0.0,Adopted 14-18 IMP,W QUILL DR - Both Sides ( W Broadview To Benrus ),4313.09058665771
2002,IMP,4,Price,Holder Ave,Carmel Ave,Even Side,117000.0,2015,Not Available,Not Available,Not Available,Not Available,0.0,Unknown,Unknown,Unknown,1200.0,0.0,Unknown,Price - South Side ( Holder Ave To Carmel Ave ),1789.073080231813
2235,IMP,2,Gembler Rd,Paulsun,Creekview,South Side,228000.0,2017,Not Available,Not Available,Not Available,Not Available,0.0,Unknown,Unknown,Unknown,2950.0,0.0,Baseline,Gembler Rd - South Side ( Paulsun To Creekview ),3845.9251965287217
2240,IMP,5,Nw 19th St,W Martin St,W Commerce St,Both Sides,207000.0,2016,Not Available,Not Available,Not Available,2017-01-31,0.0,Unknown,Unknown,Unknown,2700.0,0.0,Baseline,Nw 19th St - Both Sides ( W Martin St To W Commerce St ),1431.9893492141314
2241,IMP,5,Southcross Blvd  W,New Laredo Hwy,Gifford,Odd Side,95000.0,2015,Not Available,Not Available,Not Available,Not Available,0.0,Unknown,Unknown,Unknown,957.0,0.0,Unknown,W Southcross Blvd - North Side ( New Laredo Hwy To Gifford ),807.4421463258731
2243,IMP,5,San Joaquin  S,Eldridge Ave,Villa Placer,Even Side,113000.0,2015,Not Available,Not Available,Not Available,Not Available,0.0,Unknown,Unknown,Unknown,1515.0,0.0,Unknown,S San Joaquin - Both Sides ( Eldridge Ave To Castroville Rd ),1435.6175003631267
2376,IMP,9,Starcrest Dr,Skyblue Ln,Wethersfield,Even Side,52380.0,2015,Not Available,Not Available,Not Available,Not Available,0.0,Unknown,Unknown,Unknown,750.0,0.0,Accelerated from 2016 to 2015,Starcrest Dr - North Side ( Skyblue to Jones Maltsberger Rd ),2353.9535480756463
2378,IMP,9,TIMBER OAK,BROOK HOLW,RIDGEBORO,Both Sides,147146.0,2014,Not Available,Not Available,Not Available,Not Available,0.0,Unknown,Unknown,Unknown,1640.0,0.0,Adopted 14-18 IMP,TIMBER Oak - Both Sides ( Brook Holw To Ridgeboro),1616.6773292534376
